2025-07-22 16:07:01,030 [INFO] Activator:176 - 


2025-07-22 16:07:01,120 [INFO] Activator:177 - !SESSION log4j initialized
2025-07-22 16:07:36,884 [INFO] LogOutputStream:77 - [STDOUT_REDIRECT] 
2025-07-22 16:08:03,027 [INFO] ApplicationProperties:184 - Using Application install path: C:\ST\STM32CubeIDE_1.18.1\STM32CubeIDE\plugins\com.st.stm32cube.common.mx_6.15.0.202507011659
2025-07-22 16:08:03,192 [INFO] DbMcusXml:78 - Set database path to: C:\ST\STM32CubeIDE_1.18.1\STM32CubeIDE\plugins\com.st.stm32cube.common.mx_6.15.0.202507011659\\db\/mcu/
2025-07-22 16:08:03,194 [INFO] ApiDb:274 - Set plugin database path to: C:\ST\STM32CubeIDE_1.18.1\STM32CubeIDE\plugins\com.st.stm32cube.common.mx_6.15.0.202507011659\\db\/plugins/boardmanager/
2025-07-22 16:08:03,196 [WARN] ApiDb:259 - Overriding images path with different value:  => C:\ST\STM32CubeIDE_1.18.1\STM32CubeIDE\plugins\com.st.stm32cube.common.mx_6.15.0.202507011659\\db\/plugins/mcufinder/images/
2025-07-22 16:08:03,244 [INFO] ApiDb:250 - Set database path to: C:\Users\aliya\.stmcufinder\plugins\mcufinder//mcu/
2025-07-22 16:08:03,249 [INFO] DbMcusAds:125 - Set database path to: C:\Users\aliya\.stmcufinder\plugins\mcufinder//mcu/
2025-07-22 16:08:03,266 [INFO] CrossReferenceDbSqlite:203 - Set database path to: C:\Users\aliya\.stmcufinder\plugins\mcufinder//mcu/cs/
2025-07-22 16:08:05,709 [INFO] RulesReader:64 - Compatibility file has been processed (317 Rules)
2025-07-22 16:08:06,636 [INFO] DbMcusXml:78 - Set database path to: C:\ST\STM32CubeIDE_1.18.1\STM32CubeIDE\plugins\com.st.stm32cube.common.mx_6.15.0.202507011659\\db\/mcu/
2025-07-22 16:08:06,637 [INFO] ApiDb:274 - Set plugin database path to: C:\ST\STM32CubeIDE_1.18.1\STM32CubeIDE\plugins\com.st.stm32cube.common.mx_6.15.0.202507011659\\db\/plugins/boardmanager/
2025-07-22 16:08:06,638 [INFO] ApiDb:261 - Set plugin images path to: C:\ST\STM32CubeIDE_1.18.1\STM32CubeIDE\plugins\com.st.stm32cube.common.mx_6.15.0.202507011659\\db\/plugins/mcufinder/images/
2025-07-22 16:08:06,640 [WARN] DbFile:41 - Overriding database path with different value: C:\Users\aliya\.stmcufinder\plugins\mcufinder/ => C:\Users\aliya\.stmcufinder\plugins\mcufinder
2025-07-22 16:08:06,640 [INFO] ApiDb:250 - Set database path to: C:\Users\aliya\.stmcufinder\plugins\mcufinder//mcu/
2025-07-22 16:08:06,641 [WARN] DbFile:41 - Overriding database path with different value: C:\Users\aliya\.stmcufinder\plugins\mcufinder/ => C:\Users\aliya\.stmcufinder\plugins\mcufinder
2025-07-22 16:08:06,642 [INFO] DbMcusAds:125 - Set database path to: C:\Users\aliya\.stmcufinder\plugins\mcufinder//mcu/
2025-07-22 16:08:06,642 [WARN] DbFile:41 - Overriding database path with different value: C:\Users\aliya\.stmcufinder\plugins\mcufinder/ => C:\Users\aliya\.stmcufinder\plugins\mcufinder
2025-07-22 16:08:06,642 [WARN] DbFile:41 - Overriding database path with different value: C:\Users\aliya\.stmcufinder\plugins\mcufinder/ => C:\Users\aliya\.stmcufinder\plugins\mcufinder
2025-07-22 16:08:06,644 [INFO] CrossReferenceDbSqlite:203 - Set database path to: C:\Users\aliya\.stmcufinder\plugins\mcufinder//mcu/cs/
2025-07-22 16:08:07,537 [INFO] MainPanel:274 - HeapMemory: 268435456
2025-07-22 16:08:08,319 [INFO] DbMcusXml:78 - Set database path to: C:\ST\STM32CubeIDE_1.18.1\STM32CubeIDE\plugins\com.st.stm32cube.common.mx_6.15.0.202507011659\\db\/mcu/
2025-07-22 16:08:08,320 [INFO] ApiDb:274 - Set plugin database path to: C:\ST\STM32CubeIDE_1.18.1\STM32CubeIDE\plugins\com.st.stm32cube.common.mx_6.15.0.202507011659\\db\/plugins/boardmanager/
2025-07-22 16:08:08,321 [INFO] ApiDb:261 - Set plugin images path to: C:\ST\STM32CubeIDE_1.18.1\STM32CubeIDE\plugins\com.st.stm32cube.common.mx_6.15.0.202507011659\\db\/plugins/mcufinder/images/
2025-07-22 16:08:08,323 [WARN] DbFile:41 - Overriding database path with different value: C:\Users\aliya\.stmcufinder\plugins\mcufinder/ => C:\Users\aliya\.stmcufinder\plugins\mcufinder
2025-07-22 16:08:08,324 [INFO] ApiDb:250 - Set database path to: C:\Users\aliya\.stmcufinder\plugins\mcufinder//mcu/
2025-07-22 16:08:08,324 [WARN] DbFile:41 - Overriding database path with different value: C:\Users\aliya\.stmcufinder\plugins\mcufinder/ => C:\Users\aliya\.stmcufinder\plugins\mcufinder
2025-07-22 16:08:08,325 [INFO] DbMcusAds:125 - Set database path to: C:\Users\aliya\.stmcufinder\plugins\mcufinder//mcu/
2025-07-22 16:08:08,338 [WARN] DbFile:41 - Overriding database path with different value: C:\Users\aliya\.stmcufinder\plugins\mcufinder/ => C:\Users\aliya\.stmcufinder\plugins\mcufinder
2025-07-22 16:08:08,339 [WARN] DbFile:41 - Overriding database path with different value: C:\Users\aliya\.stmcufinder\plugins\mcufinder/ => C:\Users\aliya\.stmcufinder\plugins\mcufinder
2025-07-22 16:08:08,340 [INFO] CrossReferenceDbSqlite:203 - Set database path to: C:\Users\aliya\.stmcufinder\plugins\mcufinder//mcu/cs/
2025-07-22 16:08:08,457 [INFO] ApplicationProperties:184 - Using Application install path: C:\ST\STM32CubeIDE_1.18.1\STM32CubeIDE\plugins\com.st.stm32cube.common.mx_6.15.0.202507011659
2025-07-22 16:08:08,464 [INFO] PluginManage:196 - Search for loadable plugins [exclusion list=, ]
2025-07-22 16:08:08,480 [INFO] PluginManage:310 - Check plugin analytics
2025-07-22 16:08:10,113 [INFO] AnalyticsPlugin:253 - Accepted Software Licenses: 
2025-07-22 16:08:10,115 [INFO] AnalyticsPlugin:255 - Accepted CMSIS Pack Licenses: 
2025-07-22 16:08:10,116 [INFO] AnalyticsPlugin:257 - Accepted Firmware Licenses: 
2025-07-22 16:08:10,118 [INFO] PluginManage:359 - Loaded plugin analytics (category:tool,tabindex:-1)
2025-07-22 16:08:10,120 [INFO] PluginManage:310 - Check plugin cadmodel
2025-07-22 16:08:10,147 [INFO] CADModel:105 - Init CAD model plugin
2025-07-22 16:08:10,148 [INFO] PluginManage:359 - Loaded plugin cadmodel (category:power,tabindex:5)
2025-07-22 16:08:10,149 [INFO] PluginManage:310 - Check plugin clock
2025-07-22 16:08:10,282 [INFO] PluginManage:359 - Loaded plugin clock (category:base,tabindex:2)
2025-07-22 16:08:10,284 [INFO] PluginManage:310 - Check plugin ddr
2025-07-22 16:08:10,294 [INFO] PluginManage:359 - Loaded plugin ddr (category:tool,tabindex:6)
2025-07-22 16:08:10,296 [INFO] PluginManage:310 - Check plugin filemanager
2025-07-22 16:08:11,183 [INFO] PluginManage:359 - Loaded plugin filemanager (category:base,tabindex:10)
2025-07-22 16:08:11,184 [INFO] PluginManage:310 - Check plugin ipmanager
2025-07-22 16:08:11,220 [INFO] PluginManage:359 - Loaded plugin ipmanager (category:base,tabindex:5)
2025-07-22 16:08:11,221 [INFO] PluginManage:310 - Check plugin lpbam
2025-07-22 16:08:11,265 [INFO] PluginManage:359 - Loaded plugin lpbam (category:base,tabindex:0)
2025-07-22 16:08:11,266 [INFO] PluginManage:310 - Check plugin memorymap
2025-07-22 16:08:11,338 [INFO] PluginManage:359 - Loaded plugin memorymap (category:base,tabindex:4)
2025-07-22 16:08:11,339 [INFO] PluginManage:310 - Check plugin pinoutandconfiguration
2025-07-22 16:08:11,388 [INFO] PluginManage:359 - Loaded plugin pinoutandconfiguration (category:base,tabindex:1)
2025-07-22 16:08:11,389 [INFO] PluginManage:310 - Check plugin pinoutconfig
2025-07-22 16:08:12,352 [WARN] SupportedApi:132 - Cannot load RTOS API schema: s4s-elt-must-match.1: The content of 'definitions' must match (annotation?, (simpleType | complexType)?, (unique | key | keyref)*)). A problem was found starting at: attribute.
2025-07-22 16:08:13,390 [INFO] PluginManage:359 - Loaded plugin pinoutconfig (category:base,tabindex:0)
2025-07-22 16:08:13,392 [INFO] PluginManage:310 - Check plugin power
2025-07-22 16:08:13,441 [INFO] PluginManage:359 - Loaded plugin power (category:power,tabindex:4)
2025-07-22 16:08:13,443 [INFO] PluginManage:310 - Check plugin projectmanager
2025-07-22 16:08:13,621 [INFO] PluginManage:359 - Loaded plugin projectmanager (category:projectmanager,tabindex:4)
2025-07-22 16:08:13,623 [INFO] PluginManage:310 - Check plugin rif
2025-07-22 16:08:13,669 [INFO] PluginManage:359 - Loaded plugin rif (category:base,tabindex:3)
2025-07-22 16:08:13,672 [INFO] PluginManage:310 - Check plugin thirdparty
2025-07-22 16:08:14,682 [INFO] PluginManage:359 - Loaded plugin thirdparty (category:base,tabindex:-1)
2025-07-22 16:08:14,683 [INFO] PluginManage:310 - Check plugin tools
2025-07-22 16:08:14,702 [INFO] PluginManage:359 - Loaded plugin tools (category:base,tabindex:7)
2025-07-22 16:08:14,704 [INFO] PluginManage:310 - Check plugin tutovideos
2025-07-22 16:08:14,804 [WARN] IntegrityCheckThread:84 - waiting for thirdparty lock release [integrity check]
2025-07-22 16:08:14,868 [INFO] IntegrityCheckThread:86 - entering critical section [integrity check]
2025-07-22 16:08:14,871 [INFO] ThirdPartyUpdaterWithRetryManager:70 - Updater plugin not ready yet. [1/15]
2025-07-22 16:08:16,372 [INFO] PluginManage:359 - Loaded plugin tutovideos (category:base,tabindex:-1)
2025-07-22 16:08:16,372 [INFO] PluginManage:310 - Check plugin updater
2025-07-22 16:08:18,493 [INFO] ThirdPartyUpdaterWithRetryManager:70 - Updater plugin not ready yet. [2/15]
2025-07-22 16:08:18,791 [INFO] PluginManage:359 - Loaded plugin updater (category:base,tabindex:12)
2025-07-22 16:08:18,838 [INFO] PluginManage:310 - Check plugin userauth
2025-07-22 16:08:18,890 [INFO] UserAuth:118 - Init User Auth plugin
2025-07-22 16:08:18,898 [INFO] PluginManage:359 - Loaded plugin userauth (category:base,tabindex:14)
2025-07-22 16:08:18,926 [INFO] PluginManage:283 - PluginManage : Loaded plugins [18]
2025-07-22 16:08:20,590 [INFO] PinOutPanel:1589 - setPackage(No Configuration,No Configuration)
2025-07-22 16:08:21,148 [INFO] CADModel:165 - CPN selected for project level
2025-07-22 16:08:21,150 [INFO] CADModel:114 - Register for checkConnection events
2025-07-22 16:08:21,259 [INFO] IPUIPlugin:80 - create IPUIPlugin
2025-07-22 16:08:21,260 [INFO] PluginManager:220 - loadIPPluginJar : add adc
2025-07-22 16:08:21,274 [INFO] IPUIPlugin:80 - create IPUIPlugin
2025-07-22 16:08:21,274 [INFO] PluginManager:220 - loadIPPluginJar : add aes
2025-07-22 16:08:21,291 [INFO] IPUIPlugin:80 - create IPUIPlugin
2025-07-22 16:08:21,291 [INFO] PluginManager:220 - loadIPPluginJar : add can
2025-07-22 16:08:21,302 [INFO] IPUIPlugin:80 - create IPUIPlugin
2025-07-22 16:08:21,303 [INFO] PluginManager:220 - loadIPPluginJar : add comp
2025-07-22 16:08:21,316 [INFO] IPUIPlugin:80 - create IPUIPlugin
2025-07-22 16:08:21,318 [INFO] PluginManager:220 - loadIPPluginJar : add cryp
2025-07-22 16:08:21,336 [INFO] IPUIPlugin:80 - create IPUIPlugin
2025-07-22 16:08:21,336 [INFO] PluginManager:220 - loadIPPluginJar : add ddr_ctrl_phy
2025-07-22 16:08:21,351 [INFO] IPUIPlugin:80 - create IPUIPlugin
2025-07-22 16:08:21,351 [INFO] PluginManager:220 - loadIPPluginJar : add dfsdm
2025-07-22 16:08:21,379 [INFO] IPUIPlugin:80 - create IPUIPlugin
2025-07-22 16:08:21,382 [INFO] PluginManager:220 - loadIPPluginJar : add dma
2025-07-22 16:08:21,396 [INFO] IPUIPlugin:80 - create IPUIPlugin
2025-07-22 16:08:21,398 [INFO] PluginManager:220 - loadIPPluginJar : add dma3
2025-07-22 16:08:21,411 [INFO] IPUIPlugin:80 - create IPUIPlugin
2025-07-22 16:08:21,412 [INFO] PluginManager:220 - loadIPPluginJar : add extmemmanager
2025-07-22 16:08:21,422 [INFO] IPUIPlugin:80 - create IPUIPlugin
2025-07-22 16:08:21,423 [INFO] PluginManager:220 - loadIPPluginJar : add fatfs
2025-07-22 16:08:21,446 [INFO] IPUIPlugin:80 - create IPUIPlugin
2025-07-22 16:08:21,446 [INFO] PluginManager:220 - loadIPPluginJar : add fmc
2025-07-22 16:08:21,470 [INFO] IPUIPlugin:80 - create IPUIPlugin
2025-07-22 16:08:21,471 [INFO] PluginManager:220 - loadIPPluginJar : add freertos
2025-07-22 16:08:21,480 [INFO] IPUIPlugin:80 - create IPUIPlugin
2025-07-22 16:08:21,481 [INFO] PluginManager:220 - loadIPPluginJar : add genericplugin
2025-07-22 16:08:21,494 [INFO] IPUIPlugin:80 - create IPUIPlugin
2025-07-22 16:08:21,495 [INFO] PluginManager:220 - loadIPPluginJar : add gfxmmu
2025-07-22 16:08:21,498 [INFO] ThirdPartyUpdaterWithRetryManager:70 - Updater plugin not ready yet. [3/15]
2025-07-22 16:08:21,520 [INFO] IPUIPlugin:80 - create IPUIPlugin
2025-07-22 16:08:21,520 [INFO] PluginManager:220 - loadIPPluginJar : add gic
2025-07-22 16:08:21,543 [INFO] IPUIPlugin:80 - create IPUIPlugin
2025-07-22 16:08:21,544 [INFO] PluginManager:220 - loadIPPluginJar : add gpio
2025-07-22 16:08:21,559 [INFO] IPUIPlugin:80 - create IPUIPlugin
2025-07-22 16:08:21,560 [INFO] PluginManager:220 - loadIPPluginJar : add gtzc
2025-07-22 16:08:21,574 [INFO] IPUIPlugin:80 - create IPUIPlugin
2025-07-22 16:08:21,576 [INFO] PluginManager:220 - loadIPPluginJar : add hash
2025-07-22 16:08:21,590 [INFO] IPUIPlugin:80 - create IPUIPlugin
2025-07-22 16:08:21,591 [INFO] PluginManager:220 - loadIPPluginJar : add i2c
2025-07-22 16:08:21,605 [INFO] IPUIPlugin:80 - create IPUIPlugin
2025-07-22 16:08:21,606 [INFO] PluginManager:220 - loadIPPluginJar : add i2s
2025-07-22 16:08:21,622 [INFO] IPUIPlugin:80 - create IPUIPlugin
2025-07-22 16:08:21,623 [INFO] PluginManager:220 - loadIPPluginJar : add i3c
2025-07-22 16:08:21,640 [INFO] IPUIPlugin:80 - create IPUIPlugin
2025-07-22 16:08:21,642 [INFO] PluginManager:220 - loadIPPluginJar : add ipddr
2025-07-22 16:08:21,670 [INFO] IPUIPlugin:80 - create IPUIPlugin
2025-07-22 16:08:21,671 [INFO] PluginManager:220 - loadIPPluginJar : add linkedlist
2025-07-22 16:08:21,686 [INFO] IPUIPlugin:80 - create IPUIPlugin
2025-07-22 16:08:21,687 [INFO] PluginManager:220 - loadIPPluginJar : add lorawan
2025-07-22 16:08:21,695 [INFO] IPUIPlugin:80 - create IPUIPlugin
2025-07-22 16:08:21,696 [INFO] PluginManager:220 - loadIPPluginJar : add ltdc
2025-07-22 16:08:21,728 [INFO] IPUIPlugin:80 - create IPUIPlugin
2025-07-22 16:08:21,729 [INFO] PluginManager:220 - loadIPPluginJar : add mdma
2025-07-22 16:08:21,747 [INFO] IPUIPlugin:80 - create IPUIPlugin
2025-07-22 16:08:21,748 [INFO] PluginManager:220 - loadIPPluginJar : add nvic
2025-07-22 16:08:21,764 [INFO] IPUIPlugin:80 - create IPUIPlugin
2025-07-22 16:08:21,764 [INFO] PluginManager:220 - loadIPPluginJar : add opamp
2025-07-22 16:08:21,780 [INFO] IPUIPlugin:80 - create IPUIPlugin
2025-07-22 16:08:21,782 [INFO] PluginManager:220 - loadIPPluginJar : add openamp
2025-07-22 16:08:21,799 [INFO] IPUIPlugin:80 - create IPUIPlugin
2025-07-22 16:08:21,800 [INFO] PluginManager:220 - loadIPPluginJar : add pdm2pcm
2025-07-22 16:08:21,830 [INFO] IPUIPlugin:80 - create IPUIPlugin
2025-07-22 16:08:21,844 [INFO] PluginManager:220 - loadIPPluginJar : add plateformsettings
2025-07-22 16:08:21,854 [INFO] IPUIPlugin:80 - create IPUIPlugin
2025-07-22 16:08:21,855 [INFO] PluginManager:220 - loadIPPluginJar : add quadspi
2025-07-22 16:08:21,865 [INFO] IPUIPlugin:80 - create IPUIPlugin
2025-07-22 16:08:21,869 [INFO] PluginManager:220 - loadIPPluginJar : add radio
2025-07-22 16:08:21,889 [INFO] IPUIPlugin:80 - create IPUIPlugin
2025-07-22 16:08:21,890 [INFO] PluginManager:220 - loadIPPluginJar : add resmgrutility
2025-07-22 16:08:21,908 [INFO] IPUIPlugin:80 - create IPUIPlugin
2025-07-22 16:08:21,909 [INFO] PluginManager:220 - loadIPPluginJar : add sai
2025-07-22 16:08:21,922 [INFO] IPUIPlugin:80 - create IPUIPlugin
2025-07-22 16:08:21,923 [INFO] PluginManager:220 - loadIPPluginJar : add spi
2025-07-22 16:08:21,950 [INFO] IPUIPlugin:80 - create IPUIPlugin
2025-07-22 16:08:21,952 [INFO] PluginManager:220 - loadIPPluginJar : add stm32_wpan
2025-07-22 16:08:21,961 [INFO] IPUIPlugin:80 - create IPUIPlugin
2025-07-22 16:08:21,962 [INFO] PluginManager:220 - loadIPPluginJar : add tim
2025-07-22 16:08:21,980 [INFO] IPUIPlugin:80 - create IPUIPlugin
2025-07-22 16:08:21,981 [INFO] PluginManager:220 - loadIPPluginJar : add touchsensing
2025-07-22 16:08:21,992 [INFO] IPUIPlugin:80 - create IPUIPlugin
2025-07-22 16:08:21,993 [INFO] PluginManager:220 - loadIPPluginJar : add tracer_emb
2025-07-22 16:08:22,003 [INFO] IPUIPlugin:80 - create IPUIPlugin
2025-07-22 16:08:22,003 [INFO] PluginManager:220 - loadIPPluginJar : add ts
2025-07-22 16:08:22,015 [INFO] IPUIPlugin:80 - create IPUIPlugin
2025-07-22 16:08:22,016 [INFO] PluginManager:220 - loadIPPluginJar : add tsc
2025-07-22 16:08:22,025 [INFO] IPUIPlugin:80 - create IPUIPlugin
2025-07-22 16:08:22,026 [INFO] PluginManager:220 - loadIPPluginJar : add ucpd
2025-07-22 16:08:22,042 [INFO] IPUIPlugin:80 - create IPUIPlugin
2025-07-22 16:08:22,042 [INFO] PluginManager:220 - loadIPPluginJar : add usart
2025-07-22 16:08:22,061 [INFO] IPUIPlugin:80 - create IPUIPlugin
2025-07-22 16:08:22,061 [INFO] PluginManager:220 - loadIPPluginJar : add usbx
2025-07-22 16:08:22,596 [FATAL] Updater:351 - Updater called before beeing initialized
2025-07-22 16:08:22,960 [INFO] RulesReader:64 - Compatibility file has been processed (317 Rules)
2025-07-22 16:08:23,092 [INFO] RulesReader:64 - Compatibility file has been processed (317 Rules)
2025-07-22 16:08:23,153 [INFO] CADModel:165 - CPN selected for project level
2025-07-22 16:08:23,155 [INFO] CADModel:114 - Register for checkConnection events
2025-07-22 16:08:23,155 [FATAL] Updater:351 - Updater called before beeing initialized
2025-07-22 16:08:23,156 [ERROR] CADModel:125 - Updater not yet initialized, retry later 
2025-07-22 16:08:24,284 [FATAL] Updater:351 - Updater called before beeing initialized
2025-07-22 16:08:24,293 [INFO] CADModel:165 - CPN selected for project level
2025-07-22 16:08:24,294 [INFO] CADModel:114 - Register for checkConnection events
2025-07-22 16:08:24,295 [FATAL] Updater:351 - Updater called before beeing initialized
2025-07-22 16:08:24,295 [ERROR] CADModel:125 - Updater not yet initialized, retry later 
2025-07-22 16:08:24,313 [FATAL] Updater:351 - Updater called before beeing initialized
2025-07-22 16:08:24,500 [INFO] ThirdPartyUpdaterWithRetryManager:70 - Updater plugin not ready yet. [4/15]
2025-07-22 16:08:24,945 [FATAL] Updater:351 - Updater called before beeing initialized
2025-07-22 16:08:24,966 [INFO] DbMcusAds:53 - JSON generation date=Tue Jul 08 11:14:23 TRT 2025 (1751962463562)
2025-07-22 16:08:24,967 [FATAL] Updater:351 - Updater called before beeing initialized
2025-07-22 16:08:25,203 [WARN] DetailPanel:346 - Failed to get advertising image, set to default
2025-07-22 16:08:25,751 [FATAL] Updater:351 - Updater called before beeing initialized
2025-07-22 16:08:25,758 [FATAL] Updater:351 - Updater called before beeing initialized
2025-07-22 16:08:25,759 [FATAL] Updater:351 - Updater called before beeing initialized
2025-07-22 16:08:25,759 [WARN] DetailPanel:346 - Failed to get advertising image, set to default
2025-07-22 16:08:25,763 [FATAL] Updater:351 - Updater called before beeing initialized
2025-07-22 16:08:26,088 [ERROR] Updater:1198 - MainUpdater not yet initialized. External WinMGr cannot be set.
2025-07-22 16:08:26,097 [INFO] Updater:1134 - Updater Version found : 6.15.0
2025-07-22 16:08:26,189 [INFO] ApplicationProperties:184 - Using Application install path: C:\ST\STM32CubeIDE_1.18.1\STM32CubeIDE\plugins\com.st.stm32cube.common.mx_6.15.0.202507011659
2025-07-22 16:08:27,502 [FATAL] Updater:351 - Updater called before beeing initialized
2025-07-22 16:08:27,504 [ERROR] IntegrityCheckThread:130 - Cannot retrieve database content from updater: error 21
2025-07-22 16:08:27,506 [INFO] ThirdParty:978 - Integrity check success = false
2025-07-22 16:08:27,506 [INFO] IntegrityCheckThread:100 - exiting critical section [integrity check]
2025-07-22 16:08:27,507 [INFO] IntegrityCheckThread:103 - End integrity checks thread
2025-07-22 16:08:27,838 [ERROR] LogOutputStream:75 - [STDERR_REDIRECT] Jul 22, 2025 4:08:27 PM java.util.prefs.WindowsPreferences <init>
2025-07-22 16:08:27,879 [ERROR] LogOutputStream:75 - [STDERR_REDIRECT] WARNING: Could not open/create prefs root node Software\JavaSoft\Prefs at root 0xffffffff80000002. Windows RegCreateKeyEx(...) returned error code 5.
2025-07-22 16:08:27,880 [ERROR] LogOutputStream:75 - [STDERR_REDIRECT] 
2025-07-22 16:08:29,951 [INFO] MainUpdater:2872 - connection check result : 10
2025-07-22 16:08:29,954 [INFO] MainUpdater:289 - Updater Check For Update Now.
2025-07-22 16:08:29,955 [INFO] MicroXplorer:498 - Change Database Version : DB.6.0.150
2025-07-22 16:08:30,118 [INFO] McuFinderGlobals:63 - Set McuFinder mode to 2 (CubeIDE integrated)
2025-07-22 16:08:30,133 [INFO] UserAuth:487 - Internet connection configuration mode: 1
2025-07-22 16:08:30,384 [INFO] JxBrowserEngine:152 - Initiate JxBrowser Engine with user profile folder
2025-07-22 16:08:30,496 [INFO] CheckServerUpdateThread:120 - End of CheckServer Thread
2025-07-22 16:08:36,280 [INFO] WebApp:169 - Instantiating new browser for Auth
2025-07-22 16:08:40,401 [INFO] WebApp:463 - Apply proxy settings
2025-07-22 16:08:40,403 [INFO] WebApp:548 - Chromium requires no authentication
2025-07-22 16:08:40,446 [INFO] WebApp:491 - Direct internet connection detected
2025-07-22 16:08:40,562 [INFO] WebApp:900 - Register for checkConnection events
2025-07-22 16:08:40,564 [INFO] WebApp:463 - Apply proxy settings
2025-07-22 16:08:40,564 [INFO] WebApp:548 - Chromium requires no authentication
2025-07-22 16:08:40,566 [INFO] WebApp:491 - Direct internet connection detected
2025-07-22 16:08:41,532 [INFO] WebApp:191 - Connection restablished
2025-07-22 16:08:41,747 [INFO] WebApp:225 - Starting web application
2025-07-22 16:08:41,748 [INFO] WebApp:593 - Web application path used C:\ST\STM32CubeIDE_1.18.1\STM32CubeIDE\plugins\com.st.stm32cube.common.mx_6.15.0.202507011659\db\plugins\mcufinder\reactClient1\index.html
2025-07-22 16:08:43,947 [INFO] UserAuth:487 - Internet connection configuration mode: 1
2025-07-22 16:13:44,830 [INFO] McuFinderGlobals:63 - Set McuFinder mode to 2 (CubeIDE integrated)
2025-07-22 16:13:44,837 [INFO] MainUpdater:2872 - connection check result : 10
2025-07-22 16:13:44,839 [INFO] MainUpdater:2872 - connection check result : 10
2025-07-22 16:13:44,881 [INFO] MicroXplorer:468 - Change Database Path : 
2025-07-22 16:13:44,881 [INFO] MicroXplorer:498 - Change Database Version : DB.6.0.150
2025-07-22 16:13:44,891 [WARN] ThirdParty:871 - waiting for thirdparty lock release [close project]
2025-07-22 16:13:44,891 [INFO] ThirdParty:873 - entering critical section [close project]
2025-07-22 16:13:44,892 [INFO] ThirdParty:883 - exiting critical section [close project]
2025-07-22 16:13:44,894 [INFO] PinOutPanel:1589 - setPackage(No Configuration,No Configuration)
2025-07-22 16:13:44,895 [INFO] UtilMem:75 - Begin LoadConfig() Used Memory: 622135112 Bytes (1008730112)
2025-07-22 16:13:44,899 [INFO] MicroXplorer:468 - Change Database Path : 
2025-07-22 16:13:44,899 [INFO] MicroXplorer:498 - Change Database Version : DB.6.0.150
2025-07-22 16:13:44,899 [INFO] OpenFileManager:355 - Change cursor
2025-07-22 16:13:44,923 [WARN] IntegrityCheckThread:84 - waiting for thirdparty lock release [integrity check]
2025-07-22 16:13:44,923 [INFO] IntegrityCheckThread:86 - entering critical section [integrity check]
2025-07-22 16:13:45,549 [WARN] PackLoader:240 - Cannot read IP mode file for STMicroelectronics.FP-SNS-MOTENVWB1.1.4.0
2025-07-22 16:13:45,587 [WARN] PackLoader:240 - Cannot read IP mode file for STMicroelectronics.FP-ATR-ASTRA1.2.0.2
2025-07-22 16:13:45,618 [WARN] PackLoader:240 - Cannot read IP mode file for STMicroelectronics.X-CUBE-SMBUS.2.1.0
2025-07-22 16:13:45,628 [WARN] PackLoader:240 - Cannot read IP mode file for STMicroelectronics.X-CUBE-ST60.1.0.0
2025-07-22 16:13:45,730 [WARN] PackLoader:240 - Cannot read IP mode file for STMicroelectronics.X-CUBE-AZRTOS-F7.1.1.0
2025-07-22 16:13:45,846 [WARN] PackLoader:240 - Cannot read IP mode file for Infineon.AIROC-Wi-Fi-Bluetooth-STM32.1.7.0
2025-07-22 16:13:45,982 [WARN] PackLoader:240 - Cannot read IP mode file for STMicroelectronics.X-CUBE-AZRTOS-H7.3.4.0
2025-07-22 16:13:46,018 [WARN] PackLoader:240 - Cannot read IP mode file for STMicroelectronics.X-CUBE-DISPLAY.3.0.0
2025-07-22 16:13:46,040 [WARN] PackLoader:240 - Cannot read IP mode file for STMicroelectronics.X-CUBE-NFC10.1.0.0
2025-07-22 16:13:46,059 [WARN] PackLoader:240 - Cannot read IP mode file for STMicroelectronics.X-CUBE-BLEMGR.4.0.0
2025-07-22 16:13:46,075 [WARN] PackLoader:240 - Cannot read IP mode file for emotas.I-CUBE-CANOPEN.1.3.0
2025-07-22 16:13:46,081 [WARN] ConditionMgr:438 - getConditionDescription Invalid condition id : Cortex-A Device cause : null
2025-07-22 16:13:46,097 [WARN] ConditionMgr:1044 - genDependencies : Invalid condition id : Cortex-A Device cause : null
2025-07-22 16:13:46,097 [WARN] ConditionMgr:1044 - genDependencies : Invalid condition id : Cortex-A Device cause : null
2025-07-22 16:13:46,097 [WARN] ConditionMgr:1044 - genDependencies : Invalid condition id : Cortex-A Device cause : null
2025-07-22 16:13:46,109 [WARN] PackLoader:240 - Cannot read IP mode file for STMicroelectronics.FP-SNS-SMARTAG2.1.2.0
2025-07-22 16:13:46,118 [WARN] PackLoader:240 - Cannot read IP mode file for STMicroelectronics.FP-SNS-FLIGHT1.5.1.0
2025-07-22 16:13:46,134 [INFO] LogOutputStream:77 - [STDOUT_REDIRECT] 1 : Invalid condition id : UX_CORESTACK_Condition cause : null
2025-07-22 16:13:46,134 [INFO] LogOutputStream:77 - [STDOUT_REDIRECT] 1 : Invalid condition id : UX_CORESTACK_Condition cause : null
2025-07-22 16:13:46,141 [INFO] LogOutputStream:77 - [STDOUT_REDIRECT] 1 : Invalid condition id : UX_CORESTACK_Condition cause : null
2025-07-22 16:13:46,144 [INFO] LogOutputStream:77 - [STDOUT_REDIRECT] 1 : Invalid condition id : UX_CORESTACK_Condition cause : null
2025-07-22 16:13:46,148 [INFO] LogOutputStream:77 - [STDOUT_REDIRECT] 1 : Invalid condition id : UX_CORESTACK_Condition cause : null
2025-07-22 16:13:46,157 [WARN] PackLoader:240 - Cannot read IP mode file for STMicroelectronics.X-CUBE-AZRTOS-WL.2.0.0
2025-07-22 16:13:46,163 [WARN] PackLoader:240 - Cannot read IP mode file for STMicroelectronics.FP-SNS-MOTENV1.5.0.0
2025-07-22 16:13:46,174 [WARN] PackLoader:240 - Cannot read IP mode file for WES.I-CUBE-Cesium.1.3.0
2025-07-22 16:13:46,182 [WARN] PackLoader:240 - Cannot read IP mode file for STMicroelectronics.X-CUBE-BLE2.3.3.0
2025-07-22 16:13:46,193 [WARN] PackLoader:240 - Cannot read IP mode file for STMicroelectronics.X-CUBE-NFC9.1.0.0
2025-07-22 16:13:46,202 [WARN] PackLoader:240 - Cannot read IP mode file for wolfSSL.I-CUBE-wolfSSL.5.8.0
2025-07-22 16:13:46,211 [WARN] PackLoader:240 - Cannot read IP mode file for STMicroelectronics.X-CUBE-BLE1.7.1.0
2025-07-22 16:13:46,214 [WARN] PackLoader:240 - Cannot read IP mode file for wolfSSL.I-CUBE-wolfMQTT.1.19.2
2025-07-22 16:13:46,229 [WARN] PackLoader:240 - Cannot read IP mode file for STMicroelectronics.X-CUBE-EEPRMA1.5.2.0
2025-07-22 16:13:46,238 [WARN] PackLoader:240 - Cannot read IP mode file for STMicroelectronics.X-CUBE-AI.10.1.0
2025-07-22 16:13:46,268 [WARN] PackLoader:240 - Cannot read IP mode file for STMicroelectronics.X-CUBE-AZRTOS-G0.1.1.0
2025-07-22 16:13:46,282 [WARN] PackLoader:240 - Cannot read IP mode file for STMicroelectronics.X-CUBE-SAFEA1.1.2.2
2025-07-22 16:13:46,291 [WARN] PackLoader:240 - Cannot read IP mode file for STMicroelectronics.X-CUBE-NFC4.3.0.0
2025-07-22 16:13:46,302 [WARN] PackLoader:240 - Cannot read IP mode file for EmbeddedOffice.I-CUBE-FS-RTOS.1.0.1
2025-07-22 16:13:46,308 [WARN] PackLoader:240 - Cannot read IP mode file for STMicroelectronics.X-CUBE-WB05N.2.0.0
2025-07-22 16:13:46,313 [WARN] PackLoader:240 - Cannot read IP mode file for wolfSSL.I-CUBE-wolfTPM.3.8.0
2025-07-22 16:13:46,319 [WARN] PackLoader:240 - Cannot read IP mode file for STMicroelectronics.X-CUBE-TCPP.4.2.0
2025-07-22 16:13:46,326 [WARN] PackLoader:240 - Cannot read IP mode file for RealThread.X-CUBE-RT-Thread_Nano.4.1.1
2025-07-22 16:13:46,329 [WARN] PackLoader:240 - Cannot read IP mode file for STMicroelectronics.FP-ATR-SIGFOX1.3.2.0
2025-07-22 16:13:46,338 [WARN] PackLoader:240 - Cannot read IP mode file for STMicroelectronics.X-CUBE-EEPRMA1.5.1.0
2025-07-22 16:13:46,352 [WARN] PackLoader:240 - Cannot read IP mode file for ITTIA_DB.I-CUBE-ITTIADB.8.9.0
2025-07-22 16:13:46,360 [WARN] PackLoader:240 - Cannot read IP mode file for STMicroelectronics.X-CUBE-ST67W61.1.0.0
2025-07-22 16:13:46,410 [WARN] PackLoader:240 - Cannot read IP mode file for SEGGER.I-CUBE-embOS.1.3.1
2025-07-22 16:13:46,470 [WARN] PackLoader:240 - Cannot read IP mode file for STMicroelectronics.X-CUBE-ALGOBUILD.1.4.0
2025-07-22 16:13:46,543 [WARN] PackLoader:240 - Cannot read IP mode file for STMicroelectronics.X-CUBE-MEMS1.11.3.0
2025-07-22 16:13:46,718 [WARN] PackLoader:240 - Cannot read IP mode file for STMicroelectronics.X-CUBE-PM33A1.1.0.0
2025-07-22 16:13:46,740 [WARN] PackLoader:240 - Cannot read IP mode file for STMicroelectronics.X-CUBE-AZRTOS-F4.1.1.0
2025-07-22 16:13:46,747 [WARN] PackLoader:240 - Cannot read IP mode file for Avnet-IotConnect.X-CUBE-IoTC-DA16k-PMOD.1.0.0
2025-07-22 16:13:46,751 [WARN] PackLoader:240 - Cannot read IP mode file for STMicroelectronics.X-CUBE-ISPU.2.1.0
2025-07-22 16:13:46,759 [WARN] PackLoader:240 - Cannot read IP mode file for STMicroelectronics.X-CUBE-NFC12.1.0.0
2025-07-22 16:13:46,779 [WARN] PackLoader:240 - Cannot read IP mode file for STMicroelectronics.X-CUBE-AZRTOS-L5.2.0.0
2025-07-22 16:13:46,791 [WARN] PackLoader:240 - Cannot read IP mode file for STMicroelectronics.X-CUBE-NFC6.3.1.0
2025-07-22 16:13:46,798 [WARN] PackLoader:240 - Cannot read IP mode file for STMicroelectronics.X-CUBE-FREERTOS.1.3.1
2025-07-22 16:13:46,803 [WARN] PackLoader:240 - Cannot read IP mode file for STMicroelectronics.FP-SNS-STAIOTCFT.1.0.0
2025-07-22 16:13:46,811 [WARN] PackLoader:240 - Cannot read IP mode file for STMicroelectronics.X-CUBE-DPower.1.3.0
2025-07-22 16:13:47,012 [WARN] ConditionMgr:438 - getConditionDescription Invalid condition id : LAN8742 Phy interface Condition cause : null
2025-07-22 16:13:47,013 [WARN] PackLoader:240 - Cannot read IP mode file for STMicroelectronics.X-CUBE-AZRTOS-L4.2.0.0
2025-07-22 16:13:47,018 [WARN] ConditionMgr:1044 - genDependencies : Invalid condition id : LAN8742 Phy interface Condition cause : null
2025-07-22 16:13:47,020 [WARN] ConditionMgr:1044 - genDependencies : Invalid condition id : LAN8742 Phy interface Condition cause : null
2025-07-22 16:13:47,023 [WARN] ConditionMgr:1044 - genDependencies : Invalid condition id : LAN8742 Phy interface Condition cause : null
2025-07-22 16:13:47,045 [WARN] PackLoader:240 - Cannot read IP mode file for STMicroelectronics.X-CUBE-SFXS2LP1.4.0.0
2025-07-22 16:13:47,090 [WARN] PackLoader:240 - Cannot read IP mode file for STMicroelectronics.X-CUBE-AZRTOS-H7.3.3.0
2025-07-22 16:13:47,108 [WARN] PackLoader:240 - Cannot read IP mode file for STMicroelectronics.X-CUBE-BLEMGR.4.1.0
2025-07-22 16:13:47,140 [WARN] ConditionMgr:438 - getConditionDescription Invalid condition id : UX DEVICE CLASS RTOS Condition cause : null
2025-07-22 16:13:47,142 [WARN] ConditionMgr:438 - getConditionDescription Invalid condition id : UX DEVICE CLASS RTOS Condition cause : null
2025-07-22 16:13:47,150 [WARN] PackLoader:240 - Cannot read IP mode file for STMicroelectronics.X-CUBE-AZRTOS-WB.2.0.0
2025-07-22 16:13:47,151 [WARN] ConditionMgr:1044 - genDependencies : Invalid condition id : UX DEVICE CLASS RTOS Condition cause : null
2025-07-22 16:13:47,152 [WARN] ConditionMgr:1044 - genDependencies : Invalid condition id : UX DEVICE CLASS RTOS Condition cause : null
2025-07-22 16:13:47,154 [WARN] ConditionMgr:1044 - genDependencies : Invalid condition id : UX DEVICE CLASS RTOS Condition cause : null
2025-07-22 16:13:47,155 [WARN] ConditionMgr:1044 - genDependencies : Invalid condition id : UX DEVICE CLASS RTOS Condition cause : null
2025-07-22 16:13:47,157 [WARN] ConditionMgr:1044 - genDependencies : Invalid condition id : UX DEVICE CLASS RTOS Condition cause : null
2025-07-22 16:13:47,183 [WARN] PackLoader:240 - Cannot read IP mode file for STMicroelectronics.X-CUBE-GNSS1.7.0.1
2025-07-22 16:13:47,199 [WARN] PackLoader:240 - Cannot read IP mode file for STMicroelectronics.X-CUBE-TOUCHGFX.4.25.0
2025-07-22 16:13:47,209 [WARN] PackLoader:240 - Cannot read IP mode file for STMicroelectronics.FP-SNS-STBOX1.2.0.0
2025-07-22 16:13:47,228 [WARN] PackLoader:240 - Cannot read IP mode file for STMicroelectronics.X-CUBE-SUBG2.5.0.0
2025-07-22 16:13:47,327 [WARN] PackLoader:240 - Cannot read IP mode file for STMicroelectronics.X-CUBE-AZRTOS-H7RS.1.1.0
2025-07-22 16:13:47,352 [WARN] PackLoader:240 - Cannot read IP mode file for Cesanta.I-CUBE-Mongoose.7.13.0
2025-07-22 16:13:47,418 [WARN] PackLoader:240 - Cannot read IP mode file for STMicroelectronics.X-CUBE-AZRTOS-G4.2.0.0
2025-07-22 16:13:47,445 [WARN] PackLoader:240 - Cannot read IP mode file for wolfSSL.I-CUBE-wolfSSH.1.4.20
2025-07-22 16:13:47,464 [WARN] PackLoader:240 - Cannot read IP mode file for STMicroelectronics.X-CUBE-NFC7.2.0.0
2025-07-22 16:13:47,530 [WARN] PackLoader:240 - Cannot read IP mode file for STMicroelectronics.X-CUBE-IPS.3.1.0
2025-07-22 16:13:47,563 [WARN] PackLoader:240 - Cannot read IP mode file for STMicroelectronics.X-CUBE-ALS.1.0.2
2025-07-22 16:13:47,594 [WARN] PackLoader:240 - Cannot read IP mode file for portGmbH.I-Cube-SoM-uGOAL.1.1.0
2025-07-22 16:13:47,653 [WARN] PackLoader:240 - Cannot read IP mode file for STMicroelectronics.X-CUBE-TOF1.3.4.3
2025-07-22 16:13:47,713 [INFO] ThirdParty:978 - Integrity check success = true
2025-07-22 16:13:47,713 [INFO] IntegrityCheckThread:100 - exiting critical section [integrity check]
2025-07-22 16:13:47,713 [INFO] IntegrityCheckThread:103 - End integrity checks thread
2025-07-22 16:13:47,781 [INFO] Mcu:2029 - Initializing MCU STM32F446R(C-E)Tx STM32F446RETx STM32F446RET6
2025-07-22 16:13:51,262 [INFO] Context:786 - Trying to add GPIOservice into a context  which must be forbidden
2025-07-22 16:13:52,859 [INFO] ImportTextPane:234 - (OptionalMessage_ERROR) Pin16 (VP_RIF_VS_RIF1) cannot be retrieved for this MCU
2025-07-22 16:13:53,402 [INFO] RtosManager:558 - Registered RTOS mode: class=CMSIS, group=RTOS, mode=CMSIS_V1, owner=FREERTOS
2025-07-22 16:13:53,403 [INFO] RtosManager:558 - Registered RTOS mode: class=CMSIS, group=RTOS2, mode=CMSIS_V2, owner=FREERTOS
2025-07-22 16:13:53,403 [INFO] RtosManager:558 - Registered RTOS mode: class=RTOS, group=Core, mode=CMSIS_V1, owner=FREERTOS
2025-07-22 16:13:53,404 [INFO] RtosManager:558 - Registered RTOS mode: class=RTOS, group=Core, mode=CMSIS_V2, owner=FREERTOS
2025-07-22 16:13:53,405 [WARN] ModelIntegratedComponent:184 - Missing modes for component STMicroelectronics:FreeRTOS:0.0.1:STMicroelectronics:RTOS:FreeRTOS:Core:::10.2.0:
2025-07-22 16:13:53,578 [WARN] ModelIntegratedComponent:63 - No mode defined for component null
2025-07-22 16:13:53,578 [WARN] ModelIntegratedComponent:63 - No mode defined for component null
2025-07-22 16:13:53,578 [WARN] ModelIntegratedComponent:63 - No mode defined for component null
2025-07-22 16:13:53,578 [WARN] ModelIntegratedComponent:63 - No mode defined for component null
2025-07-22 16:13:53,578 [WARN] ModelIntegratedComponent:63 - No mode defined for component null
2025-07-22 16:13:53,579 [WARN] ModelIntegratedComponent:63 - No mode defined for component null
2025-07-22 16:13:53,580 [WARN] ModelIntegratedComponent:63 - No mode defined for component null
2025-07-22 16:13:53,580 [WARN] ModelIntegratedComponent:63 - No mode defined for component null
2025-07-22 16:13:53,580 [WARN] ModelIntegratedComponent:63 - No mode defined for component null
2025-07-22 16:13:53,580 [WARN] ModelIntegratedComponent:63 - No mode defined for component null
2025-07-22 16:13:53,580 [WARN] ModelIntegratedComponent:63 - No mode defined for component null
2025-07-22 16:13:53,581 [WARN] ModelIntegratedComponent:63 - No mode defined for component null
2025-07-22 16:13:53,581 [WARN] ModelIntegratedComponent:63 - No mode defined for component null
2025-07-22 16:13:53,582 [WARN] ModelIntegratedComponent:63 - No mode defined for component null
2025-07-22 16:13:53,585 [WARN] ModelIntegratedComponent:63 - No mode defined for component null
2025-07-22 16:13:53,586 [WARN] ModelIntegratedComponent:63 - No mode defined for component null
2025-07-22 16:13:53,587 [WARN] ModelIntegratedComponent:63 - No mode defined for component null
2025-07-22 16:13:53,588 [WARN] ModelIntegratedComponent:63 - No mode defined for component null
2025-07-22 16:13:53,588 [WARN] ModelIntegratedComponent:63 - No mode defined for component null
2025-07-22 16:13:53,588 [WARN] ModelIntegratedComponent:63 - No mode defined for component null
2025-07-22 16:13:53,588 [WARN] ModelIntegratedComponent:63 - No mode defined for component null
2025-07-22 16:13:53,589 [WARN] ModelIntegratedComponent:63 - No mode defined for component null
2025-07-22 16:13:53,589 [WARN] ModelIntegratedComponent:63 - No mode defined for component null
2025-07-22 16:13:53,590 [WARN] ModelIntegratedComponent:63 - No mode defined for component null
2025-07-22 16:13:53,590 [WARN] ModelIntegratedComponent:63 - No mode defined for component null
2025-07-22 16:13:53,591 [WARN] ModelIntegratedComponent:63 - No mode defined for component null
2025-07-22 16:13:53,591 [WARN] ModelIntegratedComponent:63 - No mode defined for component null
2025-07-22 16:13:53,592 [WARN] ModelIntegratedComponent:63 - No mode defined for component null
2025-07-22 16:13:53,592 [WARN] ModelIntegratedComponent:63 - No mode defined for component null
2025-07-22 16:13:53,592 [WARN] ModelIntegratedComponent:63 - No mode defined for component null
2025-07-22 16:13:53,592 [WARN] ModelIntegratedComponent:63 - No mode defined for component null
2025-07-22 16:13:53,592 [WARN] ModelIntegratedComponent:63 - No mode defined for component null
2025-07-22 16:13:53,592 [WARN] ModelIntegratedComponent:63 - No mode defined for component null
2025-07-22 16:13:53,594 [WARN] ModelIntegratedComponent:63 - No mode defined for component null
2025-07-22 16:13:53,594 [WARN] ModelIntegratedComponent:63 - No mode defined for component null
2025-07-22 16:13:53,595 [WARN] ModelPack:524 - Component already loaded: STMicroelectronics:HAL Drivers:0.0.0:STMicroelectronics:Device:STMicro_Driver:XSPI:HAL::0.0.1:HAL_XSPI
2025-07-22 16:13:54,246 [INFO] ThirdPartyModel:298 - Start build external matchings
2025-07-22 16:13:55,227 [INFO] ThirdPartyModel:316 - End build external matchings
2025-07-22 16:13:55,242 [INFO] RtosManager:1018 - Current active RTOS is FREERTOS [Cortex-M4NS]
2025-07-22 16:13:55,254 [INFO] ImportTextPane:234 - (OptionalMessage_ERROR) IP (RCC) : Invalid parameter (48MHZClocksFreq_Value)
2025-07-22 16:13:55,254 [INFO] ImportTextPane:234 - (OptionalMessage_ERROR) IP (RCC) : Invalid parameter (EthernetFreq_Value)
2025-07-22 16:13:55,256 [INFO] ImportTextPane:234 - (OptionalMessage_ERROR) IP (RCC) : Parameter (FLatency) has Id (AdvancedSettings) currently not set
2025-07-22 16:13:55,263 [INFO] ImportTextPane:234 - (OptionalMessage_ERROR) IP (RCC) : Invalid parameter (FamilyName)
2025-07-22 16:13:55,263 [INFO] ImportTextPane:234 - (OptionalMessage_ERROR) IP (RCC) : Invalid parameter (I2SClocksFreq_Value)
2025-07-22 16:13:55,263 [INFO] ImportTextPane:234 - (OptionalMessage_ERROR) IP (RCC) : Parameter (MCO2PinFreq_Value) has invalid value (180000000)
2025-07-22 16:13:55,269 [INFO] ImportTextPane:234 - (OptionalMessage_ERROR) IP (RCC) : Parameter (SDIOFreq_Value) has invalid value (180000000)
2025-07-22 16:13:55,270 [INFO] ImportTextPane:234 - (OptionalMessage_ERROR) IP (RCC) : Parameter (USBFreq_Value) has invalid value (180000000)
2025-07-22 16:13:55,271 [INFO] ImportTextPane:234 - (OptionalMessage_ERROR) IP (RCC) : Invalid parameter (VCOInputMFreq_Value)
2025-07-22 16:13:55,271 [INFO] ImportTextPane:234 - (OptionalMessage_ERROR) IP (RCC) : Invalid parameter (VcooutputI2S)
2025-07-22 16:13:55,776 [INFO] ApiDb:581 - Connected to CubeFinder SQLite database (C:\Users\aliya\.stmcufinder\plugins\mcufinder\mcu\cube-finder-db.db)
2025-07-22 16:13:55,878 [INFO] ApiDb:668 - CubeFinder database Data Model version=2.1
2025-07-22 16:13:55,878 [INFO] ApiDb:669 - CubeFinder database Configuration version=3.0.39
2025-07-22 16:13:55,878 [INFO] ApiDb:670 - CubeFinder database generation date=2025-06-24 (1750757100)
2025-07-22 16:13:55,878 [INFO] ApiDb:671 - CubeFinder database FW Pack versions=[FP-ATR-ASTRA1_V2.0.0, FP-SNS-FLIGHT1_V5.1.0, FP-SNS-MOTENV1_V5.0.0, FP-SNS-MOTENVWB1_V1.4.0, FP-SNS-SMARTAG2_V1.2.0, FP-SNS-STBOX1_V2.0.0, STM32Cube_FW_C0_V1.4.0, STM32Cube_FW_F4_V1.28.2, STM32Cube_FW_F7_V1.17.3, STM32Cube_FW_G0_V1.6.2, STM32Cube_FW_G4_V1.6.1, STM32Cube_FW_H5_V1.5.0, STM32Cube_FW_H7RS_V1.2.0, STM32Cube_FW_H7_V1.12.1, STM32Cube_FW_L0_V1.12.2, STM32Cube_FW_L4_V1.18.1, STM32Cube_FW_L5_V1.5.1, STM32Cube_FW_N6_V1.2.0, STM32Cube_FW_U0_V1.3.0, STM32Cube_FW_U3_V1.2.0, STM32Cube_FW_U5_V1.8.0, STM32Cube_FW_WB0_V1.3.0, STM32Cube_FW_WBA_V1.7.0, STM32Cube_FW_WB_V1.23.0, STM32Cube_FW_WL3_V1.2.0, STM32Cube_FW_WL_V1.3.1, X-CUBE-ALGOBUILD_V1.4.0, X-CUBE-ALS_V1.0.2, X-CUBE-AZRTOS-F4_V1.1.0, X-CUBE-AZRTOS-F7_V1.1.0, X-CUBE-AZRTOS-G0_V1.1.0, X-CUBE-AZRTOS-G4_V2.0.0, X-CUBE-AZRTOS-H7RS_V1.1.0, X-CUBE-AZRTOS-H7_V3.3.0, X-CUBE-AZRTOS-L4_V2.0.0, X-CUBE-AZRTOS-L5_V2.0.0, X-CUBE-AZRTOS-WB_V2.0.0, X-CUBE-AZRTOS-WL_V2.0.0, X-CUBE-BLE1_V7.1.0, X-CUBE-BLE2_V3.3.0, X-CUBE-BLEMGR_V4.0.0, X-CUBE-EEPRMA1_V5.1.0, X-CUBE-FREERTOS_V1.3.1, X-CUBE-GNSS1_V6.0.0, X-CUBE-MEMS1_V11.3.0, X-CUBE-NFC4_V3.0.0, X-CUBE-NFC7_V2.0.0, X-CUBE-SFXS2LP1_V4.0.0, X-CUBE-SUBG2_V5.0.0, X-CUBE-TOF1_V3.4.3]
2025-07-22 16:13:56,010 [INFO] DbBoardsSqlite:226 - include board P-NUCLEO-WB55-NUCLEO as a kit item of type 'Nucleo-64'
2025-07-22 16:13:56,011 [INFO] DbBoardsSqlite:226 - include board P-NUCLEO-WB55-USBDONGLE as a kit item of type 'Nucleo USB Dongle'
2025-07-22 16:13:56,013 [INFO] DbBoardsSqlite:226 - include board STEVAL-IDP005V1 as a kit item of type 'Evaluation Board'
2025-07-22 16:13:56,013 [INFO] DbBoardsSqlite:226 - include board STEVAL-IDP005V2 as a kit item of type 'Evaluation Board'
2025-07-22 16:13:56,606 [INFO] ApiDb:240 - Found 880 in-development CPN: [B-G473E-ZEST1S, B-WB1M-WPAN1, B-WBA5M-WPAN, B-WL5M-SUBG1, NUCLEO-C031C6, NUCLEO-C051C8, NUCLEO-C071RB, NUCLEO-C092RC, NUCLEO-H503RB, NUCLEO-H533RE, NUCLEO-H563ZI, NUCLEO-H7S3L8, NUCLEO-N657X0-Q, NUCLEO-U031R8, NUCLEO-U083RC, NUCLEO-U385RG-Q, NUCLEO-U545RE-Q, NUCLEO-U5A5ZJ-Q, NUCLEO-WB05KZ, NUCLEO-WB07CC, NUCLEO-WB09KE, NUCLEO-WBA52CG, NUCLEO-WBA55CG, NUCLEO-WL33CC1, NUCLEO-WL33CC2, STEVAL-PROTEUS1, STEVAL-SMARTAG2, STEVAL-STWINBX1, STM320518-EVAL, STM32C0116-DK, STM32C011D6Y3TR, STM32C011D6Y6TR, STM32C011F4P3, STM32C011F4P6, STM32C011F4U3, STM32C011F4U6TR, STM32C011F6P3, STM32C011F6P6, STM32C011F6U3, STM32C011F6U6TR, STM32C011J4M3, STM32C011J4M6, STM32C011J6M3, STM32C011J6M6, STM32C0316-DK, STM32C031C4T3, STM32C031C4T6, STM32C031C4U3, STM32C031C4U6, STM32C031C6T3, STM32C031C6T6, STM32C031C6U3, STM32C031C6U6, STM32C031F4P3, STM32C031F4P6, STM32C031F6P3, STM32C031F6P6, STM32C031G4U3, STM32C031G4U6, STM32C031G6U3, STM32C031G6U6, STM32C031K4T3, STM32C031K4T6, STM32C031K4U3, STM32C031K4U6, STM32C031K6T3, STM32C031K6T6, STM32C031K6U3, STM32C031K6U6, STM32C051C6T6, STM32C051C6U6, STM32C051C8T6, STM32C051C8U6, STM32C051D8Y6TR, STM32C051F6P6, STM32C051F8P6, STM32C051G6U6, STM32C051G8U6, STM32C051K6T6, STM32C051K6U6, STM32C051K8T6, STM32C071C8T6, STM32C071C8T6N, STM32C071C8U6, STM32C071C8U6N, STM32C071CBT6, STM32C071CBT6N, STM32C071CBU6, STM32C071CBU6N, STM32C071F8P6, STM32C071F8P6N, STM32C071FBP6, STM32C071FBP6N, STM32C071FBY6TR, STM32C071G8U6, STM32C071G8U6N, STM32C071GBU6, STM32C071GBU6N, STM32C071K8T6, STM32C071K8T6N, STM32C071K8U6, STM32C071K8U6N, STM32C071KBT6, STM32C071KBT6N, STM32C071KBU6, STM32C071KBU6N, STM32C071R8T6, STM32C071R8T6N, STM32C071RBI6N, STM32C071RBT6, STM32C071RBT6N, STM32C091CBT6, STM32C091CBU6, STM32C091CCT6, STM32C091CCU6, STM32C091ECY6TR, STM32C091FBP6, STM32C091FCP6, STM32C091GBU6, STM32C091GCU6, STM32C091KBT6, STM32C091KBU6, STM32C091KCT6, STM32C091KCU6, STM32C091RBT6, STM32C091RCI6, STM32C091RCT6, STM32C092CBT6, STM32C092CBU6, STM32C092CCT6, STM32C092CCU6, STM32C092ECY6TR, STM32C092FBP6, STM32C092FCP6, STM32C092GBU6, STM32C092GCU6, STM32C092KBT6, STM32C092KBU6, STM32C092KCT6, STM32C092KCU6, STM32C092RBT6, STM32C092RCI6, STM32C092RCT6, STM32G071K8TXN, STM32G071K8UXN, STM32G081GBU6N, STM32G081KBT6N, STM32G081KBUXN, STM32G0B1CCT6N, STM32G0B1KCT6, STM32G0B1NEY6TR, STM32G0B1RCT6N, STM32G0C1CCT6, STM32G0C1CCT6N, STM32G0C1CCU6N, STM32G0C1CET6N, STM32G0C1CEU6N, STM32G0C1KCT6, STM32G0C1NEY6TR, STM32G0C1RCI6N, STM32G0C1RCT6N, STM32G0C1REI6N, STM32G0C1RET6N, STM32G0C1VCI6, STM32G0C1VEI6, STM32G411C6T3, STM32G411C6T6, STM32G411C6U3, STM32G411C6U6, STM32G411C8T3, STM32G411C8T6, STM32G411C8U3, STM32G411C8U6, STM32G411CBT3, STM32G411CBT6, STM32G411CBU3, STM32G411CBU6, STM32G411K6T3, STM32G411K6T6, STM32G411K6U3, STM32G411K6U6, STM32G411K8T3, STM32G411K8T6, STM32G411K8U3, STM32G411K8U6, STM32G411KBT3, STM32G411KBT6, STM32G411KBU3, STM32G411KBU6, STM32G411M6T3, STM32G411M6T6, STM32G411M8T3, STM32G411M8T6, STM32G411MBT3, STM32G411MBT6, STM32G411R6T3, STM32G411R6T6, STM32G411R8T3, STM32G411R8T6, STM32G411RBT3, STM32G411RBT6, STM32G414CBT3, STM32G414CBT6, STM32G414CBU3, STM32G414CBU6, STM32G414CCT3, STM32G414CCT6, STM32G414CCU3, STM32G414CCU6, STM32G414MBT3, STM32G414MBT6, STM32G414MCT3, STM32G414MCT6, STM32G414RBT3, STM32G414RBT6, STM32G414RCT3, STM32G414RCT6, STM32G414VBT3, STM32G414VBT6, STM32G414VCT3, STM32G414VCT6, STM32G431CBT3Z, STM32G431RBT3Z, STM32G471CCT6, STM32G471CCU6, STM32G471CET3, STM32G471CET6, STM32G471CEU3, STM32G471CEU6, STM32G471MCT6, STM32G471MET3, STM32G471MET6, STM32G471MEY6TR, STM32G471QCT6, STM32G471QET3, STM32G471RCT6, STM32G471RET3, STM32G471RET6, STM32G471VCH6, STM32G471VCI6, STM32G471VCT6, STM32G471VEH3, STM32G471VEH6, STM32G471VEI3, STM32G471VEI6, STM32G471VET3, STM32G471VET6, STM32G473QET3Z, STM32G473RET3Z, STM32G474CCT6, STM32G491RET3Z, STM32H503CBT6, STM32H503CBU6, STM32H503EBY6TR, STM32H503KBU6, STM32H503RBT6, STM32H523CCT6, STM32H523CCU6, STM32H523CET6, STM32H523CEU6, STM32H523HEY6TR, STM32H523RCT6, STM32H523RET6, STM32H523VCI6, STM32H523VCT6, STM32H523VEI6, STM32H523VET6, STM32H523ZCJ6, STM32H523ZCT6, STM32H523ZEJ6, STM32H523ZET6, STM32H533CET6, STM32H533CEU6, STM32H533HEY6TR, STM32H533RET6, STM32H533VEI6, STM32H533VET6, STM32H533ZEJ6, STM32H533ZET6, STM32H562AGI6, STM32H562AII6, STM32H562IGK6, STM32H562IGT6, STM32H562IIK6, STM32H562IIT6, STM32H562RGT6, STM32H562RGV6, STM32H562RIT6, STM32H562RIV6, STM32H562VGT6, STM32H562VIT6, STM32H562ZGT6, STM32H562ZIT6, STM32H563AGI6, STM32H563AII3Q, STM32H563AII6, STM32H563IGK6, STM32H563IGT6, STM32H563IIK3Q, STM32H563IIK6, STM32H563IIT3Q, STM32H563IIT6, STM32H563MIY3QTR, STM32H563RGT6, STM32H563RGV6, STM32H563RIT6, STM32H563RIV6, STM32H563VGT6, STM32H563VIT3Q, STM32H563VIT6, STM32H563ZGT6, STM32H563ZIT3Q, STM32H563ZIT6, STM32H573AII3Q, STM32H573AII6, STM32H573I-DK, STM32H573IIK3Q, STM32H573IIK6, STM32H573IIT3Q, STM32H573IIT6, STM32H573MIY3QTR, STM32H573RIT6, STM32H573RIV6, STM32H573VIT3Q, STM32H573VIT6, STM32H573ZIT3Q, STM32H573ZIT6, STM32H7R3A8I6, STM32H7R3I8K6, STM32H7R3I8T6, STM32H7R3L8H6, STM32H7R3L8H6H, STM32H7R3R8V6, STM32H7R3V8H6, STM32H7R3V8T6, STM32H7R3V8Y6TR, STM32H7R3Z8J6, STM32H7R3Z8T6, STM32H7R7A8I6, STM32H7R7I8K6, STM32H7R7I8T6, STM32H7R7L8H6, STM32H7R7L8H6H, STM32H7R7Z8J6, STM32H7S3A8I6, STM32H7S3I8K6, STM32H7S3I8T6, STM32H7S3L8H6, STM32H7S3L8H6H, STM32H7S3R8V6, STM32H7S3V8H6, STM32H7S3V8T6, STM32H7S3V8Y6TR, STM32H7S3Z8J6, STM32H7S3Z8T6, STM32H7S78-DK, STM32H7S7A8I6, STM32H7S7I8K6, STM32H7S7I8T6, STM32H7S7L8H6, STM32H7S7L8H6H, STM32H7S7Z8J6, STM32L4R5QGI6STR, STM32MP131AAE3, STM32MP131AAF3, STM32MP131AAG3, STM32MP131CAE3, STM32MP131CAF3, STM32MP131CAG3, STM32MP131DAE7, STM32MP131DAF7, STM32MP131DAG7, STM32MP131FAE7, STM32MP131FAF7, STM32MP131FAG7, STM32MP133AAE3, STM32MP133AAF3, STM32MP133AAG3, STM32MP133CAE3, STM32MP133CAF3, STM32MP133CAG3, STM32MP133DAE7, STM32MP133DAF7, STM32MP133DAG7, STM32MP133FAE7, STM32MP133FAF7, STM32MP133FAG7, STM32MP135AAE3, STM32MP135AAF3, STM32MP135AAG3, STM32MP135CAE3, STM32MP135CAF3, STM32MP135CAG3, STM32MP135DAE7, STM32MP135DAF7, STM32MP135DAG7, STM32MP135F-DK, STM32MP135FAE7, STM32MP135FAF7, STM32MP135FAF7T, STM32MP135FAF7U, STM32MP135FAG7, STM32MP211AAL3, STM32MP211AAM3, STM32MP211AAN3, STM32MP211AAO3, STM32MP211CAL3, STM32MP211CAM3, STM32MP211CAN3, STM32MP211CAO3, STM32MP211DAL3, STM32MP211DAM3, STM32MP211DAN3, STM32MP211DAO3, STM32MP211FAL3, STM32MP211FAM3, STM32MP211FAN3, STM32MP211FAO3, STM32MP213AAL3, STM32MP213AAM3, STM32MP213AAN3, STM32MP213AAO3, STM32MP213CAL3, STM32MP213CAM3, STM32MP213CAN3, STM32MP213CAO3, STM32MP213DAL3, STM32MP213DAM3, STM32MP213DAN3, STM32MP213DAO3, STM32MP213FAL3, STM32MP213FAM3, STM32MP213FAN3, STM32MP213FAO3, STM32MP215AAL3, STM32MP215AAM3, STM32MP215AAN3, STM32MP215AAO3, STM32MP215CAL3, STM32MP215CAM3, STM32MP215CAN3, STM32MP215CAO3, STM32MP215DAL3, STM32MP215DAM3, STM32MP215DAN3, STM32MP215DAO3, STM32MP215F-DK, STM32MP215FAL3, STM32MP215FAM3, STM32MP215FAN3, STM32MP215FAO3, STM32MP231AAJ3, STM32MP231AAK3, STM32MP231AAL3, STM32MP231CAJ3, STM32MP231CAK3, STM32MP231CAL3, STM32MP231DAJ3, STM32MP231DAK3, STM32MP231DAL3, STM32MP231FAJ3, STM32MP231FAK3, STM32MP231FAL3, STM32MP233AAJ3, STM32MP233AAK3, STM32MP233AAL3, STM32MP233CAJ3, STM32MP233CAK3, STM32MP233CAL3, STM32MP233DAJ3, STM32MP233DAK3, STM32MP233DAL3, STM32MP233FAJ3, STM32MP233FAK3, STM32MP233FAL3, STM32MP235AAJ3, STM32MP235AAK3, STM32MP235AAL3, STM32MP235CAJ3, STM32MP235CAK3, STM32MP235CAL3, STM32MP235DAJ3, STM32MP235DAK3, STM32MP235DAL3, STM32MP235FAJ3, STM32MP235FAK3, STM32MP235FAL3, STM32MP251AAI3, STM32MP251AAK3, STM32MP251AAL3, STM32MP251CAI3, STM32MP251CAK3, STM32MP251CAL3, STM32MP251DAI3, STM32MP251DAK3, STM32MP251DAL3, STM32MP251FAI3, STM32MP251FAK3, STM32MP251FAL3, STM32MP253AAI3, STM32MP253AAK3, STM32MP253AAL3, STM32MP253CAI3, STM32MP253CAK3, STM32MP253CAL3, STM32MP253DAI3, STM32MP253DAK3, STM32MP253DAL3, STM32MP253FAI3, STM32MP253FAK3, STM32MP253FAL3, STM32MP255AAI3, STM32MP255AAK3, STM32MP255AAL3, STM32MP255CAI3, STM32MP255CAK3, STM32MP255CAL3, STM32MP255DAI3, STM32MP255DAK3, STM32MP255DAL3, STM32MP255FAI3, STM32MP255FAK3, STM32MP255FAL3, STM32MP257AAI3, STM32MP257AAK3, STM32MP257AAL3, STM32MP257CAI3, STM32MP257CAK3, STM32MP257CAL3, STM32MP257DAI3, STM32MP257DAK3, STM32MP257DAL3, STM32MP257F-DK, STM32MP257F-EV1, STM32MP257FAI3, STM32MP257FAK3, STM32MP257FAL3, STM32N645A0H3Q, STM32N645B0H3Q, STM32N645I0H3Q, STM32N645L0H3Q, STM32N645X0H3Q, STM32N645Z0H3Q, STM32N647A0H3Q, STM32N647B0H3Q, STM32N647I0H3Q, STM32N647L0H3Q, STM32N647X0H3Q, STM32N647Z0H3Q, STM32N655A0H3Q, STM32N655B0H3Q, STM32N655I0H3Q, STM32N655L0H3Q, STM32N655X0H3Q, STM32N655Z0H3Q, STM32N6570-DK, STM32N657A0H3Q, STM32N657B0H3Q, STM32N657I0H3Q, STM32N657L0H3Q, STM32N657X0H3Q, STM32N657Z0H3Q, STM32U031C6T6, STM32U031C6U6, STM32U031C8T6, STM32U031C8U6, STM32U031F4P6, STM32U031F6P6, STM32U031F8P6, STM32U031G6Y6TR, STM32U031G8Y6TR, STM32U031K4U6, STM32U031K6U6, STM32U031K8U6, STM32U031R6I6, STM32U031R6T6, STM32U031R8I6, STM32U031R8T6, STM32U073C8T6, STM32U073C8U6, STM32U073CBT6, STM32U073CBU6, STM32U073CCT6, STM32U073CCU6, STM32U073H8Y6TR, STM32U073HBY6TR, STM32U073HCY6TR, STM32U073K8U6, STM32U073KBU6, STM32U073KCU6, STM32U073M8I6, STM32U073M8T6, STM32U073MBI6, STM32U073MBT6, STM32U073MCI6, STM32U073MCT6, STM32U073R8I6, STM32U073R8T6, STM32U073RBI6, STM32U073RBT6, STM32U073RCI6, STM32U073RCT6, STM32U083C-DK, STM32U083CCT6, STM32U083CCU6, STM32U083HCY6TR, STM32U083KCU6, STM32U083MCI6, STM32U083MCT6, STM32U083RCI6, STM32U083RCT6, STM32U375CET6, STM32U375CET6Q, STM32U375CEU6, STM32U375CEU6Q, STM32U375CEY6QTR, STM32U375CGT6, STM32U375CGT6Q, STM32U375CGU6, STM32U375CGU6Q, STM32U375CGY6QTR, STM32U375KEU6, STM32U375KGU6, STM32U375REI6, STM32U375REI6Q, STM32U375RET6, STM32U375RET6Q, STM32U375REY6GTR, STM32U375REY6QTR, STM32U375RGI6, STM32U375RGI6Q, STM32U375RGT6, STM32U375RGT6Q, STM32U375RGY6GTR, STM32U375RGY6QTR, STM32U375VEI6, STM32U375VEI6Q, STM32U375VET6, STM32U375VET6Q, STM32U375VGI6, STM32U375VGI6Q, STM32U375VGT6, STM32U375VGT6Q, STM32U385CGT6, STM32U385CGT6Q, STM32U385CGU6, STM32U385CGU6Q, STM32U385CGY6QTR, STM32U385KGU6, STM32U385RGI6, STM32U385RGI6Q, STM32U385RGT6, STM32U385RGT6Q, STM32U385RGY6GTR, STM32U385RGY6QTR, STM32U385VGI6, STM32U385VGI6Q, STM32U385VGT6, STM32U385VGT6Q, STM32U535CBT6, STM32U535CBT6Q, STM32U535CBU6, STM32U535CBU6Q, STM32U535CCT6, STM32U535CCT6Q, STM32U535CCU6, STM32U535CCU6Q, STM32U535CET6, STM32U535CET6Q, STM32U535CEU6, STM32U535CEU6Q, STM32U535JEY6QTR, STM32U535NCY6QTR, STM32U535NEY6QTR, STM32U535RBI6, STM32U535RBI6Q, STM32U535RBT6, STM32U535RBT6Q, STM32U535RCI6, STM32U535RCI6Q, STM32U535RCT6, STM32U535RCT6Q, STM32U535REI6, STM32U535REI6Q, STM32U535RET6, STM32U535RET6Q, STM32U535VCI6, STM32U535VCI6Q, STM32U535VCT6, STM32U535VCT6Q, STM32U535VEI6, STM32U535VEI6Q, STM32U535VET6, STM32U535VET6Q, STM32U545CET6, STM32U545CET6Q, STM32U545CEU6, STM32U545CEU6Q, STM32U545JEY6QTR, STM32U545NEY6QTR, STM32U545REI6, STM32U545REI6Q, STM32U545RET6, STM32U545RET6Q, STM32U545VEI6, STM32U545VEI6Q, STM32U545VET6, STM32U545VET6Q, STM32U595AIH6, STM32U595AIH6Q, STM32U595AJH6, STM32U595AJH6Q, STM32U595QII6, STM32U595QII6Q, STM32U595QJI6, STM32U595QJI6Q, STM32U595RIT6, STM32U595RIT6Q, STM32U595RJT6, STM32U595RJT6Q, STM32U595VIT6, STM32U595VIT6Q, STM32U595VJT6, STM32U595VJT6Q, STM32U595ZIT6, STM32U595ZIT6Q, STM32U595ZIY6QTR, STM32U595ZJT6, STM32U595ZJT6Q, STM32U595ZJY6QTR, STM32U599BJY6QTR, STM32U599NIH6Q, STM32U599NJH6Q, STM32U599VIT6Q, STM32U599VJT6, STM32U599VJT6Q, STM32U599ZIT6Q, STM32U599ZIY6QTR, STM32U599ZJT6Q, STM32U599ZJY6QTR, STM32U5A5AJH6, STM32U5A5AJH6Q, STM32U5A5QII3Q , STM32U5A5QJI6, STM32U5A5QJI6Q, STM32U5A5RJT6, STM32U5A5RJT6Q, STM32U5A5VJT6, STM32U5A5VJT6Q, STM32U5A5ZJT6, STM32U5A5ZJT6Q, STM32U5A5ZJY6QTR, STM32U5A9BJY6QTR, STM32U5A9J-DK, STM32U5A9NJH6Q, STM32U5A9VJT6Q, STM32U5A9ZJT6Q, STM32U5A9ZJY6QTR, STM32U5F7VIT6, STM32U5F7VIT6Q, STM32U5F7VJT6, STM32U5F7VJT6Q, STM32U5F9BJY6QTR, STM32U5F9NJH6Q, STM32U5F9VIT6Q, STM32U5F9VJT6Q, STM32U5F9ZIJ6QTR, STM32U5F9ZIT6Q, STM32U5F9ZJJ6QTR, STM32U5F9ZJT6Q, STM32U5G7VJT6, STM32U5G7VJT6Q, STM32U5G9BJY6QTR, STM32U5G9J-DK1, STM32U5G9J-DK2, STM32U5G9NJH6Q, STM32U5G9VJT6Q, STM32U5G9ZJJ6QTR, STM32U5G9ZJT6Q, STM32WB05KZV6TR, STM32WB05KZV7TR, STM32WB05TZF6TR, STM32WB05TZF7TR, STM32WB06CCF6TR, STM32WB06CCF7TR, STM32WB06CCV6TR, STM32WB06CCV7TR, STM32WB06KCV6TR, STM32WB06KCV7TR, STM32WB07CCF6TR, STM32WB07CCF7TR, STM32WB07CCV6TR, STM32WB07CCV7TR, STM32WB07KCV6TR, STM32WB07KCV7TR, STM32WB09KEV6TR, STM32WB09KEV7TR, STM32WB09TEF6TR, STM32WB09TEF7TR, STM32WB1MMCH6, STM32WBA50KGU6, STM32WBA50KGU6TR, STM32WBA52CEU6, STM32WBA52CEU6TR, STM32WBA52CEU7, STM32WBA52CEU7TR, STM32WBA52CGU6, STM32WBA52CGU6TR, STM32WBA52CGU6U, STM32WBA52CGU7, STM32WBA52CGU7TR, STM32WBA52KEU6, STM32WBA52KEU6TR, STM32WBA52KGU6, STM32WBA52KGU6TR, STM32WBA54CEU6, STM32WBA54CEU6TR, STM32WBA54CEU7, STM32WBA54CEU7TR, STM32WBA54CGU6, STM32WBA54CGU6TR, STM32WBA54CGU7, STM32WBA54CGU7TR, STM32WBA54KEU6, STM32WBA54KEU6TR, STM32WBA54KEU7, STM32WBA54KEU7TR, STM32WBA54KGU6, STM32WBA54KGU6TR, STM32WBA54KGU7, STM32WBA54KGU7TR, STM32WBA55CEU6, STM32WBA55CEU6TR, STM32WBA55CEU7, STM32WBA55CEU7TR, STM32WBA55CGU6, STM32WBA55CGU6TR, STM32WBA55CGU6U, STM32WBA55CGU7, STM32WBA55CGU7TR, STM32WBA55G-DK1, STM32WBA55HEF6, STM32WBA55HEF7, STM32WBA55HGF6, STM32WBA55HGF7, STM32WBA55UEI6, STM32WBA55UEI6TR, STM32WBA55UEI7, STM32WBA55UEI7TR, STM32WBA55UGI6, STM32WBA55UGI6TR, STM32WBA55UGI7, STM32WBA55UGI7TR, STM32WBA5MMGH6TR, STM32WBA62MGF6, STM32WBA62MIF6, STM32WBA65MGF7, STM32WBA65MIF6, STM32WBA65MIF7, STM32WL30K8V6, STM32WL30KBV6, STM32WL31C8V6, STM32WL31CBV6, STM32WL31K8V6, STM32WL31KBV6, STM32WL33C8V6, STM32WL33C8V6X, STM32WL33CBV6, STM32WL33CBV6X, STM32WL33CCV6, STM32WL33CCV6A, STM32WL33CCV6X, STM32WL33K8V7, STM32WL33K8V7X, STM32WL33KBV7 , STM32WL33KBV7X, STM32WL33KCV7, STM32WL33KCV7X, STM32WL5MOCH6, STM32WL5MOCH6TR]
2025-07-22 16:13:57,056 [INFO] BoardInfo:889 - No configuration file found for board P-NUCLEO-WB55
2025-07-22 16:13:57,057 [INFO] DbBoards:161 - Kit is not supported: P-NUCLEO-WB55
2025-07-22 16:13:57,077 [INFO] BoardInfo:889 - No configuration file found for board STEVAL-BFA001V1B
2025-07-22 16:13:57,079 [INFO] DbBoards:161 - Kit is not supported: STEVAL-BFA001V1B
2025-07-22 16:13:57,084 [INFO] BoardInfo:889 - No configuration file found for board STEVAL-BFA001V2B
2025-07-22 16:13:57,086 [INFO] DbBoards:161 - Kit is not supported: STEVAL-BFA001V2B
2025-07-22 16:13:57,976 [INFO] DbBoards:168 - Found 212 boards, 209 are supported
2025-07-22 16:13:57,976 [INFO] DbBoards:169 - Found 212 boards, 43 of them is supported for  Bsp
2025-07-22 16:13:57,984 [INFO] ApiDb:668 - CubeFinder database Data Model version=2.1
2025-07-22 16:13:57,984 [INFO] ApiDb:669 - CubeFinder database Configuration version=3.0.39
2025-07-22 16:13:57,984 [INFO] ApiDb:670 - CubeFinder database generation date=2025-06-24 (1750757100)
2025-07-22 16:13:57,984 [INFO] ApiDb:671 - CubeFinder database FW Pack versions=[FP-ATR-ASTRA1_V2.0.0, FP-SNS-FLIGHT1_V5.1.0, FP-SNS-MOTENV1_V5.0.0, FP-SNS-MOTENVWB1_V1.4.0, FP-SNS-SMARTAG2_V1.2.0, FP-SNS-STBOX1_V2.0.0, STM32Cube_FW_C0_V1.4.0, STM32Cube_FW_F4_V1.28.2, STM32Cube_FW_F7_V1.17.3, STM32Cube_FW_G0_V1.6.2, STM32Cube_FW_G4_V1.6.1, STM32Cube_FW_H5_V1.5.0, STM32Cube_FW_H7RS_V1.2.0, STM32Cube_FW_H7_V1.12.1, STM32Cube_FW_L0_V1.12.2, STM32Cube_FW_L4_V1.18.1, STM32Cube_FW_L5_V1.5.1, STM32Cube_FW_N6_V1.2.0, STM32Cube_FW_U0_V1.3.0, STM32Cube_FW_U3_V1.2.0, STM32Cube_FW_U5_V1.8.0, STM32Cube_FW_WB0_V1.3.0, STM32Cube_FW_WBA_V1.7.0, STM32Cube_FW_WB_V1.23.0, STM32Cube_FW_WL3_V1.2.0, STM32Cube_FW_WL_V1.3.1, X-CUBE-ALGOBUILD_V1.4.0, X-CUBE-ALS_V1.0.2, X-CUBE-AZRTOS-F4_V1.1.0, X-CUBE-AZRTOS-F7_V1.1.0, X-CUBE-AZRTOS-G0_V1.1.0, X-CUBE-AZRTOS-G4_V2.0.0, X-CUBE-AZRTOS-H7RS_V1.1.0, X-CUBE-AZRTOS-H7_V3.3.0, X-CUBE-AZRTOS-L4_V2.0.0, X-CUBE-AZRTOS-L5_V2.0.0, X-CUBE-AZRTOS-WB_V2.0.0, X-CUBE-AZRTOS-WL_V2.0.0, X-CUBE-BLE1_V7.1.0, X-CUBE-BLE2_V3.3.0, X-CUBE-BLEMGR_V4.0.0, X-CUBE-EEPRMA1_V5.1.0, X-CUBE-FREERTOS_V1.3.1, X-CUBE-GNSS1_V6.0.0, X-CUBE-MEMS1_V11.3.0, X-CUBE-NFC4_V3.0.0, X-CUBE-NFC7_V2.0.0, X-CUBE-SFXS2LP1_V4.0.0, X-CUBE-SUBG2_V5.0.0, X-CUBE-TOF1_V3.4.3]
2025-07-22 16:14:04,179 [INFO] ApiDb:240 - Found 880 in-development CPN: [B-G473E-ZEST1S, B-WB1M-WPAN1, B-WBA5M-WPAN, B-WL5M-SUBG1, NUCLEO-C031C6, NUCLEO-C051C8, NUCLEO-C071RB, NUCLEO-C092RC, NUCLEO-H503RB, NUCLEO-H533RE, NUCLEO-H563ZI, NUCLEO-H7S3L8, NUCLEO-N657X0-Q, NUCLEO-U031R8, NUCLEO-U083RC, NUCLEO-U385RG-Q, NUCLEO-U545RE-Q, NUCLEO-U5A5ZJ-Q, NUCLEO-WB05KZ, NUCLEO-WB07CC, NUCLEO-WB09KE, NUCLEO-WBA52CG, NUCLEO-WBA55CG, NUCLEO-WL33CC1, NUCLEO-WL33CC2, STEVAL-PROTEUS1, STEVAL-SMARTAG2, STEVAL-STWINBX1, STM320518-EVAL, STM32C0116-DK, STM32C011D6Y3TR, STM32C011D6Y6TR, STM32C011F4P3, STM32C011F4P6, STM32C011F4U3, STM32C011F4U6TR, STM32C011F6P3, STM32C011F6P6, STM32C011F6U3, STM32C011F6U6TR, STM32C011J4M3, STM32C011J4M6, STM32C011J6M3, STM32C011J6M6, STM32C0316-DK, STM32C031C4T3, STM32C031C4T6, STM32C031C4U3, STM32C031C4U6, STM32C031C6T3, STM32C031C6T6, STM32C031C6U3, STM32C031C6U6, STM32C031F4P3, STM32C031F4P6, STM32C031F6P3, STM32C031F6P6, STM32C031G4U3, STM32C031G4U6, STM32C031G6U3, STM32C031G6U6, STM32C031K4T3, STM32C031K4T6, STM32C031K4U3, STM32C031K4U6, STM32C031K6T3, STM32C031K6T6, STM32C031K6U3, STM32C031K6U6, STM32C051C6T6, STM32C051C6U6, STM32C051C8T6, STM32C051C8U6, STM32C051D8Y6TR, STM32C051F6P6, STM32C051F8P6, STM32C051G6U6, STM32C051G8U6, STM32C051K6T6, STM32C051K6U6, STM32C051K8T6, STM32C071C8T6, STM32C071C8T6N, STM32C071C8U6, STM32C071C8U6N, STM32C071CBT6, STM32C071CBT6N, STM32C071CBU6, STM32C071CBU6N, STM32C071F8P6, STM32C071F8P6N, STM32C071FBP6, STM32C071FBP6N, STM32C071FBY6TR, STM32C071G8U6, STM32C071G8U6N, STM32C071GBU6, STM32C071GBU6N, STM32C071K8T6, STM32C071K8T6N, STM32C071K8U6, STM32C071K8U6N, STM32C071KBT6, STM32C071KBT6N, STM32C071KBU6, STM32C071KBU6N, STM32C071R8T6, STM32C071R8T6N, STM32C071RBI6N, STM32C071RBT6, STM32C071RBT6N, STM32C091CBT6, STM32C091CBU6, STM32C091CCT6, STM32C091CCU6, STM32C091ECY6TR, STM32C091FBP6, STM32C091FCP6, STM32C091GBU6, STM32C091GCU6, STM32C091KBT6, STM32C091KBU6, STM32C091KCT6, STM32C091KCU6, STM32C091RBT6, STM32C091RCI6, STM32C091RCT6, STM32C092CBT6, STM32C092CBU6, STM32C092CCT6, STM32C092CCU6, STM32C092ECY6TR, STM32C092FBP6, STM32C092FCP6, STM32C092GBU6, STM32C092GCU6, STM32C092KBT6, STM32C092KBU6, STM32C092KCT6, STM32C092KCU6, STM32C092RBT6, STM32C092RCI6, STM32C092RCT6, STM32G071K8TXN, STM32G071K8UXN, STM32G081GBU6N, STM32G081KBT6N, STM32G081KBUXN, STM32G0B1CCT6N, STM32G0B1KCT6, STM32G0B1NEY6TR, STM32G0B1RCT6N, STM32G0C1CCT6, STM32G0C1CCT6N, STM32G0C1CCU6N, STM32G0C1CET6N, STM32G0C1CEU6N, STM32G0C1KCT6, STM32G0C1NEY6TR, STM32G0C1RCI6N, STM32G0C1RCT6N, STM32G0C1REI6N, STM32G0C1RET6N, STM32G0C1VCI6, STM32G0C1VEI6, STM32G411C6T3, STM32G411C6T6, STM32G411C6U3, STM32G411C6U6, STM32G411C8T3, STM32G411C8T6, STM32G411C8U3, STM32G411C8U6, STM32G411CBT3, STM32G411CBT6, STM32G411CBU3, STM32G411CBU6, STM32G411K6T3, STM32G411K6T6, STM32G411K6U3, STM32G411K6U6, STM32G411K8T3, STM32G411K8T6, STM32G411K8U3, STM32G411K8U6, STM32G411KBT3, STM32G411KBT6, STM32G411KBU3, STM32G411KBU6, STM32G411M6T3, STM32G411M6T6, STM32G411M8T3, STM32G411M8T6, STM32G411MBT3, STM32G411MBT6, STM32G411R6T3, STM32G411R6T6, STM32G411R8T3, STM32G411R8T6, STM32G411RBT3, STM32G411RBT6, STM32G414CBT3, STM32G414CBT6, STM32G414CBU3, STM32G414CBU6, STM32G414CCT3, STM32G414CCT6, STM32G414CCU3, STM32G414CCU6, STM32G414MBT3, STM32G414MBT6, STM32G414MCT3, STM32G414MCT6, STM32G414RBT3, STM32G414RBT6, STM32G414RCT3, STM32G414RCT6, STM32G414VBT3, STM32G414VBT6, STM32G414VCT3, STM32G414VCT6, STM32G431CBT3Z, STM32G431RBT3Z, STM32G471CCT6, STM32G471CCU6, STM32G471CET3, STM32G471CET6, STM32G471CEU3, STM32G471CEU6, STM32G471MCT6, STM32G471MET3, STM32G471MET6, STM32G471MEY6TR, STM32G471QCT6, STM32G471QET3, STM32G471RCT6, STM32G471RET3, STM32G471RET6, STM32G471VCH6, STM32G471VCI6, STM32G471VCT6, STM32G471VEH3, STM32G471VEH6, STM32G471VEI3, STM32G471VEI6, STM32G471VET3, STM32G471VET6, STM32G473QET3Z, STM32G473RET3Z, STM32G474CCT6, STM32G491RET3Z, STM32H503CBT6, STM32H503CBU6, STM32H503EBY6TR, STM32H503KBU6, STM32H503RBT6, STM32H523CCT6, STM32H523CCU6, STM32H523CET6, STM32H523CEU6, STM32H523HEY6TR, STM32H523RCT6, STM32H523RET6, STM32H523VCI6, STM32H523VCT6, STM32H523VEI6, STM32H523VET6, STM32H523ZCJ6, STM32H523ZCT6, STM32H523ZEJ6, STM32H523ZET6, STM32H533CET6, STM32H533CEU6, STM32H533HEY6TR, STM32H533RET6, STM32H533VEI6, STM32H533VET6, STM32H533ZEJ6, STM32H533ZET6, STM32H562AGI6, STM32H562AII6, STM32H562IGK6, STM32H562IGT6, STM32H562IIK6, STM32H562IIT6, STM32H562RGT6, STM32H562RGV6, STM32H562RIT6, STM32H562RIV6, STM32H562VGT6, STM32H562VIT6, STM32H562ZGT6, STM32H562ZIT6, STM32H563AGI6, STM32H563AII3Q, STM32H563AII6, STM32H563IGK6, STM32H563IGT6, STM32H563IIK3Q, STM32H563IIK6, STM32H563IIT3Q, STM32H563IIT6, STM32H563MIY3QTR, STM32H563RGT6, STM32H563RGV6, STM32H563RIT6, STM32H563RIV6, STM32H563VGT6, STM32H563VIT3Q, STM32H563VIT6, STM32H563ZGT6, STM32H563ZIT3Q, STM32H563ZIT6, STM32H573AII3Q, STM32H573AII6, STM32H573I-DK, STM32H573IIK3Q, STM32H573IIK6, STM32H573IIT3Q, STM32H573IIT6, STM32H573MIY3QTR, STM32H573RIT6, STM32H573RIV6, STM32H573VIT3Q, STM32H573VIT6, STM32H573ZIT3Q, STM32H573ZIT6, STM32H7R3A8I6, STM32H7R3I8K6, STM32H7R3I8T6, STM32H7R3L8H6, STM32H7R3L8H6H, STM32H7R3R8V6, STM32H7R3V8H6, STM32H7R3V8T6, STM32H7R3V8Y6TR, STM32H7R3Z8J6, STM32H7R3Z8T6, STM32H7R7A8I6, STM32H7R7I8K6, STM32H7R7I8T6, STM32H7R7L8H6, STM32H7R7L8H6H, STM32H7R7Z8J6, STM32H7S3A8I6, STM32H7S3I8K6, STM32H7S3I8T6, STM32H7S3L8H6, STM32H7S3L8H6H, STM32H7S3R8V6, STM32H7S3V8H6, STM32H7S3V8T6, STM32H7S3V8Y6TR, STM32H7S3Z8J6, STM32H7S3Z8T6, STM32H7S78-DK, STM32H7S7A8I6, STM32H7S7I8K6, STM32H7S7I8T6, STM32H7S7L8H6, STM32H7S7L8H6H, STM32H7S7Z8J6, STM32L4R5QGI6STR, STM32MP131AAE3, STM32MP131AAF3, STM32MP131AAG3, STM32MP131CAE3, STM32MP131CAF3, STM32MP131CAG3, STM32MP131DAE7, STM32MP131DAF7, STM32MP131DAG7, STM32MP131FAE7, STM32MP131FAF7, STM32MP131FAG7, STM32MP133AAE3, STM32MP133AAF3, STM32MP133AAG3, STM32MP133CAE3, STM32MP133CAF3, STM32MP133CAG3, STM32MP133DAE7, STM32MP133DAF7, STM32MP133DAG7, STM32MP133FAE7, STM32MP133FAF7, STM32MP133FAG7, STM32MP135AAE3, STM32MP135AAF3, STM32MP135AAG3, STM32MP135CAE3, STM32MP135CAF3, STM32MP135CAG3, STM32MP135DAE7, STM32MP135DAF7, STM32MP135DAG7, STM32MP135F-DK, STM32MP135FAE7, STM32MP135FAF7, STM32MP135FAF7T, STM32MP135FAF7U, STM32MP135FAG7, STM32MP211AAL3, STM32MP211AAM3, STM32MP211AAN3, STM32MP211AAO3, STM32MP211CAL3, STM32MP211CAM3, STM32MP211CAN3, STM32MP211CAO3, STM32MP211DAL3, STM32MP211DAM3, STM32MP211DAN3, STM32MP211DAO3, STM32MP211FAL3, STM32MP211FAM3, STM32MP211FAN3, STM32MP211FAO3, STM32MP213AAL3, STM32MP213AAM3, STM32MP213AAN3, STM32MP213AAO3, STM32MP213CAL3, STM32MP213CAM3, STM32MP213CAN3, STM32MP213CAO3, STM32MP213DAL3, STM32MP213DAM3, STM32MP213DAN3, STM32MP213DAO3, STM32MP213FAL3, STM32MP213FAM3, STM32MP213FAN3, STM32MP213FAO3, STM32MP215AAL3, STM32MP215AAM3, STM32MP215AAN3, STM32MP215AAO3, STM32MP215CAL3, STM32MP215CAM3, STM32MP215CAN3, STM32MP215CAO3, STM32MP215DAL3, STM32MP215DAM3, STM32MP215DAN3, STM32MP215DAO3, STM32MP215F-DK, STM32MP215FAL3, STM32MP215FAM3, STM32MP215FAN3, STM32MP215FAO3, STM32MP231AAJ3, STM32MP231AAK3, STM32MP231AAL3, STM32MP231CAJ3, STM32MP231CAK3, STM32MP231CAL3, STM32MP231DAJ3, STM32MP231DAK3, STM32MP231DAL3, STM32MP231FAJ3, STM32MP231FAK3, STM32MP231FAL3, STM32MP233AAJ3, STM32MP233AAK3, STM32MP233AAL3, STM32MP233CAJ3, STM32MP233CAK3, STM32MP233CAL3, STM32MP233DAJ3, STM32MP233DAK3, STM32MP233DAL3, STM32MP233FAJ3, STM32MP233FAK3, STM32MP233FAL3, STM32MP235AAJ3, STM32MP235AAK3, STM32MP235AAL3, STM32MP235CAJ3, STM32MP235CAK3, STM32MP235CAL3, STM32MP235DAJ3, STM32MP235DAK3, STM32MP235DAL3, STM32MP235FAJ3, STM32MP235FAK3, STM32MP235FAL3, STM32MP251AAI3, STM32MP251AAK3, STM32MP251AAL3, STM32MP251CAI3, STM32MP251CAK3, STM32MP251CAL3, STM32MP251DAI3, STM32MP251DAK3, STM32MP251DAL3, STM32MP251FAI3, STM32MP251FAK3, STM32MP251FAL3, STM32MP253AAI3, STM32MP253AAK3, STM32MP253AAL3, STM32MP253CAI3, STM32MP253CAK3, STM32MP253CAL3, STM32MP253DAI3, STM32MP253DAK3, STM32MP253DAL3, STM32MP253FAI3, STM32MP253FAK3, STM32MP253FAL3, STM32MP255AAI3, STM32MP255AAK3, STM32MP255AAL3, STM32MP255CAI3, STM32MP255CAK3, STM32MP255CAL3, STM32MP255DAI3, STM32MP255DAK3, STM32MP255DAL3, STM32MP255FAI3, STM32MP255FAK3, STM32MP255FAL3, STM32MP257AAI3, STM32MP257AAK3, STM32MP257AAL3, STM32MP257CAI3, STM32MP257CAK3, STM32MP257CAL3, STM32MP257DAI3, STM32MP257DAK3, STM32MP257DAL3, STM32MP257F-DK, STM32MP257F-EV1, STM32MP257FAI3, STM32MP257FAK3, STM32MP257FAL3, STM32N645A0H3Q, STM32N645B0H3Q, STM32N645I0H3Q, STM32N645L0H3Q, STM32N645X0H3Q, STM32N645Z0H3Q, STM32N647A0H3Q, STM32N647B0H3Q, STM32N647I0H3Q, STM32N647L0H3Q, STM32N647X0H3Q, STM32N647Z0H3Q, STM32N655A0H3Q, STM32N655B0H3Q, STM32N655I0H3Q, STM32N655L0H3Q, STM32N655X0H3Q, STM32N655Z0H3Q, STM32N6570-DK, STM32N657A0H3Q, STM32N657B0H3Q, STM32N657I0H3Q, STM32N657L0H3Q, STM32N657X0H3Q, STM32N657Z0H3Q, STM32U031C6T6, STM32U031C6U6, STM32U031C8T6, STM32U031C8U6, STM32U031F4P6, STM32U031F6P6, STM32U031F8P6, STM32U031G6Y6TR, STM32U031G8Y6TR, STM32U031K4U6, STM32U031K6U6, STM32U031K8U6, STM32U031R6I6, STM32U031R6T6, STM32U031R8I6, STM32U031R8T6, STM32U073C8T6, STM32U073C8U6, STM32U073CBT6, STM32U073CBU6, STM32U073CCT6, STM32U073CCU6, STM32U073H8Y6TR, STM32U073HBY6TR, STM32U073HCY6TR, STM32U073K8U6, STM32U073KBU6, STM32U073KCU6, STM32U073M8I6, STM32U073M8T6, STM32U073MBI6, STM32U073MBT6, STM32U073MCI6, STM32U073MCT6, STM32U073R8I6, STM32U073R8T6, STM32U073RBI6, STM32U073RBT6, STM32U073RCI6, STM32U073RCT6, STM32U083C-DK, STM32U083CCT6, STM32U083CCU6, STM32U083HCY6TR, STM32U083KCU6, STM32U083MCI6, STM32U083MCT6, STM32U083RCI6, STM32U083RCT6, STM32U375CET6, STM32U375CET6Q, STM32U375CEU6, STM32U375CEU6Q, STM32U375CEY6QTR, STM32U375CGT6, STM32U375CGT6Q, STM32U375CGU6, STM32U375CGU6Q, STM32U375CGY6QTR, STM32U375KEU6, STM32U375KGU6, STM32U375REI6, STM32U375REI6Q, STM32U375RET6, STM32U375RET6Q, STM32U375REY6GTR, STM32U375REY6QTR, STM32U375RGI6, STM32U375RGI6Q, STM32U375RGT6, STM32U375RGT6Q, STM32U375RGY6GTR, STM32U375RGY6QTR, STM32U375VEI6, STM32U375VEI6Q, STM32U375VET6, STM32U375VET6Q, STM32U375VGI6, STM32U375VGI6Q, STM32U375VGT6, STM32U375VGT6Q, STM32U385CGT6, STM32U385CGT6Q, STM32U385CGU6, STM32U385CGU6Q, STM32U385CGY6QTR, STM32U385KGU6, STM32U385RGI6, STM32U385RGI6Q, STM32U385RGT6, STM32U385RGT6Q, STM32U385RGY6GTR, STM32U385RGY6QTR, STM32U385VGI6, STM32U385VGI6Q, STM32U385VGT6, STM32U385VGT6Q, STM32U535CBT6, STM32U535CBT6Q, STM32U535CBU6, STM32U535CBU6Q, STM32U535CCT6, STM32U535CCT6Q, STM32U535CCU6, STM32U535CCU6Q, STM32U535CET6, STM32U535CET6Q, STM32U535CEU6, STM32U535CEU6Q, STM32U535JEY6QTR, STM32U535NCY6QTR, STM32U535NEY6QTR, STM32U535RBI6, STM32U535RBI6Q, STM32U535RBT6, STM32U535RBT6Q, STM32U535RCI6, STM32U535RCI6Q, STM32U535RCT6, STM32U535RCT6Q, STM32U535REI6, STM32U535REI6Q, STM32U535RET6, STM32U535RET6Q, STM32U535VCI6, STM32U535VCI6Q, STM32U535VCT6, STM32U535VCT6Q, STM32U535VEI6, STM32U535VEI6Q, STM32U535VET6, STM32U535VET6Q, STM32U545CET6, STM32U545CET6Q, STM32U545CEU6, STM32U545CEU6Q, STM32U545JEY6QTR, STM32U545NEY6QTR, STM32U545REI6, STM32U545REI6Q, STM32U545RET6, STM32U545RET6Q, STM32U545VEI6, STM32U545VEI6Q, STM32U545VET6, STM32U545VET6Q, STM32U595AIH6, STM32U595AIH6Q, STM32U595AJH6, STM32U595AJH6Q, STM32U595QII6, STM32U595QII6Q, STM32U595QJI6, STM32U595QJI6Q, STM32U595RIT6, STM32U595RIT6Q, STM32U595RJT6, STM32U595RJT6Q, STM32U595VIT6, STM32U595VIT6Q, STM32U595VJT6, STM32U595VJT6Q, STM32U595ZIT6, STM32U595ZIT6Q, STM32U595ZIY6QTR, STM32U595ZJT6, STM32U595ZJT6Q, STM32U595ZJY6QTR, STM32U599BJY6QTR, STM32U599NIH6Q, STM32U599NJH6Q, STM32U599VIT6Q, STM32U599VJT6, STM32U599VJT6Q, STM32U599ZIT6Q, STM32U599ZIY6QTR, STM32U599ZJT6Q, STM32U599ZJY6QTR, STM32U5A5AJH6, STM32U5A5AJH6Q, STM32U5A5QII3Q , STM32U5A5QJI6, STM32U5A5QJI6Q, STM32U5A5RJT6, STM32U5A5RJT6Q, STM32U5A5VJT6, STM32U5A5VJT6Q, STM32U5A5ZJT6, STM32U5A5ZJT6Q, STM32U5A5ZJY6QTR, STM32U5A9BJY6QTR, STM32U5A9J-DK, STM32U5A9NJH6Q, STM32U5A9VJT6Q, STM32U5A9ZJT6Q, STM32U5A9ZJY6QTR, STM32U5F7VIT6, STM32U5F7VIT6Q, STM32U5F7VJT6, STM32U5F7VJT6Q, STM32U5F9BJY6QTR, STM32U5F9NJH6Q, STM32U5F9VIT6Q, STM32U5F9VJT6Q, STM32U5F9ZIJ6QTR, STM32U5F9ZIT6Q, STM32U5F9ZJJ6QTR, STM32U5F9ZJT6Q, STM32U5G7VJT6, STM32U5G7VJT6Q, STM32U5G9BJY6QTR, STM32U5G9J-DK1, STM32U5G9J-DK2, STM32U5G9NJH6Q, STM32U5G9VJT6Q, STM32U5G9ZJJ6QTR, STM32U5G9ZJT6Q, STM32WB05KZV6TR, STM32WB05KZV7TR, STM32WB05TZF6TR, STM32WB05TZF7TR, STM32WB06CCF6TR, STM32WB06CCF7TR, STM32WB06CCV6TR, STM32WB06CCV7TR, STM32WB06KCV6TR, STM32WB06KCV7TR, STM32WB07CCF6TR, STM32WB07CCF7TR, STM32WB07CCV6TR, STM32WB07CCV7TR, STM32WB07KCV6TR, STM32WB07KCV7TR, STM32WB09KEV6TR, STM32WB09KEV7TR, STM32WB09TEF6TR, STM32WB09TEF7TR, STM32WB1MMCH6, STM32WBA50KGU6, STM32WBA50KGU6TR, STM32WBA52CEU6, STM32WBA52CEU6TR, STM32WBA52CEU7, STM32WBA52CEU7TR, STM32WBA52CGU6, STM32WBA52CGU6TR, STM32WBA52CGU6U, STM32WBA52CGU7, STM32WBA52CGU7TR, STM32WBA52KEU6, STM32WBA52KEU6TR, STM32WBA52KGU6, STM32WBA52KGU6TR, STM32WBA54CEU6, STM32WBA54CEU6TR, STM32WBA54CEU7, STM32WBA54CEU7TR, STM32WBA54CGU6, STM32WBA54CGU6TR, STM32WBA54CGU7, STM32WBA54CGU7TR, STM32WBA54KEU6, STM32WBA54KEU6TR, STM32WBA54KEU7, STM32WBA54KEU7TR, STM32WBA54KGU6, STM32WBA54KGU6TR, STM32WBA54KGU7, STM32WBA54KGU7TR, STM32WBA55CEU6, STM32WBA55CEU6TR, STM32WBA55CEU7, STM32WBA55CEU7TR, STM32WBA55CGU6, STM32WBA55CGU6TR, STM32WBA55CGU6U, STM32WBA55CGU7, STM32WBA55CGU7TR, STM32WBA55G-DK1, STM32WBA55HEF6, STM32WBA55HEF7, STM32WBA55HGF6, STM32WBA55HGF7, STM32WBA55UEI6, STM32WBA55UEI6TR, STM32WBA55UEI7, STM32WBA55UEI7TR, STM32WBA55UGI6, STM32WBA55UGI6TR, STM32WBA55UGI7, STM32WBA55UGI7TR, STM32WBA5MMGH6TR, STM32WBA62MGF6, STM32WBA62MIF6, STM32WBA65MGF7, STM32WBA65MIF6, STM32WBA65MIF7, STM32WL30K8V6, STM32WL30KBV6, STM32WL31C8V6, STM32WL31CBV6, STM32WL31K8V6, STM32WL31KBV6, STM32WL33C8V6, STM32WL33C8V6X, STM32WL33CBV6, STM32WL33CBV6X, STM32WL33CCV6, STM32WL33CCV6A, STM32WL33CCV6X, STM32WL33K8V7, STM32WL33K8V7X, STM32WL33KBV7 , STM32WL33KBV7X, STM32WL33KCV7, STM32WL33KCV7X, STM32WL5MOCH6, STM32WL5MOCH6TR]
2025-07-22 16:14:04,185 [INFO] DbMcus:218 - Found 4801 MCUs, 4801 are supported
2025-07-22 16:14:04,185 [INFO] ApiDb:423 - Load user favorites file C:\Users\aliya/.stm32cubeide/favorites.mcus.txt: 0 item(s)
2025-07-22 16:14:04,186 [INFO] ApiDb:427 - User favorites MCUs=[]
2025-07-22 16:14:04,186 [INFO] DbMcus:224 - Set 0 / 0 favorites MCUs
2025-07-22 16:14:05,323 [INFO] ApiDb:423 - Load user favorites file C:\Users\aliya/.stm32cubeide/favorites.boards.txt: 1 item(s)
2025-07-22 16:14:05,323 [INFO] ApiDb:427 - User favorites Boards=[NUCLEO-F446RE]
2025-07-22 16:14:05,323 [INFO] DbBoards:198 - Set 1 / 1 favorites Boards
2025-07-22 16:14:05,367 [INFO] UtilMem:75 - End LoadConfig() Used Memory: 792723456 Bytes (1048576000)
2025-07-22 16:14:05,534 [WARN] ThirdParty:833 - waiting for thirdparty lock release [change project]
2025-07-22 16:14:05,534 [INFO] ThirdParty:835 - entering critical section [change project]
2025-07-22 16:14:05,534 [INFO] ThirdParty:1030 - CMSIS Pack Vendor :STMicroelectronics X-CUBE-PM33A1 1.0.0
2025-07-22 16:14:05,534 [INFO] ThirdParty:1030 - CMSIS Pack Vendor :STMicroelectronics USBPD 4.1
2025-07-22 16:14:05,535 [INFO] ThirdParty:1030 - CMSIS Pack Vendor :STMicroelectronics X-CUBE-AZRTOS-H7 3.3.0
2025-07-22 16:14:05,535 [INFO] ThirdParty:1030 - CMSIS Pack Vendor :STMicroelectronics X-CUBE-NFC9 1.0.0
2025-07-22 16:14:05,535 [INFO] ThirdParty:1030 - CMSIS Pack Vendor :wolfSSL I-CUBE-wolfSSL 5.8.0
2025-07-22 16:14:05,535 [INFO] ThirdParty:1030 - CMSIS Pack Vendor :STMicroelectronics USB_HOST 2.0.0
2025-07-22 16:14:05,535 [INFO] ThirdParty:1030 - CMSIS Pack Vendor :STMicroelectronics FP-SNS-MOTENVWB1 1.4.0
2025-07-22 16:14:05,535 [INFO] ThirdParty:1030 - CMSIS Pack Vendor :STMicroelectronics X-CUBE-AZRTOS-F4 1.1.0
2025-07-22 16:14:05,535 [INFO] ThirdParty:1030 - CMSIS Pack Vendor :STMicroelectronics LIBJPEG 8.0.0
2025-07-22 16:14:05,535 [INFO] ThirdParty:1030 - CMSIS Pack Vendor :STMicroelectronics FP-ATR-ASTRA1 2.0.2
2025-07-22 16:14:05,535 [INFO] ThirdParty:1030 - CMSIS Pack Vendor :STMicroelectronics X-CUBE-BLE1 7.1.0
2025-07-22 16:14:05,535 [INFO] ThirdParty:1030 - CMSIS Pack Vendor :Avnet-IotConnect X-CUBE-IoTC-DA16k-PMOD 1.0.0
2025-07-22 16:14:05,535 [INFO] ThirdParty:1030 - CMSIS Pack Vendor :STMicroelectronics X-CUBE-SMBUS 2.1.0
2025-07-22 16:14:05,535 [INFO] ThirdParty:1030 - CMSIS Pack Vendor :wolfSSL I-CUBE-wolfMQTT 1.19.2
2025-07-22 16:14:05,535 [INFO] ThirdParty:1030 - CMSIS Pack Vendor :STMicroelectronics USB_DEVICE 3.0.0
2025-07-22 16:14:05,535 [INFO] ThirdParty:1030 - CMSIS Pack Vendor :STMicroelectronics X-CUBE-ISPU 2.1.0
2025-07-22 16:14:05,535 [INFO] ThirdParty:1030 - CMSIS Pack Vendor :STMicroelectronics X-CUBE-EEPRMA1 5.2.0
2025-07-22 16:14:05,535 [INFO] ThirdParty:1030 - CMSIS Pack Vendor :STMicroelectronics X-CUBE-BLEMGR 4.1.0
2025-07-22 16:14:05,535 [INFO] ThirdParty:1030 - CMSIS Pack Vendor :STMicroelectronics X-CUBE-AZRTOS-WB 2.0.0
2025-07-22 16:14:05,535 [INFO] ThirdParty:1030 - CMSIS Pack Vendor :STMicroelectronics X-CUBE-ST60 1.0.0
2025-07-22 16:14:05,535 [INFO] ThirdParty:1030 - CMSIS Pack Vendor :STMicroelectronics X-CUBE-GNSS1 7.0.1
2025-07-22 16:14:05,535 [INFO] ThirdParty:1030 - CMSIS Pack Vendor :STMicroelectronics X-CUBE-NFC12 1.0.0
2025-07-22 16:14:05,535 [INFO] ThirdParty:1030 - CMSIS Pack Vendor :STMicroelectronics X-CUBE-AZRTOS-F7 1.1.0
2025-07-22 16:14:05,535 [INFO] ThirdParty:1030 - CMSIS Pack Vendor :STMicroelectronics X-CUBE-AZRTOS-L5 2.0.0
2025-07-22 16:14:05,536 [INFO] ThirdParty:1030 - CMSIS Pack Vendor :STMicroelectronics X-CUBE-TOUCHGFX 4.25.0
2025-07-22 16:14:05,536 [INFO] ThirdParty:1030 - CMSIS Pack Vendor :STMicroelectronics USB_DEVICE 2.0.0
2025-07-22 16:14:05,536 [INFO] ThirdParty:1030 - CMSIS Pack Vendor :STMicroelectronics X-CUBE-NFC6 3.1.0
2025-07-22 16:14:05,536 [INFO] ThirdParty:1030 - CMSIS Pack Vendor :STMicroelectronics X-CUBE-AI 10.1.0
2025-07-22 16:14:05,536 [INFO] ThirdParty:1030 - CMSIS Pack Vendor :STMicroelectronics FP-SNS-STBOX1 2.0.0
2025-07-22 16:14:05,536 [INFO] ThirdParty:1030 - CMSIS Pack Vendor :STMicroelectronics FreeRTOS 0.0.1
2025-07-22 16:14:05,536 [INFO] ThirdParty:1030 - CMSIS Pack Vendor :STMicroelectronics X-CUBE-AZRTOS-G0 1.1.0
2025-07-22 16:14:05,536 [INFO] ThirdParty:1030 - CMSIS Pack Vendor :STMicroelectronics X-CUBE-SAFEA1 1.2.2
2025-07-22 16:14:05,536 [INFO] ThirdParty:1030 - CMSIS Pack Vendor :STMicroelectronics X-CUBE-NFC4 3.0.0
2025-07-22 16:14:05,536 [INFO] ThirdParty:1030 - CMSIS Pack Vendor :STMicroelectronics X-CUBE-SUBG2 5.0.0
2025-07-22 16:14:05,536 [INFO] ThirdParty:1030 - CMSIS Pack Vendor :STMicroelectronics X-CUBE-AZRTOS-H7RS 1.1.0
2025-07-22 16:14:05,536 [INFO] ThirdParty:1030 - CMSIS Pack Vendor :STMicroelectronics STM32_WPAN 1.0.0
2025-07-22 16:14:05,536 [INFO] ThirdParty:1030 - CMSIS Pack Vendor :EmbeddedOffice I-CUBE-FS-RTOS 1.0.1
2025-07-22 16:14:05,536 [INFO] ThirdParty:1030 - CMSIS Pack Vendor :STMicroelectronics lwIP 2.0.3
2025-07-22 16:14:05,536 [INFO] ThirdParty:1030 - CMSIS Pack Vendor :Cesanta I-CUBE-Mongoose 7.13.0
2025-07-22 16:14:05,536 [INFO] ThirdParty:1030 - CMSIS Pack Vendor :STMicroelectronics USB_HOST 1.0.0
2025-07-22 16:14:05,536 [INFO] ThirdParty:1030 - CMSIS Pack Vendor :Infineon AIROC-Wi-Fi-Bluetooth-STM32 1.7.0
2025-07-22 16:14:05,536 [INFO] ThirdParty:1030 - CMSIS Pack Vendor :STMicroelectronics X-CUBE-AZRTOS-G4 2.0.0
2025-07-22 16:14:05,536 [INFO] ThirdParty:1030 - CMSIS Pack Vendor :STMicroelectronics X-CUBE-WB05N 2.0.0
2025-07-22 16:14:05,536 [INFO] ThirdParty:1030 - CMSIS Pack Vendor :STMicroelectronics PDM2PCM 3.1.0
2025-07-22 16:14:05,536 [INFO] ThirdParty:1030 - CMSIS Pack Vendor :STMicroelectronics PDM2PCM 3.3.0
2025-07-22 16:14:05,536 [INFO] ThirdParty:1030 - CMSIS Pack Vendor :wolfSSL I-CUBE-wolfTPM 3.8.0
2025-07-22 16:14:05,536 [INFO] ThirdParty:1030 - CMSIS Pack Vendor :STMicroelectronics X-CUBE-AZRTOS-H7 3.4.0
2025-07-22 16:14:05,536 [INFO] ThirdParty:1030 - CMSIS Pack Vendor :STMicroelectronics X-CUBE-DISPLAY 3.0.0
2025-07-22 16:14:05,537 [INFO] ThirdParty:1030 - CMSIS Pack Vendor :wolfSSL I-CUBE-wolfSSH 1.4.20
2025-07-22 16:14:05,537 [INFO] ThirdParty:1030 - CMSIS Pack Vendor :STMicroelectronics X-CUBE-NFC7 2.0.0
2025-07-22 16:14:05,537 [INFO] ThirdParty:1030 - CMSIS Pack Vendor :STMicroelectronics X-CUBE-TCPP 4.2.0
2025-07-22 16:14:05,537 [INFO] ThirdParty:1030 - CMSIS Pack Vendor :RealThread X-CUBE-RT-Thread_Nano 4.1.1
2025-07-22 16:14:05,537 [INFO] ThirdParty:1030 - CMSIS Pack Vendor :STMicroelectronics FP-ATR-SIGFOX1 3.2.0
2025-07-22 16:14:05,537 [INFO] ThirdParty:1030 - CMSIS Pack Vendor :STMicroelectronics X-CUBE-NFC10 1.0.0
2025-07-22 16:14:05,537 [INFO] ThirdParty:1030 - CMSIS Pack Vendor :STMicroelectronics X-CUBE-BLEMGR 4.0.0
2025-07-22 16:14:05,537 [INFO] ThirdParty:1030 - CMSIS Pack Vendor :STMicroelectronics X-CUBE-EEPRMA1 5.1.0
2025-07-22 16:14:05,537 [INFO] ThirdParty:1030 - CMSIS Pack Vendor :STMicroelectronics X-CUBE-FREERTOS 1.3.1
2025-07-22 16:14:05,537 [INFO] ThirdParty:1030 - CMSIS Pack Vendor :STMicroelectronics HAL Drivers 0.0.0
2025-07-22 16:14:05,537 [INFO] ThirdParty:1030 - CMSIS Pack Vendor :STMicroelectronics MBEDTLS 2.16.2
2025-07-22 16:14:05,537 [INFO] ThirdParty:1030 - CMSIS Pack Vendor :STMicroelectronics X-CUBE-IPS 3.1.0
2025-07-22 16:14:05,537 [INFO] ThirdParty:1030 - CMSIS Pack Vendor :STMicroelectronics X-CUBE-ALS 1.0.2
2025-07-22 16:14:05,537 [INFO] ThirdParty:1030 - CMSIS Pack Vendor :emotas I-CUBE-CANOPEN 1.3.0
2025-07-22 16:14:05,537 [INFO] ThirdParty:1030 - CMSIS Pack Vendor :STMicroelectronics MBEDTLS 2.14.1
2025-07-22 16:14:05,537 [INFO] ThirdParty:1030 - CMSIS Pack Vendor :ITTIA_DB I-CUBE-ITTIADB 8.9.0
2025-07-22 16:14:05,537 [INFO] ThirdParty:1030 - CMSIS Pack Vendor :portGmbH I-Cube-SoM-uGOAL 1.1.0
2025-07-22 16:14:05,537 [INFO] ThirdParty:1030 - CMSIS Pack Vendor :quantropi X-CUBE-qispace-sdk-base 2.0.0
2025-07-22 16:14:05,537 [INFO] ThirdParty:1030 - CMSIS Pack Vendor :STMicroelectronics X-CUBE-ST67W61 1.0.0
2025-07-22 16:14:05,537 [INFO] ThirdParty:1030 - CMSIS Pack Vendor :STMicroelectronics FP-SNS-STAIOTCFT 1.0.0
2025-07-22 16:14:05,537 [INFO] ThirdParty:1030 - CMSIS Pack Vendor :STMicroelectronics ThreadX 1.0.0
2025-07-22 16:14:05,537 [INFO] ThirdParty:1030 - CMSIS Pack Vendor :STMicroelectronics FP-SNS-SMARTAG2 1.2.0
2025-07-22 16:14:05,537 [INFO] ThirdParty:1030 - CMSIS Pack Vendor :STMicroelectronics FP-SNS-FLIGHT1 5.1.0
2025-07-22 16:14:05,537 [INFO] ThirdParty:1030 - CMSIS Pack Vendor :STMicroelectronics X-CUBE-AZRTOS-WL 2.0.0
2025-07-22 16:14:05,537 [INFO] ThirdParty:1030 - CMSIS Pack Vendor :SEGGER I-CUBE-embOS 1.3.1
2025-07-22 16:14:05,537 [INFO] ThirdParty:1030 - CMSIS Pack Vendor :STMicroelectronics X-CUBE-ALGOBUILD 1.4.0
2025-07-22 16:14:05,538 [INFO] ThirdParty:1030 - CMSIS Pack Vendor :STMicroelectronics X-CUBE-DPower 1.3.0
2025-07-22 16:14:05,538 [INFO] ThirdParty:1030 - CMSIS Pack Vendor :STMicroelectronics X-CUBE-MEMS1 11.3.0
2025-07-22 16:14:05,538 [INFO] ThirdParty:1030 - CMSIS Pack Vendor :STMicroelectronics FP-SNS-MOTENV1 5.0.0
2025-07-22 16:14:05,538 [INFO] ThirdParty:1030 - CMSIS Pack Vendor :STMicroelectronics USB_DEVICE 1.0.0
2025-07-22 16:14:05,538 [INFO] ThirdParty:1030 - CMSIS Pack Vendor :STMicroelectronics X-CUBE-AZRTOS-L4 2.0.0
2025-07-22 16:14:05,538 [INFO] ThirdParty:1030 - CMSIS Pack Vendor :STMicroelectronics ThreadX 0.0.2
2025-07-22 16:14:05,538 [INFO] ThirdParty:1030 - CMSIS Pack Vendor :WES I-CUBE-Cesium 1.3.0
2025-07-22 16:14:05,538 [INFO] ThirdParty:1030 - CMSIS Pack Vendor :STMicroelectronics lwIP 2.1.2
2025-07-22 16:14:05,538 [INFO] ThirdParty:1030 - CMSIS Pack Vendor :STMicroelectronics X-CUBE-SFXS2LP1 4.0.0
2025-07-22 16:14:05,538 [INFO] ThirdParty:1030 - CMSIS Pack Vendor :STMicroelectronics X-CUBE-BLE2 3.3.0
2025-07-22 16:14:05,538 [INFO] ThirdParty:1030 - CMSIS Pack Vendor :STMicroelectronics X-CUBE-TOF1 3.4.3
2025-07-22 16:14:05,538 [INFO] ThirdParty:1030 - CMSIS Pack Vendor :STMicroelectronics PDM2PCM 3.2.0
2025-07-22 16:14:05,538 [INFO] ThirdParty:841 - exiting critical section [change project]
2025-07-22 16:14:06,199 [INFO] PinOutPanel:1589 - setPackage(No Configuration,No Configuration)
2025-07-22 16:14:06,201 [INFO] PinOutPanel:1589 - setPackage(STM32F446RETx,LQFP64)
2025-07-22 16:14:08,463 [INFO] UtilMem:75 - Before build in PCC Used Memory: 679634496 Bytes (1048576000)
2025-07-22 16:14:10,941 [INFO] UtilMem:75 - After build in PCC Used Memory: 772311240 Bytes (1073741824)
2025-07-22 16:14:11,057 [INFO] ApiDbMcu:532 - Load IP Config File for FREERTOS
2025-07-22 16:14:11,143 [INFO] IPUIPlugin:80 - create IPUIPlugin
2025-07-22 16:14:11,143 [INFO] IPUIPlugin:80 - create IPUIPlugin
2025-07-22 16:14:11,144 [INFO] IPUIPlugin:80 - create IPUIPlugin
2025-07-22 16:14:11,144 [INFO] IPUIPlugin:80 - create IPUIPlugin
2025-07-22 16:14:11,144 [INFO] IPUIPlugin:80 - create IPUIPlugin
2025-07-22 16:14:11,145 [INFO] IPUIPlugin:80 - create IPUIPlugin
2025-07-22 16:14:11,147 [INFO] IPUIPlugin:80 - create IPUIPlugin
2025-07-22 16:14:11,147 [INFO] IPUIPlugin:80 - create IPUIPlugin
2025-07-22 16:14:11,147 [INFO] IPUIPlugin:80 - create IPUIPlugin
2025-07-22 16:14:11,147 [INFO] IPUIPlugin:80 - create IPUIPlugin
2025-07-22 16:14:11,147 [INFO] IPUIPlugin:80 - create IPUIPlugin
2025-07-22 16:14:11,148 [INFO] IPUIPlugin:80 - create IPUIPlugin
2025-07-22 16:14:11,150 [INFO] IPUIPlugin:80 - create IPUIPlugin
2025-07-22 16:14:11,150 [INFO] IPUIPlugin:80 - create IPUIPlugin
2025-07-22 16:14:11,152 [INFO] IPUIPlugin:80 - create IPUIPlugin
2025-07-22 16:14:11,152 [INFO] IPUIPlugin:80 - create IPUIPlugin
2025-07-22 16:14:11,153 [INFO] IPUIPlugin:80 - create IPUIPlugin
2025-07-22 16:14:11,153 [INFO] IPUIPlugin:80 - create IPUIPlugin
2025-07-22 16:14:11,153 [INFO] IPUIPlugin:80 - create IPUIPlugin
2025-07-22 16:14:11,154 [INFO] IPUIPlugin:80 - create IPUIPlugin
2025-07-22 16:14:11,156 [INFO] IPUIPlugin:80 - create IPUIPlugin
2025-07-22 16:14:11,157 [INFO] IPUIPlugin:80 - create IPUIPlugin
2025-07-22 16:14:11,158 [INFO] IPUIPlugin:80 - create IPUIPlugin
2025-07-22 16:14:11,158 [INFO] IPUIPlugin:80 - create IPUIPlugin
2025-07-22 16:14:11,160 [INFO] IPUIPlugin:80 - create IPUIPlugin
2025-07-22 16:14:11,160 [INFO] IPUIPlugin:80 - create IPUIPlugin
2025-07-22 16:14:11,161 [INFO] IPUIPlugin:80 - create IPUIPlugin
2025-07-22 16:14:11,162 [INFO] IPUIPlugin:80 - create IPUIPlugin
2025-07-22 16:14:11,163 [INFO] IPUIPlugin:80 - create IPUIPlugin
2025-07-22 16:14:11,164 [INFO] IPUIPlugin:80 - create IPUIPlugin
2025-07-22 16:14:11,166 [INFO] IPUIPlugin:80 - create IPUIPlugin
2025-07-22 16:14:11,166 [INFO] IPUIPlugin:80 - create IPUIPlugin
2025-07-22 16:14:11,167 [INFO] IPUIPlugin:80 - create IPUIPlugin
2025-07-22 16:14:11,168 [INFO] IPUIPlugin:80 - create IPUIPlugin
2025-07-22 16:14:11,169 [INFO] IPUIPlugin:80 - create IPUIPlugin
2025-07-22 16:14:11,170 [INFO] IPUIPlugin:80 - create IPUIPlugin
2025-07-22 16:14:11,170 [INFO] IPUIPlugin:80 - create IPUIPlugin
2025-07-22 16:14:11,171 [INFO] IPUIPlugin:80 - create IPUIPlugin
2025-07-22 16:14:11,171 [INFO] IPUIPlugin:80 - create IPUIPlugin
2025-07-22 16:14:11,171 [INFO] IPUIPlugin:80 - create IPUIPlugin
2025-07-22 16:14:11,171 [INFO] IPUIPlugin:80 - create IPUIPlugin
2025-07-22 16:14:11,171 [INFO] IPUIPlugin:80 - create IPUIPlugin
2025-07-22 16:14:11,171 [INFO] IPUIPlugin:80 - create IPUIPlugin
2025-07-22 16:14:11,172 [INFO] IPUIPlugin:80 - create IPUIPlugin
2025-07-22 16:14:11,172 [INFO] IPUIPlugin:80 - create IPUIPlugin
2025-07-22 16:14:11,172 [INFO] IPUIPlugin:80 - create IPUIPlugin
2025-07-22 16:14:11,172 [INFO] IPUIPlugin:80 - create IPUIPlugin
2025-07-22 16:14:11,172 [INFO] IPUIPlugin:80 - create IPUIPlugin
2025-07-22 16:14:11,173 [INFO] IPUIPlugin:80 - create IPUIPlugin
2025-07-22 16:14:11,173 [INFO] IPUIPlugin:80 - create IPUIPlugin
2025-07-22 16:14:11,173 [INFO] IPUIPlugin:80 - create IPUIPlugin
2025-07-22 16:14:11,173 [INFO] IPUIPlugin:80 - create IPUIPlugin
2025-07-22 16:14:11,174 [INFO] IPUIPlugin:80 - create IPUIPlugin
2025-07-22 16:14:11,174 [INFO] IPUIPlugin:80 - create IPUIPlugin
2025-07-22 16:14:11,174 [INFO] IPUIPlugin:80 - create IPUIPlugin
2025-07-22 16:14:11,174 [INFO] IPUIPlugin:80 - create IPUIPlugin
2025-07-22 16:14:11,175 [INFO] IPUIPlugin:80 - create IPUIPlugin
2025-07-22 16:14:11,175 [INFO] IPUIPlugin:80 - create IPUIPlugin
2025-07-22 16:14:11,175 [INFO] IPUIPlugin:80 - create IPUIPlugin
2025-07-22 16:14:11,175 [INFO] IPUIPlugin:80 - create IPUIPlugin
2025-07-22 16:14:11,186 [INFO] ApiDbMcu:532 - Load IP Config File for PDM2PCM
2025-07-22 16:14:11,192 [WARN] IP:2250 - I2C_Coeff_DF not found: check if there is a RefParameter without a condition.
2025-07-22 16:14:11,192 [WARN] IP:2250 - Analog_Filter not found: check if there is a RefParameter without a condition.
2025-07-22 16:14:11,247 [WARN] FreeRTOS:1023 - Null or empty value: should not occur! (nothing added to the table)
2025-07-22 16:14:11,587 [INFO] CADModel:165 - CPN selected for project levelSTM32F446RET6
2025-07-22 16:14:11,587 [INFO] CADModel:114 - Register for checkConnection events
2025-07-22 16:14:11,589 [INFO] RtosManager:728 - Active RTOS found at IOC load: FREERTOS [Cortex-M4NS]
2025-07-22 16:14:11,640 [INFO] OpenFileManager:386 - Restore cursor
2025-07-22 16:14:11,887 [WARN] IP:2250 - I2C_Coeff_DF not found: check if there is a RefParameter without a condition.
2025-07-22 16:14:11,888 [WARN] IP:2250 - Analog_Filter not found: check if there is a RefParameter without a condition.
2025-07-22 16:14:11,888 [WARN] IP:2250 - I2C_Coeff_DF not found: check if there is a RefParameter without a condition.
2025-07-22 16:14:11,888 [WARN] IP:2250 - Analog_Filter not found: check if there is a RefParameter without a condition.
2025-07-22 16:51:09,609 [ERROR] RtosPanel:558 - Can not restore the selected Tab for FREERTOS(A reason can be that the tab is no more available.)
2025-07-22 16:51:20,705 [INFO] TasksAndQueuesTab:757 - Dynamic
2025-07-22 16:51:20,705 [WARN] TasksAndQueuesTab:763 - 128 128
2025-07-22 16:51:20,706 [WARN] TasksAndQueuesTab:775 - max value is: 3840.0
2025-07-22 16:51:20,706 [INFO] TasksAndQueuesTab:757 - Dynamic
2025-07-22 16:51:20,706 [WARN] TasksAndQueuesTab:763 - 128 128
2025-07-22 16:51:20,706 [WARN] TasksAndQueuesTab:775 - max value is: 3840.0
2025-07-22 16:51:27,287 [INFO] EditThreadDialog:704 - RAM SIZE (in KB): 128
2025-07-22 16:51:27,288 [INFO] EditThreadDialog:706 - RAM SIZE (in words): 32768
2025-07-22 16:51:33,452 [INFO] TasksAndQueuesTab:757 - Dynamic
2025-07-22 16:51:33,452 [WARN] TasksAndQueuesTab:763 - 128 128
2025-07-22 16:51:33,452 [WARN] TasksAndQueuesTab:775 - max value is: 3840.0
2025-07-22 16:51:33,452 [INFO] TasksAndQueuesTab:757 - Dynamic
2025-07-22 16:51:33,452 [WARN] TasksAndQueuesTab:763 - 256 128
2025-07-22 16:51:33,453 [WARN] TasksAndQueuesTab:775 - max value is: 3840.0
2025-07-22 16:51:34,635 [INFO] EditThreadDialog:704 - RAM SIZE (in KB): 128
2025-07-22 16:51:34,635 [INFO] EditThreadDialog:706 - RAM SIZE (in words): 32768
2025-07-22 16:51:38,175 [INFO] TasksAndQueuesTab:757 - Dynamic
2025-07-22 16:51:38,175 [WARN] TasksAndQueuesTab:763 - 256 128
2025-07-22 16:51:38,175 [WARN] TasksAndQueuesTab:775 - max value is: 3840.0
2025-07-22 16:51:38,176 [INFO] TasksAndQueuesTab:757 - Dynamic
2025-07-22 16:51:38,176 [WARN] TasksAndQueuesTab:763 - 256 128
2025-07-22 16:51:38,176 [WARN] TasksAndQueuesTab:775 - max value is: 3840.0
2025-07-22 16:53:07,094 [INFO] UtilMem:75 - End SaveConfig() Used Memory: 377345512 Bytes (817889280)
2025-07-22 16:53:08,139 [INFO] UtilMem:75 - End SaveConfig() Used Memory: 403037672 Bytes (817889280)
2025-07-22 16:53:08,851 [INFO] UtilMem:75 - End SaveConfig() Used Memory: 446029288 Bytes (817889280)
2025-07-22 16:53:11,038 [INFO] BlockDiagram:2775 - set Specific Code input for plugin: FREERTOS
2025-07-22 16:53:11,038 [INFO] BlockDiagram:2775 - set Specific Code input for plugin: SYS
2025-07-22 16:53:11,038 [INFO] BlockDiagram:2775 - set Specific Code input for plugin: RCC
2025-07-22 16:53:11,038 [INFO] BlockDiagram:2775 - set Specific Code input for plugin: I2C
2025-07-22 16:53:11,038 [INFO] BlockDiagram:2775 - set Specific Code input for plugin: NVIC
2025-07-22 16:53:11,039 [INFO] BlockDiagram:2775 - set Specific Code input for plugin: USART
2025-07-22 16:53:11,039 [INFO] BlockDiagram:2775 - set Specific Code input for plugin: GPIO
2025-07-22 16:53:11,041 [INFO] CodeGenerator:892 - code generatio: config db path: C:\ST\STM32CubeIDE_1.18.1\STM32CubeIDE\plugins\com.st.stm32cube.common.mx_6.15.0.202507011659\\db\
2025-07-22 16:53:11,049 [WARN] IP:2250 - I2C_Coeff_DF not found: check if there is a RefParameter without a condition.
2025-07-22 16:53:11,049 [WARN] IP:2250 - Analog_Filter not found: check if there is a RefParameter without a condition.
2025-07-22 16:53:11,207 [INFO] CodeEngine:265 - oldGeneratedFile, C:\Users\aliya\proje\KontrolOrtakCalisma\Kontroll4\MXTmpFiles\license.tmp_save
2025-07-22 16:53:11,580 [INFO] CodeEngine:289 - Generated code: C:\Users\aliya\proje\KontrolOrtakCalisma\Kontroll4\MXTmpFiles\license.tmp
2025-07-22 16:53:11,648 [INFO] CodeEngine:265 - oldGeneratedFile, C:\Users\aliya\proje\KontrolOrtakCalisma\Kontroll4\Core\Src\gpio.c_save
2025-07-22 16:53:11,805 [INFO] CodeEngine:289 - Generated code: C:\Users\aliya\proje\KontrolOrtakCalisma\Kontroll4\Core\Src\gpio.c
2025-07-22 16:53:11,815 [INFO] CodeEngine:265 - oldGeneratedFile, C:\Users\aliya\proje\KontrolOrtakCalisma\Kontroll4\Core\Inc\gpio.h_save
2025-07-22 16:53:11,965 [INFO] CodeEngine:289 - Generated code: C:\Users\aliya\proje\KontrolOrtakCalisma\Kontroll4\Core\Inc\gpio.h
2025-07-22 16:53:12,153 [INFO] Middleware:1452 - No code input for Bsp Dependency
2025-07-22 16:53:12,163 [INFO] CodeEngine:265 - oldGeneratedFile, C:\Users\aliya\proje\KontrolOrtakCalisma\Kontroll4\MXTmpFiles\rtos_inc.tmp_save
2025-07-22 16:53:12,246 [INFO] CodeEngine:289 - Generated code: C:\Users\aliya\proje\KontrolOrtakCalisma\Kontroll4\MXTmpFiles\rtos_inc.tmp
2025-07-22 16:53:12,253 [INFO] CodeEngine:265 - oldGeneratedFile, C:\Users\aliya\proje\KontrolOrtakCalisma\Kontroll4\MXTmpFiles\rtos_kernelInit.tmp_save
2025-07-22 16:53:12,342 [INFO] CodeEngine:289 - Generated code: C:\Users\aliya\proje\KontrolOrtakCalisma\Kontroll4\MXTmpFiles\rtos_kernelInit.tmp
2025-07-22 16:53:12,349 [INFO] CodeEngine:265 - oldGeneratedFile, C:\Users\aliya\proje\KontrolOrtakCalisma\Kontroll4\MXTmpFiles\rtos_kernelStart.tmp_save
2025-07-22 16:53:12,423 [INFO] CodeEngine:289 - Generated code: C:\Users\aliya\proje\KontrolOrtakCalisma\Kontroll4\MXTmpFiles\rtos_kernelStart.tmp
2025-07-22 16:53:12,433 [INFO] CodeEngine:265 - oldGeneratedFile, C:\Users\aliya\proje\KontrolOrtakCalisma\Kontroll4\MXTmpFiles\rtos_typedefs.tmp_save
2025-07-22 16:53:12,511 [INFO] CodeEngine:289 - Generated code: C:\Users\aliya\proje\KontrolOrtakCalisma\Kontroll4\MXTmpFiles\rtos_typedefs.tmp
2025-07-22 16:53:12,518 [INFO] CodeEngine:265 - oldGeneratedFile, C:\Users\aliya\proje\KontrolOrtakCalisma\Kontroll4\MXTmpFiles\rtos_vars.tmp_save
2025-07-22 16:53:12,605 [INFO] CodeEngine:289 - Generated code: C:\Users\aliya\proje\KontrolOrtakCalisma\Kontroll4\MXTmpFiles\rtos_vars.tmp
2025-07-22 16:53:12,613 [INFO] CodeEngine:265 - oldGeneratedFile, C:\Users\aliya\proje\KontrolOrtakCalisma\Kontroll4\MXTmpFiles\rtos_pfp.tmp_save
2025-07-22 16:53:12,684 [INFO] CodeEngine:289 - Generated code: C:\Users\aliya\proje\KontrolOrtakCalisma\Kontroll4\MXTmpFiles\rtos_pfp.tmp
2025-07-22 16:53:12,689 [INFO] CodeEngine:265 - oldGeneratedFile, C:\Users\aliya\proje\KontrolOrtakCalisma\Kontroll4\MXTmpFiles\rtos_obj_creat.tmp_save
2025-07-22 16:53:12,759 [INFO] CodeEngine:289 - Generated code: C:\Users\aliya\proje\KontrolOrtakCalisma\Kontroll4\MXTmpFiles\rtos_obj_creat.tmp
2025-07-22 16:53:12,766 [INFO] CodeEngine:265 - oldGeneratedFile, C:\Users\aliya\proje\KontrolOrtakCalisma\Kontroll4\MXTmpFiles\rtos_default_thread.tmp_save
2025-07-22 16:53:12,823 [INFO] CodeEngine:289 - Generated code: C:\Users\aliya\proje\KontrolOrtakCalisma\Kontroll4\MXTmpFiles\rtos_default_thread.tmp
2025-07-22 16:53:12,829 [INFO] CodeEngine:265 - oldGeneratedFile, C:\Users\aliya\proje\KontrolOrtakCalisma\Kontroll4\MXTmpFiles\rtos_threads.tmp_save
2025-07-22 16:53:12,887 [INFO] CodeEngine:289 - Generated code: C:\Users\aliya\proje\KontrolOrtakCalisma\Kontroll4\MXTmpFiles\rtos_threads.tmp
2025-07-22 16:53:12,908 [INFO] Middleware:1452 - No code input for Bsp Dependency
2025-07-22 16:53:12,917 [INFO] CodeEngine:265 - oldGeneratedFile, C:\Users\aliya\proje\KontrolOrtakCalisma\Kontroll4\MXTmpFiles\rtos_inc.tmp_save
2025-07-22 16:53:12,975 [INFO] CodeEngine:289 - Generated code: C:\Users\aliya\proje\KontrolOrtakCalisma\Kontroll4\MXTmpFiles\rtos_inc.tmp
2025-07-22 16:53:12,983 [INFO] CodeEngine:265 - oldGeneratedFile, C:\Users\aliya\proje\KontrolOrtakCalisma\Kontroll4\MXTmpFiles\rtos_kernelInit.tmp_save
2025-07-22 16:53:13,042 [INFO] CodeEngine:289 - Generated code: C:\Users\aliya\proje\KontrolOrtakCalisma\Kontroll4\MXTmpFiles\rtos_kernelInit.tmp
2025-07-22 16:53:13,056 [INFO] CodeEngine:265 - oldGeneratedFile, C:\Users\aliya\proje\KontrolOrtakCalisma\Kontroll4\MXTmpFiles\rtos_kernelStart.tmp_save
2025-07-22 16:53:13,116 [INFO] CodeEngine:289 - Generated code: C:\Users\aliya\proje\KontrolOrtakCalisma\Kontroll4\MXTmpFiles\rtos_kernelStart.tmp
2025-07-22 16:53:13,123 [INFO] CodeEngine:265 - oldGeneratedFile, C:\Users\aliya\proje\KontrolOrtakCalisma\Kontroll4\MXTmpFiles\rtos_typedefs.tmp_save
2025-07-22 16:53:13,183 [INFO] CodeEngine:289 - Generated code: C:\Users\aliya\proje\KontrolOrtakCalisma\Kontroll4\MXTmpFiles\rtos_typedefs.tmp
2025-07-22 16:53:13,191 [INFO] CodeEngine:265 - oldGeneratedFile, C:\Users\aliya\proje\KontrolOrtakCalisma\Kontroll4\MXTmpFiles\rtos_vars.tmp_save
2025-07-22 16:53:13,249 [INFO] CodeEngine:289 - Generated code: C:\Users\aliya\proje\KontrolOrtakCalisma\Kontroll4\MXTmpFiles\rtos_vars.tmp
2025-07-22 16:53:13,257 [INFO] CodeEngine:265 - oldGeneratedFile, C:\Users\aliya\proje\KontrolOrtakCalisma\Kontroll4\MXTmpFiles\rtos_pfp.tmp_save
2025-07-22 16:53:13,313 [INFO] CodeEngine:289 - Generated code: C:\Users\aliya\proje\KontrolOrtakCalisma\Kontroll4\MXTmpFiles\rtos_pfp.tmp
2025-07-22 16:53:13,319 [INFO] CodeEngine:265 - oldGeneratedFile, C:\Users\aliya\proje\KontrolOrtakCalisma\Kontroll4\MXTmpFiles\rtos_obj_creat.tmp_save
2025-07-22 16:53:13,379 [INFO] CodeEngine:289 - Generated code: C:\Users\aliya\proje\KontrolOrtakCalisma\Kontroll4\MXTmpFiles\rtos_obj_creat.tmp
2025-07-22 16:53:13,385 [INFO] CodeEngine:265 - oldGeneratedFile, C:\Users\aliya\proje\KontrolOrtakCalisma\Kontroll4\MXTmpFiles\rtos_default_thread.tmp_save
2025-07-22 16:53:13,441 [INFO] CodeEngine:289 - Generated code: C:\Users\aliya\proje\KontrolOrtakCalisma\Kontroll4\MXTmpFiles\rtos_default_thread.tmp
2025-07-22 16:53:13,449 [INFO] CodeEngine:265 - oldGeneratedFile, C:\Users\aliya\proje\KontrolOrtakCalisma\Kontroll4\MXTmpFiles\rtos_threads.tmp_save
2025-07-22 16:53:13,513 [INFO] CodeEngine:289 - Generated code: C:\Users\aliya\proje\KontrolOrtakCalisma\Kontroll4\MXTmpFiles\rtos_threads.tmp
2025-07-22 16:53:13,522 [INFO] CodeEngine:265 - oldGeneratedFile, C:\Users\aliya\proje\KontrolOrtakCalisma\Kontroll4\Core\Inc\FreeRTOSConfig.h_save
2025-07-22 16:53:13,605 [INFO] CodeEngine:289 - Generated code: C:\Users\aliya\proje\KontrolOrtakCalisma\Kontroll4\Core\Inc\FreeRTOSConfig.h
2025-07-22 16:53:13,614 [INFO] CodeEngine:265 - oldGeneratedFile, C:\Users\aliya\proje\KontrolOrtakCalisma\Kontroll4\Core\Src\freertos.c_save
2025-07-22 16:53:13,694 [INFO] CodeEngine:289 - Generated code: C:\Users\aliya\proje\KontrolOrtakCalisma\Kontroll4\Core\Src\freertos.c
2025-07-22 16:53:13,710 [INFO] CodeEngine:265 - oldGeneratedFile, C:\Users\aliya\proje\KontrolOrtakCalisma\Kontroll4\Core\Src\i2c.c_save
2025-07-22 16:53:13,847 [INFO] CodeEngine:289 - Generated code: C:\Users\aliya\proje\KontrolOrtakCalisma\Kontroll4\Core\Src\i2c.c
2025-07-22 16:53:13,859 [INFO] CodeEngine:265 - oldGeneratedFile, C:\Users\aliya\proje\KontrolOrtakCalisma\Kontroll4\Core\Inc\i2c.h_save
2025-07-22 16:53:13,946 [INFO] CodeEngine:289 - Generated code: C:\Users\aliya\proje\KontrolOrtakCalisma\Kontroll4\Core\Inc\i2c.h
2025-07-22 16:53:13,960 [INFO] CodeEngine:265 - oldGeneratedFile, C:\Users\aliya\proje\KontrolOrtakCalisma\Kontroll4\Core\Src\usart.c_save
2025-07-22 16:53:14,053 [INFO] CodeEngine:289 - Generated code: C:\Users\aliya\proje\KontrolOrtakCalisma\Kontroll4\Core\Src\usart.c
2025-07-22 16:53:14,064 [INFO] CodeEngine:265 - oldGeneratedFile, C:\Users\aliya\proje\KontrolOrtakCalisma\Kontroll4\Core\Inc\usart.h_save
2025-07-22 16:53:14,127 [INFO] CodeEngine:289 - Generated code: C:\Users\aliya\proje\KontrolOrtakCalisma\Kontroll4\Core\Inc\usart.h
2025-07-22 16:53:14,143 [INFO] CodeEngine:265 - oldGeneratedFile, C:\Users\aliya\proje\KontrolOrtakCalisma\Kontroll4\Core\Src\stm32f4xx_it.c_save
2025-07-22 16:53:14,237 [INFO] CodeEngine:289 - Generated code: C:\Users\aliya\proje\KontrolOrtakCalisma\Kontroll4\Core\Src\stm32f4xx_it.c
2025-07-22 16:53:14,247 [INFO] CodeEngine:265 - oldGeneratedFile, C:\Users\aliya\proje\KontrolOrtakCalisma\Kontroll4\Core\Inc\stm32f4xx_it.h_save
2025-07-22 16:53:14,320 [INFO] CodeEngine:289 - Generated code: C:\Users\aliya\proje\KontrolOrtakCalisma\Kontroll4\Core\Inc\stm32f4xx_it.h
2025-07-22 16:53:14,342 [INFO] CodeEngine:265 - oldGeneratedFile, C:\Users\aliya\proje\KontrolOrtakCalisma\Kontroll4\Core\Src\stm32f4xx_hal_msp.c_save
2025-07-22 16:53:14,441 [INFO] CodeEngine:289 - Generated code: C:\Users\aliya\proje\KontrolOrtakCalisma\Kontroll4\Core\Src\stm32f4xx_hal_msp.c
2025-07-22 16:53:14,447 [INFO] CodeEngine:265 - oldGeneratedFile, C:\Users\aliya\proje\KontrolOrtakCalisma\Kontroll4\MXTmpFiles\system.tmp_save
2025-07-22 16:53:14,503 [INFO] CodeEngine:289 - Generated code: C:\Users\aliya\proje\KontrolOrtakCalisma\Kontroll4\MXTmpFiles\system.tmp
2025-07-22 16:53:14,509 [INFO] CodeEngine:265 - oldGeneratedFile, C:\Users\aliya\proje\KontrolOrtakCalisma\Kontroll4\Core\Src\stm32f4xx_hal_timebase_tim.c_save
2025-07-22 16:53:14,573 [INFO] CodeEngine:289 - Generated code: C:\Users\aliya\proje\KontrolOrtakCalisma\Kontroll4\Core\Src\stm32f4xx_hal_timebase_tim.c
2025-07-22 16:53:14,588 [INFO] CodeEngine:321 - oldGeneratedFile, C:\Users\aliya\proje\KontrolOrtakCalisma\Kontroll4\Core\Inc\stm32f4xx_hal_conf.h_save
2025-07-22 16:53:14,657 [INFO] CodeEngine:345 - Generated code: C:\Users\aliya\proje\KontrolOrtakCalisma\Kontroll4\Core\Inc\stm32f4xx_hal_conf.h
2025-07-22 16:53:14,688 [WARN] IPConfigManager:3238 - Warning: the RefConfig PLL2P_FOR_MCO is not available in your config.xml file
2025-07-22 16:53:14,699 [INFO] ApiDbMcu:532 - Load IP Config File for I2C2
2025-07-22 16:53:14,703 [INFO] ApiDbMcu:532 - Load IP Config File for USART2
2025-07-22 16:53:14,707 [INFO] ApiDbMcu:532 - Load IP Config File for RCC
2025-07-22 16:53:14,723 [INFO] CodeEngine:265 - oldGeneratedFile, C:\Users\aliya\proje\KontrolOrtakCalisma\Kontroll4\Core\Inc\main.h_save
2025-07-22 16:53:14,820 [INFO] CodeEngine:289 - Generated code: C:\Users\aliya\proje\KontrolOrtakCalisma\Kontroll4\Core\Inc\main.h
2025-07-22 16:53:14,828 [INFO] CodeEngine:265 - oldGeneratedFile, C:\Users\aliya\proje\KontrolOrtakCalisma\Kontroll4\Core\Src\main.c_save
2025-07-22 16:53:14,981 [INFO] CodeEngine:289 - Generated code: C:\Users\aliya\proje\KontrolOrtakCalisma\Kontroll4\Core\Src\main.c
2025-07-22 16:53:15,623 [INFO] ProjectBuilder:3606 - Time for Copy HAL[1] : 358mS.
2025-07-22 16:53:15,632 [INFO] ProjectBuilder:5216 - Project Generator version: 4.7.0-B52
2025-07-22 16:53:15,718 [INFO] ConfigFileManager:1595 - The Die is : DIE421
2025-07-22 16:53:15,724 [INFO] ApiDbMcu:532 - Load IP Config File for FATFS
2025-07-22 16:53:15,727 [INFO] ApiDbMcu:532 - Load IP Config File for LIBJPEG
2025-07-22 16:53:15,736 [INFO] ApiDbMcu:532 - Load IP Config File for MBEDTLS
2025-07-22 16:53:15,745 [INFO] ApiDbMcu:532 - Load IP Config File for USB_DEVICE
2025-07-22 16:53:15,751 [INFO] ApiDbMcu:532 - Load IP Config File for USB_HOST
2025-07-22 16:53:16,132 [INFO] LogOutputStream:77 - [STDOUT_REDIRECT] 
2025-07-22 16:53:17,235 [INFO] ProjectBuilder:5496 - Time for Generating toolchain IDE Files: 1601mS.
2025-07-22 16:53:17,236 [INFO] ProjectBuilder:3463 - Time for Copy CMSIS : 1mS.
2025-07-22 16:53:17,249 [INFO] ProjectBuilder:3463 - Time for Copy CMSIS : 0mS.
2025-07-22 16:53:59,453 [INFO] EditThreadDialog:704 - RAM SIZE (in KB): 128
2025-07-22 16:53:59,453 [INFO] EditThreadDialog:706 - RAM SIZE (in words): 32768
2025-07-22 16:54:11,836 [INFO] TasksAndQueuesTab:757 - Dynamic
2025-07-22 16:54:11,836 [WARN] TasksAndQueuesTab:763 - 1000 128
2025-07-22 16:54:11,836 [WARN] TasksAndQueuesTab:775 - max value is: 3840.0
2025-07-22 16:54:11,836 [INFO] TasksAndQueuesTab:757 - Dynamic
2025-07-22 16:54:11,836 [WARN] TasksAndQueuesTab:763 - 256 128
2025-07-22 16:54:11,836 [WARN] TasksAndQueuesTab:775 - max value is: 3840.0
2025-07-22 16:54:12,965 [INFO] EditThreadDialog:704 - RAM SIZE (in KB): 128
2025-07-22 16:54:12,965 [INFO] EditThreadDialog:706 - RAM SIZE (in words): 32768
2025-07-22 16:54:18,803 [INFO] TasksAndQueuesTab:757 - Dynamic
2025-07-22 16:54:18,803 [WARN] TasksAndQueuesTab:763 - 1000 128
2025-07-22 16:54:18,803 [WARN] TasksAndQueuesTab:775 - max value is: 3840.0
2025-07-22 16:54:18,804 [INFO] TasksAndQueuesTab:757 - Dynamic
2025-07-22 16:54:18,804 [WARN] TasksAndQueuesTab:763 - 1000 128
2025-07-22 16:54:18,804 [WARN] TasksAndQueuesTab:775 - max value is: 3840.0
2025-07-22 16:54:20,252 [INFO] UtilMem:75 - End SaveConfig() Used Memory: 585264304 Bytes (817889280)
2025-07-22 16:54:21,001 [INFO] UtilMem:75 - End SaveConfig() Used Memory: 610430128 Bytes (817889280)
2025-07-22 16:54:21,638 [INFO] UtilMem:75 - End SaveConfig() Used Memory: 291473952 Bytes (817889280)
2025-07-22 16:55:12,625 [INFO] EditThreadDialog:704 - RAM SIZE (in KB): 128
2025-07-22 16:55:12,625 [INFO] EditThreadDialog:706 - RAM SIZE (in words): 32768
2025-07-22 16:55:17,227 [INFO] TasksAndQueuesTab:757 - Dynamic
2025-07-22 16:55:17,227 [WARN] TasksAndQueuesTab:763 - 512 128
2025-07-22 16:55:17,228 [WARN] TasksAndQueuesTab:775 - max value is: 3840.0
2025-07-22 16:55:17,228 [INFO] TasksAndQueuesTab:757 - Dynamic
2025-07-22 16:55:17,228 [WARN] TasksAndQueuesTab:763 - 1000 128
2025-07-22 16:55:17,228 [WARN] TasksAndQueuesTab:775 - max value is: 3840.0
2025-07-22 16:55:17,951 [INFO] EditThreadDialog:704 - RAM SIZE (in KB): 128
2025-07-22 16:55:17,951 [INFO] EditThreadDialog:706 - RAM SIZE (in words): 32768
2025-07-22 16:55:19,904 [INFO] TasksAndQueuesTab:757 - Dynamic
2025-07-22 16:55:19,904 [WARN] TasksAndQueuesTab:763 - 512 128
2025-07-22 16:55:19,904 [WARN] TasksAndQueuesTab:775 - max value is: 3840.0
2025-07-22 16:55:19,904 [INFO] TasksAndQueuesTab:757 - Dynamic
2025-07-22 16:55:19,904 [WARN] TasksAndQueuesTab:763 - 512 128
2025-07-22 16:55:19,904 [WARN] TasksAndQueuesTab:775 - max value is: 3840.0
2025-07-22 16:55:21,041 [INFO] UtilMem:75 - End SaveConfig() Used Memory: 562908328 Bytes (817889280)
2025-07-22 16:55:22,387 [INFO] UtilMem:75 - End SaveConfig() Used Memory: 588074152 Bytes (817889280)
2025-07-22 16:55:22,979 [INFO] UtilMem:75 - End SaveConfig() Used Memory: 627393704 Bytes (817889280)
2025-07-22 16:55:24,625 [INFO] BlockDiagram:2775 - set Specific Code input for plugin: FREERTOS
2025-07-22 16:55:24,627 [INFO] BlockDiagram:2775 - set Specific Code input for plugin: SYS
2025-07-22 16:55:24,627 [INFO] BlockDiagram:2775 - set Specific Code input for plugin: RCC
2025-07-22 16:55:24,627 [INFO] BlockDiagram:2775 - set Specific Code input for plugin: I2C
2025-07-22 16:55:24,627 [INFO] BlockDiagram:2775 - set Specific Code input for plugin: NVIC
2025-07-22 16:55:24,627 [INFO] BlockDiagram:2775 - set Specific Code input for plugin: USART
2025-07-22 16:55:24,628 [INFO] BlockDiagram:2775 - set Specific Code input for plugin: GPIO
2025-07-22 16:55:24,629 [INFO] CodeGenerator:892 - code generatio: config db path: C:\ST\STM32CubeIDE_1.18.1\STM32CubeIDE\plugins\com.st.stm32cube.common.mx_6.15.0.202507011659\\db\
2025-07-22 16:55:24,635 [WARN] IP:2250 - I2C_Coeff_DF not found: check if there is a RefParameter without a condition.
2025-07-22 16:55:24,635 [WARN] IP:2250 - Analog_Filter not found: check if there is a RefParameter without a condition.
2025-07-22 16:55:24,753 [INFO] CodeEngine:265 - oldGeneratedFile, C:\Users\aliya\proje\KontrolOrtakCalisma\Kontroll4\MXTmpFiles\license.tmp_save
2025-07-22 16:55:24,840 [INFO] CodeEngine:289 - Generated code: C:\Users\aliya\proje\KontrolOrtakCalisma\Kontroll4\MXTmpFiles\license.tmp
2025-07-22 16:55:24,871 [INFO] CodeEngine:265 - oldGeneratedFile, C:\Users\aliya\proje\KontrolOrtakCalisma\Kontroll4\Core\Src\gpio.c_save
2025-07-22 16:55:24,970 [INFO] CodeEngine:289 - Generated code: C:\Users\aliya\proje\KontrolOrtakCalisma\Kontroll4\Core\Src\gpio.c
2025-07-22 16:55:24,982 [INFO] CodeEngine:265 - oldGeneratedFile, C:\Users\aliya\proje\KontrolOrtakCalisma\Kontroll4\Core\Inc\gpio.h_save
2025-07-22 16:55:25,060 [INFO] CodeEngine:289 - Generated code: C:\Users\aliya\proje\KontrolOrtakCalisma\Kontroll4\Core\Inc\gpio.h
2025-07-22 16:55:25,159 [INFO] Middleware:1452 - No code input for Bsp Dependency
2025-07-22 16:55:25,167 [INFO] CodeEngine:265 - oldGeneratedFile, C:\Users\aliya\proje\KontrolOrtakCalisma\Kontroll4\MXTmpFiles\rtos_inc.tmp_save
2025-07-22 16:55:25,224 [INFO] CodeEngine:289 - Generated code: C:\Users\aliya\proje\KontrolOrtakCalisma\Kontroll4\MXTmpFiles\rtos_inc.tmp
2025-07-22 16:55:25,230 [INFO] CodeEngine:265 - oldGeneratedFile, C:\Users\aliya\proje\KontrolOrtakCalisma\Kontroll4\MXTmpFiles\rtos_kernelInit.tmp_save
2025-07-22 16:55:25,292 [INFO] CodeEngine:289 - Generated code: C:\Users\aliya\proje\KontrolOrtakCalisma\Kontroll4\MXTmpFiles\rtos_kernelInit.tmp
2025-07-22 16:55:25,298 [INFO] CodeEngine:265 - oldGeneratedFile, C:\Users\aliya\proje\KontrolOrtakCalisma\Kontroll4\MXTmpFiles\rtos_kernelStart.tmp_save
2025-07-22 16:55:25,350 [INFO] CodeEngine:289 - Generated code: C:\Users\aliya\proje\KontrolOrtakCalisma\Kontroll4\MXTmpFiles\rtos_kernelStart.tmp
2025-07-22 16:55:25,356 [INFO] CodeEngine:265 - oldGeneratedFile, C:\Users\aliya\proje\KontrolOrtakCalisma\Kontroll4\MXTmpFiles\rtos_typedefs.tmp_save
2025-07-22 16:55:25,411 [INFO] CodeEngine:289 - Generated code: C:\Users\aliya\proje\KontrolOrtakCalisma\Kontroll4\MXTmpFiles\rtos_typedefs.tmp
2025-07-22 16:55:25,417 [INFO] CodeEngine:265 - oldGeneratedFile, C:\Users\aliya\proje\KontrolOrtakCalisma\Kontroll4\MXTmpFiles\rtos_vars.tmp_save
2025-07-22 16:55:25,473 [INFO] CodeEngine:289 - Generated code: C:\Users\aliya\proje\KontrolOrtakCalisma\Kontroll4\MXTmpFiles\rtos_vars.tmp
2025-07-22 16:55:25,479 [INFO] CodeEngine:265 - oldGeneratedFile, C:\Users\aliya\proje\KontrolOrtakCalisma\Kontroll4\MXTmpFiles\rtos_pfp.tmp_save
2025-07-22 16:55:25,535 [INFO] CodeEngine:289 - Generated code: C:\Users\aliya\proje\KontrolOrtakCalisma\Kontroll4\MXTmpFiles\rtos_pfp.tmp
2025-07-22 16:55:25,540 [INFO] CodeEngine:265 - oldGeneratedFile, C:\Users\aliya\proje\KontrolOrtakCalisma\Kontroll4\MXTmpFiles\rtos_obj_creat.tmp_save
2025-07-22 16:55:25,598 [INFO] CodeEngine:289 - Generated code: C:\Users\aliya\proje\KontrolOrtakCalisma\Kontroll4\MXTmpFiles\rtos_obj_creat.tmp
2025-07-22 16:55:25,604 [INFO] CodeEngine:265 - oldGeneratedFile, C:\Users\aliya\proje\KontrolOrtakCalisma\Kontroll4\MXTmpFiles\rtos_default_thread.tmp_save
2025-07-22 16:55:25,659 [INFO] CodeEngine:289 - Generated code: C:\Users\aliya\proje\KontrolOrtakCalisma\Kontroll4\MXTmpFiles\rtos_default_thread.tmp
2025-07-22 16:55:25,664 [INFO] CodeEngine:265 - oldGeneratedFile, C:\Users\aliya\proje\KontrolOrtakCalisma\Kontroll4\MXTmpFiles\rtos_threads.tmp_save
2025-07-22 16:55:25,717 [INFO] CodeEngine:289 - Generated code: C:\Users\aliya\proje\KontrolOrtakCalisma\Kontroll4\MXTmpFiles\rtos_threads.tmp
2025-07-22 16:55:25,738 [INFO] Middleware:1452 - No code input for Bsp Dependency
2025-07-22 16:55:25,747 [INFO] CodeEngine:265 - oldGeneratedFile, C:\Users\aliya\proje\KontrolOrtakCalisma\Kontroll4\MXTmpFiles\rtos_inc.tmp_save
2025-07-22 16:55:25,800 [INFO] CodeEngine:289 - Generated code: C:\Users\aliya\proje\KontrolOrtakCalisma\Kontroll4\MXTmpFiles\rtos_inc.tmp
2025-07-22 16:55:25,807 [INFO] CodeEngine:265 - oldGeneratedFile, C:\Users\aliya\proje\KontrolOrtakCalisma\Kontroll4\MXTmpFiles\rtos_kernelInit.tmp_save
2025-07-22 16:55:25,861 [INFO] CodeEngine:289 - Generated code: C:\Users\aliya\proje\KontrolOrtakCalisma\Kontroll4\MXTmpFiles\rtos_kernelInit.tmp
2025-07-22 16:55:25,868 [INFO] CodeEngine:265 - oldGeneratedFile, C:\Users\aliya\proje\KontrolOrtakCalisma\Kontroll4\MXTmpFiles\rtos_kernelStart.tmp_save
2025-07-22 16:55:25,922 [INFO] CodeEngine:289 - Generated code: C:\Users\aliya\proje\KontrolOrtakCalisma\Kontroll4\MXTmpFiles\rtos_kernelStart.tmp
2025-07-22 16:55:25,929 [INFO] CodeEngine:265 - oldGeneratedFile, C:\Users\aliya\proje\KontrolOrtakCalisma\Kontroll4\MXTmpFiles\rtos_typedefs.tmp_save
2025-07-22 16:55:25,984 [INFO] CodeEngine:289 - Generated code: C:\Users\aliya\proje\KontrolOrtakCalisma\Kontroll4\MXTmpFiles\rtos_typedefs.tmp
2025-07-22 16:55:25,993 [INFO] CodeEngine:265 - oldGeneratedFile, C:\Users\aliya\proje\KontrolOrtakCalisma\Kontroll4\MXTmpFiles\rtos_vars.tmp_save
2025-07-22 16:55:26,059 [INFO] CodeEngine:289 - Generated code: C:\Users\aliya\proje\KontrolOrtakCalisma\Kontroll4\MXTmpFiles\rtos_vars.tmp
2025-07-22 16:55:26,067 [INFO] CodeEngine:265 - oldGeneratedFile, C:\Users\aliya\proje\KontrolOrtakCalisma\Kontroll4\MXTmpFiles\rtos_pfp.tmp_save
2025-07-22 16:55:26,121 [INFO] CodeEngine:289 - Generated code: C:\Users\aliya\proje\KontrolOrtakCalisma\Kontroll4\MXTmpFiles\rtos_pfp.tmp
2025-07-22 16:55:26,129 [INFO] CodeEngine:265 - oldGeneratedFile, C:\Users\aliya\proje\KontrolOrtakCalisma\Kontroll4\MXTmpFiles\rtos_obj_creat.tmp_save
2025-07-22 16:55:26,186 [INFO] CodeEngine:289 - Generated code: C:\Users\aliya\proje\KontrolOrtakCalisma\Kontroll4\MXTmpFiles\rtos_obj_creat.tmp
2025-07-22 16:55:26,194 [INFO] CodeEngine:265 - oldGeneratedFile, C:\Users\aliya\proje\KontrolOrtakCalisma\Kontroll4\MXTmpFiles\rtos_default_thread.tmp_save
2025-07-22 16:55:26,249 [INFO] CodeEngine:289 - Generated code: C:\Users\aliya\proje\KontrolOrtakCalisma\Kontroll4\MXTmpFiles\rtos_default_thread.tmp
2025-07-22 16:55:26,255 [INFO] CodeEngine:265 - oldGeneratedFile, C:\Users\aliya\proje\KontrolOrtakCalisma\Kontroll4\MXTmpFiles\rtos_threads.tmp_save
2025-07-22 16:55:26,311 [INFO] CodeEngine:289 - Generated code: C:\Users\aliya\proje\KontrolOrtakCalisma\Kontroll4\MXTmpFiles\rtos_threads.tmp
2025-07-22 16:55:26,318 [INFO] CodeEngine:265 - oldGeneratedFile, C:\Users\aliya\proje\KontrolOrtakCalisma\Kontroll4\Core\Inc\FreeRTOSConfig.h_save
2025-07-22 16:55:26,391 [INFO] CodeEngine:289 - Generated code: C:\Users\aliya\proje\KontrolOrtakCalisma\Kontroll4\Core\Inc\FreeRTOSConfig.h
2025-07-22 16:55:26,398 [INFO] CodeEngine:265 - oldGeneratedFile, C:\Users\aliya\proje\KontrolOrtakCalisma\Kontroll4\Core\Src\freertos.c_save
2025-07-22 16:55:26,474 [INFO] CodeEngine:289 - Generated code: C:\Users\aliya\proje\KontrolOrtakCalisma\Kontroll4\Core\Src\freertos.c
2025-07-22 16:55:26,489 [INFO] CodeEngine:265 - oldGeneratedFile, C:\Users\aliya\proje\KontrolOrtakCalisma\Kontroll4\Core\Src\i2c.c_save
2025-07-22 16:55:26,570 [INFO] CodeEngine:289 - Generated code: C:\Users\aliya\proje\KontrolOrtakCalisma\Kontroll4\Core\Src\i2c.c
2025-07-22 16:55:26,577 [INFO] CodeEngine:265 - oldGeneratedFile, C:\Users\aliya\proje\KontrolOrtakCalisma\Kontroll4\Core\Inc\i2c.h_save
2025-07-22 16:55:26,633 [INFO] CodeEngine:289 - Generated code: C:\Users\aliya\proje\KontrolOrtakCalisma\Kontroll4\Core\Inc\i2c.h
2025-07-22 16:55:26,647 [INFO] CodeEngine:265 - oldGeneratedFile, C:\Users\aliya\proje\KontrolOrtakCalisma\Kontroll4\Core\Src\usart.c_save
2025-07-22 16:55:26,725 [INFO] CodeEngine:289 - Generated code: C:\Users\aliya\proje\KontrolOrtakCalisma\Kontroll4\Core\Src\usart.c
2025-07-22 16:55:26,732 [INFO] CodeEngine:265 - oldGeneratedFile, C:\Users\aliya\proje\KontrolOrtakCalisma\Kontroll4\Core\Inc\usart.h_save
2025-07-22 16:55:26,789 [INFO] CodeEngine:289 - Generated code: C:\Users\aliya\proje\KontrolOrtakCalisma\Kontroll4\Core\Inc\usart.h
2025-07-22 16:55:26,803 [INFO] CodeEngine:265 - oldGeneratedFile, C:\Users\aliya\proje\KontrolOrtakCalisma\Kontroll4\Core\Src\stm32f4xx_it.c_save
2025-07-22 16:55:26,871 [INFO] CodeEngine:289 - Generated code: C:\Users\aliya\proje\KontrolOrtakCalisma\Kontroll4\Core\Src\stm32f4xx_it.c
2025-07-22 16:55:26,880 [INFO] CodeEngine:265 - oldGeneratedFile, C:\Users\aliya\proje\KontrolOrtakCalisma\Kontroll4\Core\Inc\stm32f4xx_it.h_save
2025-07-22 16:55:26,935 [INFO] CodeEngine:289 - Generated code: C:\Users\aliya\proje\KontrolOrtakCalisma\Kontroll4\Core\Inc\stm32f4xx_it.h
2025-07-22 16:55:26,951 [INFO] CodeEngine:265 - oldGeneratedFile, C:\Users\aliya\proje\KontrolOrtakCalisma\Kontroll4\Core\Src\stm32f4xx_hal_msp.c_save
2025-07-22 16:55:27,031 [INFO] CodeEngine:289 - Generated code: C:\Users\aliya\proje\KontrolOrtakCalisma\Kontroll4\Core\Src\stm32f4xx_hal_msp.c
2025-07-22 16:55:27,035 [INFO] CodeEngine:265 - oldGeneratedFile, C:\Users\aliya\proje\KontrolOrtakCalisma\Kontroll4\MXTmpFiles\system.tmp_save
2025-07-22 16:55:27,089 [INFO] CodeEngine:289 - Generated code: C:\Users\aliya\proje\KontrolOrtakCalisma\Kontroll4\MXTmpFiles\system.tmp
2025-07-22 16:55:27,097 [INFO] CodeEngine:265 - oldGeneratedFile, C:\Users\aliya\proje\KontrolOrtakCalisma\Kontroll4\Core\Src\stm32f4xx_hal_timebase_tim.c_save
2025-07-22 16:55:27,157 [INFO] CodeEngine:289 - Generated code: C:\Users\aliya\proje\KontrolOrtakCalisma\Kontroll4\Core\Src\stm32f4xx_hal_timebase_tim.c
2025-07-22 16:55:27,169 [INFO] CodeEngine:321 - oldGeneratedFile, C:\Users\aliya\proje\KontrolOrtakCalisma\Kontroll4\Core\Inc\stm32f4xx_hal_conf.h_save
2025-07-22 16:55:27,233 [INFO] CodeEngine:345 - Generated code: C:\Users\aliya\proje\KontrolOrtakCalisma\Kontroll4\Core\Inc\stm32f4xx_hal_conf.h
2025-07-22 16:55:27,257 [WARN] IPConfigManager:3238 - Warning: the RefConfig PLL2P_FOR_MCO is not available in your config.xml file
2025-07-22 16:55:27,272 [INFO] CodeEngine:265 - oldGeneratedFile, C:\Users\aliya\proje\KontrolOrtakCalisma\Kontroll4\Core\Inc\main.h_save
2025-07-22 16:55:27,336 [INFO] CodeEngine:289 - Generated code: C:\Users\aliya\proje\KontrolOrtakCalisma\Kontroll4\Core\Inc\main.h
2025-07-22 16:55:27,342 [INFO] CodeEngine:265 - oldGeneratedFile, C:\Users\aliya\proje\KontrolOrtakCalisma\Kontroll4\Core\Src\main.c_save
2025-07-22 16:55:27,445 [INFO] CodeEngine:289 - Generated code: C:\Users\aliya\proje\KontrolOrtakCalisma\Kontroll4\Core\Src\main.c
2025-07-22 16:55:27,867 [INFO] ProjectBuilder:3606 - Time for Copy HAL[1] : 239mS.
2025-07-22 16:55:27,873 [INFO] ProjectBuilder:5216 - Project Generator version: 4.7.0-B52
2025-07-22 16:55:27,954 [INFO] ConfigFileManager:1595 - The Die is : DIE421
2025-07-22 16:55:28,891 [INFO] ProjectBuilder:5496 - Time for Generating toolchain IDE Files: 1018mS.
2025-07-22 16:55:28,892 [INFO] ProjectBuilder:3463 - Time for Copy CMSIS : 0mS.
2025-07-22 16:55:28,902 [INFO] ProjectBuilder:3463 - Time for Copy CMSIS : 0mS.
2025-07-22 17:18:59,714 [INFO] EditThreadDialog:704 - RAM SIZE (in KB): 128
2025-07-22 17:18:59,714 [INFO] EditThreadDialog:706 - RAM SIZE (in words): 32768
2025-07-22 17:19:03,604 [INFO] TasksAndQueuesTab:757 - Dynamic
2025-07-22 17:19:03,604 [WARN] TasksAndQueuesTab:763 - 1024 128
2025-07-22 17:19:03,604 [WARN] TasksAndQueuesTab:775 - max value is: 3840.0
2025-07-22 17:19:03,604 [INFO] TasksAndQueuesTab:757 - Dynamic
2025-07-22 17:19:03,604 [WARN] TasksAndQueuesTab:763 - 512 128
2025-07-22 17:19:03,605 [WARN] TasksAndQueuesTab:775 - max value is: 3840.0
2025-07-22 17:19:04,728 [INFO] EditThreadDialog:704 - RAM SIZE (in KB): 128
2025-07-22 17:19:04,728 [INFO] EditThreadDialog:706 - RAM SIZE (in words): 32768
2025-07-22 17:19:07,920 [INFO] TasksAndQueuesTab:757 - Dynamic
2025-07-22 17:19:07,920 [WARN] TasksAndQueuesTab:763 - 1024 128
2025-07-22 17:19:07,920 [WARN] TasksAndQueuesTab:775 - max value is: 3840.0
2025-07-22 17:19:07,920 [INFO] TasksAndQueuesTab:757 - Dynamic
2025-07-22 17:19:07,920 [WARN] TasksAndQueuesTab:763 - 1024 128
2025-07-22 17:19:07,920 [WARN] TasksAndQueuesTab:775 - max value is: 3840.0
2025-07-22 17:19:09,042 [INFO] UtilMem:75 - End SaveConfig() Used Memory: 315586624 Bytes (817889280)
2025-07-22 17:19:10,123 [INFO] UtilMem:75 - End SaveConfig() Used Memory: 341274688 Bytes (817889280)
2025-07-22 17:19:10,832 [INFO] UtilMem:75 - End SaveConfig() Used Memory: 432500800 Bytes (817889280)
2025-07-22 21:10:30,332 [INFO] WebApp:194 - Connection lost
2025-07-22 21:10:30,547 [INFO] WebApp:191 - Connection restablished
2025-07-22 21:21:56,765 [ERROR] LogOutputStream:75 - [STDERR_REDIRECT] 
2025-07-22 21:21:56,767 [ERROR] LogOutputStream:75 - [STDERR_REDIRECT] 
2025-07-22 21:22:12,304 [INFO] Activator:176 - 


2025-07-22 21:22:12,307 [INFO] Activator:177 - !SESSION log4j initialized
2025-07-22 21:22:17,606 [INFO] LogOutputStream:77 - [STDOUT_REDIRECT] 
2025-07-22 21:22:18,744 [INFO] ApplicationProperties:184 - Using Application install path: C:\ST\STM32CubeIDE_1.18.1\STM32CubeIDE\plugins\com.st.stm32cube.common.mx_6.15.0.202507011659
2025-07-22 21:22:18,759 [INFO] DbMcusXml:78 - Set database path to: C:\ST\STM32CubeIDE_1.18.1\STM32CubeIDE\plugins\com.st.stm32cube.common.mx_6.15.0.202507011659\\db\/mcu/
2025-07-22 21:22:18,759 [INFO] ApiDb:274 - Set plugin database path to: C:\ST\STM32CubeIDE_1.18.1\STM32CubeIDE\plugins\com.st.stm32cube.common.mx_6.15.0.202507011659\\db\/plugins/boardmanager/
2025-07-22 21:22:18,760 [WARN] ApiDb:259 - Overriding images path with different value:  => C:\ST\STM32CubeIDE_1.18.1\STM32CubeIDE\plugins\com.st.stm32cube.common.mx_6.15.0.202507011659\\db\/plugins/mcufinder/images/
2025-07-22 21:22:18,765 [INFO] ApiDb:250 - Set database path to: C:\Users\aliya\.stmcufinder\plugins\mcufinder//mcu/
2025-07-22 21:22:18,767 [INFO] DbMcusAds:125 - Set database path to: C:\Users\aliya\.stmcufinder\plugins\mcufinder//mcu/
2025-07-22 21:22:18,770 [INFO] CrossReferenceDbSqlite:203 - Set database path to: C:\Users\aliya\.stmcufinder\plugins\mcufinder//mcu/cs/
2025-07-22 21:22:18,912 [INFO] RulesReader:64 - Compatibility file has been processed (317 Rules)
2025-07-22 21:22:19,000 [INFO] DbMcusXml:78 - Set database path to: C:\ST\STM32CubeIDE_1.18.1\STM32CubeIDE\plugins\com.st.stm32cube.common.mx_6.15.0.202507011659\\db\/mcu/
2025-07-22 21:22:19,000 [INFO] ApiDb:274 - Set plugin database path to: C:\ST\STM32CubeIDE_1.18.1\STM32CubeIDE\plugins\com.st.stm32cube.common.mx_6.15.0.202507011659\\db\/plugins/boardmanager/
2025-07-22 21:22:19,000 [INFO] ApiDb:261 - Set plugin images path to: C:\ST\STM32CubeIDE_1.18.1\STM32CubeIDE\plugins\com.st.stm32cube.common.mx_6.15.0.202507011659\\db\/plugins/mcufinder/images/
2025-07-22 21:22:19,000 [WARN] DbFile:41 - Overriding database path with different value: C:\Users\aliya\.stmcufinder\plugins\mcufinder/ => C:\Users\aliya\.stmcufinder\plugins\mcufinder
2025-07-22 21:22:19,000 [INFO] ApiDb:250 - Set database path to: C:\Users\aliya\.stmcufinder\plugins\mcufinder//mcu/
2025-07-22 21:22:19,001 [WARN] DbFile:41 - Overriding database path with different value: C:\Users\aliya\.stmcufinder\plugins\mcufinder/ => C:\Users\aliya\.stmcufinder\plugins\mcufinder
2025-07-22 21:22:19,001 [INFO] DbMcusAds:125 - Set database path to: C:\Users\aliya\.stmcufinder\plugins\mcufinder//mcu/
2025-07-22 21:22:19,001 [WARN] DbFile:41 - Overriding database path with different value: C:\Users\aliya\.stmcufinder\plugins\mcufinder/ => C:\Users\aliya\.stmcufinder\plugins\mcufinder
2025-07-22 21:22:19,001 [WARN] DbFile:41 - Overriding database path with different value: C:\Users\aliya\.stmcufinder\plugins\mcufinder/ => C:\Users\aliya\.stmcufinder\plugins\mcufinder
2025-07-22 21:22:19,001 [INFO] CrossReferenceDbSqlite:203 - Set database path to: C:\Users\aliya\.stmcufinder\plugins\mcufinder//mcu/cs/
2025-07-22 21:22:19,084 [INFO] MainPanel:274 - HeapMemory: 268435456
2025-07-22 21:22:19,172 [INFO] DbMcusXml:78 - Set database path to: C:\ST\STM32CubeIDE_1.18.1\STM32CubeIDE\plugins\com.st.stm32cube.common.mx_6.15.0.202507011659\\db\/mcu/
2025-07-22 21:22:19,172 [INFO] ApiDb:274 - Set plugin database path to: C:\ST\STM32CubeIDE_1.18.1\STM32CubeIDE\plugins\com.st.stm32cube.common.mx_6.15.0.202507011659\\db\/plugins/boardmanager/
2025-07-22 21:22:19,172 [INFO] ApiDb:261 - Set plugin images path to: C:\ST\STM32CubeIDE_1.18.1\STM32CubeIDE\plugins\com.st.stm32cube.common.mx_6.15.0.202507011659\\db\/plugins/mcufinder/images/
2025-07-22 21:22:19,173 [WARN] DbFile:41 - Overriding database path with different value: C:\Users\aliya\.stmcufinder\plugins\mcufinder/ => C:\Users\aliya\.stmcufinder\plugins\mcufinder
2025-07-22 21:22:19,173 [INFO] ApiDb:250 - Set database path to: C:\Users\aliya\.stmcufinder\plugins\mcufinder//mcu/
2025-07-22 21:22:19,173 [WARN] DbFile:41 - Overriding database path with different value: C:\Users\aliya\.stmcufinder\plugins\mcufinder/ => C:\Users\aliya\.stmcufinder\plugins\mcufinder
2025-07-22 21:22:19,173 [INFO] DbMcusAds:125 - Set database path to: C:\Users\aliya\.stmcufinder\plugins\mcufinder//mcu/
2025-07-22 21:22:19,173 [WARN] DbFile:41 - Overriding database path with different value: C:\Users\aliya\.stmcufinder\plugins\mcufinder/ => C:\Users\aliya\.stmcufinder\plugins\mcufinder
2025-07-22 21:22:19,173 [WARN] DbFile:41 - Overriding database path with different value: C:\Users\aliya\.stmcufinder\plugins\mcufinder/ => C:\Users\aliya\.stmcufinder\plugins\mcufinder
2025-07-22 21:22:19,173 [INFO] CrossReferenceDbSqlite:203 - Set database path to: C:\Users\aliya\.stmcufinder\plugins\mcufinder//mcu/cs/
2025-07-22 21:22:19,192 [INFO] ApplicationProperties:184 - Using Application install path: C:\ST\STM32CubeIDE_1.18.1\STM32CubeIDE\plugins\com.st.stm32cube.common.mx_6.15.0.202507011659
2025-07-22 21:22:19,194 [INFO] PluginManage:196 - Search for loadable plugins [exclusion list=, ]
2025-07-22 21:22:19,195 [INFO] PluginManage:310 - Check plugin analytics
2025-07-22 21:22:19,429 [INFO] AnalyticsPlugin:253 - Accepted Software Licenses: 
2025-07-22 21:22:19,429 [INFO] AnalyticsPlugin:255 - Accepted CMSIS Pack Licenses: 
2025-07-22 21:22:19,429 [INFO] AnalyticsPlugin:257 - Accepted Firmware Licenses: 
2025-07-22 21:22:19,432 [INFO] PluginManage:359 - Loaded plugin analytics (category:tool,tabindex:-1)
2025-07-22 21:22:19,432 [INFO] PluginManage:310 - Check plugin cadmodel
2025-07-22 21:22:19,435 [INFO] CADModel:105 - Init CAD model plugin
2025-07-22 21:22:19,436 [INFO] PluginManage:359 - Loaded plugin cadmodel (category:power,tabindex:5)
2025-07-22 21:22:19,436 [INFO] PluginManage:310 - Check plugin clock
2025-07-22 21:22:19,445 [INFO] PluginManage:359 - Loaded plugin clock (category:base,tabindex:2)
2025-07-22 21:22:19,445 [INFO] PluginManage:310 - Check plugin ddr
2025-07-22 21:22:19,447 [INFO] PluginManage:359 - Loaded plugin ddr (category:tool,tabindex:6)
2025-07-22 21:22:19,449 [INFO] PluginManage:310 - Check plugin filemanager
2025-07-22 21:22:19,593 [INFO] PluginManage:359 - Loaded plugin filemanager (category:base,tabindex:10)
2025-07-22 21:22:19,593 [INFO] PluginManage:310 - Check plugin ipmanager
2025-07-22 21:22:19,600 [INFO] PluginManage:359 - Loaded plugin ipmanager (category:base,tabindex:5)
2025-07-22 21:22:19,600 [INFO] PluginManage:310 - Check plugin lpbam
2025-07-22 21:22:19,608 [INFO] PluginManage:359 - Loaded plugin lpbam (category:base,tabindex:0)
2025-07-22 21:22:19,608 [INFO] PluginManage:310 - Check plugin memorymap
2025-07-22 21:22:19,618 [INFO] PluginManage:359 - Loaded plugin memorymap (category:base,tabindex:4)
2025-07-22 21:22:19,618 [INFO] PluginManage:310 - Check plugin pinoutandconfiguration
2025-07-22 21:22:19,624 [INFO] PluginManage:359 - Loaded plugin pinoutandconfiguration (category:base,tabindex:1)
2025-07-22 21:22:19,624 [INFO] PluginManage:310 - Check plugin pinoutconfig
2025-07-22 21:22:19,705 [WARN] SupportedApi:132 - Cannot load RTOS API schema: s4s-elt-must-match.1: The content of 'definitions' must match (annotation?, (simpleType | complexType)?, (unique | key | keyref)*)). A problem was found starting at: attribute.
2025-07-22 21:22:19,813 [INFO] PluginManage:359 - Loaded plugin pinoutconfig (category:base,tabindex:0)
2025-07-22 21:22:19,813 [INFO] PluginManage:310 - Check plugin power
2025-07-22 21:22:19,821 [INFO] PluginManage:359 - Loaded plugin power (category:power,tabindex:4)
2025-07-22 21:22:19,822 [INFO] PluginManage:310 - Check plugin projectmanager
2025-07-22 21:22:19,837 [INFO] PluginManage:359 - Loaded plugin projectmanager (category:projectmanager,tabindex:4)
2025-07-22 21:22:19,837 [INFO] PluginManage:310 - Check plugin rif
2025-07-22 21:22:19,844 [INFO] PluginManage:359 - Loaded plugin rif (category:base,tabindex:3)
2025-07-22 21:22:19,844 [INFO] PluginManage:310 - Check plugin thirdparty
2025-07-22 21:22:19,959 [INFO] PluginManage:359 - Loaded plugin thirdparty (category:base,tabindex:-1)
2025-07-22 21:22:19,959 [WARN] IntegrityCheckThread:84 - waiting for thirdparty lock release [integrity check]
2025-07-22 21:22:19,960 [INFO] PluginManage:310 - Check plugin tools
2025-07-22 21:22:19,960 [INFO] IntegrityCheckThread:86 - entering critical section [integrity check]
2025-07-22 21:22:19,960 [INFO] ThirdPartyUpdaterWithRetryManager:70 - Updater plugin not ready yet. [1/15]
2025-07-22 21:22:19,964 [INFO] PluginManage:359 - Loaded plugin tools (category:base,tabindex:7)
2025-07-22 21:22:19,964 [INFO] PluginManage:310 - Check plugin tutovideos
2025-07-22 21:22:20,135 [INFO] PluginManage:359 - Loaded plugin tutovideos (category:base,tabindex:-1)
2025-07-22 21:22:20,135 [INFO] PluginManage:310 - Check plugin updater
2025-07-22 21:22:20,153 [INFO] PluginManage:359 - Loaded plugin updater (category:base,tabindex:12)
2025-07-22 21:22:20,153 [INFO] PluginManage:310 - Check plugin userauth
2025-07-22 21:22:20,157 [INFO] UserAuth:118 - Init User Auth plugin
2025-07-22 21:22:20,158 [INFO] PluginManage:359 - Loaded plugin userauth (category:base,tabindex:14)
2025-07-22 21:22:20,158 [INFO] PluginManage:283 - PluginManage : Loaded plugins [18]
2025-07-22 21:22:20,342 [INFO] PinOutPanel:1589 - setPackage(No Configuration,No Configuration)
2025-07-22 21:22:20,417 [INFO] CADModel:165 - CPN selected for project level
2025-07-22 21:22:20,417 [INFO] CADModel:114 - Register for checkConnection events
2025-07-22 21:22:20,434 [INFO] IPUIPlugin:80 - create IPUIPlugin
2025-07-22 21:22:20,434 [INFO] PluginManager:220 - loadIPPluginJar : add adc
2025-07-22 21:22:20,438 [INFO] IPUIPlugin:80 - create IPUIPlugin
2025-07-22 21:22:20,438 [INFO] PluginManager:220 - loadIPPluginJar : add aes
2025-07-22 21:22:20,441 [INFO] IPUIPlugin:80 - create IPUIPlugin
2025-07-22 21:22:20,441 [INFO] PluginManager:220 - loadIPPluginJar : add can
2025-07-22 21:22:20,444 [INFO] IPUIPlugin:80 - create IPUIPlugin
2025-07-22 21:22:20,444 [INFO] PluginManager:220 - loadIPPluginJar : add comp
2025-07-22 21:22:20,446 [INFO] IPUIPlugin:80 - create IPUIPlugin
2025-07-22 21:22:20,446 [INFO] PluginManager:220 - loadIPPluginJar : add cryp
2025-07-22 21:22:20,448 [INFO] IPUIPlugin:80 - create IPUIPlugin
2025-07-22 21:22:20,448 [INFO] PluginManager:220 - loadIPPluginJar : add ddr_ctrl_phy
2025-07-22 21:22:20,452 [INFO] IPUIPlugin:80 - create IPUIPlugin
2025-07-22 21:22:20,452 [INFO] PluginManager:220 - loadIPPluginJar : add dfsdm
2025-07-22 21:22:20,457 [INFO] IPUIPlugin:80 - create IPUIPlugin
2025-07-22 21:22:20,458 [INFO] PluginManager:220 - loadIPPluginJar : add dma
2025-07-22 21:22:20,461 [INFO] IPUIPlugin:80 - create IPUIPlugin
2025-07-22 21:22:20,461 [INFO] PluginManager:220 - loadIPPluginJar : add dma3
2025-07-22 21:22:20,464 [INFO] IPUIPlugin:80 - create IPUIPlugin
2025-07-22 21:22:20,464 [INFO] PluginManager:220 - loadIPPluginJar : add extmemmanager
2025-07-22 21:22:20,466 [INFO] IPUIPlugin:80 - create IPUIPlugin
2025-07-22 21:22:20,466 [INFO] PluginManager:220 - loadIPPluginJar : add fatfs
2025-07-22 21:22:20,470 [INFO] IPUIPlugin:80 - create IPUIPlugin
2025-07-22 21:22:20,471 [INFO] PluginManager:220 - loadIPPluginJar : add fmc
2025-07-22 21:22:20,476 [INFO] IPUIPlugin:80 - create IPUIPlugin
2025-07-22 21:22:20,476 [INFO] PluginManager:220 - loadIPPluginJar : add freertos
2025-07-22 21:22:20,478 [INFO] IPUIPlugin:80 - create IPUIPlugin
2025-07-22 21:22:20,478 [INFO] PluginManager:220 - loadIPPluginJar : add genericplugin
2025-07-22 21:22:20,481 [INFO] IPUIPlugin:80 - create IPUIPlugin
2025-07-22 21:22:20,481 [INFO] PluginManager:220 - loadIPPluginJar : add gfxmmu
2025-07-22 21:22:20,486 [INFO] IPUIPlugin:80 - create IPUIPlugin
2025-07-22 21:22:20,486 [INFO] PluginManager:220 - loadIPPluginJar : add gic
2025-07-22 21:22:20,490 [INFO] IPUIPlugin:80 - create IPUIPlugin
2025-07-22 21:22:20,490 [INFO] PluginManager:220 - loadIPPluginJar : add gpio
2025-07-22 21:22:20,493 [INFO] IPUIPlugin:80 - create IPUIPlugin
2025-07-22 21:22:20,493 [INFO] PluginManager:220 - loadIPPluginJar : add gtzc
2025-07-22 21:22:20,496 [INFO] IPUIPlugin:80 - create IPUIPlugin
2025-07-22 21:22:20,496 [INFO] PluginManager:220 - loadIPPluginJar : add hash
2025-07-22 21:22:20,500 [INFO] IPUIPlugin:80 - create IPUIPlugin
2025-07-22 21:22:20,500 [INFO] PluginManager:220 - loadIPPluginJar : add i2c
2025-07-22 21:22:20,502 [INFO] IPUIPlugin:80 - create IPUIPlugin
2025-07-22 21:22:20,502 [INFO] PluginManager:220 - loadIPPluginJar : add i2s
2025-07-22 21:22:20,506 [INFO] IPUIPlugin:80 - create IPUIPlugin
2025-07-22 21:22:20,506 [INFO] PluginManager:220 - loadIPPluginJar : add i3c
2025-07-22 21:22:20,510 [INFO] IPUIPlugin:80 - create IPUIPlugin
2025-07-22 21:22:20,510 [INFO] PluginManager:220 - loadIPPluginJar : add ipddr
2025-07-22 21:22:20,518 [INFO] IPUIPlugin:80 - create IPUIPlugin
2025-07-22 21:22:20,518 [INFO] PluginManager:220 - loadIPPluginJar : add linkedlist
2025-07-22 21:22:20,521 [INFO] IPUIPlugin:80 - create IPUIPlugin
2025-07-22 21:22:20,522 [INFO] PluginManager:220 - loadIPPluginJar : add lorawan
2025-07-22 21:22:20,523 [INFO] IPUIPlugin:80 - create IPUIPlugin
2025-07-22 21:22:20,523 [INFO] PluginManager:220 - loadIPPluginJar : add ltdc
2025-07-22 21:22:20,529 [INFO] IPUIPlugin:80 - create IPUIPlugin
2025-07-22 21:22:20,529 [INFO] PluginManager:220 - loadIPPluginJar : add mdma
2025-07-22 21:22:20,534 [INFO] IPUIPlugin:80 - create IPUIPlugin
2025-07-22 21:22:20,534 [INFO] PluginManager:220 - loadIPPluginJar : add nvic
2025-07-22 21:22:20,536 [INFO] IPUIPlugin:80 - create IPUIPlugin
2025-07-22 21:22:20,537 [INFO] PluginManager:220 - loadIPPluginJar : add opamp
2025-07-22 21:22:20,540 [INFO] IPUIPlugin:80 - create IPUIPlugin
2025-07-22 21:22:20,540 [INFO] PluginManager:220 - loadIPPluginJar : add openamp
2025-07-22 21:22:20,543 [INFO] IPUIPlugin:80 - create IPUIPlugin
2025-07-22 21:22:20,543 [INFO] PluginManager:220 - loadIPPluginJar : add pdm2pcm
2025-07-22 21:22:20,549 [INFO] IPUIPlugin:80 - create IPUIPlugin
2025-07-22 21:22:20,551 [INFO] PluginManager:220 - loadIPPluginJar : add plateformsettings
2025-07-22 21:22:20,553 [INFO] IPUIPlugin:80 - create IPUIPlugin
2025-07-22 21:22:20,553 [INFO] PluginManager:220 - loadIPPluginJar : add quadspi
2025-07-22 21:22:20,555 [INFO] IPUIPlugin:80 - create IPUIPlugin
2025-07-22 21:22:20,556 [INFO] PluginManager:220 - loadIPPluginJar : add radio
2025-07-22 21:22:20,558 [INFO] IPUIPlugin:80 - create IPUIPlugin
2025-07-22 21:22:20,558 [INFO] PluginManager:220 - loadIPPluginJar : add resmgrutility
2025-07-22 21:22:20,562 [INFO] IPUIPlugin:80 - create IPUIPlugin
2025-07-22 21:22:20,562 [INFO] PluginManager:220 - loadIPPluginJar : add sai
2025-07-22 21:22:20,564 [INFO] IPUIPlugin:80 - create IPUIPlugin
2025-07-22 21:22:20,565 [INFO] PluginManager:220 - loadIPPluginJar : add spi
2025-07-22 21:22:20,571 [INFO] IPUIPlugin:80 - create IPUIPlugin
2025-07-22 21:22:20,571 [INFO] PluginManager:220 - loadIPPluginJar : add stm32_wpan
2025-07-22 21:22:20,573 [INFO] IPUIPlugin:80 - create IPUIPlugin
2025-07-22 21:22:20,573 [INFO] PluginManager:220 - loadIPPluginJar : add tim
2025-07-22 21:22:20,577 [INFO] IPUIPlugin:80 - create IPUIPlugin
2025-07-22 21:22:20,577 [INFO] PluginManager:220 - loadIPPluginJar : add touchsensing
2025-07-22 21:22:20,578 [INFO] IPUIPlugin:80 - create IPUIPlugin
2025-07-22 21:22:20,579 [INFO] PluginManager:220 - loadIPPluginJar : add tracer_emb
2025-07-22 21:22:20,582 [INFO] IPUIPlugin:80 - create IPUIPlugin
2025-07-22 21:22:20,582 [INFO] PluginManager:220 - loadIPPluginJar : add ts
2025-07-22 21:22:20,583 [INFO] IPUIPlugin:80 - create IPUIPlugin
2025-07-22 21:22:20,584 [INFO] PluginManager:220 - loadIPPluginJar : add tsc
2025-07-22 21:22:20,586 [INFO] IPUIPlugin:80 - create IPUIPlugin
2025-07-22 21:22:20,586 [INFO] PluginManager:220 - loadIPPluginJar : add ucpd
2025-07-22 21:22:20,588 [INFO] IPUIPlugin:80 - create IPUIPlugin
2025-07-22 21:22:20,588 [INFO] PluginManager:220 - loadIPPluginJar : add usart
2025-07-22 21:22:20,593 [INFO] IPUIPlugin:80 - create IPUIPlugin
2025-07-22 21:22:20,593 [INFO] PluginManager:220 - loadIPPluginJar : add usbx
2025-07-22 21:22:20,734 [FATAL] Updater:351 - Updater called before beeing initialized
2025-07-22 21:22:20,820 [INFO] RulesReader:64 - Compatibility file has been processed (317 Rules)
2025-07-22 21:22:20,858 [INFO] RulesReader:64 - Compatibility file has been processed (317 Rules)
2025-07-22 21:22:20,873 [INFO] CADModel:165 - CPN selected for project level
2025-07-22 21:22:20,873 [INFO] CADModel:114 - Register for checkConnection events
2025-07-22 21:22:20,873 [FATAL] Updater:351 - Updater called before beeing initialized
2025-07-22 21:22:20,873 [ERROR] CADModel:125 - Updater not yet initialized, retry later 
2025-07-22 21:22:21,016 [FATAL] Updater:351 - Updater called before beeing initialized
2025-07-22 21:22:21,017 [INFO] CADModel:165 - CPN selected for project level
2025-07-22 21:22:21,017 [INFO] CADModel:114 - Register for checkConnection events
2025-07-22 21:22:21,018 [FATAL] Updater:351 - Updater called before beeing initialized
2025-07-22 21:22:21,018 [ERROR] CADModel:125 - Updater not yet initialized, retry later 
2025-07-22 21:22:21,020 [FATAL] Updater:351 - Updater called before beeing initialized
2025-07-22 21:22:21,142 [FATAL] Updater:351 - Updater called before beeing initialized
2025-07-22 21:22:21,146 [INFO] DbMcusAds:53 - JSON generation date=Tue Jul 08 11:14:23 TRT 2025 (1751962463562)
2025-07-22 21:22:21,146 [FATAL] Updater:351 - Updater called before beeing initialized
2025-07-22 21:22:21,177 [WARN] DetailPanel:346 - Failed to get advertising image, set to default
2025-07-22 21:22:21,255 [FATAL] Updater:351 - Updater called before beeing initialized
2025-07-22 21:22:21,256 [FATAL] Updater:351 - Updater called before beeing initialized
2025-07-22 21:22:21,256 [FATAL] Updater:351 - Updater called before beeing initialized
2025-07-22 21:22:21,257 [WARN] DetailPanel:346 - Failed to get advertising image, set to default
2025-07-22 21:22:21,257 [FATAL] Updater:351 - Updater called before beeing initialized
2025-07-22 21:22:21,298 [ERROR] Updater:1198 - MainUpdater not yet initialized. External WinMGr cannot be set.
2025-07-22 21:22:21,300 [INFO] Updater:1134 - Updater Version found : 6.15.0
2025-07-22 21:22:21,312 [INFO] ApplicationProperties:184 - Using Application install path: C:\ST\STM32CubeIDE_1.18.1\STM32CubeIDE\plugins\com.st.stm32cube.common.mx_6.15.0.202507011659
2025-07-22 21:22:22,894 [ERROR] LogOutputStream:75 - [STDERR_REDIRECT] Jul 22, 2025 9:22:22 PM java.util.prefs.WindowsPreferences <init>
2025-07-22 21:22:22,900 [ERROR] LogOutputStream:75 - [STDERR_REDIRECT] WARNING: Could not open/create prefs root node Software\JavaSoft\Prefs at root 0xffffffff80000002. Windows RegCreateKeyEx(...) returned error code 5.
2025-07-22 21:22:22,900 [ERROR] LogOutputStream:75 - [STDERR_REDIRECT] 
2025-07-22 21:22:22,962 [INFO] ThirdPartyUpdaterWithRetryManager:70 - Updater plugin not ready yet. [2/15]
2025-07-22 21:22:23,305 [INFO] MainUpdater:2872 - connection check result : 10
2025-07-22 21:22:23,306 [INFO] MainUpdater:289 - Updater Check For Update Now.
2025-07-22 21:22:23,306 [INFO] MicroXplorer:498 - Change Database Version : DB.6.0.150
2025-07-22 21:22:23,314 [INFO] McuFinderGlobals:63 - Set McuFinder mode to 2 (CubeIDE integrated)
2025-07-22 21:22:23,314 [INFO] UserAuth:487 - Internet connection configuration mode: 1
2025-07-22 21:22:23,332 [INFO] JxBrowserEngine:152 - Initiate JxBrowser Engine with user profile folder
2025-07-22 21:22:23,494 [INFO] CheckServerUpdateThread:120 - End of CheckServer Thread
2025-07-22 21:22:24,167 [INFO] WebApp:169 - Instantiating new browser for Auth
2025-07-22 21:22:24,927 [INFO] WebApp:463 - Apply proxy settings
2025-07-22 21:22:24,928 [INFO] WebApp:548 - Chromium requires no authentication
2025-07-22 21:22:24,935 [INFO] WebApp:491 - Direct internet connection detected
2025-07-22 21:22:24,956 [INFO] WebApp:900 - Register for checkConnection events
2025-07-22 21:22:24,956 [INFO] WebApp:463 - Apply proxy settings
2025-07-22 21:22:24,956 [INFO] WebApp:548 - Chromium requires no authentication
2025-07-22 21:22:24,956 [INFO] WebApp:491 - Direct internet connection detected
2025-07-22 21:22:25,123 [INFO] WebApp:225 - Starting web application
2025-07-22 21:22:25,123 [INFO] WebApp:593 - Web application path used C:\ST\STM32CubeIDE_1.18.1\STM32CubeIDE\plugins\com.st.stm32cube.common.mx_6.15.0.202507011659\db\plugins\mcufinder\reactClient1\index.html
2025-07-22 21:22:25,275 [INFO] WebApp:191 - Connection restablished
2025-07-22 21:22:25,348 [INFO] UserAuth:487 - Internet connection configuration mode: 1
2025-07-22 21:22:26,318 [WARN] PackLoader:240 - Cannot read IP mode file for STMicroelectronics.FP-SNS-MOTENVWB1.1.4.0
2025-07-22 21:22:26,328 [WARN] PackLoader:240 - Cannot read IP mode file for STMicroelectronics.FP-ATR-ASTRA1.2.0.2
2025-07-22 21:22:26,337 [WARN] PackLoader:240 - Cannot read IP mode file for STMicroelectronics.X-CUBE-SMBUS.2.1.0
2025-07-22 21:22:26,343 [WARN] PackLoader:240 - Cannot read IP mode file for STMicroelectronics.X-CUBE-ST60.1.0.0
2025-07-22 21:22:26,382 [WARN] PackLoader:240 - Cannot read IP mode file for STMicroelectronics.X-CUBE-AZRTOS-F7.1.1.0
2025-07-22 21:22:26,421 [WARN] PackLoader:240 - Cannot read IP mode file for Infineon.AIROC-Wi-Fi-Bluetooth-STM32.1.7.0
2025-07-22 21:22:26,453 [WARN] PackLoader:240 - Cannot read IP mode file for STMicroelectronics.X-CUBE-AZRTOS-H7.3.4.0
2025-07-22 21:22:26,467 [WARN] PackLoader:240 - Cannot read IP mode file for STMicroelectronics.X-CUBE-DISPLAY.3.0.0
2025-07-22 21:22:26,480 [WARN] PackLoader:240 - Cannot read IP mode file for STMicroelectronics.X-CUBE-NFC10.1.0.0
2025-07-22 21:22:26,492 [WARN] PackLoader:240 - Cannot read IP mode file for STMicroelectronics.X-CUBE-BLEMGR.4.0.0
2025-07-22 21:22:26,502 [WARN] PackLoader:240 - Cannot read IP mode file for emotas.I-CUBE-CANOPEN.1.3.0
2025-07-22 21:22:26,508 [WARN] ConditionMgr:438 - getConditionDescription Invalid condition id : Cortex-A Device cause : null
2025-07-22 21:22:26,519 [WARN] ConditionMgr:1044 - genDependencies : Invalid condition id : Cortex-A Device cause : null
2025-07-22 21:22:26,519 [WARN] ConditionMgr:1044 - genDependencies : Invalid condition id : Cortex-A Device cause : null
2025-07-22 21:22:26,519 [WARN] ConditionMgr:1044 - genDependencies : Invalid condition id : Cortex-A Device cause : null
2025-07-22 21:22:26,524 [WARN] PackLoader:240 - Cannot read IP mode file for STMicroelectronics.FP-SNS-SMARTAG2.1.2.0
2025-07-22 21:22:26,529 [WARN] PackLoader:240 - Cannot read IP mode file for STMicroelectronics.FP-SNS-FLIGHT1.5.1.0
2025-07-22 21:22:26,543 [INFO] LogOutputStream:77 - [STDOUT_REDIRECT] 1 : Invalid condition id : UX_CORESTACK_Condition cause : null
2025-07-22 21:22:26,544 [INFO] LogOutputStream:77 - [STDOUT_REDIRECT] 1 : Invalid condition id : UX_CORESTACK_Condition cause : null
2025-07-22 21:22:26,545 [INFO] LogOutputStream:77 - [STDOUT_REDIRECT] 1 : Invalid condition id : UX_CORESTACK_Condition cause : null
2025-07-22 21:22:26,547 [INFO] LogOutputStream:77 - [STDOUT_REDIRECT] 1 : Invalid condition id : UX_CORESTACK_Condition cause : null
2025-07-22 21:22:26,548 [INFO] LogOutputStream:77 - [STDOUT_REDIRECT] 1 : Invalid condition id : UX_CORESTACK_Condition cause : null
2025-07-22 21:22:26,550 [WARN] PackLoader:240 - Cannot read IP mode file for STMicroelectronics.X-CUBE-AZRTOS-WL.2.0.0
2025-07-22 21:22:26,566 [WARN] PackLoader:240 - Cannot read IP mode file for STMicroelectronics.FP-SNS-MOTENV1.5.0.0
2025-07-22 21:22:26,577 [WARN] PackLoader:240 - Cannot read IP mode file for WES.I-CUBE-Cesium.1.3.0
2025-07-22 21:22:26,585 [WARN] PackLoader:240 - Cannot read IP mode file for STMicroelectronics.X-CUBE-BLE2.3.3.0
2025-07-22 21:22:26,592 [WARN] PackLoader:240 - Cannot read IP mode file for STMicroelectronics.X-CUBE-NFC9.1.0.0
2025-07-22 21:22:26,599 [WARN] PackLoader:240 - Cannot read IP mode file for wolfSSL.I-CUBE-wolfSSL.5.8.0
2025-07-22 21:22:26,605 [WARN] PackLoader:240 - Cannot read IP mode file for STMicroelectronics.X-CUBE-BLE1.7.1.0
2025-07-22 21:22:26,610 [WARN] PackLoader:240 - Cannot read IP mode file for wolfSSL.I-CUBE-wolfMQTT.1.19.2
2025-07-22 21:22:26,618 [WARN] PackLoader:240 - Cannot read IP mode file for STMicroelectronics.X-CUBE-EEPRMA1.5.2.0
2025-07-22 21:22:26,627 [WARN] PackLoader:240 - Cannot read IP mode file for STMicroelectronics.X-CUBE-AI.10.1.0
2025-07-22 21:22:26,649 [WARN] PackLoader:240 - Cannot read IP mode file for STMicroelectronics.X-CUBE-AZRTOS-G0.1.1.0
2025-07-22 21:22:26,658 [WARN] PackLoader:240 - Cannot read IP mode file for STMicroelectronics.X-CUBE-SAFEA1.1.2.2
2025-07-22 21:22:26,666 [WARN] PackLoader:240 - Cannot read IP mode file for STMicroelectronics.X-CUBE-NFC4.3.0.0
2025-07-22 21:22:26,677 [WARN] PackLoader:240 - Cannot read IP mode file for EmbeddedOffice.I-CUBE-FS-RTOS.1.0.1
2025-07-22 21:22:26,682 [WARN] PackLoader:240 - Cannot read IP mode file for STMicroelectronics.X-CUBE-WB05N.2.0.0
2025-07-22 21:22:26,686 [WARN] PackLoader:240 - Cannot read IP mode file for wolfSSL.I-CUBE-wolfTPM.3.8.0
2025-07-22 21:22:26,693 [WARN] PackLoader:240 - Cannot read IP mode file for STMicroelectronics.X-CUBE-TCPP.4.2.0
2025-07-22 21:22:26,700 [WARN] PackLoader:240 - Cannot read IP mode file for RealThread.X-CUBE-RT-Thread_Nano.4.1.1
2025-07-22 21:22:26,705 [WARN] PackLoader:240 - Cannot read IP mode file for STMicroelectronics.FP-ATR-SIGFOX1.3.2.0
2025-07-22 21:22:26,710 [WARN] PackLoader:240 - Cannot read IP mode file for STMicroelectronics.X-CUBE-EEPRMA1.5.1.0
2025-07-22 21:22:26,718 [WARN] PackLoader:240 - Cannot read IP mode file for ITTIA_DB.I-CUBE-ITTIADB.8.9.0
2025-07-22 21:22:26,725 [WARN] PackLoader:240 - Cannot read IP mode file for STMicroelectronics.X-CUBE-ST67W61.1.0.0
2025-07-22 21:22:26,763 [WARN] PackLoader:240 - Cannot read IP mode file for SEGGER.I-CUBE-embOS.1.3.1
2025-07-22 21:22:26,821 [WARN] PackLoader:240 - Cannot read IP mode file for STMicroelectronics.X-CUBE-ALGOBUILD.1.4.0
2025-07-22 21:22:26,880 [WARN] PackLoader:240 - Cannot read IP mode file for STMicroelectronics.X-CUBE-MEMS1.11.3.0
2025-07-22 21:22:27,118 [WARN] PackLoader:240 - Cannot read IP mode file for STMicroelectronics.X-CUBE-PM33A1.1.0.0
2025-07-22 21:22:27,147 [WARN] PackLoader:240 - Cannot read IP mode file for STMicroelectronics.X-CUBE-AZRTOS-F4.1.1.0
2025-07-22 21:22:27,155 [WARN] PackLoader:240 - Cannot read IP mode file for Avnet-IotConnect.X-CUBE-IoTC-DA16k-PMOD.1.0.0
2025-07-22 21:22:27,161 [WARN] PackLoader:240 - Cannot read IP mode file for STMicroelectronics.X-CUBE-ISPU.2.1.0
2025-07-22 21:22:27,169 [WARN] PackLoader:240 - Cannot read IP mode file for STMicroelectronics.X-CUBE-NFC12.1.0.0
2025-07-22 21:22:27,192 [WARN] PackLoader:240 - Cannot read IP mode file for STMicroelectronics.X-CUBE-AZRTOS-L5.2.0.0
2025-07-22 21:22:27,206 [WARN] PackLoader:240 - Cannot read IP mode file for STMicroelectronics.X-CUBE-NFC6.3.1.0
2025-07-22 21:22:27,216 [WARN] PackLoader:240 - Cannot read IP mode file for STMicroelectronics.X-CUBE-FREERTOS.1.3.1
2025-07-22 21:22:27,230 [WARN] PackLoader:240 - Cannot read IP mode file for STMicroelectronics.FP-SNS-STAIOTCFT.1.0.0
2025-07-22 21:22:27,238 [WARN] PackLoader:240 - Cannot read IP mode file for STMicroelectronics.X-CUBE-DPower.1.3.0
2025-07-22 21:22:27,272 [WARN] ConditionMgr:438 - getConditionDescription Invalid condition id : LAN8742 Phy interface Condition cause : null
2025-07-22 21:22:27,273 [WARN] PackLoader:240 - Cannot read IP mode file for STMicroelectronics.X-CUBE-AZRTOS-L4.2.0.0
2025-07-22 21:22:27,276 [WARN] ConditionMgr:1044 - genDependencies : Invalid condition id : LAN8742 Phy interface Condition cause : null
2025-07-22 21:22:27,277 [WARN] ConditionMgr:1044 - genDependencies : Invalid condition id : LAN8742 Phy interface Condition cause : null
2025-07-22 21:22:27,278 [WARN] ConditionMgr:1044 - genDependencies : Invalid condition id : LAN8742 Phy interface Condition cause : null
2025-07-22 21:22:27,294 [WARN] PackLoader:240 - Cannot read IP mode file for STMicroelectronics.X-CUBE-SFXS2LP1.4.0.0
2025-07-22 21:22:27,345 [WARN] PackLoader:240 - Cannot read IP mode file for STMicroelectronics.X-CUBE-AZRTOS-H7.3.3.0
2025-07-22 21:22:27,375 [WARN] PackLoader:240 - Cannot read IP mode file for STMicroelectronics.X-CUBE-BLEMGR.4.1.0
2025-07-22 21:22:27,412 [WARN] ConditionMgr:438 - getConditionDescription Invalid condition id : UX DEVICE CLASS RTOS Condition cause : null
2025-07-22 21:22:27,412 [WARN] ConditionMgr:438 - getConditionDescription Invalid condition id : UX DEVICE CLASS RTOS Condition cause : null
2025-07-22 21:22:27,417 [WARN] PackLoader:240 - Cannot read IP mode file for STMicroelectronics.X-CUBE-AZRTOS-WB.2.0.0
2025-07-22 21:22:27,418 [WARN] ConditionMgr:1044 - genDependencies : Invalid condition id : UX DEVICE CLASS RTOS Condition cause : null
2025-07-22 21:22:27,418 [WARN] ConditionMgr:1044 - genDependencies : Invalid condition id : UX DEVICE CLASS RTOS Condition cause : null
2025-07-22 21:22:27,419 [WARN] ConditionMgr:1044 - genDependencies : Invalid condition id : UX DEVICE CLASS RTOS Condition cause : null
2025-07-22 21:22:27,420 [WARN] ConditionMgr:1044 - genDependencies : Invalid condition id : UX DEVICE CLASS RTOS Condition cause : null
2025-07-22 21:22:27,421 [WARN] ConditionMgr:1044 - genDependencies : Invalid condition id : UX DEVICE CLASS RTOS Condition cause : null
2025-07-22 21:22:27,435 [WARN] PackLoader:240 - Cannot read IP mode file for STMicroelectronics.X-CUBE-GNSS1.7.0.1
2025-07-22 21:22:27,449 [WARN] PackLoader:240 - Cannot read IP mode file for STMicroelectronics.X-CUBE-TOUCHGFX.4.25.0
2025-07-22 21:22:27,462 [WARN] PackLoader:240 - Cannot read IP mode file for STMicroelectronics.FP-SNS-STBOX1.2.0.0
2025-07-22 21:22:27,495 [WARN] PackLoader:240 - Cannot read IP mode file for STMicroelectronics.X-CUBE-SUBG2.5.0.0
2025-07-22 21:22:27,552 [WARN] PackLoader:240 - Cannot read IP mode file for STMicroelectronics.X-CUBE-AZRTOS-H7RS.1.1.0
2025-07-22 21:22:27,568 [WARN] PackLoader:240 - Cannot read IP mode file for Cesanta.I-CUBE-Mongoose.7.13.0
2025-07-22 21:22:27,594 [WARN] PackLoader:240 - Cannot read IP mode file for STMicroelectronics.X-CUBE-AZRTOS-G4.2.0.0
2025-07-22 21:22:27,603 [WARN] PackLoader:240 - Cannot read IP mode file for wolfSSL.I-CUBE-wolfSSH.1.4.20
2025-07-22 21:22:27,611 [WARN] PackLoader:240 - Cannot read IP mode file for STMicroelectronics.X-CUBE-NFC7.2.0.0
2025-07-22 21:22:27,634 [WARN] PackLoader:240 - Cannot read IP mode file for STMicroelectronics.X-CUBE-IPS.3.1.0
2025-07-22 21:22:27,651 [WARN] PackLoader:240 - Cannot read IP mode file for STMicroelectronics.X-CUBE-ALS.1.0.2
2025-07-22 21:22:27,661 [WARN] PackLoader:240 - Cannot read IP mode file for portGmbH.I-Cube-SoM-uGOAL.1.1.0
2025-07-22 21:22:27,681 [WARN] PackLoader:240 - Cannot read IP mode file for STMicroelectronics.X-CUBE-TOF1.3.4.3
2025-07-22 21:22:27,702 [INFO] ThirdParty:978 - Integrity check success = true
2025-07-22 21:22:27,702 [INFO] IntegrityCheckThread:100 - exiting critical section [integrity check]
2025-07-22 21:22:27,702 [INFO] IntegrityCheckThread:103 - End integrity checks thread
2025-07-22 21:22:40,314 [INFO] McuFinderGlobals:63 - Set McuFinder mode to 2 (CubeIDE integrated)
2025-07-22 21:22:40,318 [INFO] MainUpdater:2872 - connection check result : 10
2025-07-22 21:22:40,320 [INFO] MainUpdater:2872 - connection check result : 10
2025-07-22 21:22:40,349 [INFO] MicroXplorer:468 - Change Database Path : 
2025-07-22 21:22:40,349 [INFO] MicroXplorer:498 - Change Database Version : DB.6.0.150
2025-07-22 21:22:40,357 [WARN] ThirdParty:871 - waiting for thirdparty lock release [close project]
2025-07-22 21:22:40,357 [INFO] ThirdParty:873 - entering critical section [close project]
2025-07-22 21:22:40,358 [INFO] ThirdParty:883 - exiting critical section [close project]
2025-07-22 21:22:40,361 [INFO] PinOutPanel:1589 - setPackage(No Configuration,No Configuration)
2025-07-22 21:22:40,361 [INFO] UtilMem:75 - Begin LoadConfig() Used Memory: 224429056 Bytes (342884352)
2025-07-22 21:22:40,363 [INFO] MicroXplorer:468 - Change Database Path : 
2025-07-22 21:22:40,365 [INFO] MicroXplorer:498 - Change Database Version : DB.6.0.150
2025-07-22 21:22:40,365 [INFO] OpenFileManager:355 - Change cursor
2025-07-22 21:22:40,391 [INFO] Mcu:2029 - Initializing MCU STM32F446R(C-E)Tx STM32F446RETx STM32F446RET6
2025-07-22 21:22:42,248 [INFO] Context:786 - Trying to add GPIOservice into a context  which must be forbidden
2025-07-22 21:22:42,932 [INFO] ImportTextPane:234 - (OptionalMessage_ERROR) Pin16 (VP_RIF_VS_RIF1) cannot be retrieved for this MCU
2025-07-22 21:22:43,051 [INFO] RtosManager:558 - Registered RTOS mode: class=CMSIS, group=RTOS, mode=CMSIS_V1, owner=FREERTOS
2025-07-22 21:22:43,052 [INFO] RtosManager:558 - Registered RTOS mode: class=CMSIS, group=RTOS2, mode=CMSIS_V2, owner=FREERTOS
2025-07-22 21:22:43,052 [INFO] RtosManager:558 - Registered RTOS mode: class=RTOS, group=Core, mode=CMSIS_V1, owner=FREERTOS
2025-07-22 21:22:43,052 [INFO] RtosManager:558 - Registered RTOS mode: class=RTOS, group=Core, mode=CMSIS_V2, owner=FREERTOS
2025-07-22 21:22:43,052 [WARN] ModelIntegratedComponent:184 - Missing modes for component STMicroelectronics:FreeRTOS:0.0.1:STMicroelectronics:RTOS:FreeRTOS:Core:::10.2.0:
2025-07-22 21:22:43,086 [WARN] ModelIntegratedComponent:63 - No mode defined for component null
2025-07-22 21:22:43,086 [WARN] ModelIntegratedComponent:63 - No mode defined for component null
2025-07-22 21:22:43,086 [WARN] ModelIntegratedComponent:63 - No mode defined for component null
2025-07-22 21:22:43,086 [WARN] ModelIntegratedComponent:63 - No mode defined for component null
2025-07-22 21:22:43,086 [WARN] ModelIntegratedComponent:63 - No mode defined for component null
2025-07-22 21:22:43,086 [WARN] ModelIntegratedComponent:63 - No mode defined for component null
2025-07-22 21:22:43,086 [WARN] ModelIntegratedComponent:63 - No mode defined for component null
2025-07-22 21:22:43,086 [WARN] ModelIntegratedComponent:63 - No mode defined for component null
2025-07-22 21:22:43,086 [WARN] ModelIntegratedComponent:63 - No mode defined for component null
2025-07-22 21:22:43,086 [WARN] ModelIntegratedComponent:63 - No mode defined for component null
2025-07-22 21:22:43,086 [WARN] ModelIntegratedComponent:63 - No mode defined for component null
2025-07-22 21:22:43,086 [WARN] ModelIntegratedComponent:63 - No mode defined for component null
2025-07-22 21:22:43,086 [WARN] ModelIntegratedComponent:63 - No mode defined for component null
2025-07-22 21:22:43,086 [WARN] ModelIntegratedComponent:63 - No mode defined for component null
2025-07-22 21:22:43,087 [WARN] ModelIntegratedComponent:63 - No mode defined for component null
2025-07-22 21:22:43,087 [WARN] ModelIntegratedComponent:63 - No mode defined for component null
2025-07-22 21:22:43,087 [WARN] ModelIntegratedComponent:63 - No mode defined for component null
2025-07-22 21:22:43,087 [WARN] ModelIntegratedComponent:63 - No mode defined for component null
2025-07-22 21:22:43,087 [WARN] ModelIntegratedComponent:63 - No mode defined for component null
2025-07-22 21:22:43,087 [WARN] ModelIntegratedComponent:63 - No mode defined for component null
2025-07-22 21:22:43,087 [WARN] ModelIntegratedComponent:63 - No mode defined for component null
2025-07-22 21:22:43,087 [WARN] ModelIntegratedComponent:63 - No mode defined for component null
2025-07-22 21:22:43,087 [WARN] ModelIntegratedComponent:63 - No mode defined for component null
2025-07-22 21:22:43,087 [WARN] ModelIntegratedComponent:63 - No mode defined for component null
2025-07-22 21:22:43,087 [WARN] ModelIntegratedComponent:63 - No mode defined for component null
2025-07-22 21:22:43,087 [WARN] ModelIntegratedComponent:63 - No mode defined for component null
2025-07-22 21:22:43,087 [WARN] ModelIntegratedComponent:63 - No mode defined for component null
2025-07-22 21:22:43,087 [WARN] ModelIntegratedComponent:63 - No mode defined for component null
2025-07-22 21:22:43,087 [WARN] ModelIntegratedComponent:63 - No mode defined for component null
2025-07-22 21:22:43,087 [WARN] ModelIntegratedComponent:63 - No mode defined for component null
2025-07-22 21:22:43,087 [WARN] ModelIntegratedComponent:63 - No mode defined for component null
2025-07-22 21:22:43,087 [WARN] ModelIntegratedComponent:63 - No mode defined for component null
2025-07-22 21:22:43,087 [WARN] ModelIntegratedComponent:63 - No mode defined for component null
2025-07-22 21:22:43,088 [WARN] ModelIntegratedComponent:63 - No mode defined for component null
2025-07-22 21:22:43,088 [WARN] ModelIntegratedComponent:63 - No mode defined for component null
2025-07-22 21:22:43,088 [WARN] ModelPack:524 - Component already loaded: STMicroelectronics:HAL Drivers:0.0.0:STMicroelectronics:Device:STMicro_Driver:XSPI:HAL::0.0.1:HAL_XSPI
2025-07-22 21:22:43,205 [INFO] ThirdPartyModel:298 - Start build external matchings
2025-07-22 21:22:43,702 [INFO] ThirdPartyModel:316 - End build external matchings
2025-07-22 21:22:43,716 [INFO] RtosManager:1018 - Current active RTOS is FREERTOS [Cortex-M4NS]
2025-07-22 21:22:43,724 [INFO] ImportTextPane:234 - (OptionalMessage_ERROR) IP (RCC) : Invalid parameter (48MHZClocksFreq_Value)
2025-07-22 21:22:43,724 [INFO] ImportTextPane:234 - (OptionalMessage_ERROR) IP (RCC) : Invalid parameter (EthernetFreq_Value)
2025-07-22 21:22:43,727 [INFO] ImportTextPane:234 - (OptionalMessage_ERROR) IP (RCC) : Parameter (FLatency) has Id (AdvancedSettings) currently not set
2025-07-22 21:22:43,727 [INFO] ImportTextPane:234 - (OptionalMessage_ERROR) IP (RCC) : Invalid parameter (FamilyName)
2025-07-22 21:22:43,728 [INFO] ImportTextPane:234 - (OptionalMessage_ERROR) IP (RCC) : Invalid parameter (I2SClocksFreq_Value)
2025-07-22 21:22:43,728 [INFO] ImportTextPane:234 - (OptionalMessage_ERROR) IP (RCC) : Parameter (MCO2PinFreq_Value) has invalid value (180000000)
2025-07-22 21:22:43,730 [INFO] ImportTextPane:234 - (OptionalMessage_ERROR) IP (RCC) : Parameter (SDIOFreq_Value) has invalid value (180000000)
2025-07-22 21:22:43,730 [INFO] ImportTextPane:234 - (OptionalMessage_ERROR) IP (RCC) : Parameter (USBFreq_Value) has invalid value (180000000)
2025-07-22 21:22:43,730 [INFO] ImportTextPane:234 - (OptionalMessage_ERROR) IP (RCC) : Invalid parameter (VCOInputMFreq_Value)
2025-07-22 21:22:43,730 [INFO] ImportTextPane:234 - (OptionalMessage_ERROR) IP (RCC) : Invalid parameter (VcooutputI2S)
2025-07-22 21:22:44,115 [INFO] ApiDb:581 - Connected to CubeFinder SQLite database (C:\Users\aliya\.stmcufinder\plugins\mcufinder\mcu\cube-finder-db.db)
2025-07-22 21:22:44,316 [INFO] ApiDb:668 - CubeFinder database Data Model version=2.1
2025-07-22 21:22:44,316 [INFO] ApiDb:669 - CubeFinder database Configuration version=3.0.39
2025-07-22 21:22:44,316 [INFO] ApiDb:670 - CubeFinder database generation date=2025-06-24 (1750757100)
2025-07-22 21:22:44,316 [INFO] ApiDb:671 - CubeFinder database FW Pack versions=[FP-ATR-ASTRA1_V2.0.0, FP-SNS-FLIGHT1_V5.1.0, FP-SNS-MOTENV1_V5.0.0, FP-SNS-MOTENVWB1_V1.4.0, FP-SNS-SMARTAG2_V1.2.0, FP-SNS-STBOX1_V2.0.0, STM32Cube_FW_C0_V1.4.0, STM32Cube_FW_F4_V1.28.2, STM32Cube_FW_F7_V1.17.3, STM32Cube_FW_G0_V1.6.2, STM32Cube_FW_G4_V1.6.1, STM32Cube_FW_H5_V1.5.0, STM32Cube_FW_H7RS_V1.2.0, STM32Cube_FW_H7_V1.12.1, STM32Cube_FW_L0_V1.12.2, STM32Cube_FW_L4_V1.18.1, STM32Cube_FW_L5_V1.5.1, STM32Cube_FW_N6_V1.2.0, STM32Cube_FW_U0_V1.3.0, STM32Cube_FW_U3_V1.2.0, STM32Cube_FW_U5_V1.8.0, STM32Cube_FW_WB0_V1.3.0, STM32Cube_FW_WBA_V1.7.0, STM32Cube_FW_WB_V1.23.0, STM32Cube_FW_WL3_V1.2.0, STM32Cube_FW_WL_V1.3.1, X-CUBE-ALGOBUILD_V1.4.0, X-CUBE-ALS_V1.0.2, X-CUBE-AZRTOS-F4_V1.1.0, X-CUBE-AZRTOS-F7_V1.1.0, X-CUBE-AZRTOS-G0_V1.1.0, X-CUBE-AZRTOS-G4_V2.0.0, X-CUBE-AZRTOS-H7RS_V1.1.0, X-CUBE-AZRTOS-H7_V3.3.0, X-CUBE-AZRTOS-L4_V2.0.0, X-CUBE-AZRTOS-L5_V2.0.0, X-CUBE-AZRTOS-WB_V2.0.0, X-CUBE-AZRTOS-WL_V2.0.0, X-CUBE-BLE1_V7.1.0, X-CUBE-BLE2_V3.3.0, X-CUBE-BLEMGR_V4.0.0, X-CUBE-EEPRMA1_V5.1.0, X-CUBE-FREERTOS_V1.3.1, X-CUBE-GNSS1_V6.0.0, X-CUBE-MEMS1_V11.3.0, X-CUBE-NFC4_V3.0.0, X-CUBE-NFC7_V2.0.0, X-CUBE-SFXS2LP1_V4.0.0, X-CUBE-SUBG2_V5.0.0, X-CUBE-TOF1_V3.4.3]
2025-07-22 21:22:44,401 [INFO] DbBoardsSqlite:226 - include board P-NUCLEO-WB55-NUCLEO as a kit item of type 'Nucleo-64'
2025-07-22 21:22:44,401 [INFO] DbBoardsSqlite:226 - include board P-NUCLEO-WB55-USBDONGLE as a kit item of type 'Nucleo USB Dongle'
2025-07-22 21:22:44,401 [INFO] DbBoardsSqlite:226 - include board STEVAL-IDP005V1 as a kit item of type 'Evaluation Board'
2025-07-22 21:22:44,402 [INFO] DbBoardsSqlite:226 - include board STEVAL-IDP005V2 as a kit item of type 'Evaluation Board'
2025-07-22 21:22:44,490 [INFO] ApiDb:240 - Found 880 in-development CPN: [B-G473E-ZEST1S, B-WB1M-WPAN1, B-WBA5M-WPAN, B-WL5M-SUBG1, NUCLEO-C031C6, NUCLEO-C051C8, NUCLEO-C071RB, NUCLEO-C092RC, NUCLEO-H503RB, NUCLEO-H533RE, NUCLEO-H563ZI, NUCLEO-H7S3L8, NUCLEO-N657X0-Q, NUCLEO-U031R8, NUCLEO-U083RC, NUCLEO-U385RG-Q, NUCLEO-U545RE-Q, NUCLEO-U5A5ZJ-Q, NUCLEO-WB05KZ, NUCLEO-WB07CC, NUCLEO-WB09KE, NUCLEO-WBA52CG, NUCLEO-WBA55CG, NUCLEO-WL33CC1, NUCLEO-WL33CC2, STEVAL-PROTEUS1, STEVAL-SMARTAG2, STEVAL-STWINBX1, STM320518-EVAL, STM32C0116-DK, STM32C011D6Y3TR, STM32C011D6Y6TR, STM32C011F4P3, STM32C011F4P6, STM32C011F4U3, STM32C011F4U6TR, STM32C011F6P3, STM32C011F6P6, STM32C011F6U3, STM32C011F6U6TR, STM32C011J4M3, STM32C011J4M6, STM32C011J6M3, STM32C011J6M6, STM32C0316-DK, STM32C031C4T3, STM32C031C4T6, STM32C031C4U3, STM32C031C4U6, STM32C031C6T3, STM32C031C6T6, STM32C031C6U3, STM32C031C6U6, STM32C031F4P3, STM32C031F4P6, STM32C031F6P3, STM32C031F6P6, STM32C031G4U3, STM32C031G4U6, STM32C031G6U3, STM32C031G6U6, STM32C031K4T3, STM32C031K4T6, STM32C031K4U3, STM32C031K4U6, STM32C031K6T3, STM32C031K6T6, STM32C031K6U3, STM32C031K6U6, STM32C051C6T6, STM32C051C6U6, STM32C051C8T6, STM32C051C8U6, STM32C051D8Y6TR, STM32C051F6P6, STM32C051F8P6, STM32C051G6U6, STM32C051G8U6, STM32C051K6T6, STM32C051K6U6, STM32C051K8T6, STM32C071C8T6, STM32C071C8T6N, STM32C071C8U6, STM32C071C8U6N, STM32C071CBT6, STM32C071CBT6N, STM32C071CBU6, STM32C071CBU6N, STM32C071F8P6, STM32C071F8P6N, STM32C071FBP6, STM32C071FBP6N, STM32C071FBY6TR, STM32C071G8U6, STM32C071G8U6N, STM32C071GBU6, STM32C071GBU6N, STM32C071K8T6, STM32C071K8T6N, STM32C071K8U6, STM32C071K8U6N, STM32C071KBT6, STM32C071KBT6N, STM32C071KBU6, STM32C071KBU6N, STM32C071R8T6, STM32C071R8T6N, STM32C071RBI6N, STM32C071RBT6, STM32C071RBT6N, STM32C091CBT6, STM32C091CBU6, STM32C091CCT6, STM32C091CCU6, STM32C091ECY6TR, STM32C091FBP6, STM32C091FCP6, STM32C091GBU6, STM32C091GCU6, STM32C091KBT6, STM32C091KBU6, STM32C091KCT6, STM32C091KCU6, STM32C091RBT6, STM32C091RCI6, STM32C091RCT6, STM32C092CBT6, STM32C092CBU6, STM32C092CCT6, STM32C092CCU6, STM32C092ECY6TR, STM32C092FBP6, STM32C092FCP6, STM32C092GBU6, STM32C092GCU6, STM32C092KBT6, STM32C092KBU6, STM32C092KCT6, STM32C092KCU6, STM32C092RBT6, STM32C092RCI6, STM32C092RCT6, STM32G071K8TXN, STM32G071K8UXN, STM32G081GBU6N, STM32G081KBT6N, STM32G081KBUXN, STM32G0B1CCT6N, STM32G0B1KCT6, STM32G0B1NEY6TR, STM32G0B1RCT6N, STM32G0C1CCT6, STM32G0C1CCT6N, STM32G0C1CCU6N, STM32G0C1CET6N, STM32G0C1CEU6N, STM32G0C1KCT6, STM32G0C1NEY6TR, STM32G0C1RCI6N, STM32G0C1RCT6N, STM32G0C1REI6N, STM32G0C1RET6N, STM32G0C1VCI6, STM32G0C1VEI6, STM32G411C6T3, STM32G411C6T6, STM32G411C6U3, STM32G411C6U6, STM32G411C8T3, STM32G411C8T6, STM32G411C8U3, STM32G411C8U6, STM32G411CBT3, STM32G411CBT6, STM32G411CBU3, STM32G411CBU6, STM32G411K6T3, STM32G411K6T6, STM32G411K6U3, STM32G411K6U6, STM32G411K8T3, STM32G411K8T6, STM32G411K8U3, STM32G411K8U6, STM32G411KBT3, STM32G411KBT6, STM32G411KBU3, STM32G411KBU6, STM32G411M6T3, STM32G411M6T6, STM32G411M8T3, STM32G411M8T6, STM32G411MBT3, STM32G411MBT6, STM32G411R6T3, STM32G411R6T6, STM32G411R8T3, STM32G411R8T6, STM32G411RBT3, STM32G411RBT6, STM32G414CBT3, STM32G414CBT6, STM32G414CBU3, STM32G414CBU6, STM32G414CCT3, STM32G414CCT6, STM32G414CCU3, STM32G414CCU6, STM32G414MBT3, STM32G414MBT6, STM32G414MCT3, STM32G414MCT6, STM32G414RBT3, STM32G414RBT6, STM32G414RCT3, STM32G414RCT6, STM32G414VBT3, STM32G414VBT6, STM32G414VCT3, STM32G414VCT6, STM32G431CBT3Z, STM32G431RBT3Z, STM32G471CCT6, STM32G471CCU6, STM32G471CET3, STM32G471CET6, STM32G471CEU3, STM32G471CEU6, STM32G471MCT6, STM32G471MET3, STM32G471MET6, STM32G471MEY6TR, STM32G471QCT6, STM32G471QET3, STM32G471RCT6, STM32G471RET3, STM32G471RET6, STM32G471VCH6, STM32G471VCI6, STM32G471VCT6, STM32G471VEH3, STM32G471VEH6, STM32G471VEI3, STM32G471VEI6, STM32G471VET3, STM32G471VET6, STM32G473QET3Z, STM32G473RET3Z, STM32G474CCT6, STM32G491RET3Z, STM32H503CBT6, STM32H503CBU6, STM32H503EBY6TR, STM32H503KBU6, STM32H503RBT6, STM32H523CCT6, STM32H523CCU6, STM32H523CET6, STM32H523CEU6, STM32H523HEY6TR, STM32H523RCT6, STM32H523RET6, STM32H523VCI6, STM32H523VCT6, STM32H523VEI6, STM32H523VET6, STM32H523ZCJ6, STM32H523ZCT6, STM32H523ZEJ6, STM32H523ZET6, STM32H533CET6, STM32H533CEU6, STM32H533HEY6TR, STM32H533RET6, STM32H533VEI6, STM32H533VET6, STM32H533ZEJ6, STM32H533ZET6, STM32H562AGI6, STM32H562AII6, STM32H562IGK6, STM32H562IGT6, STM32H562IIK6, STM32H562IIT6, STM32H562RGT6, STM32H562RGV6, STM32H562RIT6, STM32H562RIV6, STM32H562VGT6, STM32H562VIT6, STM32H562ZGT6, STM32H562ZIT6, STM32H563AGI6, STM32H563AII3Q, STM32H563AII6, STM32H563IGK6, STM32H563IGT6, STM32H563IIK3Q, STM32H563IIK6, STM32H563IIT3Q, STM32H563IIT6, STM32H563MIY3QTR, STM32H563RGT6, STM32H563RGV6, STM32H563RIT6, STM32H563RIV6, STM32H563VGT6, STM32H563VIT3Q, STM32H563VIT6, STM32H563ZGT6, STM32H563ZIT3Q, STM32H563ZIT6, STM32H573AII3Q, STM32H573AII6, STM32H573I-DK, STM32H573IIK3Q, STM32H573IIK6, STM32H573IIT3Q, STM32H573IIT6, STM32H573MIY3QTR, STM32H573RIT6, STM32H573RIV6, STM32H573VIT3Q, STM32H573VIT6, STM32H573ZIT3Q, STM32H573ZIT6, STM32H7R3A8I6, STM32H7R3I8K6, STM32H7R3I8T6, STM32H7R3L8H6, STM32H7R3L8H6H, STM32H7R3R8V6, STM32H7R3V8H6, STM32H7R3V8T6, STM32H7R3V8Y6TR, STM32H7R3Z8J6, STM32H7R3Z8T6, STM32H7R7A8I6, STM32H7R7I8K6, STM32H7R7I8T6, STM32H7R7L8H6, STM32H7R7L8H6H, STM32H7R7Z8J6, STM32H7S3A8I6, STM32H7S3I8K6, STM32H7S3I8T6, STM32H7S3L8H6, STM32H7S3L8H6H, STM32H7S3R8V6, STM32H7S3V8H6, STM32H7S3V8T6, STM32H7S3V8Y6TR, STM32H7S3Z8J6, STM32H7S3Z8T6, STM32H7S78-DK, STM32H7S7A8I6, STM32H7S7I8K6, STM32H7S7I8T6, STM32H7S7L8H6, STM32H7S7L8H6H, STM32H7S7Z8J6, STM32L4R5QGI6STR, STM32MP131AAE3, STM32MP131AAF3, STM32MP131AAG3, STM32MP131CAE3, STM32MP131CAF3, STM32MP131CAG3, STM32MP131DAE7, STM32MP131DAF7, STM32MP131DAG7, STM32MP131FAE7, STM32MP131FAF7, STM32MP131FAG7, STM32MP133AAE3, STM32MP133AAF3, STM32MP133AAG3, STM32MP133CAE3, STM32MP133CAF3, STM32MP133CAG3, STM32MP133DAE7, STM32MP133DAF7, STM32MP133DAG7, STM32MP133FAE7, STM32MP133FAF7, STM32MP133FAG7, STM32MP135AAE3, STM32MP135AAF3, STM32MP135AAG3, STM32MP135CAE3, STM32MP135CAF3, STM32MP135CAG3, STM32MP135DAE7, STM32MP135DAF7, STM32MP135DAG7, STM32MP135F-DK, STM32MP135FAE7, STM32MP135FAF7, STM32MP135FAF7T, STM32MP135FAF7U, STM32MP135FAG7, STM32MP211AAL3, STM32MP211AAM3, STM32MP211AAN3, STM32MP211AAO3, STM32MP211CAL3, STM32MP211CAM3, STM32MP211CAN3, STM32MP211CAO3, STM32MP211DAL3, STM32MP211DAM3, STM32MP211DAN3, STM32MP211DAO3, STM32MP211FAL3, STM32MP211FAM3, STM32MP211FAN3, STM32MP211FAO3, STM32MP213AAL3, STM32MP213AAM3, STM32MP213AAN3, STM32MP213AAO3, STM32MP213CAL3, STM32MP213CAM3, STM32MP213CAN3, STM32MP213CAO3, STM32MP213DAL3, STM32MP213DAM3, STM32MP213DAN3, STM32MP213DAO3, STM32MP213FAL3, STM32MP213FAM3, STM32MP213FAN3, STM32MP213FAO3, STM32MP215AAL3, STM32MP215AAM3, STM32MP215AAN3, STM32MP215AAO3, STM32MP215CAL3, STM32MP215CAM3, STM32MP215CAN3, STM32MP215CAO3, STM32MP215DAL3, STM32MP215DAM3, STM32MP215DAN3, STM32MP215DAO3, STM32MP215F-DK, STM32MP215FAL3, STM32MP215FAM3, STM32MP215FAN3, STM32MP215FAO3, STM32MP231AAJ3, STM32MP231AAK3, STM32MP231AAL3, STM32MP231CAJ3, STM32MP231CAK3, STM32MP231CAL3, STM32MP231DAJ3, STM32MP231DAK3, STM32MP231DAL3, STM32MP231FAJ3, STM32MP231FAK3, STM32MP231FAL3, STM32MP233AAJ3, STM32MP233AAK3, STM32MP233AAL3, STM32MP233CAJ3, STM32MP233CAK3, STM32MP233CAL3, STM32MP233DAJ3, STM32MP233DAK3, STM32MP233DAL3, STM32MP233FAJ3, STM32MP233FAK3, STM32MP233FAL3, STM32MP235AAJ3, STM32MP235AAK3, STM32MP235AAL3, STM32MP235CAJ3, STM32MP235CAK3, STM32MP235CAL3, STM32MP235DAJ3, STM32MP235DAK3, STM32MP235DAL3, STM32MP235FAJ3, STM32MP235FAK3, STM32MP235FAL3, STM32MP251AAI3, STM32MP251AAK3, STM32MP251AAL3, STM32MP251CAI3, STM32MP251CAK3, STM32MP251CAL3, STM32MP251DAI3, STM32MP251DAK3, STM32MP251DAL3, STM32MP251FAI3, STM32MP251FAK3, STM32MP251FAL3, STM32MP253AAI3, STM32MP253AAK3, STM32MP253AAL3, STM32MP253CAI3, STM32MP253CAK3, STM32MP253CAL3, STM32MP253DAI3, STM32MP253DAK3, STM32MP253DAL3, STM32MP253FAI3, STM32MP253FAK3, STM32MP253FAL3, STM32MP255AAI3, STM32MP255AAK3, STM32MP255AAL3, STM32MP255CAI3, STM32MP255CAK3, STM32MP255CAL3, STM32MP255DAI3, STM32MP255DAK3, STM32MP255DAL3, STM32MP255FAI3, STM32MP255FAK3, STM32MP255FAL3, STM32MP257AAI3, STM32MP257AAK3, STM32MP257AAL3, STM32MP257CAI3, STM32MP257CAK3, STM32MP257CAL3, STM32MP257DAI3, STM32MP257DAK3, STM32MP257DAL3, STM32MP257F-DK, STM32MP257F-EV1, STM32MP257FAI3, STM32MP257FAK3, STM32MP257FAL3, STM32N645A0H3Q, STM32N645B0H3Q, STM32N645I0H3Q, STM32N645L0H3Q, STM32N645X0H3Q, STM32N645Z0H3Q, STM32N647A0H3Q, STM32N647B0H3Q, STM32N647I0H3Q, STM32N647L0H3Q, STM32N647X0H3Q, STM32N647Z0H3Q, STM32N655A0H3Q, STM32N655B0H3Q, STM32N655I0H3Q, STM32N655L0H3Q, STM32N655X0H3Q, STM32N655Z0H3Q, STM32N6570-DK, STM32N657A0H3Q, STM32N657B0H3Q, STM32N657I0H3Q, STM32N657L0H3Q, STM32N657X0H3Q, STM32N657Z0H3Q, STM32U031C6T6, STM32U031C6U6, STM32U031C8T6, STM32U031C8U6, STM32U031F4P6, STM32U031F6P6, STM32U031F8P6, STM32U031G6Y6TR, STM32U031G8Y6TR, STM32U031K4U6, STM32U031K6U6, STM32U031K8U6, STM32U031R6I6, STM32U031R6T6, STM32U031R8I6, STM32U031R8T6, STM32U073C8T6, STM32U073C8U6, STM32U073CBT6, STM32U073CBU6, STM32U073CCT6, STM32U073CCU6, STM32U073H8Y6TR, STM32U073HBY6TR, STM32U073HCY6TR, STM32U073K8U6, STM32U073KBU6, STM32U073KCU6, STM32U073M8I6, STM32U073M8T6, STM32U073MBI6, STM32U073MBT6, STM32U073MCI6, STM32U073MCT6, STM32U073R8I6, STM32U073R8T6, STM32U073RBI6, STM32U073RBT6, STM32U073RCI6, STM32U073RCT6, STM32U083C-DK, STM32U083CCT6, STM32U083CCU6, STM32U083HCY6TR, STM32U083KCU6, STM32U083MCI6, STM32U083MCT6, STM32U083RCI6, STM32U083RCT6, STM32U375CET6, STM32U375CET6Q, STM32U375CEU6, STM32U375CEU6Q, STM32U375CEY6QTR, STM32U375CGT6, STM32U375CGT6Q, STM32U375CGU6, STM32U375CGU6Q, STM32U375CGY6QTR, STM32U375KEU6, STM32U375KGU6, STM32U375REI6, STM32U375REI6Q, STM32U375RET6, STM32U375RET6Q, STM32U375REY6GTR, STM32U375REY6QTR, STM32U375RGI6, STM32U375RGI6Q, STM32U375RGT6, STM32U375RGT6Q, STM32U375RGY6GTR, STM32U375RGY6QTR, STM32U375VEI6, STM32U375VEI6Q, STM32U375VET6, STM32U375VET6Q, STM32U375VGI6, STM32U375VGI6Q, STM32U375VGT6, STM32U375VGT6Q, STM32U385CGT6, STM32U385CGT6Q, STM32U385CGU6, STM32U385CGU6Q, STM32U385CGY6QTR, STM32U385KGU6, STM32U385RGI6, STM32U385RGI6Q, STM32U385RGT6, STM32U385RGT6Q, STM32U385RGY6GTR, STM32U385RGY6QTR, STM32U385VGI6, STM32U385VGI6Q, STM32U385VGT6, STM32U385VGT6Q, STM32U535CBT6, STM32U535CBT6Q, STM32U535CBU6, STM32U535CBU6Q, STM32U535CCT6, STM32U535CCT6Q, STM32U535CCU6, STM32U535CCU6Q, STM32U535CET6, STM32U535CET6Q, STM32U535CEU6, STM32U535CEU6Q, STM32U535JEY6QTR, STM32U535NCY6QTR, STM32U535NEY6QTR, STM32U535RBI6, STM32U535RBI6Q, STM32U535RBT6, STM32U535RBT6Q, STM32U535RCI6, STM32U535RCI6Q, STM32U535RCT6, STM32U535RCT6Q, STM32U535REI6, STM32U535REI6Q, STM32U535RET6, STM32U535RET6Q, STM32U535VCI6, STM32U535VCI6Q, STM32U535VCT6, STM32U535VCT6Q, STM32U535VEI6, STM32U535VEI6Q, STM32U535VET6, STM32U535VET6Q, STM32U545CET6, STM32U545CET6Q, STM32U545CEU6, STM32U545CEU6Q, STM32U545JEY6QTR, STM32U545NEY6QTR, STM32U545REI6, STM32U545REI6Q, STM32U545RET6, STM32U545RET6Q, STM32U545VEI6, STM32U545VEI6Q, STM32U545VET6, STM32U545VET6Q, STM32U595AIH6, STM32U595AIH6Q, STM32U595AJH6, STM32U595AJH6Q, STM32U595QII6, STM32U595QII6Q, STM32U595QJI6, STM32U595QJI6Q, STM32U595RIT6, STM32U595RIT6Q, STM32U595RJT6, STM32U595RJT6Q, STM32U595VIT6, STM32U595VIT6Q, STM32U595VJT6, STM32U595VJT6Q, STM32U595ZIT6, STM32U595ZIT6Q, STM32U595ZIY6QTR, STM32U595ZJT6, STM32U595ZJT6Q, STM32U595ZJY6QTR, STM32U599BJY6QTR, STM32U599NIH6Q, STM32U599NJH6Q, STM32U599VIT6Q, STM32U599VJT6, STM32U599VJT6Q, STM32U599ZIT6Q, STM32U599ZIY6QTR, STM32U599ZJT6Q, STM32U599ZJY6QTR, STM32U5A5AJH6, STM32U5A5AJH6Q, STM32U5A5QII3Q , STM32U5A5QJI6, STM32U5A5QJI6Q, STM32U5A5RJT6, STM32U5A5RJT6Q, STM32U5A5VJT6, STM32U5A5VJT6Q, STM32U5A5ZJT6, STM32U5A5ZJT6Q, STM32U5A5ZJY6QTR, STM32U5A9BJY6QTR, STM32U5A9J-DK, STM32U5A9NJH6Q, STM32U5A9VJT6Q, STM32U5A9ZJT6Q, STM32U5A9ZJY6QTR, STM32U5F7VIT6, STM32U5F7VIT6Q, STM32U5F7VJT6, STM32U5F7VJT6Q, STM32U5F9BJY6QTR, STM32U5F9NJH6Q, STM32U5F9VIT6Q, STM32U5F9VJT6Q, STM32U5F9ZIJ6QTR, STM32U5F9ZIT6Q, STM32U5F9ZJJ6QTR, STM32U5F9ZJT6Q, STM32U5G7VJT6, STM32U5G7VJT6Q, STM32U5G9BJY6QTR, STM32U5G9J-DK1, STM32U5G9J-DK2, STM32U5G9NJH6Q, STM32U5G9VJT6Q, STM32U5G9ZJJ6QTR, STM32U5G9ZJT6Q, STM32WB05KZV6TR, STM32WB05KZV7TR, STM32WB05TZF6TR, STM32WB05TZF7TR, STM32WB06CCF6TR, STM32WB06CCF7TR, STM32WB06CCV6TR, STM32WB06CCV7TR, STM32WB06KCV6TR, STM32WB06KCV7TR, STM32WB07CCF6TR, STM32WB07CCF7TR, STM32WB07CCV6TR, STM32WB07CCV7TR, STM32WB07KCV6TR, STM32WB07KCV7TR, STM32WB09KEV6TR, STM32WB09KEV7TR, STM32WB09TEF6TR, STM32WB09TEF7TR, STM32WB1MMCH6, STM32WBA50KGU6, STM32WBA50KGU6TR, STM32WBA52CEU6, STM32WBA52CEU6TR, STM32WBA52CEU7, STM32WBA52CEU7TR, STM32WBA52CGU6, STM32WBA52CGU6TR, STM32WBA52CGU6U, STM32WBA52CGU7, STM32WBA52CGU7TR, STM32WBA52KEU6, STM32WBA52KEU6TR, STM32WBA52KGU6, STM32WBA52KGU6TR, STM32WBA54CEU6, STM32WBA54CEU6TR, STM32WBA54CEU7, STM32WBA54CEU7TR, STM32WBA54CGU6, STM32WBA54CGU6TR, STM32WBA54CGU7, STM32WBA54CGU7TR, STM32WBA54KEU6, STM32WBA54KEU6TR, STM32WBA54KEU7, STM32WBA54KEU7TR, STM32WBA54KGU6, STM32WBA54KGU6TR, STM32WBA54KGU7, STM32WBA54KGU7TR, STM32WBA55CEU6, STM32WBA55CEU6TR, STM32WBA55CEU7, STM32WBA55CEU7TR, STM32WBA55CGU6, STM32WBA55CGU6TR, STM32WBA55CGU6U, STM32WBA55CGU7, STM32WBA55CGU7TR, STM32WBA55G-DK1, STM32WBA55HEF6, STM32WBA55HEF7, STM32WBA55HGF6, STM32WBA55HGF7, STM32WBA55UEI6, STM32WBA55UEI6TR, STM32WBA55UEI7, STM32WBA55UEI7TR, STM32WBA55UGI6, STM32WBA55UGI6TR, STM32WBA55UGI7, STM32WBA55UGI7TR, STM32WBA5MMGH6TR, STM32WBA62MGF6, STM32WBA62MIF6, STM32WBA65MGF7, STM32WBA65MIF6, STM32WBA65MIF7, STM32WL30K8V6, STM32WL30KBV6, STM32WL31C8V6, STM32WL31CBV6, STM32WL31K8V6, STM32WL31KBV6, STM32WL33C8V6, STM32WL33C8V6X, STM32WL33CBV6, STM32WL33CBV6X, STM32WL33CCV6, STM32WL33CCV6A, STM32WL33CCV6X, STM32WL33K8V7, STM32WL33K8V7X, STM32WL33KBV7 , STM32WL33KBV7X, STM32WL33KCV7, STM32WL33KCV7X, STM32WL5MOCH6, STM32WL5MOCH6TR]
2025-07-22 21:22:44,843 [INFO] BoardInfo:889 - No configuration file found for board P-NUCLEO-WB55
2025-07-22 21:22:44,845 [INFO] DbBoards:161 - Kit is not supported: P-NUCLEO-WB55
2025-07-22 21:22:44,856 [INFO] BoardInfo:889 - No configuration file found for board STEVAL-BFA001V1B
2025-07-22 21:22:44,858 [INFO] DbBoards:161 - Kit is not supported: STEVAL-BFA001V1B
2025-07-22 21:22:44,860 [INFO] BoardInfo:889 - No configuration file found for board STEVAL-BFA001V2B
2025-07-22 21:22:44,862 [INFO] DbBoards:161 - Kit is not supported: STEVAL-BFA001V2B
2025-07-22 21:22:45,174 [INFO] DbBoards:168 - Found 212 boards, 209 are supported
2025-07-22 21:22:45,174 [INFO] DbBoards:169 - Found 212 boards, 43 of them is supported for  Bsp
2025-07-22 21:22:45,179 [INFO] ApiDb:668 - CubeFinder database Data Model version=2.1
2025-07-22 21:22:45,179 [INFO] ApiDb:669 - CubeFinder database Configuration version=3.0.39
2025-07-22 21:22:45,179 [INFO] ApiDb:670 - CubeFinder database generation date=2025-06-24 (1750757100)
2025-07-22 21:22:45,179 [INFO] ApiDb:671 - CubeFinder database FW Pack versions=[FP-ATR-ASTRA1_V2.0.0, FP-SNS-FLIGHT1_V5.1.0, FP-SNS-MOTENV1_V5.0.0, FP-SNS-MOTENVWB1_V1.4.0, FP-SNS-SMARTAG2_V1.2.0, FP-SNS-STBOX1_V2.0.0, STM32Cube_FW_C0_V1.4.0, STM32Cube_FW_F4_V1.28.2, STM32Cube_FW_F7_V1.17.3, STM32Cube_FW_G0_V1.6.2, STM32Cube_FW_G4_V1.6.1, STM32Cube_FW_H5_V1.5.0, STM32Cube_FW_H7RS_V1.2.0, STM32Cube_FW_H7_V1.12.1, STM32Cube_FW_L0_V1.12.2, STM32Cube_FW_L4_V1.18.1, STM32Cube_FW_L5_V1.5.1, STM32Cube_FW_N6_V1.2.0, STM32Cube_FW_U0_V1.3.0, STM32Cube_FW_U3_V1.2.0, STM32Cube_FW_U5_V1.8.0, STM32Cube_FW_WB0_V1.3.0, STM32Cube_FW_WBA_V1.7.0, STM32Cube_FW_WB_V1.23.0, STM32Cube_FW_WL3_V1.2.0, STM32Cube_FW_WL_V1.3.1, X-CUBE-ALGOBUILD_V1.4.0, X-CUBE-ALS_V1.0.2, X-CUBE-AZRTOS-F4_V1.1.0, X-CUBE-AZRTOS-F7_V1.1.0, X-CUBE-AZRTOS-G0_V1.1.0, X-CUBE-AZRTOS-G4_V2.0.0, X-CUBE-AZRTOS-H7RS_V1.1.0, X-CUBE-AZRTOS-H7_V3.3.0, X-CUBE-AZRTOS-L4_V2.0.0, X-CUBE-AZRTOS-L5_V2.0.0, X-CUBE-AZRTOS-WB_V2.0.0, X-CUBE-AZRTOS-WL_V2.0.0, X-CUBE-BLE1_V7.1.0, X-CUBE-BLE2_V3.3.0, X-CUBE-BLEMGR_V4.0.0, X-CUBE-EEPRMA1_V5.1.0, X-CUBE-FREERTOS_V1.3.1, X-CUBE-GNSS1_V6.0.0, X-CUBE-MEMS1_V11.3.0, X-CUBE-NFC4_V3.0.0, X-CUBE-NFC7_V2.0.0, X-CUBE-SFXS2LP1_V4.0.0, X-CUBE-SUBG2_V5.0.0, X-CUBE-TOF1_V3.4.3]
2025-07-22 21:22:47,552 [INFO] ApiDb:240 - Found 880 in-development CPN: [B-G473E-ZEST1S, B-WB1M-WPAN1, B-WBA5M-WPAN, B-WL5M-SUBG1, NUCLEO-C031C6, NUCLEO-C051C8, NUCLEO-C071RB, NUCLEO-C092RC, NUCLEO-H503RB, NUCLEO-H533RE, NUCLEO-H563ZI, NUCLEO-H7S3L8, NUCLEO-N657X0-Q, NUCLEO-U031R8, NUCLEO-U083RC, NUCLEO-U385RG-Q, NUCLEO-U545RE-Q, NUCLEO-U5A5ZJ-Q, NUCLEO-WB05KZ, NUCLEO-WB07CC, NUCLEO-WB09KE, NUCLEO-WBA52CG, NUCLEO-WBA55CG, NUCLEO-WL33CC1, NUCLEO-WL33CC2, STEVAL-PROTEUS1, STEVAL-SMARTAG2, STEVAL-STWINBX1, STM320518-EVAL, STM32C0116-DK, STM32C011D6Y3TR, STM32C011D6Y6TR, STM32C011F4P3, STM32C011F4P6, STM32C011F4U3, STM32C011F4U6TR, STM32C011F6P3, STM32C011F6P6, STM32C011F6U3, STM32C011F6U6TR, STM32C011J4M3, STM32C011J4M6, STM32C011J6M3, STM32C011J6M6, STM32C0316-DK, STM32C031C4T3, STM32C031C4T6, STM32C031C4U3, STM32C031C4U6, STM32C031C6T3, STM32C031C6T6, STM32C031C6U3, STM32C031C6U6, STM32C031F4P3, STM32C031F4P6, STM32C031F6P3, STM32C031F6P6, STM32C031G4U3, STM32C031G4U6, STM32C031G6U3, STM32C031G6U6, STM32C031K4T3, STM32C031K4T6, STM32C031K4U3, STM32C031K4U6, STM32C031K6T3, STM32C031K6T6, STM32C031K6U3, STM32C031K6U6, STM32C051C6T6, STM32C051C6U6, STM32C051C8T6, STM32C051C8U6, STM32C051D8Y6TR, STM32C051F6P6, STM32C051F8P6, STM32C051G6U6, STM32C051G8U6, STM32C051K6T6, STM32C051K6U6, STM32C051K8T6, STM32C071C8T6, STM32C071C8T6N, STM32C071C8U6, STM32C071C8U6N, STM32C071CBT6, STM32C071CBT6N, STM32C071CBU6, STM32C071CBU6N, STM32C071F8P6, STM32C071F8P6N, STM32C071FBP6, STM32C071FBP6N, STM32C071FBY6TR, STM32C071G8U6, STM32C071G8U6N, STM32C071GBU6, STM32C071GBU6N, STM32C071K8T6, STM32C071K8T6N, STM32C071K8U6, STM32C071K8U6N, STM32C071KBT6, STM32C071KBT6N, STM32C071KBU6, STM32C071KBU6N, STM32C071R8T6, STM32C071R8T6N, STM32C071RBI6N, STM32C071RBT6, STM32C071RBT6N, STM32C091CBT6, STM32C091CBU6, STM32C091CCT6, STM32C091CCU6, STM32C091ECY6TR, STM32C091FBP6, STM32C091FCP6, STM32C091GBU6, STM32C091GCU6, STM32C091KBT6, STM32C091KBU6, STM32C091KCT6, STM32C091KCU6, STM32C091RBT6, STM32C091RCI6, STM32C091RCT6, STM32C092CBT6, STM32C092CBU6, STM32C092CCT6, STM32C092CCU6, STM32C092ECY6TR, STM32C092FBP6, STM32C092FCP6, STM32C092GBU6, STM32C092GCU6, STM32C092KBT6, STM32C092KBU6, STM32C092KCT6, STM32C092KCU6, STM32C092RBT6, STM32C092RCI6, STM32C092RCT6, STM32G071K8TXN, STM32G071K8UXN, STM32G081GBU6N, STM32G081KBT6N, STM32G081KBUXN, STM32G0B1CCT6N, STM32G0B1KCT6, STM32G0B1NEY6TR, STM32G0B1RCT6N, STM32G0C1CCT6, STM32G0C1CCT6N, STM32G0C1CCU6N, STM32G0C1CET6N, STM32G0C1CEU6N, STM32G0C1KCT6, STM32G0C1NEY6TR, STM32G0C1RCI6N, STM32G0C1RCT6N, STM32G0C1REI6N, STM32G0C1RET6N, STM32G0C1VCI6, STM32G0C1VEI6, STM32G411C6T3, STM32G411C6T6, STM32G411C6U3, STM32G411C6U6, STM32G411C8T3, STM32G411C8T6, STM32G411C8U3, STM32G411C8U6, STM32G411CBT3, STM32G411CBT6, STM32G411CBU3, STM32G411CBU6, STM32G411K6T3, STM32G411K6T6, STM32G411K6U3, STM32G411K6U6, STM32G411K8T3, STM32G411K8T6, STM32G411K8U3, STM32G411K8U6, STM32G411KBT3, STM32G411KBT6, STM32G411KBU3, STM32G411KBU6, STM32G411M6T3, STM32G411M6T6, STM32G411M8T3, STM32G411M8T6, STM32G411MBT3, STM32G411MBT6, STM32G411R6T3, STM32G411R6T6, STM32G411R8T3, STM32G411R8T6, STM32G411RBT3, STM32G411RBT6, STM32G414CBT3, STM32G414CBT6, STM32G414CBU3, STM32G414CBU6, STM32G414CCT3, STM32G414CCT6, STM32G414CCU3, STM32G414CCU6, STM32G414MBT3, STM32G414MBT6, STM32G414MCT3, STM32G414MCT6, STM32G414RBT3, STM32G414RBT6, STM32G414RCT3, STM32G414RCT6, STM32G414VBT3, STM32G414VBT6, STM32G414VCT3, STM32G414VCT6, STM32G431CBT3Z, STM32G431RBT3Z, STM32G471CCT6, STM32G471CCU6, STM32G471CET3, STM32G471CET6, STM32G471CEU3, STM32G471CEU6, STM32G471MCT6, STM32G471MET3, STM32G471MET6, STM32G471MEY6TR, STM32G471QCT6, STM32G471QET3, STM32G471RCT6, STM32G471RET3, STM32G471RET6, STM32G471VCH6, STM32G471VCI6, STM32G471VCT6, STM32G471VEH3, STM32G471VEH6, STM32G471VEI3, STM32G471VEI6, STM32G471VET3, STM32G471VET6, STM32G473QET3Z, STM32G473RET3Z, STM32G474CCT6, STM32G491RET3Z, STM32H503CBT6, STM32H503CBU6, STM32H503EBY6TR, STM32H503KBU6, STM32H503RBT6, STM32H523CCT6, STM32H523CCU6, STM32H523CET6, STM32H523CEU6, STM32H523HEY6TR, STM32H523RCT6, STM32H523RET6, STM32H523VCI6, STM32H523VCT6, STM32H523VEI6, STM32H523VET6, STM32H523ZCJ6, STM32H523ZCT6, STM32H523ZEJ6, STM32H523ZET6, STM32H533CET6, STM32H533CEU6, STM32H533HEY6TR, STM32H533RET6, STM32H533VEI6, STM32H533VET6, STM32H533ZEJ6, STM32H533ZET6, STM32H562AGI6, STM32H562AII6, STM32H562IGK6, STM32H562IGT6, STM32H562IIK6, STM32H562IIT6, STM32H562RGT6, STM32H562RGV6, STM32H562RIT6, STM32H562RIV6, STM32H562VGT6, STM32H562VIT6, STM32H562ZGT6, STM32H562ZIT6, STM32H563AGI6, STM32H563AII3Q, STM32H563AII6, STM32H563IGK6, STM32H563IGT6, STM32H563IIK3Q, STM32H563IIK6, STM32H563IIT3Q, STM32H563IIT6, STM32H563MIY3QTR, STM32H563RGT6, STM32H563RGV6, STM32H563RIT6, STM32H563RIV6, STM32H563VGT6, STM32H563VIT3Q, STM32H563VIT6, STM32H563ZGT6, STM32H563ZIT3Q, STM32H563ZIT6, STM32H573AII3Q, STM32H573AII6, STM32H573I-DK, STM32H573IIK3Q, STM32H573IIK6, STM32H573IIT3Q, STM32H573IIT6, STM32H573MIY3QTR, STM32H573RIT6, STM32H573RIV6, STM32H573VIT3Q, STM32H573VIT6, STM32H573ZIT3Q, STM32H573ZIT6, STM32H7R3A8I6, STM32H7R3I8K6, STM32H7R3I8T6, STM32H7R3L8H6, STM32H7R3L8H6H, STM32H7R3R8V6, STM32H7R3V8H6, STM32H7R3V8T6, STM32H7R3V8Y6TR, STM32H7R3Z8J6, STM32H7R3Z8T6, STM32H7R7A8I6, STM32H7R7I8K6, STM32H7R7I8T6, STM32H7R7L8H6, STM32H7R7L8H6H, STM32H7R7Z8J6, STM32H7S3A8I6, STM32H7S3I8K6, STM32H7S3I8T6, STM32H7S3L8H6, STM32H7S3L8H6H, STM32H7S3R8V6, STM32H7S3V8H6, STM32H7S3V8T6, STM32H7S3V8Y6TR, STM32H7S3Z8J6, STM32H7S3Z8T6, STM32H7S78-DK, STM32H7S7A8I6, STM32H7S7I8K6, STM32H7S7I8T6, STM32H7S7L8H6, STM32H7S7L8H6H, STM32H7S7Z8J6, STM32L4R5QGI6STR, STM32MP131AAE3, STM32MP131AAF3, STM32MP131AAG3, STM32MP131CAE3, STM32MP131CAF3, STM32MP131CAG3, STM32MP131DAE7, STM32MP131DAF7, STM32MP131DAG7, STM32MP131FAE7, STM32MP131FAF7, STM32MP131FAG7, STM32MP133AAE3, STM32MP133AAF3, STM32MP133AAG3, STM32MP133CAE3, STM32MP133CAF3, STM32MP133CAG3, STM32MP133DAE7, STM32MP133DAF7, STM32MP133DAG7, STM32MP133FAE7, STM32MP133FAF7, STM32MP133FAG7, STM32MP135AAE3, STM32MP135AAF3, STM32MP135AAG3, STM32MP135CAE3, STM32MP135CAF3, STM32MP135CAG3, STM32MP135DAE7, STM32MP135DAF7, STM32MP135DAG7, STM32MP135F-DK, STM32MP135FAE7, STM32MP135FAF7, STM32MP135FAF7T, STM32MP135FAF7U, STM32MP135FAG7, STM32MP211AAL3, STM32MP211AAM3, STM32MP211AAN3, STM32MP211AAO3, STM32MP211CAL3, STM32MP211CAM3, STM32MP211CAN3, STM32MP211CAO3, STM32MP211DAL3, STM32MP211DAM3, STM32MP211DAN3, STM32MP211DAO3, STM32MP211FAL3, STM32MP211FAM3, STM32MP211FAN3, STM32MP211FAO3, STM32MP213AAL3, STM32MP213AAM3, STM32MP213AAN3, STM32MP213AAO3, STM32MP213CAL3, STM32MP213CAM3, STM32MP213CAN3, STM32MP213CAO3, STM32MP213DAL3, STM32MP213DAM3, STM32MP213DAN3, STM32MP213DAO3, STM32MP213FAL3, STM32MP213FAM3, STM32MP213FAN3, STM32MP213FAO3, STM32MP215AAL3, STM32MP215AAM3, STM32MP215AAN3, STM32MP215AAO3, STM32MP215CAL3, STM32MP215CAM3, STM32MP215CAN3, STM32MP215CAO3, STM32MP215DAL3, STM32MP215DAM3, STM32MP215DAN3, STM32MP215DAO3, STM32MP215F-DK, STM32MP215FAL3, STM32MP215FAM3, STM32MP215FAN3, STM32MP215FAO3, STM32MP231AAJ3, STM32MP231AAK3, STM32MP231AAL3, STM32MP231CAJ3, STM32MP231CAK3, STM32MP231CAL3, STM32MP231DAJ3, STM32MP231DAK3, STM32MP231DAL3, STM32MP231FAJ3, STM32MP231FAK3, STM32MP231FAL3, STM32MP233AAJ3, STM32MP233AAK3, STM32MP233AAL3, STM32MP233CAJ3, STM32MP233CAK3, STM32MP233CAL3, STM32MP233DAJ3, STM32MP233DAK3, STM32MP233DAL3, STM32MP233FAJ3, STM32MP233FAK3, STM32MP233FAL3, STM32MP235AAJ3, STM32MP235AAK3, STM32MP235AAL3, STM32MP235CAJ3, STM32MP235CAK3, STM32MP235CAL3, STM32MP235DAJ3, STM32MP235DAK3, STM32MP235DAL3, STM32MP235FAJ3, STM32MP235FAK3, STM32MP235FAL3, STM32MP251AAI3, STM32MP251AAK3, STM32MP251AAL3, STM32MP251CAI3, STM32MP251CAK3, STM32MP251CAL3, STM32MP251DAI3, STM32MP251DAK3, STM32MP251DAL3, STM32MP251FAI3, STM32MP251FAK3, STM32MP251FAL3, STM32MP253AAI3, STM32MP253AAK3, STM32MP253AAL3, STM32MP253CAI3, STM32MP253CAK3, STM32MP253CAL3, STM32MP253DAI3, STM32MP253DAK3, STM32MP253DAL3, STM32MP253FAI3, STM32MP253FAK3, STM32MP253FAL3, STM32MP255AAI3, STM32MP255AAK3, STM32MP255AAL3, STM32MP255CAI3, STM32MP255CAK3, STM32MP255CAL3, STM32MP255DAI3, STM32MP255DAK3, STM32MP255DAL3, STM32MP255FAI3, STM32MP255FAK3, STM32MP255FAL3, STM32MP257AAI3, STM32MP257AAK3, STM32MP257AAL3, STM32MP257CAI3, STM32MP257CAK3, STM32MP257CAL3, STM32MP257DAI3, STM32MP257DAK3, STM32MP257DAL3, STM32MP257F-DK, STM32MP257F-EV1, STM32MP257FAI3, STM32MP257FAK3, STM32MP257FAL3, STM32N645A0H3Q, STM32N645B0H3Q, STM32N645I0H3Q, STM32N645L0H3Q, STM32N645X0H3Q, STM32N645Z0H3Q, STM32N647A0H3Q, STM32N647B0H3Q, STM32N647I0H3Q, STM32N647L0H3Q, STM32N647X0H3Q, STM32N647Z0H3Q, STM32N655A0H3Q, STM32N655B0H3Q, STM32N655I0H3Q, STM32N655L0H3Q, STM32N655X0H3Q, STM32N655Z0H3Q, STM32N6570-DK, STM32N657A0H3Q, STM32N657B0H3Q, STM32N657I0H3Q, STM32N657L0H3Q, STM32N657X0H3Q, STM32N657Z0H3Q, STM32U031C6T6, STM32U031C6U6, STM32U031C8T6, STM32U031C8U6, STM32U031F4P6, STM32U031F6P6, STM32U031F8P6, STM32U031G6Y6TR, STM32U031G8Y6TR, STM32U031K4U6, STM32U031K6U6, STM32U031K8U6, STM32U031R6I6, STM32U031R6T6, STM32U031R8I6, STM32U031R8T6, STM32U073C8T6, STM32U073C8U6, STM32U073CBT6, STM32U073CBU6, STM32U073CCT6, STM32U073CCU6, STM32U073H8Y6TR, STM32U073HBY6TR, STM32U073HCY6TR, STM32U073K8U6, STM32U073KBU6, STM32U073KCU6, STM32U073M8I6, STM32U073M8T6, STM32U073MBI6, STM32U073MBT6, STM32U073MCI6, STM32U073MCT6, STM32U073R8I6, STM32U073R8T6, STM32U073RBI6, STM32U073RBT6, STM32U073RCI6, STM32U073RCT6, STM32U083C-DK, STM32U083CCT6, STM32U083CCU6, STM32U083HCY6TR, STM32U083KCU6, STM32U083MCI6, STM32U083MCT6, STM32U083RCI6, STM32U083RCT6, STM32U375CET6, STM32U375CET6Q, STM32U375CEU6, STM32U375CEU6Q, STM32U375CEY6QTR, STM32U375CGT6, STM32U375CGT6Q, STM32U375CGU6, STM32U375CGU6Q, STM32U375CGY6QTR, STM32U375KEU6, STM32U375KGU6, STM32U375REI6, STM32U375REI6Q, STM32U375RET6, STM32U375RET6Q, STM32U375REY6GTR, STM32U375REY6QTR, STM32U375RGI6, STM32U375RGI6Q, STM32U375RGT6, STM32U375RGT6Q, STM32U375RGY6GTR, STM32U375RGY6QTR, STM32U375VEI6, STM32U375VEI6Q, STM32U375VET6, STM32U375VET6Q, STM32U375VGI6, STM32U375VGI6Q, STM32U375VGT6, STM32U375VGT6Q, STM32U385CGT6, STM32U385CGT6Q, STM32U385CGU6, STM32U385CGU6Q, STM32U385CGY6QTR, STM32U385KGU6, STM32U385RGI6, STM32U385RGI6Q, STM32U385RGT6, STM32U385RGT6Q, STM32U385RGY6GTR, STM32U385RGY6QTR, STM32U385VGI6, STM32U385VGI6Q, STM32U385VGT6, STM32U385VGT6Q, STM32U535CBT6, STM32U535CBT6Q, STM32U535CBU6, STM32U535CBU6Q, STM32U535CCT6, STM32U535CCT6Q, STM32U535CCU6, STM32U535CCU6Q, STM32U535CET6, STM32U535CET6Q, STM32U535CEU6, STM32U535CEU6Q, STM32U535JEY6QTR, STM32U535NCY6QTR, STM32U535NEY6QTR, STM32U535RBI6, STM32U535RBI6Q, STM32U535RBT6, STM32U535RBT6Q, STM32U535RCI6, STM32U535RCI6Q, STM32U535RCT6, STM32U535RCT6Q, STM32U535REI6, STM32U535REI6Q, STM32U535RET6, STM32U535RET6Q, STM32U535VCI6, STM32U535VCI6Q, STM32U535VCT6, STM32U535VCT6Q, STM32U535VEI6, STM32U535VEI6Q, STM32U535VET6, STM32U535VET6Q, STM32U545CET6, STM32U545CET6Q, STM32U545CEU6, STM32U545CEU6Q, STM32U545JEY6QTR, STM32U545NEY6QTR, STM32U545REI6, STM32U545REI6Q, STM32U545RET6, STM32U545RET6Q, STM32U545VEI6, STM32U545VEI6Q, STM32U545VET6, STM32U545VET6Q, STM32U595AIH6, STM32U595AIH6Q, STM32U595AJH6, STM32U595AJH6Q, STM32U595QII6, STM32U595QII6Q, STM32U595QJI6, STM32U595QJI6Q, STM32U595RIT6, STM32U595RIT6Q, STM32U595RJT6, STM32U595RJT6Q, STM32U595VIT6, STM32U595VIT6Q, STM32U595VJT6, STM32U595VJT6Q, STM32U595ZIT6, STM32U595ZIT6Q, STM32U595ZIY6QTR, STM32U595ZJT6, STM32U595ZJT6Q, STM32U595ZJY6QTR, STM32U599BJY6QTR, STM32U599NIH6Q, STM32U599NJH6Q, STM32U599VIT6Q, STM32U599VJT6, STM32U599VJT6Q, STM32U599ZIT6Q, STM32U599ZIY6QTR, STM32U599ZJT6Q, STM32U599ZJY6QTR, STM32U5A5AJH6, STM32U5A5AJH6Q, STM32U5A5QII3Q , STM32U5A5QJI6, STM32U5A5QJI6Q, STM32U5A5RJT6, STM32U5A5RJT6Q, STM32U5A5VJT6, STM32U5A5VJT6Q, STM32U5A5ZJT6, STM32U5A5ZJT6Q, STM32U5A5ZJY6QTR, STM32U5A9BJY6QTR, STM32U5A9J-DK, STM32U5A9NJH6Q, STM32U5A9VJT6Q, STM32U5A9ZJT6Q, STM32U5A9ZJY6QTR, STM32U5F7VIT6, STM32U5F7VIT6Q, STM32U5F7VJT6, STM32U5F7VJT6Q, STM32U5F9BJY6QTR, STM32U5F9NJH6Q, STM32U5F9VIT6Q, STM32U5F9VJT6Q, STM32U5F9ZIJ6QTR, STM32U5F9ZIT6Q, STM32U5F9ZJJ6QTR, STM32U5F9ZJT6Q, STM32U5G7VJT6, STM32U5G7VJT6Q, STM32U5G9BJY6QTR, STM32U5G9J-DK1, STM32U5G9J-DK2, STM32U5G9NJH6Q, STM32U5G9VJT6Q, STM32U5G9ZJJ6QTR, STM32U5G9ZJT6Q, STM32WB05KZV6TR, STM32WB05KZV7TR, STM32WB05TZF6TR, STM32WB05TZF7TR, STM32WB06CCF6TR, STM32WB06CCF7TR, STM32WB06CCV6TR, STM32WB06CCV7TR, STM32WB06KCV6TR, STM32WB06KCV7TR, STM32WB07CCF6TR, STM32WB07CCF7TR, STM32WB07CCV6TR, STM32WB07CCV7TR, STM32WB07KCV6TR, STM32WB07KCV7TR, STM32WB09KEV6TR, STM32WB09KEV7TR, STM32WB09TEF6TR, STM32WB09TEF7TR, STM32WB1MMCH6, STM32WBA50KGU6, STM32WBA50KGU6TR, STM32WBA52CEU6, STM32WBA52CEU6TR, STM32WBA52CEU7, STM32WBA52CEU7TR, STM32WBA52CGU6, STM32WBA52CGU6TR, STM32WBA52CGU6U, STM32WBA52CGU7, STM32WBA52CGU7TR, STM32WBA52KEU6, STM32WBA52KEU6TR, STM32WBA52KGU6, STM32WBA52KGU6TR, STM32WBA54CEU6, STM32WBA54CEU6TR, STM32WBA54CEU7, STM32WBA54CEU7TR, STM32WBA54CGU6, STM32WBA54CGU6TR, STM32WBA54CGU7, STM32WBA54CGU7TR, STM32WBA54KEU6, STM32WBA54KEU6TR, STM32WBA54KEU7, STM32WBA54KEU7TR, STM32WBA54KGU6, STM32WBA54KGU6TR, STM32WBA54KGU7, STM32WBA54KGU7TR, STM32WBA55CEU6, STM32WBA55CEU6TR, STM32WBA55CEU7, STM32WBA55CEU7TR, STM32WBA55CGU6, STM32WBA55CGU6TR, STM32WBA55CGU6U, STM32WBA55CGU7, STM32WBA55CGU7TR, STM32WBA55G-DK1, STM32WBA55HEF6, STM32WBA55HEF7, STM32WBA55HGF6, STM32WBA55HGF7, STM32WBA55UEI6, STM32WBA55UEI6TR, STM32WBA55UEI7, STM32WBA55UEI7TR, STM32WBA55UGI6, STM32WBA55UGI6TR, STM32WBA55UGI7, STM32WBA55UGI7TR, STM32WBA5MMGH6TR, STM32WBA62MGF6, STM32WBA62MIF6, STM32WBA65MGF7, STM32WBA65MIF6, STM32WBA65MIF7, STM32WL30K8V6, STM32WL30KBV6, STM32WL31C8V6, STM32WL31CBV6, STM32WL31K8V6, STM32WL31KBV6, STM32WL33C8V6, STM32WL33C8V6X, STM32WL33CBV6, STM32WL33CBV6X, STM32WL33CCV6, STM32WL33CCV6A, STM32WL33CCV6X, STM32WL33K8V7, STM32WL33K8V7X, STM32WL33KBV7 , STM32WL33KBV7X, STM32WL33KCV7, STM32WL33KCV7X, STM32WL5MOCH6, STM32WL5MOCH6TR]
2025-07-22 21:22:47,559 [INFO] DbMcus:218 - Found 4801 MCUs, 4801 are supported
2025-07-22 21:22:47,560 [INFO] ApiDb:423 - Load user favorites file C:\Users\aliya/.stm32cubeide/favorites.mcus.txt: 0 item(s)
2025-07-22 21:22:47,560 [INFO] ApiDb:427 - User favorites MCUs=[]
2025-07-22 21:22:47,560 [INFO] DbMcus:224 - Set 0 / 0 favorites MCUs
2025-07-22 21:22:48,285 [INFO] ApiDb:423 - Load user favorites file C:\Users\aliya/.stm32cubeide/favorites.boards.txt: 1 item(s)
2025-07-22 21:22:48,285 [INFO] ApiDb:427 - User favorites Boards=[NUCLEO-F446RE]
2025-07-22 21:22:48,286 [INFO] DbBoards:198 - Set 1 / 1 favorites Boards
2025-07-22 21:22:48,349 [INFO] UtilMem:75 - End LoadConfig() Used Memory: 278039344 Bytes (594542592)
2025-07-22 21:22:48,585 [WARN] ThirdParty:833 - waiting for thirdparty lock release [change project]
2025-07-22 21:22:48,586 [INFO] ThirdParty:835 - entering critical section [change project]
2025-07-22 21:22:48,586 [INFO] ThirdParty:1030 - CMSIS Pack Vendor :STMicroelectronics X-CUBE-PM33A1 1.0.0
2025-07-22 21:22:48,586 [INFO] ThirdParty:1030 - CMSIS Pack Vendor :STMicroelectronics USBPD 4.1
2025-07-22 21:22:48,586 [INFO] ThirdParty:1030 - CMSIS Pack Vendor :STMicroelectronics X-CUBE-AZRTOS-H7 3.3.0
2025-07-22 21:22:48,586 [INFO] ThirdParty:1030 - CMSIS Pack Vendor :STMicroelectronics X-CUBE-NFC9 1.0.0
2025-07-22 21:22:48,586 [INFO] ThirdParty:1030 - CMSIS Pack Vendor :wolfSSL I-CUBE-wolfSSL 5.8.0
2025-07-22 21:22:48,586 [INFO] ThirdParty:1030 - CMSIS Pack Vendor :STMicroelectronics USB_HOST 2.0.0
2025-07-22 21:22:48,586 [INFO] ThirdParty:1030 - CMSIS Pack Vendor :STMicroelectronics FP-SNS-MOTENVWB1 1.4.0
2025-07-22 21:22:48,586 [INFO] ThirdParty:1030 - CMSIS Pack Vendor :STMicroelectronics X-CUBE-AZRTOS-F4 1.1.0
2025-07-22 21:22:48,586 [INFO] ThirdParty:1030 - CMSIS Pack Vendor :STMicroelectronics LIBJPEG 8.0.0
2025-07-22 21:22:48,586 [INFO] ThirdParty:1030 - CMSIS Pack Vendor :STMicroelectronics FP-ATR-ASTRA1 2.0.2
2025-07-22 21:22:48,586 [INFO] ThirdParty:1030 - CMSIS Pack Vendor :STMicroelectronics X-CUBE-BLE1 7.1.0
2025-07-22 21:22:48,586 [INFO] ThirdParty:1030 - CMSIS Pack Vendor :Avnet-IotConnect X-CUBE-IoTC-DA16k-PMOD 1.0.0
2025-07-22 21:22:48,586 [INFO] ThirdParty:1030 - CMSIS Pack Vendor :STMicroelectronics X-CUBE-SMBUS 2.1.0
2025-07-22 21:22:48,586 [INFO] ThirdParty:1030 - CMSIS Pack Vendor :wolfSSL I-CUBE-wolfMQTT 1.19.2
2025-07-22 21:22:48,586 [INFO] ThirdParty:1030 - CMSIS Pack Vendor :STMicroelectronics USB_DEVICE 3.0.0
2025-07-22 21:22:48,587 [INFO] ThirdParty:1030 - CMSIS Pack Vendor :STMicroelectronics X-CUBE-ISPU 2.1.0
2025-07-22 21:22:48,587 [INFO] ThirdParty:1030 - CMSIS Pack Vendor :STMicroelectronics X-CUBE-EEPRMA1 5.2.0
2025-07-22 21:22:48,587 [INFO] ThirdParty:1030 - CMSIS Pack Vendor :STMicroelectronics X-CUBE-BLEMGR 4.1.0
2025-07-22 21:22:48,587 [INFO] ThirdParty:1030 - CMSIS Pack Vendor :STMicroelectronics X-CUBE-AZRTOS-WB 2.0.0
2025-07-22 21:22:48,587 [INFO] ThirdParty:1030 - CMSIS Pack Vendor :STMicroelectronics X-CUBE-ST60 1.0.0
2025-07-22 21:22:48,587 [INFO] ThirdParty:1030 - CMSIS Pack Vendor :STMicroelectronics X-CUBE-GNSS1 7.0.1
2025-07-22 21:22:48,587 [INFO] ThirdParty:1030 - CMSIS Pack Vendor :STMicroelectronics X-CUBE-NFC12 1.0.0
2025-07-22 21:22:48,587 [INFO] ThirdParty:1030 - CMSIS Pack Vendor :STMicroelectronics X-CUBE-AZRTOS-F7 1.1.0
2025-07-22 21:22:48,587 [INFO] ThirdParty:1030 - CMSIS Pack Vendor :STMicroelectronics X-CUBE-AZRTOS-L5 2.0.0
2025-07-22 21:22:48,587 [INFO] ThirdParty:1030 - CMSIS Pack Vendor :STMicroelectronics X-CUBE-TOUCHGFX 4.25.0
2025-07-22 21:22:48,587 [INFO] ThirdParty:1030 - CMSIS Pack Vendor :STMicroelectronics USB_DEVICE 2.0.0
2025-07-22 21:22:48,587 [INFO] ThirdParty:1030 - CMSIS Pack Vendor :STMicroelectronics X-CUBE-NFC6 3.1.0
2025-07-22 21:22:48,587 [INFO] ThirdParty:1030 - CMSIS Pack Vendor :STMicroelectronics X-CUBE-AI 10.1.0
2025-07-22 21:22:48,587 [INFO] ThirdParty:1030 - CMSIS Pack Vendor :STMicroelectronics FP-SNS-STBOX1 2.0.0
2025-07-22 21:22:48,587 [INFO] ThirdParty:1030 - CMSIS Pack Vendor :STMicroelectronics FreeRTOS 0.0.1
2025-07-22 21:22:48,588 [INFO] ThirdParty:1030 - CMSIS Pack Vendor :STMicroelectronics X-CUBE-AZRTOS-G0 1.1.0
2025-07-22 21:22:48,588 [INFO] ThirdParty:1030 - CMSIS Pack Vendor :STMicroelectronics X-CUBE-SAFEA1 1.2.2
2025-07-22 21:22:48,588 [INFO] ThirdParty:1030 - CMSIS Pack Vendor :STMicroelectronics X-CUBE-NFC4 3.0.0
2025-07-22 21:22:48,588 [INFO] ThirdParty:1030 - CMSIS Pack Vendor :STMicroelectronics X-CUBE-SUBG2 5.0.0
2025-07-22 21:22:48,588 [INFO] ThirdParty:1030 - CMSIS Pack Vendor :STMicroelectronics X-CUBE-AZRTOS-H7RS 1.1.0
2025-07-22 21:22:48,588 [INFO] ThirdParty:1030 - CMSIS Pack Vendor :STMicroelectronics STM32_WPAN 1.0.0
2025-07-22 21:22:48,588 [INFO] ThirdParty:1030 - CMSIS Pack Vendor :EmbeddedOffice I-CUBE-FS-RTOS 1.0.1
2025-07-22 21:22:48,588 [INFO] ThirdParty:1030 - CMSIS Pack Vendor :STMicroelectronics lwIP 2.0.3
2025-07-22 21:22:48,588 [INFO] ThirdParty:1030 - CMSIS Pack Vendor :Cesanta I-CUBE-Mongoose 7.13.0
2025-07-22 21:22:48,588 [INFO] ThirdParty:1030 - CMSIS Pack Vendor :STMicroelectronics USB_HOST 1.0.0
2025-07-22 21:22:48,588 [INFO] ThirdParty:1030 - CMSIS Pack Vendor :Infineon AIROC-Wi-Fi-Bluetooth-STM32 1.7.0
2025-07-22 21:22:48,588 [INFO] ThirdParty:1030 - CMSIS Pack Vendor :STMicroelectronics X-CUBE-AZRTOS-G4 2.0.0
2025-07-22 21:22:48,588 [INFO] ThirdParty:1030 - CMSIS Pack Vendor :STMicroelectronics X-CUBE-WB05N 2.0.0
2025-07-22 21:22:48,588 [INFO] ThirdParty:1030 - CMSIS Pack Vendor :STMicroelectronics PDM2PCM 3.1.0
2025-07-22 21:22:48,588 [INFO] ThirdParty:1030 - CMSIS Pack Vendor :STMicroelectronics PDM2PCM 3.3.0
2025-07-22 21:22:48,588 [INFO] ThirdParty:1030 - CMSIS Pack Vendor :wolfSSL I-CUBE-wolfTPM 3.8.0
2025-07-22 21:22:48,588 [INFO] ThirdParty:1030 - CMSIS Pack Vendor :STMicroelectronics X-CUBE-AZRTOS-H7 3.4.0
2025-07-22 21:22:48,588 [INFO] ThirdParty:1030 - CMSIS Pack Vendor :STMicroelectronics X-CUBE-DISPLAY 3.0.0
2025-07-22 21:22:48,588 [INFO] ThirdParty:1030 - CMSIS Pack Vendor :wolfSSL I-CUBE-wolfSSH 1.4.20
2025-07-22 21:22:48,588 [INFO] ThirdParty:1030 - CMSIS Pack Vendor :STMicroelectronics X-CUBE-NFC7 2.0.0
2025-07-22 21:22:48,588 [INFO] ThirdParty:1030 - CMSIS Pack Vendor :STMicroelectronics X-CUBE-TCPP 4.2.0
2025-07-22 21:22:48,588 [INFO] ThirdParty:1030 - CMSIS Pack Vendor :RealThread X-CUBE-RT-Thread_Nano 4.1.1
2025-07-22 21:22:48,588 [INFO] ThirdParty:1030 - CMSIS Pack Vendor :STMicroelectronics FP-ATR-SIGFOX1 3.2.0
2025-07-22 21:22:48,588 [INFO] ThirdParty:1030 - CMSIS Pack Vendor :STMicroelectronics X-CUBE-NFC10 1.0.0
2025-07-22 21:22:48,588 [INFO] ThirdParty:1030 - CMSIS Pack Vendor :STMicroelectronics X-CUBE-BLEMGR 4.0.0
2025-07-22 21:22:48,589 [INFO] ThirdParty:1030 - CMSIS Pack Vendor :STMicroelectronics X-CUBE-EEPRMA1 5.1.0
2025-07-22 21:22:48,589 [INFO] ThirdParty:1030 - CMSIS Pack Vendor :STMicroelectronics X-CUBE-FREERTOS 1.3.1
2025-07-22 21:22:48,589 [INFO] ThirdParty:1030 - CMSIS Pack Vendor :STMicroelectronics HAL Drivers 0.0.0
2025-07-22 21:22:48,589 [INFO] ThirdParty:1030 - CMSIS Pack Vendor :STMicroelectronics MBEDTLS 2.16.2
2025-07-22 21:22:48,589 [INFO] ThirdParty:1030 - CMSIS Pack Vendor :STMicroelectronics X-CUBE-IPS 3.1.0
2025-07-22 21:22:48,589 [INFO] ThirdParty:1030 - CMSIS Pack Vendor :STMicroelectronics X-CUBE-ALS 1.0.2
2025-07-22 21:22:48,589 [INFO] ThirdParty:1030 - CMSIS Pack Vendor :emotas I-CUBE-CANOPEN 1.3.0
2025-07-22 21:22:48,589 [INFO] ThirdParty:1030 - CMSIS Pack Vendor :STMicroelectronics MBEDTLS 2.14.1
2025-07-22 21:22:48,589 [INFO] ThirdParty:1030 - CMSIS Pack Vendor :ITTIA_DB I-CUBE-ITTIADB 8.9.0
2025-07-22 21:22:48,589 [INFO] ThirdParty:1030 - CMSIS Pack Vendor :portGmbH I-Cube-SoM-uGOAL 1.1.0
2025-07-22 21:22:48,590 [INFO] ThirdParty:1030 - CMSIS Pack Vendor :quantropi X-CUBE-qispace-sdk-base 2.0.0
2025-07-22 21:22:48,590 [INFO] ThirdParty:1030 - CMSIS Pack Vendor :STMicroelectronics X-CUBE-ST67W61 1.0.0
2025-07-22 21:22:48,590 [INFO] ThirdParty:1030 - CMSIS Pack Vendor :STMicroelectronics FP-SNS-STAIOTCFT 1.0.0
2025-07-22 21:22:48,590 [INFO] ThirdParty:1030 - CMSIS Pack Vendor :STMicroelectronics ThreadX 1.0.0
2025-07-22 21:22:48,590 [INFO] ThirdParty:1030 - CMSIS Pack Vendor :STMicroelectronics FP-SNS-SMARTAG2 1.2.0
2025-07-22 21:22:48,590 [INFO] ThirdParty:1030 - CMSIS Pack Vendor :STMicroelectronics FP-SNS-FLIGHT1 5.1.0
2025-07-22 21:22:48,590 [INFO] ThirdParty:1030 - CMSIS Pack Vendor :STMicroelectronics X-CUBE-AZRTOS-WL 2.0.0
2025-07-22 21:22:48,590 [INFO] ThirdParty:1030 - CMSIS Pack Vendor :SEGGER I-CUBE-embOS 1.3.1
2025-07-22 21:22:48,590 [INFO] ThirdParty:1030 - CMSIS Pack Vendor :STMicroelectronics X-CUBE-ALGOBUILD 1.4.0
2025-07-22 21:22:48,590 [INFO] ThirdParty:1030 - CMSIS Pack Vendor :STMicroelectronics X-CUBE-DPower 1.3.0
2025-07-22 21:22:48,590 [INFO] ThirdParty:1030 - CMSIS Pack Vendor :STMicroelectronics X-CUBE-MEMS1 11.3.0
2025-07-22 21:22:48,590 [INFO] ThirdParty:1030 - CMSIS Pack Vendor :STMicroelectronics FP-SNS-MOTENV1 5.0.0
2025-07-22 21:22:48,590 [INFO] ThirdParty:1030 - CMSIS Pack Vendor :STMicroelectronics USB_DEVICE 1.0.0
2025-07-22 21:22:48,590 [INFO] ThirdParty:1030 - CMSIS Pack Vendor :STMicroelectronics X-CUBE-AZRTOS-L4 2.0.0
2025-07-22 21:22:48,590 [INFO] ThirdParty:1030 - CMSIS Pack Vendor :STMicroelectronics ThreadX 0.0.2
2025-07-22 21:22:48,590 [INFO] ThirdParty:1030 - CMSIS Pack Vendor :WES I-CUBE-Cesium 1.3.0
2025-07-22 21:22:48,592 [INFO] ThirdParty:1030 - CMSIS Pack Vendor :STMicroelectronics lwIP 2.1.2
2025-07-22 21:22:48,592 [INFO] ThirdParty:1030 - CMSIS Pack Vendor :STMicroelectronics X-CUBE-SFXS2LP1 4.0.0
2025-07-22 21:22:48,592 [INFO] ThirdParty:1030 - CMSIS Pack Vendor :STMicroelectronics X-CUBE-BLE2 3.3.0
2025-07-22 21:22:48,592 [INFO] ThirdParty:1030 - CMSIS Pack Vendor :STMicroelectronics X-CUBE-TOF1 3.4.3
2025-07-22 21:22:48,592 [INFO] ThirdParty:1030 - CMSIS Pack Vendor :STMicroelectronics PDM2PCM 3.2.0
2025-07-22 21:22:48,592 [INFO] ThirdParty:841 - exiting critical section [change project]
2025-07-22 21:22:49,227 [INFO] PinOutPanel:1589 - setPackage(No Configuration,No Configuration)
2025-07-22 21:22:49,228 [INFO] PinOutPanel:1589 - setPackage(STM32F446RETx,LQFP64)
2025-07-22 21:22:50,118 [INFO] UtilMem:75 - Before build in PCC Used Memory: 487405272 Bytes (644874240)
2025-07-22 21:22:50,933 [INFO] UtilMem:75 - After build in PCC Used Memory: 304856760 Bytes (663748608)
2025-07-22 21:22:51,018 [INFO] ApiDbMcu:532 - Load IP Config File for FREERTOS
2025-07-22 21:22:51,056 [INFO] IPUIPlugin:80 - create IPUIPlugin
2025-07-22 21:22:51,056 [INFO] IPUIPlugin:80 - create IPUIPlugin
2025-07-22 21:22:51,056 [INFO] IPUIPlugin:80 - create IPUIPlugin
2025-07-22 21:22:51,056 [INFO] IPUIPlugin:80 - create IPUIPlugin
2025-07-22 21:22:51,057 [INFO] IPUIPlugin:80 - create IPUIPlugin
2025-07-22 21:22:51,057 [INFO] IPUIPlugin:80 - create IPUIPlugin
2025-07-22 21:22:51,057 [INFO] IPUIPlugin:80 - create IPUIPlugin
2025-07-22 21:22:51,057 [INFO] IPUIPlugin:80 - create IPUIPlugin
2025-07-22 21:22:51,057 [INFO] IPUIPlugin:80 - create IPUIPlugin
2025-07-22 21:22:51,057 [INFO] IPUIPlugin:80 - create IPUIPlugin
2025-07-22 21:22:51,057 [INFO] IPUIPlugin:80 - create IPUIPlugin
2025-07-22 21:22:51,057 [INFO] IPUIPlugin:80 - create IPUIPlugin
2025-07-22 21:22:51,057 [INFO] IPUIPlugin:80 - create IPUIPlugin
2025-07-22 21:22:51,057 [INFO] IPUIPlugin:80 - create IPUIPlugin
2025-07-22 21:22:51,058 [INFO] IPUIPlugin:80 - create IPUIPlugin
2025-07-22 21:22:51,058 [INFO] IPUIPlugin:80 - create IPUIPlugin
2025-07-22 21:22:51,058 [INFO] IPUIPlugin:80 - create IPUIPlugin
2025-07-22 21:22:51,058 [INFO] IPUIPlugin:80 - create IPUIPlugin
2025-07-22 21:22:51,058 [INFO] IPUIPlugin:80 - create IPUIPlugin
2025-07-22 21:22:51,058 [INFO] IPUIPlugin:80 - create IPUIPlugin
2025-07-22 21:22:51,058 [INFO] IPUIPlugin:80 - create IPUIPlugin
2025-07-22 21:22:51,058 [INFO] IPUIPlugin:80 - create IPUIPlugin
2025-07-22 21:22:51,058 [INFO] IPUIPlugin:80 - create IPUIPlugin
2025-07-22 21:22:51,060 [INFO] IPUIPlugin:80 - create IPUIPlugin
2025-07-22 21:22:51,060 [INFO] IPUIPlugin:80 - create IPUIPlugin
2025-07-22 21:22:51,060 [INFO] IPUIPlugin:80 - create IPUIPlugin
2025-07-22 21:22:51,060 [INFO] IPUIPlugin:80 - create IPUIPlugin
2025-07-22 21:22:51,060 [INFO] IPUIPlugin:80 - create IPUIPlugin
2025-07-22 21:22:51,061 [INFO] IPUIPlugin:80 - create IPUIPlugin
2025-07-22 21:22:51,061 [INFO] IPUIPlugin:80 - create IPUIPlugin
2025-07-22 21:22:51,061 [INFO] IPUIPlugin:80 - create IPUIPlugin
2025-07-22 21:22:51,061 [INFO] IPUIPlugin:80 - create IPUIPlugin
2025-07-22 21:22:51,061 [INFO] IPUIPlugin:80 - create IPUIPlugin
2025-07-22 21:22:51,062 [INFO] IPUIPlugin:80 - create IPUIPlugin
2025-07-22 21:22:51,062 [INFO] IPUIPlugin:80 - create IPUIPlugin
2025-07-22 21:22:51,062 [INFO] IPUIPlugin:80 - create IPUIPlugin
2025-07-22 21:22:51,062 [INFO] IPUIPlugin:80 - create IPUIPlugin
2025-07-22 21:22:51,063 [INFO] IPUIPlugin:80 - create IPUIPlugin
2025-07-22 21:22:51,063 [INFO] IPUIPlugin:80 - create IPUIPlugin
2025-07-22 21:22:51,063 [INFO] IPUIPlugin:80 - create IPUIPlugin
2025-07-22 21:22:51,063 [INFO] IPUIPlugin:80 - create IPUIPlugin
2025-07-22 21:22:51,064 [INFO] IPUIPlugin:80 - create IPUIPlugin
2025-07-22 21:22:51,064 [INFO] IPUIPlugin:80 - create IPUIPlugin
2025-07-22 21:22:51,064 [INFO] IPUIPlugin:80 - create IPUIPlugin
2025-07-22 21:22:51,065 [INFO] IPUIPlugin:80 - create IPUIPlugin
2025-07-22 21:22:51,065 [INFO] IPUIPlugin:80 - create IPUIPlugin
2025-07-22 21:22:51,065 [INFO] IPUIPlugin:80 - create IPUIPlugin
2025-07-22 21:22:51,066 [INFO] IPUIPlugin:80 - create IPUIPlugin
2025-07-22 21:22:51,066 [INFO] IPUIPlugin:80 - create IPUIPlugin
2025-07-22 21:22:51,066 [INFO] IPUIPlugin:80 - create IPUIPlugin
2025-07-22 21:22:51,067 [INFO] IPUIPlugin:80 - create IPUIPlugin
2025-07-22 21:22:51,067 [INFO] IPUIPlugin:80 - create IPUIPlugin
2025-07-22 21:22:51,067 [INFO] IPUIPlugin:80 - create IPUIPlugin
2025-07-22 21:22:51,069 [INFO] IPUIPlugin:80 - create IPUIPlugin
2025-07-22 21:22:51,069 [INFO] IPUIPlugin:80 - create IPUIPlugin
2025-07-22 21:22:51,069 [INFO] IPUIPlugin:80 - create IPUIPlugin
2025-07-22 21:22:51,070 [INFO] IPUIPlugin:80 - create IPUIPlugin
2025-07-22 21:22:51,070 [INFO] IPUIPlugin:80 - create IPUIPlugin
2025-07-22 21:22:51,071 [INFO] IPUIPlugin:80 - create IPUIPlugin
2025-07-22 21:22:51,071 [INFO] IPUIPlugin:80 - create IPUIPlugin
2025-07-22 21:22:51,079 [INFO] ApiDbMcu:532 - Load IP Config File for PDM2PCM
2025-07-22 21:22:51,086 [WARN] IP:2250 - I2C_Coeff_DF not found: check if there is a RefParameter without a condition.
2025-07-22 21:22:51,086 [WARN] IP:2250 - Analog_Filter not found: check if there is a RefParameter without a condition.
2025-07-22 21:22:51,117 [WARN] FreeRTOS:1023 - Null or empty value: should not occur! (nothing added to the table)
2025-07-22 21:22:51,331 [INFO] CADModel:165 - CPN selected for project levelSTM32F446RET6
2025-07-22 21:22:51,332 [INFO] CADModel:114 - Register for checkConnection events
2025-07-22 21:22:51,334 [INFO] RtosManager:728 - Active RTOS found at IOC load: FREERTOS [Cortex-M4NS]
2025-07-22 21:22:51,393 [INFO] OpenFileManager:386 - Restore cursor
2025-07-22 21:22:51,648 [WARN] IP:2250 - I2C_Coeff_DF not found: check if there is a RefParameter without a condition.
2025-07-22 21:22:51,648 [WARN] IP:2250 - Analog_Filter not found: check if there is a RefParameter without a condition.
2025-07-22 21:22:51,649 [WARN] IP:2250 - I2C_Coeff_DF not found: check if there is a RefParameter without a condition.
2025-07-22 21:22:51,649 [WARN] IP:2250 - Analog_Filter not found: check if there is a RefParameter without a condition.
2025-07-22 23:00:42,609 [ERROR] RtosPanel:558 - Can not restore the selected Tab for FREERTOS(A reason can be that the tab is no more available.)
2025-07-22 23:00:46,223 [INFO] TasksAndQueuesTab:757 - Dynamic
2025-07-22 23:00:46,224 [WARN] TasksAndQueuesTab:763 - 1024 128
2025-07-22 23:00:46,229 [WARN] TasksAndQueuesTab:775 - max value is: 3840.0
2025-07-22 23:00:46,230 [INFO] TasksAndQueuesTab:757 - Dynamic
2025-07-22 23:00:46,230 [WARN] TasksAndQueuesTab:763 - 1024 128
2025-07-22 23:00:46,231 [WARN] TasksAndQueuesTab:775 - max value is: 3840.0
2025-07-22 23:00:48,933 [INFO] EditThreadDialog:704 - RAM SIZE (in KB): 128
2025-07-22 23:00:48,934 [INFO] EditThreadDialog:706 - RAM SIZE (in words): 32768
2025-07-22 23:01:01,403 [INFO] TasksAndQueuesTab:757 - Dynamic
2025-07-22 23:01:01,403 [WARN] TasksAndQueuesTab:763 - 2048 128
2025-07-22 23:01:01,403 [WARN] TasksAndQueuesTab:775 - max value is: 3840.0
2025-07-22 23:01:01,403 [INFO] TasksAndQueuesTab:757 - Dynamic
2025-07-22 23:01:01,403 [WARN] TasksAndQueuesTab:763 - 1024 128
2025-07-22 23:01:01,403 [WARN] TasksAndQueuesTab:775 - max value is: 3840.0
2025-07-22 23:01:02,599 [INFO] EditThreadDialog:704 - RAM SIZE (in KB): 128
2025-07-22 23:01:02,600 [INFO] EditThreadDialog:706 - RAM SIZE (in words): 32768
2025-07-22 23:01:16,661 [INFO] EditThreadDialog:704 - RAM SIZE (in KB): 128
2025-07-22 23:01:16,661 [INFO] EditThreadDialog:706 - RAM SIZE (in words): 32768
2025-07-22 23:01:21,627 [INFO] TasksAndQueuesTab:757 - Dynamic
2025-07-22 23:01:21,627 [WARN] TasksAndQueuesTab:763 - 2048 128
2025-07-22 23:01:21,627 [WARN] TasksAndQueuesTab:775 - max value is: 3840.0
2025-07-22 23:01:21,628 [INFO] TasksAndQueuesTab:757 - Dynamic
2025-07-22 23:01:21,628 [WARN] TasksAndQueuesTab:763 - 2048 128
2025-07-22 23:01:21,628 [WARN] TasksAndQueuesTab:775 - max value is: 3840.0
2025-07-22 23:01:23,237 [INFO] UtilMem:75 - End SaveConfig() Used Memory: 381256256 Bytes (741343232)
2025-07-22 23:01:24,490 [INFO] UtilMem:75 - End SaveConfig() Used Memory: 423725632 Bytes (741343232)
2025-07-22 23:01:25,555 [INFO] UtilMem:75 - End SaveConfig() Used Memory: 554271296 Bytes (741343232)
2025-07-22 23:01:26,402 [INFO] ProjectBuilder:2395 - IP not ready for code generation: FREERTOS
2025-07-22 23:01:27,602 [INFO] BlockDiagram:2775 - set Specific Code input for plugin: FREERTOS
2025-07-22 23:01:27,602 [INFO] BlockDiagram:2775 - set Specific Code input for plugin: SYS
2025-07-22 23:01:27,602 [INFO] BlockDiagram:2775 - set Specific Code input for plugin: RCC
2025-07-22 23:01:27,602 [INFO] BlockDiagram:2775 - set Specific Code input for plugin: I2C
2025-07-22 23:01:27,602 [INFO] BlockDiagram:2775 - set Specific Code input for plugin: NVIC
2025-07-22 23:01:27,602 [INFO] BlockDiagram:2775 - set Specific Code input for plugin: USART
2025-07-22 23:01:27,603 [INFO] BlockDiagram:2775 - set Specific Code input for plugin: GPIO
2025-07-22 23:01:27,604 [INFO] CodeGenerator:892 - code generatio: config db path: C:\ST\STM32CubeIDE_1.18.1\STM32CubeIDE\plugins\com.st.stm32cube.common.mx_6.15.0.202507011659\\db\
2025-07-22 23:01:27,614 [WARN] IP:2250 - I2C_Coeff_DF not found: check if there is a RefParameter without a condition.
2025-07-22 23:01:27,614 [WARN] IP:2250 - Analog_Filter not found: check if there is a RefParameter without a condition.
2025-07-22 23:01:27,830 [INFO] CodeEngine:265 - oldGeneratedFile, C:\Users\aliya\proje\KontrolOrtakCalisma\Kontroll4\MXTmpFiles\license.tmp_save
2025-07-22 23:01:28,230 [INFO] CodeEngine:289 - Generated code: C:\Users\aliya\proje\KontrolOrtakCalisma\Kontroll4\MXTmpFiles\license.tmp
2025-07-22 23:01:28,303 [INFO] CodeEngine:265 - oldGeneratedFile, C:\Users\aliya\proje\KontrolOrtakCalisma\Kontroll4\Core\Src\gpio.c_save
2025-07-22 23:01:28,475 [INFO] CodeEngine:289 - Generated code: C:\Users\aliya\proje\KontrolOrtakCalisma\Kontroll4\Core\Src\gpio.c
2025-07-22 23:01:28,483 [INFO] CodeEngine:265 - oldGeneratedFile, C:\Users\aliya\proje\KontrolOrtakCalisma\Kontroll4\Core\Inc\gpio.h_save
2025-07-22 23:01:28,581 [INFO] CodeEngine:289 - Generated code: C:\Users\aliya\proje\KontrolOrtakCalisma\Kontroll4\Core\Inc\gpio.h
2025-07-22 23:01:28,786 [INFO] Middleware:1452 - No code input for Bsp Dependency
2025-07-22 23:01:28,800 [INFO] CodeEngine:265 - oldGeneratedFile, C:\Users\aliya\proje\KontrolOrtakCalisma\Kontroll4\MXTmpFiles\rtos_inc.tmp_save
2025-07-22 23:01:28,887 [INFO] CodeEngine:289 - Generated code: C:\Users\aliya\proje\KontrolOrtakCalisma\Kontroll4\MXTmpFiles\rtos_inc.tmp
2025-07-22 23:01:28,896 [INFO] CodeEngine:265 - oldGeneratedFile, C:\Users\aliya\proje\KontrolOrtakCalisma\Kontroll4\MXTmpFiles\rtos_kernelInit.tmp_save
2025-07-22 23:01:29,006 [INFO] CodeEngine:289 - Generated code: C:\Users\aliya\proje\KontrolOrtakCalisma\Kontroll4\MXTmpFiles\rtos_kernelInit.tmp
2025-07-22 23:01:29,013 [INFO] CodeEngine:265 - oldGeneratedFile, C:\Users\aliya\proje\KontrolOrtakCalisma\Kontroll4\MXTmpFiles\rtos_kernelStart.tmp_save
2025-07-22 23:01:29,095 [INFO] CodeEngine:289 - Generated code: C:\Users\aliya\proje\KontrolOrtakCalisma\Kontroll4\MXTmpFiles\rtos_kernelStart.tmp
2025-07-22 23:01:29,101 [INFO] CodeEngine:265 - oldGeneratedFile, C:\Users\aliya\proje\KontrolOrtakCalisma\Kontroll4\MXTmpFiles\rtos_typedefs.tmp_save
2025-07-22 23:01:29,188 [INFO] CodeEngine:289 - Generated code: C:\Users\aliya\proje\KontrolOrtakCalisma\Kontroll4\MXTmpFiles\rtos_typedefs.tmp
2025-07-22 23:01:29,194 [INFO] CodeEngine:265 - oldGeneratedFile, C:\Users\aliya\proje\KontrolOrtakCalisma\Kontroll4\MXTmpFiles\rtos_vars.tmp_save
2025-07-22 23:01:29,276 [INFO] CodeEngine:289 - Generated code: C:\Users\aliya\proje\KontrolOrtakCalisma\Kontroll4\MXTmpFiles\rtos_vars.tmp
2025-07-22 23:01:29,281 [INFO] CodeEngine:265 - oldGeneratedFile, C:\Users\aliya\proje\KontrolOrtakCalisma\Kontroll4\MXTmpFiles\rtos_pfp.tmp_save
2025-07-22 23:01:29,347 [INFO] CodeEngine:289 - Generated code: C:\Users\aliya\proje\KontrolOrtakCalisma\Kontroll4\MXTmpFiles\rtos_pfp.tmp
2025-07-22 23:01:29,351 [INFO] CodeEngine:265 - oldGeneratedFile, C:\Users\aliya\proje\KontrolOrtakCalisma\Kontroll4\MXTmpFiles\rtos_obj_creat.tmp_save
2025-07-22 23:01:29,415 [INFO] CodeEngine:289 - Generated code: C:\Users\aliya\proje\KontrolOrtakCalisma\Kontroll4\MXTmpFiles\rtos_obj_creat.tmp
2025-07-22 23:01:29,421 [INFO] CodeEngine:265 - oldGeneratedFile, C:\Users\aliya\proje\KontrolOrtakCalisma\Kontroll4\MXTmpFiles\rtos_default_thread.tmp_save
2025-07-22 23:01:29,483 [INFO] CodeEngine:289 - Generated code: C:\Users\aliya\proje\KontrolOrtakCalisma\Kontroll4\MXTmpFiles\rtos_default_thread.tmp
2025-07-22 23:01:29,490 [INFO] CodeEngine:265 - oldGeneratedFile, C:\Users\aliya\proje\KontrolOrtakCalisma\Kontroll4\MXTmpFiles\rtos_threads.tmp_save
2025-07-22 23:01:29,562 [INFO] CodeEngine:289 - Generated code: C:\Users\aliya\proje\KontrolOrtakCalisma\Kontroll4\MXTmpFiles\rtos_threads.tmp
2025-07-22 23:01:29,586 [INFO] Middleware:1452 - No code input for Bsp Dependency
2025-07-22 23:01:29,598 [INFO] CodeEngine:265 - oldGeneratedFile, C:\Users\aliya\proje\KontrolOrtakCalisma\Kontroll4\MXTmpFiles\rtos_inc.tmp_save
2025-07-22 23:01:29,664 [INFO] CodeEngine:289 - Generated code: C:\Users\aliya\proje\KontrolOrtakCalisma\Kontroll4\MXTmpFiles\rtos_inc.tmp
2025-07-22 23:01:29,671 [INFO] CodeEngine:265 - oldGeneratedFile, C:\Users\aliya\proje\KontrolOrtakCalisma\Kontroll4\MXTmpFiles\rtos_kernelInit.tmp_save
2025-07-22 23:01:29,743 [INFO] CodeEngine:289 - Generated code: C:\Users\aliya\proje\KontrolOrtakCalisma\Kontroll4\MXTmpFiles\rtos_kernelInit.tmp
2025-07-22 23:01:29,750 [INFO] CodeEngine:265 - oldGeneratedFile, C:\Users\aliya\proje\KontrolOrtakCalisma\Kontroll4\MXTmpFiles\rtos_kernelStart.tmp_save
2025-07-22 23:01:29,818 [INFO] CodeEngine:289 - Generated code: C:\Users\aliya\proje\KontrolOrtakCalisma\Kontroll4\MXTmpFiles\rtos_kernelStart.tmp
2025-07-22 23:01:29,827 [INFO] CodeEngine:265 - oldGeneratedFile, C:\Users\aliya\proje\KontrolOrtakCalisma\Kontroll4\MXTmpFiles\rtos_typedefs.tmp_save
2025-07-22 23:01:29,899 [INFO] CodeEngine:289 - Generated code: C:\Users\aliya\proje\KontrolOrtakCalisma\Kontroll4\MXTmpFiles\rtos_typedefs.tmp
2025-07-22 23:01:29,907 [INFO] CodeEngine:265 - oldGeneratedFile, C:\Users\aliya\proje\KontrolOrtakCalisma\Kontroll4\MXTmpFiles\rtos_vars.tmp_save
2025-07-22 23:01:30,053 [INFO] CodeEngine:289 - Generated code: C:\Users\aliya\proje\KontrolOrtakCalisma\Kontroll4\MXTmpFiles\rtos_vars.tmp
2025-07-22 23:01:30,079 [INFO] CodeEngine:265 - oldGeneratedFile, C:\Users\aliya\proje\KontrolOrtakCalisma\Kontroll4\MXTmpFiles\rtos_pfp.tmp_save
2025-07-22 23:01:30,194 [INFO] CodeEngine:289 - Generated code: C:\Users\aliya\proje\KontrolOrtakCalisma\Kontroll4\MXTmpFiles\rtos_pfp.tmp
2025-07-22 23:01:30,201 [INFO] CodeEngine:265 - oldGeneratedFile, C:\Users\aliya\proje\KontrolOrtakCalisma\Kontroll4\MXTmpFiles\rtos_obj_creat.tmp_save
2025-07-22 23:01:30,277 [INFO] CodeEngine:289 - Generated code: C:\Users\aliya\proje\KontrolOrtakCalisma\Kontroll4\MXTmpFiles\rtos_obj_creat.tmp
2025-07-22 23:01:30,285 [INFO] CodeEngine:265 - oldGeneratedFile, C:\Users\aliya\proje\KontrolOrtakCalisma\Kontroll4\MXTmpFiles\rtos_default_thread.tmp_save
2025-07-22 23:01:30,357 [INFO] CodeEngine:289 - Generated code: C:\Users\aliya\proje\KontrolOrtakCalisma\Kontroll4\MXTmpFiles\rtos_default_thread.tmp
2025-07-22 23:01:30,365 [INFO] CodeEngine:265 - oldGeneratedFile, C:\Users\aliya\proje\KontrolOrtakCalisma\Kontroll4\MXTmpFiles\rtos_threads.tmp_save
2025-07-22 23:01:30,427 [INFO] CodeEngine:289 - Generated code: C:\Users\aliya\proje\KontrolOrtakCalisma\Kontroll4\MXTmpFiles\rtos_threads.tmp
2025-07-22 23:01:30,435 [INFO] CodeEngine:265 - oldGeneratedFile, C:\Users\aliya\proje\KontrolOrtakCalisma\Kontroll4\Core\Inc\FreeRTOSConfig.h_save
2025-07-22 23:01:30,534 [INFO] CodeEngine:289 - Generated code: C:\Users\aliya\proje\KontrolOrtakCalisma\Kontroll4\Core\Inc\FreeRTOSConfig.h
2025-07-22 23:01:30,548 [INFO] CodeEngine:265 - oldGeneratedFile, C:\Users\aliya\proje\KontrolOrtakCalisma\Kontroll4\Core\Src\freertos.c_save
2025-07-22 23:01:30,664 [INFO] CodeEngine:289 - Generated code: C:\Users\aliya\proje\KontrolOrtakCalisma\Kontroll4\Core\Src\freertos.c
2025-07-22 23:01:30,691 [INFO] CodeEngine:265 - oldGeneratedFile, C:\Users\aliya\proje\KontrolOrtakCalisma\Kontroll4\Core\Src\i2c.c_save
2025-07-22 23:01:30,843 [INFO] CodeEngine:289 - Generated code: C:\Users\aliya\proje\KontrolOrtakCalisma\Kontroll4\Core\Src\i2c.c
2025-07-22 23:01:30,856 [INFO] CodeEngine:265 - oldGeneratedFile, C:\Users\aliya\proje\KontrolOrtakCalisma\Kontroll4\Core\Inc\i2c.h_save
2025-07-22 23:01:30,950 [INFO] CodeEngine:289 - Generated code: C:\Users\aliya\proje\KontrolOrtakCalisma\Kontroll4\Core\Inc\i2c.h
2025-07-22 23:01:30,965 [INFO] CodeEngine:265 - oldGeneratedFile, C:\Users\aliya\proje\KontrolOrtakCalisma\Kontroll4\Core\Src\usart.c_save
2025-07-22 23:01:31,063 [INFO] CodeEngine:289 - Generated code: C:\Users\aliya\proje\KontrolOrtakCalisma\Kontroll4\Core\Src\usart.c
2025-07-22 23:01:31,072 [INFO] CodeEngine:265 - oldGeneratedFile, C:\Users\aliya\proje\KontrolOrtakCalisma\Kontroll4\Core\Inc\usart.h_save
2025-07-22 23:01:31,144 [INFO] CodeEngine:289 - Generated code: C:\Users\aliya\proje\KontrolOrtakCalisma\Kontroll4\Core\Inc\usart.h
2025-07-22 23:01:31,164 [INFO] CodeEngine:265 - oldGeneratedFile, C:\Users\aliya\proje\KontrolOrtakCalisma\Kontroll4\Core\Src\stm32f4xx_it.c_save
2025-07-22 23:01:31,260 [INFO] CodeEngine:289 - Generated code: C:\Users\aliya\proje\KontrolOrtakCalisma\Kontroll4\Core\Src\stm32f4xx_it.c
2025-07-22 23:01:31,268 [INFO] CodeEngine:265 - oldGeneratedFile, C:\Users\aliya\proje\KontrolOrtakCalisma\Kontroll4\Core\Inc\stm32f4xx_it.h_save
2025-07-22 23:01:31,368 [INFO] CodeEngine:289 - Generated code: C:\Users\aliya\proje\KontrolOrtakCalisma\Kontroll4\Core\Inc\stm32f4xx_it.h
2025-07-22 23:01:31,398 [INFO] CodeEngine:265 - oldGeneratedFile, C:\Users\aliya\proje\KontrolOrtakCalisma\Kontroll4\Core\Src\stm32f4xx_hal_msp.c_save
2025-07-22 23:01:31,545 [INFO] CodeEngine:289 - Generated code: C:\Users\aliya\proje\KontrolOrtakCalisma\Kontroll4\Core\Src\stm32f4xx_hal_msp.c
2025-07-22 23:01:31,551 [INFO] CodeEngine:265 - oldGeneratedFile, C:\Users\aliya\proje\KontrolOrtakCalisma\Kontroll4\MXTmpFiles\system.tmp_save
2025-07-22 23:01:31,615 [INFO] CodeEngine:289 - Generated code: C:\Users\aliya\proje\KontrolOrtakCalisma\Kontroll4\MXTmpFiles\system.tmp
2025-07-22 23:01:31,625 [INFO] CodeEngine:265 - oldGeneratedFile, C:\Users\aliya\proje\KontrolOrtakCalisma\Kontroll4\Core\Src\stm32f4xx_hal_timebase_tim.c_save
2025-07-22 23:01:31,716 [INFO] CodeEngine:289 - Generated code: C:\Users\aliya\proje\KontrolOrtakCalisma\Kontroll4\Core\Src\stm32f4xx_hal_timebase_tim.c
2025-07-22 23:01:31,739 [INFO] CodeEngine:321 - oldGeneratedFile, C:\Users\aliya\proje\KontrolOrtakCalisma\Kontroll4\Core\Inc\stm32f4xx_hal_conf.h_save
2025-07-22 23:01:31,840 [INFO] CodeEngine:345 - Generated code: C:\Users\aliya\proje\KontrolOrtakCalisma\Kontroll4\Core\Inc\stm32f4xx_hal_conf.h
2025-07-22 23:01:31,880 [WARN] IPConfigManager:3238 - Warning: the RefConfig PLL2P_FOR_MCO is not available in your config.xml file
2025-07-22 23:01:31,898 [INFO] ApiDbMcu:532 - Load IP Config File for I2C2
2025-07-22 23:01:31,904 [INFO] ApiDbMcu:532 - Load IP Config File for USART2
2025-07-22 23:01:31,910 [INFO] ApiDbMcu:532 - Load IP Config File for RCC
2025-07-22 23:01:31,932 [INFO] CodeEngine:265 - oldGeneratedFile, C:\Users\aliya\proje\KontrolOrtakCalisma\Kontroll4\Core\Inc\main.h_save
2025-07-22 23:01:32,078 [INFO] CodeEngine:289 - Generated code: C:\Users\aliya\proje\KontrolOrtakCalisma\Kontroll4\Core\Inc\main.h
2025-07-22 23:01:32,095 [INFO] CodeEngine:265 - oldGeneratedFile, C:\Users\aliya\proje\KontrolOrtakCalisma\Kontroll4\Core\Src\main.c_save
2025-07-22 23:01:32,295 [INFO] CodeEngine:289 - Generated code: C:\Users\aliya\proje\KontrolOrtakCalisma\Kontroll4\Core\Src\main.c
2025-07-22 23:01:32,980 [INFO] ProjectBuilder:3606 - Time for Copy HAL[1] : 305mS.
2025-07-22 23:01:32,990 [INFO] ProjectBuilder:5216 - Project Generator version: 4.7.0-B52
2025-07-22 23:01:33,095 [INFO] ConfigFileManager:1595 - The Die is : DIE421
2025-07-22 23:01:33,101 [INFO] ApiDbMcu:532 - Load IP Config File for FATFS
2025-07-22 23:01:33,103 [INFO] ApiDbMcu:532 - Load IP Config File for LIBJPEG
2025-07-22 23:01:33,109 [INFO] ApiDbMcu:532 - Load IP Config File for MBEDTLS
2025-07-22 23:01:33,124 [INFO] ApiDbMcu:532 - Load IP Config File for USB_DEVICE
2025-07-22 23:01:33,130 [INFO] ApiDbMcu:532 - Load IP Config File for USB_HOST
2025-07-22 23:01:33,590 [INFO] LogOutputStream:77 - [STDOUT_REDIRECT] 
2025-07-22 23:01:35,436 [INFO] ProjectBuilder:5496 - Time for Generating toolchain IDE Files: 2443mS.
2025-07-22 23:01:35,438 [INFO] ProjectBuilder:3463 - Time for Copy CMSIS : 2mS.
2025-07-22 23:01:35,460 [INFO] ProjectBuilder:3463 - Time for Copy CMSIS : 0mS.
