2025-07-21 00:29:27,665 [ERROR] LogOutputStream:75 - [STDERR_REDIRECT] 
2025-07-21 11:24:55,763 [INFO] Activator:176 - 


2025-07-21 11:24:55,764 [INFO] Activator:177 - !SESSION log4j initialized
2025-07-21 11:25:00,935 [INFO] LogOutputStream:77 - [STDOUT_REDIRECT] 
2025-07-21 11:25:02,800 [INFO] ApplicationProperties:184 - Using Application install path: C:\ST\STM32CubeIDE_1.18.1\STM32CubeIDE\plugins\com.st.stm32cube.common.mx_6.15.0.202507011659
2025-07-21 11:25:02,829 [INFO] DbMcusXml:78 - Set database path to: C:\ST\STM32CubeIDE_1.18.1\STM32CubeIDE\plugins\com.st.stm32cube.common.mx_6.15.0.202507011659\\db\/mcu/
2025-07-21 11:25:02,830 [INFO] ApiDb:274 - Set plugin database path to: C:\ST\STM32CubeIDE_1.18.1\STM32CubeIDE\plugins\com.st.stm32cube.common.mx_6.15.0.202507011659\\db\/plugins/boardmanager/
2025-07-21 11:25:02,830 [WARN] ApiDb:259 - Overriding images path with different value:  => C:\ST\STM32CubeIDE_1.18.1\STM32CubeIDE\plugins\com.st.stm32cube.common.mx_6.15.0.202507011659\\db\/plugins/mcufinder/images/
2025-07-21 11:25:02,843 [INFO] ApiDb:250 - Set database path to: C:\Users\aliya\.stmcufinder\plugins\mcufinder//mcu/
2025-07-21 11:25:02,845 [INFO] DbMcusAds:125 - Set database path to: C:\Users\aliya\.stmcufinder\plugins\mcufinder//mcu/
2025-07-21 11:25:02,849 [INFO] CrossReferenceDbSqlite:203 - Set database path to: C:\Users\aliya\.stmcufinder\plugins\mcufinder//mcu/cs/
2025-07-21 11:25:03,047 [INFO] RulesReader:64 - Compatibility file has been processed (317 Rules)
2025-07-21 11:25:03,162 [INFO] DbMcusXml:78 - Set database path to: C:\ST\STM32CubeIDE_1.18.1\STM32CubeIDE\plugins\com.st.stm32cube.common.mx_6.15.0.202507011659\\db\/mcu/
2025-07-21 11:25:03,162 [INFO] ApiDb:274 - Set plugin database path to: C:\ST\STM32CubeIDE_1.18.1\STM32CubeIDE\plugins\com.st.stm32cube.common.mx_6.15.0.202507011659\\db\/plugins/boardmanager/
2025-07-21 11:25:03,162 [INFO] ApiDb:261 - Set plugin images path to: C:\ST\STM32CubeIDE_1.18.1\STM32CubeIDE\plugins\com.st.stm32cube.common.mx_6.15.0.202507011659\\db\/plugins/mcufinder/images/
2025-07-21 11:25:03,163 [WARN] DbFile:41 - Overriding database path with different value: C:\Users\aliya\.stmcufinder\plugins\mcufinder/ => C:\Users\aliya\.stmcufinder\plugins\mcufinder
2025-07-21 11:25:03,163 [INFO] ApiDb:250 - Set database path to: C:\Users\aliya\.stmcufinder\plugins\mcufinder//mcu/
2025-07-21 11:25:03,163 [WARN] DbFile:41 - Overriding database path with different value: C:\Users\aliya\.stmcufinder\plugins\mcufinder/ => C:\Users\aliya\.stmcufinder\plugins\mcufinder
2025-07-21 11:25:03,163 [INFO] DbMcusAds:125 - Set database path to: C:\Users\aliya\.stmcufinder\plugins\mcufinder//mcu/
2025-07-21 11:25:03,163 [WARN] DbFile:41 - Overriding database path with different value: C:\Users\aliya\.stmcufinder\plugins\mcufinder/ => C:\Users\aliya\.stmcufinder\plugins\mcufinder
2025-07-21 11:25:03,163 [WARN] DbFile:41 - Overriding database path with different value: C:\Users\aliya\.stmcufinder\plugins\mcufinder/ => C:\Users\aliya\.stmcufinder\plugins\mcufinder
2025-07-21 11:25:03,163 [INFO] CrossReferenceDbSqlite:203 - Set database path to: C:\Users\aliya\.stmcufinder\plugins\mcufinder//mcu/cs/
2025-07-21 11:25:03,260 [INFO] MainPanel:274 - HeapMemory: 268435456
2025-07-21 11:25:03,477 [INFO] DbMcusXml:78 - Set database path to: C:\ST\STM32CubeIDE_1.18.1\STM32CubeIDE\plugins\com.st.stm32cube.common.mx_6.15.0.202507011659\\db\/mcu/
2025-07-21 11:25:03,477 [INFO] ApiDb:274 - Set plugin database path to: C:\ST\STM32CubeIDE_1.18.1\STM32CubeIDE\plugins\com.st.stm32cube.common.mx_6.15.0.202507011659\\db\/plugins/boardmanager/
2025-07-21 11:25:03,477 [INFO] ApiDb:261 - Set plugin images path to: C:\ST\STM32CubeIDE_1.18.1\STM32CubeIDE\plugins\com.st.stm32cube.common.mx_6.15.0.202507011659\\db\/plugins/mcufinder/images/
2025-07-21 11:25:03,479 [WARN] DbFile:41 - Overriding database path with different value: C:\Users\aliya\.stmcufinder\plugins\mcufinder/ => C:\Users\aliya\.stmcufinder\plugins\mcufinder
2025-07-21 11:25:03,479 [INFO] ApiDb:250 - Set database path to: C:\Users\aliya\.stmcufinder\plugins\mcufinder//mcu/
2025-07-21 11:25:03,479 [WARN] DbFile:41 - Overriding database path with different value: C:\Users\aliya\.stmcufinder\plugins\mcufinder/ => C:\Users\aliya\.stmcufinder\plugins\mcufinder
2025-07-21 11:25:03,479 [INFO] DbMcusAds:125 - Set database path to: C:\Users\aliya\.stmcufinder\plugins\mcufinder//mcu/
2025-07-21 11:25:03,479 [WARN] DbFile:41 - Overriding database path with different value: C:\Users\aliya\.stmcufinder\plugins\mcufinder/ => C:\Users\aliya\.stmcufinder\plugins\mcufinder
2025-07-21 11:25:03,479 [WARN] DbFile:41 - Overriding database path with different value: C:\Users\aliya\.stmcufinder\plugins\mcufinder/ => C:\Users\aliya\.stmcufinder\plugins\mcufinder
2025-07-21 11:25:03,480 [INFO] CrossReferenceDbSqlite:203 - Set database path to: C:\Users\aliya\.stmcufinder\plugins\mcufinder//mcu/cs/
2025-07-21 11:25:03,511 [INFO] ApplicationProperties:184 - Using Application install path: C:\ST\STM32CubeIDE_1.18.1\STM32CubeIDE\plugins\com.st.stm32cube.common.mx_6.15.0.202507011659
2025-07-21 11:25:03,513 [INFO] PluginManage:196 - Search for loadable plugins [exclusion list=, ]
2025-07-21 11:25:03,515 [INFO] PluginManage:310 - Check plugin analytics
2025-07-21 11:25:03,792 [INFO] AnalyticsPlugin:253 - Accepted Software Licenses: 
2025-07-21 11:25:03,793 [INFO] AnalyticsPlugin:255 - Accepted CMSIS Pack Licenses: 
2025-07-21 11:25:03,793 [INFO] AnalyticsPlugin:257 - Accepted Firmware Licenses: 
2025-07-21 11:25:03,797 [INFO] PluginManage:359 - Loaded plugin analytics (category:tool,tabindex:-1)
2025-07-21 11:25:03,797 [INFO] PluginManage:310 - Check plugin cadmodel
2025-07-21 11:25:03,805 [INFO] CADModel:105 - Init CAD model plugin
2025-07-21 11:25:03,805 [INFO] PluginManage:359 - Loaded plugin cadmodel (category:power,tabindex:5)
2025-07-21 11:25:03,806 [INFO] PluginManage:310 - Check plugin clock
2025-07-21 11:25:03,838 [INFO] PluginManage:359 - Loaded plugin clock (category:base,tabindex:2)
2025-07-21 11:25:03,838 [INFO] PluginManage:310 - Check plugin ddr
2025-07-21 11:25:03,843 [INFO] PluginManage:359 - Loaded plugin ddr (category:tool,tabindex:6)
2025-07-21 11:25:03,843 [INFO] PluginManage:310 - Check plugin filemanager
2025-07-21 11:25:04,031 [INFO] PluginManage:359 - Loaded plugin filemanager (category:base,tabindex:10)
2025-07-21 11:25:04,031 [INFO] PluginManage:310 - Check plugin ipmanager
2025-07-21 11:25:04,039 [INFO] PluginManage:359 - Loaded plugin ipmanager (category:base,tabindex:5)
2025-07-21 11:25:04,039 [INFO] PluginManage:310 - Check plugin lpbam
2025-07-21 11:25:04,048 [INFO] PluginManage:359 - Loaded plugin lpbam (category:base,tabindex:0)
2025-07-21 11:25:04,048 [INFO] PluginManage:310 - Check plugin memorymap
2025-07-21 11:25:04,063 [INFO] PluginManage:359 - Loaded plugin memorymap (category:base,tabindex:4)
2025-07-21 11:25:04,064 [INFO] PluginManage:310 - Check plugin pinoutandconfiguration
2025-07-21 11:25:04,073 [INFO] PluginManage:359 - Loaded plugin pinoutandconfiguration (category:base,tabindex:1)
2025-07-21 11:25:04,074 [INFO] PluginManage:310 - Check plugin pinoutconfig
2025-07-21 11:25:04,158 [WARN] SupportedApi:132 - Cannot load RTOS API schema: s4s-elt-must-match.1: The content of 'definitions' must match (annotation?, (simpleType | complexType)?, (unique | key | keyref)*)). A problem was found starting at: attribute.
2025-07-21 11:25:04,290 [INFO] PluginManage:359 - Loaded plugin pinoutconfig (category:base,tabindex:0)
2025-07-21 11:25:04,290 [INFO] PluginManage:310 - Check plugin power
2025-07-21 11:25:04,303 [INFO] PluginManage:359 - Loaded plugin power (category:power,tabindex:4)
2025-07-21 11:25:04,303 [INFO] PluginManage:310 - Check plugin projectmanager
2025-07-21 11:25:04,318 [INFO] PluginManage:359 - Loaded plugin projectmanager (category:projectmanager,tabindex:4)
2025-07-21 11:25:04,318 [INFO] PluginManage:310 - Check plugin rif
2025-07-21 11:25:04,328 [INFO] PluginManage:359 - Loaded plugin rif (category:base,tabindex:3)
2025-07-21 11:25:04,328 [INFO] PluginManage:310 - Check plugin thirdparty
2025-07-21 11:25:04,479 [INFO] PluginManage:359 - Loaded plugin thirdparty (category:base,tabindex:-1)
2025-07-21 11:25:04,479 [WARN] IntegrityCheckThread:84 - waiting for thirdparty lock release [integrity check]
2025-07-21 11:25:04,479 [INFO] IntegrityCheckThread:86 - entering critical section [integrity check]
2025-07-21 11:25:04,479 [INFO] PluginManage:310 - Check plugin tools
2025-07-21 11:25:04,479 [INFO] ThirdPartyUpdaterWithRetryManager:70 - Updater plugin not ready yet. [1/15]
2025-07-21 11:25:04,482 [INFO] PluginManage:359 - Loaded plugin tools (category:base,tabindex:7)
2025-07-21 11:25:04,482 [INFO] PluginManage:310 - Check plugin tutovideos
2025-07-21 11:25:04,686 [INFO] PluginManage:359 - Loaded plugin tutovideos (category:base,tabindex:-1)
2025-07-21 11:25:04,686 [INFO] PluginManage:310 - Check plugin updater
2025-07-21 11:25:04,708 [INFO] PluginManage:359 - Loaded plugin updater (category:base,tabindex:12)
2025-07-21 11:25:04,708 [INFO] PluginManage:310 - Check plugin userauth
2025-07-21 11:25:04,712 [INFO] UserAuth:118 - Init User Auth plugin
2025-07-21 11:25:04,713 [INFO] PluginManage:359 - Loaded plugin userauth (category:base,tabindex:14)
2025-07-21 11:25:04,713 [INFO] PluginManage:283 - PluginManage : Loaded plugins [18]
2025-07-21 11:25:04,916 [INFO] PinOutPanel:1589 - setPackage(No Configuration,No Configuration)
2025-07-21 11:25:05,004 [INFO] CADModel:165 - CPN selected for project level
2025-07-21 11:25:05,004 [INFO] CADModel:114 - Register for checkConnection events
2025-07-21 11:25:05,027 [INFO] IPUIPlugin:80 - create IPUIPlugin
2025-07-21 11:25:05,027 [INFO] PluginManager:220 - loadIPPluginJar : add adc
2025-07-21 11:25:05,030 [INFO] IPUIPlugin:80 - create IPUIPlugin
2025-07-21 11:25:05,031 [INFO] PluginManager:220 - loadIPPluginJar : add aes
2025-07-21 11:25:05,034 [INFO] IPUIPlugin:80 - create IPUIPlugin
2025-07-21 11:25:05,034 [INFO] PluginManager:220 - loadIPPluginJar : add can
2025-07-21 11:25:05,036 [INFO] IPUIPlugin:80 - create IPUIPlugin
2025-07-21 11:25:05,037 [INFO] PluginManager:220 - loadIPPluginJar : add comp
2025-07-21 11:25:05,039 [INFO] IPUIPlugin:80 - create IPUIPlugin
2025-07-21 11:25:05,040 [INFO] PluginManager:220 - loadIPPluginJar : add cryp
2025-07-21 11:25:05,044 [INFO] IPUIPlugin:80 - create IPUIPlugin
2025-07-21 11:25:05,044 [INFO] PluginManager:220 - loadIPPluginJar : add ddr_ctrl_phy
2025-07-21 11:25:05,048 [INFO] IPUIPlugin:80 - create IPUIPlugin
2025-07-21 11:25:05,048 [INFO] PluginManager:220 - loadIPPluginJar : add dfsdm
2025-07-21 11:25:05,054 [INFO] IPUIPlugin:80 - create IPUIPlugin
2025-07-21 11:25:05,055 [INFO] PluginManager:220 - loadIPPluginJar : add dma
2025-07-21 11:25:05,058 [INFO] IPUIPlugin:80 - create IPUIPlugin
2025-07-21 11:25:05,058 [INFO] PluginManager:220 - loadIPPluginJar : add dma3
2025-07-21 11:25:05,062 [INFO] IPUIPlugin:80 - create IPUIPlugin
2025-07-21 11:25:05,062 [INFO] PluginManager:220 - loadIPPluginJar : add extmemmanager
2025-07-21 11:25:05,064 [INFO] IPUIPlugin:80 - create IPUIPlugin
2025-07-21 11:25:05,064 [INFO] PluginManager:220 - loadIPPluginJar : add fatfs
2025-07-21 11:25:05,069 [INFO] IPUIPlugin:80 - create IPUIPlugin
2025-07-21 11:25:05,069 [INFO] PluginManager:220 - loadIPPluginJar : add fmc
2025-07-21 11:25:05,077 [INFO] IPUIPlugin:80 - create IPUIPlugin
2025-07-21 11:25:05,077 [INFO] PluginManager:220 - loadIPPluginJar : add freertos
2025-07-21 11:25:05,080 [INFO] IPUIPlugin:80 - create IPUIPlugin
2025-07-21 11:25:05,080 [INFO] PluginManager:220 - loadIPPluginJar : add genericplugin
2025-07-21 11:25:05,083 [INFO] IPUIPlugin:80 - create IPUIPlugin
2025-07-21 11:25:05,083 [INFO] PluginManager:220 - loadIPPluginJar : add gfxmmu
2025-07-21 11:25:05,089 [INFO] IPUIPlugin:80 - create IPUIPlugin
2025-07-21 11:25:05,089 [INFO] PluginManager:220 - loadIPPluginJar : add gic
2025-07-21 11:25:05,094 [INFO] IPUIPlugin:80 - create IPUIPlugin
2025-07-21 11:25:05,094 [INFO] PluginManager:220 - loadIPPluginJar : add gpio
2025-07-21 11:25:05,097 [INFO] IPUIPlugin:80 - create IPUIPlugin
2025-07-21 11:25:05,097 [INFO] PluginManager:220 - loadIPPluginJar : add gtzc
2025-07-21 11:25:05,100 [INFO] IPUIPlugin:80 - create IPUIPlugin
2025-07-21 11:25:05,100 [INFO] PluginManager:220 - loadIPPluginJar : add hash
2025-07-21 11:25:05,104 [INFO] IPUIPlugin:80 - create IPUIPlugin
2025-07-21 11:25:05,104 [INFO] PluginManager:220 - loadIPPluginJar : add i2c
2025-07-21 11:25:05,107 [INFO] IPUIPlugin:80 - create IPUIPlugin
2025-07-21 11:25:05,108 [INFO] PluginManager:220 - loadIPPluginJar : add i2s
2025-07-21 11:25:05,112 [INFO] IPUIPlugin:80 - create IPUIPlugin
2025-07-21 11:25:05,112 [INFO] PluginManager:220 - loadIPPluginJar : add i3c
2025-07-21 11:25:05,117 [INFO] IPUIPlugin:80 - create IPUIPlugin
2025-07-21 11:25:05,117 [INFO] PluginManager:220 - loadIPPluginJar : add ipddr
2025-07-21 11:25:05,125 [INFO] IPUIPlugin:80 - create IPUIPlugin
2025-07-21 11:25:05,125 [INFO] PluginManager:220 - loadIPPluginJar : add linkedlist
2025-07-21 11:25:05,129 [INFO] IPUIPlugin:80 - create IPUIPlugin
2025-07-21 11:25:05,129 [INFO] PluginManager:220 - loadIPPluginJar : add lorawan
2025-07-21 11:25:05,131 [INFO] IPUIPlugin:80 - create IPUIPlugin
2025-07-21 11:25:05,131 [INFO] PluginManager:220 - loadIPPluginJar : add ltdc
2025-07-21 11:25:05,139 [INFO] IPUIPlugin:80 - create IPUIPlugin
2025-07-21 11:25:05,139 [INFO] PluginManager:220 - loadIPPluginJar : add mdma
2025-07-21 11:25:05,143 [INFO] IPUIPlugin:80 - create IPUIPlugin
2025-07-21 11:25:05,143 [INFO] PluginManager:220 - loadIPPluginJar : add nvic
2025-07-21 11:25:05,146 [INFO] IPUIPlugin:80 - create IPUIPlugin
2025-07-21 11:25:05,146 [INFO] PluginManager:220 - loadIPPluginJar : add opamp
2025-07-21 11:25:05,151 [INFO] IPUIPlugin:80 - create IPUIPlugin
2025-07-21 11:25:05,151 [INFO] PluginManager:220 - loadIPPluginJar : add openamp
2025-07-21 11:25:05,156 [INFO] IPUIPlugin:80 - create IPUIPlugin
2025-07-21 11:25:05,156 [INFO] PluginManager:220 - loadIPPluginJar : add pdm2pcm
2025-07-21 11:25:05,163 [INFO] IPUIPlugin:80 - create IPUIPlugin
2025-07-21 11:25:05,166 [INFO] PluginManager:220 - loadIPPluginJar : add plateformsettings
2025-07-21 11:25:05,167 [INFO] IPUIPlugin:80 - create IPUIPlugin
2025-07-21 11:25:05,169 [INFO] PluginManager:220 - loadIPPluginJar : add quadspi
2025-07-21 11:25:05,171 [INFO] IPUIPlugin:80 - create IPUIPlugin
2025-07-21 11:25:05,172 [INFO] PluginManager:220 - loadIPPluginJar : add radio
2025-07-21 11:25:05,176 [INFO] IPUIPlugin:80 - create IPUIPlugin
2025-07-21 11:25:05,176 [INFO] PluginManager:220 - loadIPPluginJar : add resmgrutility
2025-07-21 11:25:05,179 [INFO] IPUIPlugin:80 - create IPUIPlugin
2025-07-21 11:25:05,179 [INFO] PluginManager:220 - loadIPPluginJar : add sai
2025-07-21 11:25:05,183 [INFO] IPUIPlugin:80 - create IPUIPlugin
2025-07-21 11:25:05,183 [INFO] PluginManager:220 - loadIPPluginJar : add spi
2025-07-21 11:25:05,189 [INFO] IPUIPlugin:80 - create IPUIPlugin
2025-07-21 11:25:05,190 [INFO] PluginManager:220 - loadIPPluginJar : add stm32_wpan
2025-07-21 11:25:05,192 [INFO] IPUIPlugin:80 - create IPUIPlugin
2025-07-21 11:25:05,192 [INFO] PluginManager:220 - loadIPPluginJar : add tim
2025-07-21 11:25:05,196 [INFO] IPUIPlugin:80 - create IPUIPlugin
2025-07-21 11:25:05,197 [INFO] PluginManager:220 - loadIPPluginJar : add touchsensing
2025-07-21 11:25:05,199 [INFO] IPUIPlugin:80 - create IPUIPlugin
2025-07-21 11:25:05,199 [INFO] PluginManager:220 - loadIPPluginJar : add tracer_emb
2025-07-21 11:25:05,202 [INFO] IPUIPlugin:80 - create IPUIPlugin
2025-07-21 11:25:05,202 [INFO] PluginManager:220 - loadIPPluginJar : add ts
2025-07-21 11:25:05,204 [INFO] IPUIPlugin:80 - create IPUIPlugin
2025-07-21 11:25:05,204 [INFO] PluginManager:220 - loadIPPluginJar : add tsc
2025-07-21 11:25:05,207 [INFO] IPUIPlugin:80 - create IPUIPlugin
2025-07-21 11:25:05,207 [INFO] PluginManager:220 - loadIPPluginJar : add ucpd
2025-07-21 11:25:05,211 [INFO] IPUIPlugin:80 - create IPUIPlugin
2025-07-21 11:25:05,211 [INFO] PluginManager:220 - loadIPPluginJar : add usart
2025-07-21 11:25:05,215 [INFO] IPUIPlugin:80 - create IPUIPlugin
2025-07-21 11:25:05,216 [INFO] PluginManager:220 - loadIPPluginJar : add usbx
2025-07-21 11:25:05,347 [FATAL] Updater:351 - Updater called before beeing initialized
2025-07-21 11:25:05,374 [INFO] RulesReader:64 - Compatibility file has been processed (317 Rules)
2025-07-21 11:25:05,388 [INFO] RulesReader:64 - Compatibility file has been processed (317 Rules)
2025-07-21 11:25:05,397 [INFO] CADModel:165 - CPN selected for project level
2025-07-21 11:25:05,397 [INFO] CADModel:114 - Register for checkConnection events
2025-07-21 11:25:05,397 [FATAL] Updater:351 - Updater called before beeing initialized
2025-07-21 11:25:05,397 [ERROR] CADModel:125 - Updater not yet initialized, retry later 
2025-07-21 11:25:05,561 [FATAL] Updater:351 - Updater called before beeing initialized
2025-07-21 11:25:05,563 [INFO] CADModel:165 - CPN selected for project level
2025-07-21 11:25:05,563 [INFO] CADModel:114 - Register for checkConnection events
2025-07-21 11:25:05,564 [FATAL] Updater:351 - Updater called before beeing initialized
2025-07-21 11:25:05,564 [ERROR] CADModel:125 - Updater not yet initialized, retry later 
2025-07-21 11:25:05,567 [FATAL] Updater:351 - Updater called before beeing initialized
2025-07-21 11:25:05,710 [FATAL] Updater:351 - Updater called before beeing initialized
2025-07-21 11:25:05,713 [INFO] DbMcusAds:53 - JSON generation date=Tue Jul 08 11:14:23 TRT 2025 (1751962463562)
2025-07-21 11:25:05,714 [FATAL] Updater:351 - Updater called before beeing initialized
2025-07-21 11:25:05,753 [WARN] DetailPanel:346 - Failed to get advertising image, set to default
2025-07-21 11:25:05,834 [FATAL] Updater:351 - Updater called before beeing initialized
2025-07-21 11:25:05,835 [FATAL] Updater:351 - Updater called before beeing initialized
2025-07-21 11:25:05,836 [FATAL] Updater:351 - Updater called before beeing initialized
2025-07-21 11:25:05,836 [WARN] DetailPanel:346 - Failed to get advertising image, set to default
2025-07-21 11:25:05,837 [FATAL] Updater:351 - Updater called before beeing initialized
2025-07-21 11:25:05,880 [ERROR] Updater:1198 - MainUpdater not yet initialized. External WinMGr cannot be set.
2025-07-21 11:25:05,881 [INFO] Updater:1134 - Updater Version found : 6.15.0
2025-07-21 11:25:05,898 [INFO] ApplicationProperties:184 - Using Application install path: C:\ST\STM32CubeIDE_1.18.1\STM32CubeIDE\plugins\com.st.stm32cube.common.mx_6.15.0.202507011659
2025-07-21 11:25:07,466 [ERROR] LogOutputStream:75 - [STDERR_REDIRECT] Jul 21, 2025 11:25:07 AM java.util.prefs.WindowsPreferences <init>
2025-07-21 11:25:07,467 [ERROR] LogOutputStream:75 - [STDERR_REDIRECT] WARNING: Could not open/create prefs root node Software\JavaSoft\Prefs at root 0xffffffff80000002. Windows RegCreateKeyEx(...) returned error code 5.
2025-07-21 11:25:07,467 [ERROR] LogOutputStream:75 - [STDERR_REDIRECT] 
2025-07-21 11:25:07,480 [INFO] ThirdPartyUpdaterWithRetryManager:70 - Updater plugin not ready yet. [2/15]
2025-07-21 11:25:07,739 [INFO] MainUpdater:2872 - connection check result : 10
2025-07-21 11:25:07,739 [INFO] MainUpdater:289 - Updater Check For Update Now.
2025-07-21 11:25:07,739 [INFO] MicroXplorer:498 - Change Database Version : DB.6.0.150
2025-07-21 11:25:07,744 [INFO] McuFinderGlobals:63 - Set McuFinder mode to 2 (CubeIDE integrated)
2025-07-21 11:25:07,745 [INFO] UserAuth:487 - Internet connection configuration mode: 1
2025-07-21 11:25:07,769 [INFO] JxBrowserEngine:152 - Initiate JxBrowser Engine with user profile folder
2025-07-21 11:25:07,942 [INFO] CheckServerUpdateThread:120 - End of CheckServer Thread
2025-07-21 11:25:09,022 [INFO] WebApp:169 - Instantiating new browser for Auth
2025-07-21 11:25:09,973 [INFO] WebApp:463 - Apply proxy settings
2025-07-21 11:25:09,973 [INFO] WebApp:548 - Chromium requires no authentication
2025-07-21 11:25:09,985 [INFO] WebApp:491 - Direct internet connection detected
2025-07-21 11:25:10,027 [INFO] WebApp:900 - Register for checkConnection events
2025-07-21 11:25:10,027 [INFO] WebApp:463 - Apply proxy settings
2025-07-21 11:25:10,027 [INFO] WebApp:548 - Chromium requires no authentication
2025-07-21 11:25:10,034 [INFO] WebApp:491 - Direct internet connection detected
2025-07-21 11:25:10,274 [INFO] WebApp:191 - Connection restablished
2025-07-21 11:25:10,452 [INFO] WebApp:225 - Starting web application
2025-07-21 11:25:10,452 [INFO] WebApp:593 - Web application path used C:\ST\STM32CubeIDE_1.18.1\STM32CubeIDE\plugins\com.st.stm32cube.common.mx_6.15.0.202507011659\db\plugins\mcufinder\reactClient1\index.html
2025-07-21 11:25:10,786 [INFO] UserAuth:487 - Internet connection configuration mode: 1
2025-07-21 11:25:10,903 [WARN] PackLoader:240 - Cannot read IP mode file for STMicroelectronics.FP-SNS-MOTENVWB1.1.4.0
2025-07-21 11:25:10,915 [WARN] PackLoader:240 - Cannot read IP mode file for STMicroelectronics.FP-ATR-ASTRA1.2.0.2
2025-07-21 11:25:10,922 [WARN] PackLoader:240 - Cannot read IP mode file for STMicroelectronics.X-CUBE-SMBUS.2.1.0
2025-07-21 11:25:10,930 [WARN] PackLoader:240 - Cannot read IP mode file for STMicroelectronics.X-CUBE-ST60.1.0.0
2025-07-21 11:25:10,976 [WARN] PackLoader:240 - Cannot read IP mode file for STMicroelectronics.X-CUBE-AZRTOS-F7.1.1.0
2025-07-21 11:25:11,009 [WARN] PackLoader:240 - Cannot read IP mode file for Infineon.AIROC-Wi-Fi-Bluetooth-STM32.1.7.0
2025-07-21 11:25:11,049 [WARN] PackLoader:240 - Cannot read IP mode file for STMicroelectronics.X-CUBE-AZRTOS-H7.3.4.0
2025-07-21 11:25:11,067 [WARN] PackLoader:240 - Cannot read IP mode file for STMicroelectronics.X-CUBE-DISPLAY.3.0.0
2025-07-21 11:25:11,097 [WARN] PackLoader:240 - Cannot read IP mode file for STMicroelectronics.X-CUBE-NFC10.1.0.0
2025-07-21 11:25:11,116 [WARN] PackLoader:240 - Cannot read IP mode file for STMicroelectronics.X-CUBE-BLEMGR.4.0.0
2025-07-21 11:25:11,129 [WARN] PackLoader:240 - Cannot read IP mode file for emotas.I-CUBE-CANOPEN.1.3.0
2025-07-21 11:25:11,136 [WARN] ConditionMgr:438 - getConditionDescription Invalid condition id : Cortex-A Device cause : null
2025-07-21 11:25:11,154 [WARN] ConditionMgr:1044 - genDependencies : Invalid condition id : Cortex-A Device cause : null
2025-07-21 11:25:11,155 [WARN] ConditionMgr:1044 - genDependencies : Invalid condition id : Cortex-A Device cause : null
2025-07-21 11:25:11,155 [WARN] ConditionMgr:1044 - genDependencies : Invalid condition id : Cortex-A Device cause : null
2025-07-21 11:25:11,162 [WARN] PackLoader:240 - Cannot read IP mode file for STMicroelectronics.FP-SNS-SMARTAG2.1.2.0
2025-07-21 11:25:11,170 [WARN] PackLoader:240 - Cannot read IP mode file for STMicroelectronics.FP-SNS-FLIGHT1.5.1.0
2025-07-21 11:25:11,187 [INFO] LogOutputStream:77 - [STDOUT_REDIRECT] 1 : Invalid condition id : UX_CORESTACK_Condition cause : null
2025-07-21 11:25:11,187 [INFO] LogOutputStream:77 - [STDOUT_REDIRECT] 1 : Invalid condition id : UX_CORESTACK_Condition cause : null
2025-07-21 11:25:11,190 [INFO] LogOutputStream:77 - [STDOUT_REDIRECT] 1 : Invalid condition id : UX_CORESTACK_Condition cause : null
2025-07-21 11:25:11,192 [INFO] LogOutputStream:77 - [STDOUT_REDIRECT] 1 : Invalid condition id : UX_CORESTACK_Condition cause : null
2025-07-21 11:25:11,194 [INFO] LogOutputStream:77 - [STDOUT_REDIRECT] 1 : Invalid condition id : UX_CORESTACK_Condition cause : null
2025-07-21 11:25:11,200 [WARN] PackLoader:240 - Cannot read IP mode file for STMicroelectronics.X-CUBE-AZRTOS-WL.2.0.0
2025-07-21 11:25:11,208 [WARN] PackLoader:240 - Cannot read IP mode file for STMicroelectronics.FP-SNS-MOTENV1.5.0.0
2025-07-21 11:25:11,232 [WARN] PackLoader:240 - Cannot read IP mode file for WES.I-CUBE-Cesium.1.3.0
2025-07-21 11:25:11,240 [WARN] PackLoader:240 - Cannot read IP mode file for STMicroelectronics.X-CUBE-BLE2.3.3.0
2025-07-21 11:25:11,250 [WARN] PackLoader:240 - Cannot read IP mode file for STMicroelectronics.X-CUBE-NFC9.1.0.0
2025-07-21 11:25:11,260 [WARN] PackLoader:240 - Cannot read IP mode file for wolfSSL.I-CUBE-wolfSSL.5.8.0
2025-07-21 11:25:11,268 [WARN] PackLoader:240 - Cannot read IP mode file for STMicroelectronics.X-CUBE-BLE1.7.1.0
2025-07-21 11:25:11,274 [WARN] PackLoader:240 - Cannot read IP mode file for wolfSSL.I-CUBE-wolfMQTT.1.19.2
2025-07-21 11:25:11,284 [WARN] PackLoader:240 - Cannot read IP mode file for STMicroelectronics.X-CUBE-EEPRMA1.5.2.0
2025-07-21 11:25:11,296 [WARN] PackLoader:240 - Cannot read IP mode file for STMicroelectronics.X-CUBE-AI.10.1.0
2025-07-21 11:25:11,340 [WARN] PackLoader:240 - Cannot read IP mode file for STMicroelectronics.X-CUBE-AZRTOS-G0.1.1.0
2025-07-21 11:25:11,352 [WARN] PackLoader:240 - Cannot read IP mode file for STMicroelectronics.X-CUBE-SAFEA1.1.2.2
2025-07-21 11:25:11,362 [WARN] PackLoader:240 - Cannot read IP mode file for STMicroelectronics.X-CUBE-NFC4.3.0.0
2025-07-21 11:25:11,377 [WARN] PackLoader:240 - Cannot read IP mode file for EmbeddedOffice.I-CUBE-FS-RTOS.1.0.1
2025-07-21 11:25:11,386 [WARN] PackLoader:240 - Cannot read IP mode file for STMicroelectronics.X-CUBE-WB05N.2.0.0
2025-07-21 11:25:11,394 [WARN] PackLoader:240 - Cannot read IP mode file for wolfSSL.I-CUBE-wolfTPM.3.8.0
2025-07-21 11:25:11,403 [WARN] PackLoader:240 - Cannot read IP mode file for STMicroelectronics.X-CUBE-TCPP.4.2.0
2025-07-21 11:25:11,413 [WARN] PackLoader:240 - Cannot read IP mode file for RealThread.X-CUBE-RT-Thread_Nano.4.1.1
2025-07-21 11:25:11,420 [WARN] PackLoader:240 - Cannot read IP mode file for STMicroelectronics.FP-ATR-SIGFOX1.3.2.0
2025-07-21 11:25:11,429 [WARN] PackLoader:240 - Cannot read IP mode file for STMicroelectronics.X-CUBE-EEPRMA1.5.1.0
2025-07-21 11:25:11,442 [WARN] PackLoader:240 - Cannot read IP mode file for ITTIA_DB.I-CUBE-ITTIADB.8.9.0
2025-07-21 11:25:11,451 [WARN] PackLoader:240 - Cannot read IP mode file for STMicroelectronics.X-CUBE-ST67W61.1.0.0
2025-07-21 11:25:11,491 [WARN] PackLoader:240 - Cannot read IP mode file for SEGGER.I-CUBE-embOS.1.3.1
2025-07-21 11:25:11,538 [WARN] PackLoader:240 - Cannot read IP mode file for STMicroelectronics.X-CUBE-ALGOBUILD.1.4.0
2025-07-21 11:25:11,605 [WARN] PackLoader:240 - Cannot read IP mode file for STMicroelectronics.X-CUBE-MEMS1.11.3.0
2025-07-21 11:25:11,872 [WARN] PackLoader:240 - Cannot read IP mode file for STMicroelectronics.X-CUBE-PM33A1.1.0.0
2025-07-21 11:25:11,907 [WARN] PackLoader:240 - Cannot read IP mode file for STMicroelectronics.X-CUBE-AZRTOS-F4.1.1.0
2025-07-21 11:25:11,918 [WARN] PackLoader:240 - Cannot read IP mode file for Avnet-IotConnect.X-CUBE-IoTC-DA16k-PMOD.1.0.0
2025-07-21 11:25:11,925 [WARN] PackLoader:240 - Cannot read IP mode file for STMicroelectronics.X-CUBE-ISPU.2.1.0
2025-07-21 11:25:11,936 [WARN] PackLoader:240 - Cannot read IP mode file for STMicroelectronics.X-CUBE-NFC12.1.0.0
2025-07-21 11:25:11,961 [WARN] PackLoader:240 - Cannot read IP mode file for STMicroelectronics.X-CUBE-AZRTOS-L5.2.0.0
2025-07-21 11:25:11,974 [WARN] PackLoader:240 - Cannot read IP mode file for STMicroelectronics.X-CUBE-NFC6.3.1.0
2025-07-21 11:25:11,985 [WARN] PackLoader:240 - Cannot read IP mode file for STMicroelectronics.X-CUBE-FREERTOS.1.3.1
2025-07-21 11:25:11,991 [WARN] PackLoader:240 - Cannot read IP mode file for STMicroelectronics.FP-SNS-STAIOTCFT.1.0.0
2025-07-21 11:25:11,999 [WARN] PackLoader:240 - Cannot read IP mode file for STMicroelectronics.X-CUBE-DPower.1.3.0
2025-07-21 11:25:12,022 [WARN] ConditionMgr:438 - getConditionDescription Invalid condition id : LAN8742 Phy interface Condition cause : null
2025-07-21 11:25:12,023 [WARN] PackLoader:240 - Cannot read IP mode file for STMicroelectronics.X-CUBE-AZRTOS-L4.2.0.0
2025-07-21 11:25:12,025 [WARN] ConditionMgr:1044 - genDependencies : Invalid condition id : LAN8742 Phy interface Condition cause : null
2025-07-21 11:25:12,025 [WARN] ConditionMgr:1044 - genDependencies : Invalid condition id : LAN8742 Phy interface Condition cause : null
2025-07-21 11:25:12,026 [WARN] ConditionMgr:1044 - genDependencies : Invalid condition id : LAN8742 Phy interface Condition cause : null
2025-07-21 11:25:12,036 [WARN] PackLoader:240 - Cannot read IP mode file for STMicroelectronics.X-CUBE-SFXS2LP1.4.0.0
2025-07-21 11:25:12,062 [WARN] PackLoader:240 - Cannot read IP mode file for STMicroelectronics.X-CUBE-AZRTOS-H7.3.3.0
2025-07-21 11:25:12,083 [WARN] PackLoader:240 - Cannot read IP mode file for STMicroelectronics.X-CUBE-BLEMGR.4.1.0
2025-07-21 11:25:12,102 [WARN] ConditionMgr:438 - getConditionDescription Invalid condition id : UX DEVICE CLASS RTOS Condition cause : null
2025-07-21 11:25:12,102 [WARN] ConditionMgr:438 - getConditionDescription Invalid condition id : UX DEVICE CLASS RTOS Condition cause : null
2025-07-21 11:25:12,105 [WARN] PackLoader:240 - Cannot read IP mode file for STMicroelectronics.X-CUBE-AZRTOS-WB.2.0.0
2025-07-21 11:25:12,106 [WARN] ConditionMgr:1044 - genDependencies : Invalid condition id : UX DEVICE CLASS RTOS Condition cause : null
2025-07-21 11:25:12,106 [WARN] ConditionMgr:1044 - genDependencies : Invalid condition id : UX DEVICE CLASS RTOS Condition cause : null
2025-07-21 11:25:12,107 [WARN] ConditionMgr:1044 - genDependencies : Invalid condition id : UX DEVICE CLASS RTOS Condition cause : null
2025-07-21 11:25:12,107 [WARN] ConditionMgr:1044 - genDependencies : Invalid condition id : UX DEVICE CLASS RTOS Condition cause : null
2025-07-21 11:25:12,107 [WARN] ConditionMgr:1044 - genDependencies : Invalid condition id : UX DEVICE CLASS RTOS Condition cause : null
2025-07-21 11:25:12,115 [WARN] PackLoader:240 - Cannot read IP mode file for STMicroelectronics.X-CUBE-GNSS1.7.0.1
2025-07-21 11:25:12,122 [WARN] PackLoader:240 - Cannot read IP mode file for STMicroelectronics.X-CUBE-TOUCHGFX.4.25.0
2025-07-21 11:25:12,130 [WARN] PackLoader:240 - Cannot read IP mode file for STMicroelectronics.FP-SNS-STBOX1.2.0.0
2025-07-21 11:25:12,145 [WARN] PackLoader:240 - Cannot read IP mode file for STMicroelectronics.X-CUBE-SUBG2.5.0.0
2025-07-21 11:25:12,171 [WARN] PackLoader:240 - Cannot read IP mode file for STMicroelectronics.X-CUBE-AZRTOS-H7RS.1.1.0
2025-07-21 11:25:12,180 [WARN] PackLoader:240 - Cannot read IP mode file for Cesanta.I-CUBE-Mongoose.7.13.0
2025-07-21 11:25:12,195 [WARN] PackLoader:240 - Cannot read IP mode file for STMicroelectronics.X-CUBE-AZRTOS-G4.2.0.0
2025-07-21 11:25:12,203 [WARN] PackLoader:240 - Cannot read IP mode file for wolfSSL.I-CUBE-wolfSSH.1.4.20
2025-07-21 11:25:12,209 [WARN] PackLoader:240 - Cannot read IP mode file for STMicroelectronics.X-CUBE-NFC7.2.0.0
2025-07-21 11:25:12,226 [WARN] PackLoader:240 - Cannot read IP mode file for STMicroelectronics.X-CUBE-IPS.3.1.0
2025-07-21 11:25:12,239 [WARN] PackLoader:240 - Cannot read IP mode file for STMicroelectronics.X-CUBE-ALS.1.0.2
2025-07-21 11:25:12,246 [WARN] PackLoader:240 - Cannot read IP mode file for portGmbH.I-Cube-SoM-uGOAL.1.1.0
2025-07-21 11:25:12,259 [WARN] PackLoader:240 - Cannot read IP mode file for STMicroelectronics.X-CUBE-TOF1.3.4.3
2025-07-21 11:25:12,274 [INFO] ThirdParty:978 - Integrity check success = true
2025-07-21 11:25:12,274 [INFO] IntegrityCheckThread:100 - exiting critical section [integrity check]
2025-07-21 11:25:12,274 [INFO] IntegrityCheckThread:103 - End integrity checks thread
2025-07-21 11:25:19,330 [INFO] McuFinderGlobals:63 - Set McuFinder mode to 2 (CubeIDE integrated)
2025-07-21 11:25:19,336 [INFO] MainUpdater:2872 - connection check result : 10
2025-07-21 11:25:19,338 [INFO] MainUpdater:2872 - connection check result : 10
2025-07-21 11:25:19,383 [INFO] MicroXplorer:468 - Change Database Path : 
2025-07-21 11:25:19,383 [INFO] MicroXplorer:498 - Change Database Version : DB.6.0.150
2025-07-21 11:25:19,387 [WARN] ThirdParty:871 - waiting for thirdparty lock release [close project]
2025-07-21 11:25:19,387 [INFO] ThirdParty:873 - entering critical section [close project]
2025-07-21 11:25:19,387 [INFO] ThirdParty:883 - exiting critical section [close project]
2025-07-21 11:25:19,391 [INFO] PinOutPanel:1589 - setPackage(No Configuration,No Configuration)
2025-07-21 11:25:19,393 [INFO] UtilMem:75 - Begin LoadConfig() Used Memory: 292404072 Bytes (337641472)
2025-07-21 11:25:19,394 [INFO] MicroXplorer:468 - Change Database Path : 
2025-07-21 11:25:19,395 [INFO] MicroXplorer:498 - Change Database Version : DB.6.0.150
2025-07-21 11:25:19,395 [INFO] OpenFileManager:355 - Change cursor
2025-07-21 11:25:19,422 [INFO] Mcu:2029 - Initializing MCU STM32F446R(C-E)Tx STM32F446RETx STM32F446RET6
2025-07-21 11:25:21,641 [INFO] Context:786 - Trying to add GPIOservice into a context  which must be forbidden
2025-07-21 11:25:22,444 [INFO] ImportTextPane:234 - (OptionalMessage_ERROR) Pin16 (VP_RIF_VS_RIF1) cannot be retrieved for this MCU
2025-07-21 11:25:22,566 [INFO] RtosManager:558 - Registered RTOS mode: class=CMSIS, group=RTOS, mode=CMSIS_V1, owner=FREERTOS
2025-07-21 11:25:22,567 [INFO] RtosManager:558 - Registered RTOS mode: class=CMSIS, group=RTOS2, mode=CMSIS_V2, owner=FREERTOS
2025-07-21 11:25:22,567 [INFO] RtosManager:558 - Registered RTOS mode: class=RTOS, group=Core, mode=CMSIS_V1, owner=FREERTOS
2025-07-21 11:25:22,567 [INFO] RtosManager:558 - Registered RTOS mode: class=RTOS, group=Core, mode=CMSIS_V2, owner=FREERTOS
2025-07-21 11:25:22,567 [WARN] ModelIntegratedComponent:184 - Missing modes for component STMicroelectronics:FreeRTOS:0.0.1:STMicroelectronics:RTOS:FreeRTOS:Core:::10.2.0:
2025-07-21 11:25:22,607 [WARN] ModelIntegratedComponent:63 - No mode defined for component null
2025-07-21 11:25:22,607 [WARN] ModelIntegratedComponent:63 - No mode defined for component null
2025-07-21 11:25:22,607 [WARN] ModelIntegratedComponent:63 - No mode defined for component null
2025-07-21 11:25:22,607 [WARN] ModelIntegratedComponent:63 - No mode defined for component null
2025-07-21 11:25:22,607 [WARN] ModelIntegratedComponent:63 - No mode defined for component null
2025-07-21 11:25:22,608 [WARN] ModelIntegratedComponent:63 - No mode defined for component null
2025-07-21 11:25:22,608 [WARN] ModelIntegratedComponent:63 - No mode defined for component null
2025-07-21 11:25:22,608 [WARN] ModelIntegratedComponent:63 - No mode defined for component null
2025-07-21 11:25:22,608 [WARN] ModelIntegratedComponent:63 - No mode defined for component null
2025-07-21 11:25:22,608 [WARN] ModelIntegratedComponent:63 - No mode defined for component null
2025-07-21 11:25:22,608 [WARN] ModelIntegratedComponent:63 - No mode defined for component null
2025-07-21 11:25:22,608 [WARN] ModelIntegratedComponent:63 - No mode defined for component null
2025-07-21 11:25:22,608 [WARN] ModelIntegratedComponent:63 - No mode defined for component null
2025-07-21 11:25:22,608 [WARN] ModelIntegratedComponent:63 - No mode defined for component null
2025-07-21 11:25:22,608 [WARN] ModelIntegratedComponent:63 - No mode defined for component null
2025-07-21 11:25:22,608 [WARN] ModelIntegratedComponent:63 - No mode defined for component null
2025-07-21 11:25:22,608 [WARN] ModelIntegratedComponent:63 - No mode defined for component null
2025-07-21 11:25:22,608 [WARN] ModelIntegratedComponent:63 - No mode defined for component null
2025-07-21 11:25:22,608 [WARN] ModelIntegratedComponent:63 - No mode defined for component null
2025-07-21 11:25:22,608 [WARN] ModelIntegratedComponent:63 - No mode defined for component null
2025-07-21 11:25:22,608 [WARN] ModelIntegratedComponent:63 - No mode defined for component null
2025-07-21 11:25:22,608 [WARN] ModelIntegratedComponent:63 - No mode defined for component null
2025-07-21 11:25:22,608 [WARN] ModelIntegratedComponent:63 - No mode defined for component null
2025-07-21 11:25:22,609 [WARN] ModelIntegratedComponent:63 - No mode defined for component null
2025-07-21 11:25:22,609 [WARN] ModelIntegratedComponent:63 - No mode defined for component null
2025-07-21 11:25:22,609 [WARN] ModelIntegratedComponent:63 - No mode defined for component null
2025-07-21 11:25:22,609 [WARN] ModelIntegratedComponent:63 - No mode defined for component null
2025-07-21 11:25:22,609 [WARN] ModelIntegratedComponent:63 - No mode defined for component null
2025-07-21 11:25:22,609 [WARN] ModelIntegratedComponent:63 - No mode defined for component null
2025-07-21 11:25:22,609 [WARN] ModelIntegratedComponent:63 - No mode defined for component null
2025-07-21 11:25:22,609 [WARN] ModelIntegratedComponent:63 - No mode defined for component null
2025-07-21 11:25:22,609 [WARN] ModelIntegratedComponent:63 - No mode defined for component null
2025-07-21 11:25:22,609 [WARN] ModelIntegratedComponent:63 - No mode defined for component null
2025-07-21 11:25:22,609 [WARN] ModelIntegratedComponent:63 - No mode defined for component null
2025-07-21 11:25:22,609 [WARN] ModelIntegratedComponent:63 - No mode defined for component null
2025-07-21 11:25:22,609 [WARN] ModelPack:524 - Component already loaded: STMicroelectronics:HAL Drivers:0.0.0:STMicroelectronics:Device:STMicro_Driver:XSPI:HAL::0.0.1:HAL_XSPI
2025-07-21 11:25:22,732 [INFO] ThirdPartyModel:298 - Start build external matchings
2025-07-21 11:25:23,307 [INFO] ThirdPartyModel:316 - End build external matchings
2025-07-21 11:25:23,330 [INFO] RtosManager:1018 - Current active RTOS is FREERTOS [Cortex-M4NS]
2025-07-21 11:25:23,343 [INFO] ImportTextPane:234 - (OptionalMessage_ERROR) IP (RCC) : Invalid parameter (48MHZClocksFreq_Value)
2025-07-21 11:25:23,343 [INFO] ImportTextPane:234 - (OptionalMessage_ERROR) IP (RCC) : Invalid parameter (EthernetFreq_Value)
2025-07-21 11:25:23,345 [INFO] ImportTextPane:234 - (OptionalMessage_ERROR) IP (RCC) : Parameter (FLatency) has Id (AdvancedSettings) currently not set
2025-07-21 11:25:23,346 [INFO] ImportTextPane:234 - (OptionalMessage_ERROR) IP (RCC) : Invalid parameter (FamilyName)
2025-07-21 11:25:23,346 [INFO] ImportTextPane:234 - (OptionalMessage_ERROR) IP (RCC) : Invalid parameter (I2SClocksFreq_Value)
2025-07-21 11:25:23,346 [INFO] ImportTextPane:234 - (OptionalMessage_ERROR) IP (RCC) : Parameter (MCO2PinFreq_Value) has invalid value (180000000)
2025-07-21 11:25:23,347 [INFO] ImportTextPane:234 - (OptionalMessage_ERROR) IP (RCC) : Parameter (SDIOFreq_Value) has invalid value (180000000)
2025-07-21 11:25:23,347 [INFO] ImportTextPane:234 - (OptionalMessage_ERROR) IP (RCC) : Parameter (USBFreq_Value) has invalid value (180000000)
2025-07-21 11:25:23,349 [INFO] ImportTextPane:234 - (OptionalMessage_ERROR) IP (RCC) : Invalid parameter (VCOInputMFreq_Value)
2025-07-21 11:25:23,349 [INFO] ImportTextPane:234 - (OptionalMessage_ERROR) IP (RCC) : Invalid parameter (VcooutputI2S)
2025-07-21 11:25:23,969 [INFO] ApiDb:581 - Connected to CubeFinder SQLite database (C:\Users\aliya\.stmcufinder\plugins\mcufinder\mcu\cube-finder-db.db)
2025-07-21 11:25:24,085 [INFO] ApiDb:668 - CubeFinder database Data Model version=2.1
2025-07-21 11:25:24,085 [INFO] ApiDb:669 - CubeFinder database Configuration version=3.0.39
2025-07-21 11:25:24,085 [INFO] ApiDb:670 - CubeFinder database generation date=2025-06-24 (1750757100)
2025-07-21 11:25:24,085 [INFO] ApiDb:671 - CubeFinder database FW Pack versions=[FP-ATR-ASTRA1_V2.0.0, FP-SNS-FLIGHT1_V5.1.0, FP-SNS-MOTENV1_V5.0.0, FP-SNS-MOTENVWB1_V1.4.0, FP-SNS-SMARTAG2_V1.2.0, FP-SNS-STBOX1_V2.0.0, STM32Cube_FW_C0_V1.4.0, STM32Cube_FW_F4_V1.28.2, STM32Cube_FW_F7_V1.17.3, STM32Cube_FW_G0_V1.6.2, STM32Cube_FW_G4_V1.6.1, STM32Cube_FW_H5_V1.5.0, STM32Cube_FW_H7RS_V1.2.0, STM32Cube_FW_H7_V1.12.1, STM32Cube_FW_L0_V1.12.2, STM32Cube_FW_L4_V1.18.1, STM32Cube_FW_L5_V1.5.1, STM32Cube_FW_N6_V1.2.0, STM32Cube_FW_U0_V1.3.0, STM32Cube_FW_U3_V1.2.0, STM32Cube_FW_U5_V1.8.0, STM32Cube_FW_WB0_V1.3.0, STM32Cube_FW_WBA_V1.7.0, STM32Cube_FW_WB_V1.23.0, STM32Cube_FW_WL3_V1.2.0, STM32Cube_FW_WL_V1.3.1, X-CUBE-ALGOBUILD_V1.4.0, X-CUBE-ALS_V1.0.2, X-CUBE-AZRTOS-F4_V1.1.0, X-CUBE-AZRTOS-F7_V1.1.0, X-CUBE-AZRTOS-G0_V1.1.0, X-CUBE-AZRTOS-G4_V2.0.0, X-CUBE-AZRTOS-H7RS_V1.1.0, X-CUBE-AZRTOS-H7_V3.3.0, X-CUBE-AZRTOS-L4_V2.0.0, X-CUBE-AZRTOS-L5_V2.0.0, X-CUBE-AZRTOS-WB_V2.0.0, X-CUBE-AZRTOS-WL_V2.0.0, X-CUBE-BLE1_V7.1.0, X-CUBE-BLE2_V3.3.0, X-CUBE-BLEMGR_V4.0.0, X-CUBE-EEPRMA1_V5.1.0, X-CUBE-FREERTOS_V1.3.1, X-CUBE-GNSS1_V6.0.0, X-CUBE-MEMS1_V11.3.0, X-CUBE-NFC4_V3.0.0, X-CUBE-NFC7_V2.0.0, X-CUBE-SFXS2LP1_V4.0.0, X-CUBE-SUBG2_V5.0.0, X-CUBE-TOF1_V3.4.3]
2025-07-21 11:25:24,330 [INFO] DbBoardsSqlite:226 - include board P-NUCLEO-WB55-NUCLEO as a kit item of type 'Nucleo-64'
2025-07-21 11:25:24,331 [INFO] DbBoardsSqlite:226 - include board P-NUCLEO-WB55-USBDONGLE as a kit item of type 'Nucleo USB Dongle'
2025-07-21 11:25:24,333 [INFO] DbBoardsSqlite:226 - include board STEVAL-IDP005V1 as a kit item of type 'Evaluation Board'
2025-07-21 11:25:24,333 [INFO] DbBoardsSqlite:226 - include board STEVAL-IDP005V2 as a kit item of type 'Evaluation Board'
2025-07-21 11:25:25,171 [INFO] ApiDb:240 - Found 880 in-development CPN: [B-G473E-ZEST1S, B-WB1M-WPAN1, B-WBA5M-WPAN, B-WL5M-SUBG1, NUCLEO-C031C6, NUCLEO-C051C8, NUCLEO-C071RB, NUCLEO-C092RC, NUCLEO-H503RB, NUCLEO-H533RE, NUCLEO-H563ZI, NUCLEO-H7S3L8, NUCLEO-N657X0-Q, NUCLEO-U031R8, NUCLEO-U083RC, NUCLEO-U385RG-Q, NUCLEO-U545RE-Q, NUCLEO-U5A5ZJ-Q, NUCLEO-WB05KZ, NUCLEO-WB07CC, NUCLEO-WB09KE, NUCLEO-WBA52CG, NUCLEO-WBA55CG, NUCLEO-WL33CC1, NUCLEO-WL33CC2, STEVAL-PROTEUS1, STEVAL-SMARTAG2, STEVAL-STWINBX1, STM320518-EVAL, STM32C0116-DK, STM32C011D6Y3TR, STM32C011D6Y6TR, STM32C011F4P3, STM32C011F4P6, STM32C011F4U3, STM32C011F4U6TR, STM32C011F6P3, STM32C011F6P6, STM32C011F6U3, STM32C011F6U6TR, STM32C011J4M3, STM32C011J4M6, STM32C011J6M3, STM32C011J6M6, STM32C0316-DK, STM32C031C4T3, STM32C031C4T6, STM32C031C4U3, STM32C031C4U6, STM32C031C6T3, STM32C031C6T6, STM32C031C6U3, STM32C031C6U6, STM32C031F4P3, STM32C031F4P6, STM32C031F6P3, STM32C031F6P6, STM32C031G4U3, STM32C031G4U6, STM32C031G6U3, STM32C031G6U6, STM32C031K4T3, STM32C031K4T6, STM32C031K4U3, STM32C031K4U6, STM32C031K6T3, STM32C031K6T6, STM32C031K6U3, STM32C031K6U6, STM32C051C6T6, STM32C051C6U6, STM32C051C8T6, STM32C051C8U6, STM32C051D8Y6TR, STM32C051F6P6, STM32C051F8P6, STM32C051G6U6, STM32C051G8U6, STM32C051K6T6, STM32C051K6U6, STM32C051K8T6, STM32C071C8T6, STM32C071C8T6N, STM32C071C8U6, STM32C071C8U6N, STM32C071CBT6, STM32C071CBT6N, STM32C071CBU6, STM32C071CBU6N, STM32C071F8P6, STM32C071F8P6N, STM32C071FBP6, STM32C071FBP6N, STM32C071FBY6TR, STM32C071G8U6, STM32C071G8U6N, STM32C071GBU6, STM32C071GBU6N, STM32C071K8T6, STM32C071K8T6N, STM32C071K8U6, STM32C071K8U6N, STM32C071KBT6, STM32C071KBT6N, STM32C071KBU6, STM32C071KBU6N, STM32C071R8T6, STM32C071R8T6N, STM32C071RBI6N, STM32C071RBT6, STM32C071RBT6N, STM32C091CBT6, STM32C091CBU6, STM32C091CCT6, STM32C091CCU6, STM32C091ECY6TR, STM32C091FBP6, STM32C091FCP6, STM32C091GBU6, STM32C091GCU6, STM32C091KBT6, STM32C091KBU6, STM32C091KCT6, STM32C091KCU6, STM32C091RBT6, STM32C091RCI6, STM32C091RCT6, STM32C092CBT6, STM32C092CBU6, STM32C092CCT6, STM32C092CCU6, STM32C092ECY6TR, STM32C092FBP6, STM32C092FCP6, STM32C092GBU6, STM32C092GCU6, STM32C092KBT6, STM32C092KBU6, STM32C092KCT6, STM32C092KCU6, STM32C092RBT6, STM32C092RCI6, STM32C092RCT6, STM32G071K8TXN, STM32G071K8UXN, STM32G081GBU6N, STM32G081KBT6N, STM32G081KBUXN, STM32G0B1CCT6N, STM32G0B1KCT6, STM32G0B1NEY6TR, STM32G0B1RCT6N, STM32G0C1CCT6, STM32G0C1CCT6N, STM32G0C1CCU6N, STM32G0C1CET6N, STM32G0C1CEU6N, STM32G0C1KCT6, STM32G0C1NEY6TR, STM32G0C1RCI6N, STM32G0C1RCT6N, STM32G0C1REI6N, STM32G0C1RET6N, STM32G0C1VCI6, STM32G0C1VEI6, STM32G411C6T3, STM32G411C6T6, STM32G411C6U3, STM32G411C6U6, STM32G411C8T3, STM32G411C8T6, STM32G411C8U3, STM32G411C8U6, STM32G411CBT3, STM32G411CBT6, STM32G411CBU3, STM32G411CBU6, STM32G411K6T3, STM32G411K6T6, STM32G411K6U3, STM32G411K6U6, STM32G411K8T3, STM32G411K8T6, STM32G411K8U3, STM32G411K8U6, STM32G411KBT3, STM32G411KBT6, STM32G411KBU3, STM32G411KBU6, STM32G411M6T3, STM32G411M6T6, STM32G411M8T3, STM32G411M8T6, STM32G411MBT3, STM32G411MBT6, STM32G411R6T3, STM32G411R6T6, STM32G411R8T3, STM32G411R8T6, STM32G411RBT3, STM32G411RBT6, STM32G414CBT3, STM32G414CBT6, STM32G414CBU3, STM32G414CBU6, STM32G414CCT3, STM32G414CCT6, STM32G414CCU3, STM32G414CCU6, STM32G414MBT3, STM32G414MBT6, STM32G414MCT3, STM32G414MCT6, STM32G414RBT3, STM32G414RBT6, STM32G414RCT3, STM32G414RCT6, STM32G414VBT3, STM32G414VBT6, STM32G414VCT3, STM32G414VCT6, STM32G431CBT3Z, STM32G431RBT3Z, STM32G471CCT6, STM32G471CCU6, STM32G471CET3, STM32G471CET6, STM32G471CEU3, STM32G471CEU6, STM32G471MCT6, STM32G471MET3, STM32G471MET6, STM32G471MEY6TR, STM32G471QCT6, STM32G471QET3, STM32G471RCT6, STM32G471RET3, STM32G471RET6, STM32G471VCH6, STM32G471VCI6, STM32G471VCT6, STM32G471VEH3, STM32G471VEH6, STM32G471VEI3, STM32G471VEI6, STM32G471VET3, STM32G471VET6, STM32G473QET3Z, STM32G473RET3Z, STM32G474CCT6, STM32G491RET3Z, STM32H503CBT6, STM32H503CBU6, STM32H503EBY6TR, STM32H503KBU6, STM32H503RBT6, STM32H523CCT6, STM32H523CCU6, STM32H523CET6, STM32H523CEU6, STM32H523HEY6TR, STM32H523RCT6, STM32H523RET6, STM32H523VCI6, STM32H523VCT6, STM32H523VEI6, STM32H523VET6, STM32H523ZCJ6, STM32H523ZCT6, STM32H523ZEJ6, STM32H523ZET6, STM32H533CET6, STM32H533CEU6, STM32H533HEY6TR, STM32H533RET6, STM32H533VEI6, STM32H533VET6, STM32H533ZEJ6, STM32H533ZET6, STM32H562AGI6, STM32H562AII6, STM32H562IGK6, STM32H562IGT6, STM32H562IIK6, STM32H562IIT6, STM32H562RGT6, STM32H562RGV6, STM32H562RIT6, STM32H562RIV6, STM32H562VGT6, STM32H562VIT6, STM32H562ZGT6, STM32H562ZIT6, STM32H563AGI6, STM32H563AII3Q, STM32H563AII6, STM32H563IGK6, STM32H563IGT6, STM32H563IIK3Q, STM32H563IIK6, STM32H563IIT3Q, STM32H563IIT6, STM32H563MIY3QTR, STM32H563RGT6, STM32H563RGV6, STM32H563RIT6, STM32H563RIV6, STM32H563VGT6, STM32H563VIT3Q, STM32H563VIT6, STM32H563ZGT6, STM32H563ZIT3Q, STM32H563ZIT6, STM32H573AII3Q, STM32H573AII6, STM32H573I-DK, STM32H573IIK3Q, STM32H573IIK6, STM32H573IIT3Q, STM32H573IIT6, STM32H573MIY3QTR, STM32H573RIT6, STM32H573RIV6, STM32H573VIT3Q, STM32H573VIT6, STM32H573ZIT3Q, STM32H573ZIT6, STM32H7R3A8I6, STM32H7R3I8K6, STM32H7R3I8T6, STM32H7R3L8H6, STM32H7R3L8H6H, STM32H7R3R8V6, STM32H7R3V8H6, STM32H7R3V8T6, STM32H7R3V8Y6TR, STM32H7R3Z8J6, STM32H7R3Z8T6, STM32H7R7A8I6, STM32H7R7I8K6, STM32H7R7I8T6, STM32H7R7L8H6, STM32H7R7L8H6H, STM32H7R7Z8J6, STM32H7S3A8I6, STM32H7S3I8K6, STM32H7S3I8T6, STM32H7S3L8H6, STM32H7S3L8H6H, STM32H7S3R8V6, STM32H7S3V8H6, STM32H7S3V8T6, STM32H7S3V8Y6TR, STM32H7S3Z8J6, STM32H7S3Z8T6, STM32H7S78-DK, STM32H7S7A8I6, STM32H7S7I8K6, STM32H7S7I8T6, STM32H7S7L8H6, STM32H7S7L8H6H, STM32H7S7Z8J6, STM32L4R5QGI6STR, STM32MP131AAE3, STM32MP131AAF3, STM32MP131AAG3, STM32MP131CAE3, STM32MP131CAF3, STM32MP131CAG3, STM32MP131DAE7, STM32MP131DAF7, STM32MP131DAG7, STM32MP131FAE7, STM32MP131FAF7, STM32MP131FAG7, STM32MP133AAE3, STM32MP133AAF3, STM32MP133AAG3, STM32MP133CAE3, STM32MP133CAF3, STM32MP133CAG3, STM32MP133DAE7, STM32MP133DAF7, STM32MP133DAG7, STM32MP133FAE7, STM32MP133FAF7, STM32MP133FAG7, STM32MP135AAE3, STM32MP135AAF3, STM32MP135AAG3, STM32MP135CAE3, STM32MP135CAF3, STM32MP135CAG3, STM32MP135DAE7, STM32MP135DAF7, STM32MP135DAG7, STM32MP135F-DK, STM32MP135FAE7, STM32MP135FAF7, STM32MP135FAF7T, STM32MP135FAF7U, STM32MP135FAG7, STM32MP211AAL3, STM32MP211AAM3, STM32MP211AAN3, STM32MP211AAO3, STM32MP211CAL3, STM32MP211CAM3, STM32MP211CAN3, STM32MP211CAO3, STM32MP211DAL3, STM32MP211DAM3, STM32MP211DAN3, STM32MP211DAO3, STM32MP211FAL3, STM32MP211FAM3, STM32MP211FAN3, STM32MP211FAO3, STM32MP213AAL3, STM32MP213AAM3, STM32MP213AAN3, STM32MP213AAO3, STM32MP213CAL3, STM32MP213CAM3, STM32MP213CAN3, STM32MP213CAO3, STM32MP213DAL3, STM32MP213DAM3, STM32MP213DAN3, STM32MP213DAO3, STM32MP213FAL3, STM32MP213FAM3, STM32MP213FAN3, STM32MP213FAO3, STM32MP215AAL3, STM32MP215AAM3, STM32MP215AAN3, STM32MP215AAO3, STM32MP215CAL3, STM32MP215CAM3, STM32MP215CAN3, STM32MP215CAO3, STM32MP215DAL3, STM32MP215DAM3, STM32MP215DAN3, STM32MP215DAO3, STM32MP215F-DK, STM32MP215FAL3, STM32MP215FAM3, STM32MP215FAN3, STM32MP215FAO3, STM32MP231AAJ3, STM32MP231AAK3, STM32MP231AAL3, STM32MP231CAJ3, STM32MP231CAK3, STM32MP231CAL3, STM32MP231DAJ3, STM32MP231DAK3, STM32MP231DAL3, STM32MP231FAJ3, STM32MP231FAK3, STM32MP231FAL3, STM32MP233AAJ3, STM32MP233AAK3, STM32MP233AAL3, STM32MP233CAJ3, STM32MP233CAK3, STM32MP233CAL3, STM32MP233DAJ3, STM32MP233DAK3, STM32MP233DAL3, STM32MP233FAJ3, STM32MP233FAK3, STM32MP233FAL3, STM32MP235AAJ3, STM32MP235AAK3, STM32MP235AAL3, STM32MP235CAJ3, STM32MP235CAK3, STM32MP235CAL3, STM32MP235DAJ3, STM32MP235DAK3, STM32MP235DAL3, STM32MP235FAJ3, STM32MP235FAK3, STM32MP235FAL3, STM32MP251AAI3, STM32MP251AAK3, STM32MP251AAL3, STM32MP251CAI3, STM32MP251CAK3, STM32MP251CAL3, STM32MP251DAI3, STM32MP251DAK3, STM32MP251DAL3, STM32MP251FAI3, STM32MP251FAK3, STM32MP251FAL3, STM32MP253AAI3, STM32MP253AAK3, STM32MP253AAL3, STM32MP253CAI3, STM32MP253CAK3, STM32MP253CAL3, STM32MP253DAI3, STM32MP253DAK3, STM32MP253DAL3, STM32MP253FAI3, STM32MP253FAK3, STM32MP253FAL3, STM32MP255AAI3, STM32MP255AAK3, STM32MP255AAL3, STM32MP255CAI3, STM32MP255CAK3, STM32MP255CAL3, STM32MP255DAI3, STM32MP255DAK3, STM32MP255DAL3, STM32MP255FAI3, STM32MP255FAK3, STM32MP255FAL3, STM32MP257AAI3, STM32MP257AAK3, STM32MP257AAL3, STM32MP257CAI3, STM32MP257CAK3, STM32MP257CAL3, STM32MP257DAI3, STM32MP257DAK3, STM32MP257DAL3, STM32MP257F-DK, STM32MP257F-EV1, STM32MP257FAI3, STM32MP257FAK3, STM32MP257FAL3, STM32N645A0H3Q, STM32N645B0H3Q, STM32N645I0H3Q, STM32N645L0H3Q, STM32N645X0H3Q, STM32N645Z0H3Q, STM32N647A0H3Q, STM32N647B0H3Q, STM32N647I0H3Q, STM32N647L0H3Q, STM32N647X0H3Q, STM32N647Z0H3Q, STM32N655A0H3Q, STM32N655B0H3Q, STM32N655I0H3Q, STM32N655L0H3Q, STM32N655X0H3Q, STM32N655Z0H3Q, STM32N6570-DK, STM32N657A0H3Q, STM32N657B0H3Q, STM32N657I0H3Q, STM32N657L0H3Q, STM32N657X0H3Q, STM32N657Z0H3Q, STM32U031C6T6, STM32U031C6U6, STM32U031C8T6, STM32U031C8U6, STM32U031F4P6, STM32U031F6P6, STM32U031F8P6, STM32U031G6Y6TR, STM32U031G8Y6TR, STM32U031K4U6, STM32U031K6U6, STM32U031K8U6, STM32U031R6I6, STM32U031R6T6, STM32U031R8I6, STM32U031R8T6, STM32U073C8T6, STM32U073C8U6, STM32U073CBT6, STM32U073CBU6, STM32U073CCT6, STM32U073CCU6, STM32U073H8Y6TR, STM32U073HBY6TR, STM32U073HCY6TR, STM32U073K8U6, STM32U073KBU6, STM32U073KCU6, STM32U073M8I6, STM32U073M8T6, STM32U073MBI6, STM32U073MBT6, STM32U073MCI6, STM32U073MCT6, STM32U073R8I6, STM32U073R8T6, STM32U073RBI6, STM32U073RBT6, STM32U073RCI6, STM32U073RCT6, STM32U083C-DK, STM32U083CCT6, STM32U083CCU6, STM32U083HCY6TR, STM32U083KCU6, STM32U083MCI6, STM32U083MCT6, STM32U083RCI6, STM32U083RCT6, STM32U375CET6, STM32U375CET6Q, STM32U375CEU6, STM32U375CEU6Q, STM32U375CEY6QTR, STM32U375CGT6, STM32U375CGT6Q, STM32U375CGU6, STM32U375CGU6Q, STM32U375CGY6QTR, STM32U375KEU6, STM32U375KGU6, STM32U375REI6, STM32U375REI6Q, STM32U375RET6, STM32U375RET6Q, STM32U375REY6GTR, STM32U375REY6QTR, STM32U375RGI6, STM32U375RGI6Q, STM32U375RGT6, STM32U375RGT6Q, STM32U375RGY6GTR, STM32U375RGY6QTR, STM32U375VEI6, STM32U375VEI6Q, STM32U375VET6, STM32U375VET6Q, STM32U375VGI6, STM32U375VGI6Q, STM32U375VGT6, STM32U375VGT6Q, STM32U385CGT6, STM32U385CGT6Q, STM32U385CGU6, STM32U385CGU6Q, STM32U385CGY6QTR, STM32U385KGU6, STM32U385RGI6, STM32U385RGI6Q, STM32U385RGT6, STM32U385RGT6Q, STM32U385RGY6GTR, STM32U385RGY6QTR, STM32U385VGI6, STM32U385VGI6Q, STM32U385VGT6, STM32U385VGT6Q, STM32U535CBT6, STM32U535CBT6Q, STM32U535CBU6, STM32U535CBU6Q, STM32U535CCT6, STM32U535CCT6Q, STM32U535CCU6, STM32U535CCU6Q, STM32U535CET6, STM32U535CET6Q, STM32U535CEU6, STM32U535CEU6Q, STM32U535JEY6QTR, STM32U535NCY6QTR, STM32U535NEY6QTR, STM32U535RBI6, STM32U535RBI6Q, STM32U535RBT6, STM32U535RBT6Q, STM32U535RCI6, STM32U535RCI6Q, STM32U535RCT6, STM32U535RCT6Q, STM32U535REI6, STM32U535REI6Q, STM32U535RET6, STM32U535RET6Q, STM32U535VCI6, STM32U535VCI6Q, STM32U535VCT6, STM32U535VCT6Q, STM32U535VEI6, STM32U535VEI6Q, STM32U535VET6, STM32U535VET6Q, STM32U545CET6, STM32U545CET6Q, STM32U545CEU6, STM32U545CEU6Q, STM32U545JEY6QTR, STM32U545NEY6QTR, STM32U545REI6, STM32U545REI6Q, STM32U545RET6, STM32U545RET6Q, STM32U545VEI6, STM32U545VEI6Q, STM32U545VET6, STM32U545VET6Q, STM32U595AIH6, STM32U595AIH6Q, STM32U595AJH6, STM32U595AJH6Q, STM32U595QII6, STM32U595QII6Q, STM32U595QJI6, STM32U595QJI6Q, STM32U595RIT6, STM32U595RIT6Q, STM32U595RJT6, STM32U595RJT6Q, STM32U595VIT6, STM32U595VIT6Q, STM32U595VJT6, STM32U595VJT6Q, STM32U595ZIT6, STM32U595ZIT6Q, STM32U595ZIY6QTR, STM32U595ZJT6, STM32U595ZJT6Q, STM32U595ZJY6QTR, STM32U599BJY6QTR, STM32U599NIH6Q, STM32U599NJH6Q, STM32U599VIT6Q, STM32U599VJT6, STM32U599VJT6Q, STM32U599ZIT6Q, STM32U599ZIY6QTR, STM32U599ZJT6Q, STM32U599ZJY6QTR, STM32U5A5AJH6, STM32U5A5AJH6Q, STM32U5A5QII3Q , STM32U5A5QJI6, STM32U5A5QJI6Q, STM32U5A5RJT6, STM32U5A5RJT6Q, STM32U5A5VJT6, STM32U5A5VJT6Q, STM32U5A5ZJT6, STM32U5A5ZJT6Q, STM32U5A5ZJY6QTR, STM32U5A9BJY6QTR, STM32U5A9J-DK, STM32U5A9NJH6Q, STM32U5A9VJT6Q, STM32U5A9ZJT6Q, STM32U5A9ZJY6QTR, STM32U5F7VIT6, STM32U5F7VIT6Q, STM32U5F7VJT6, STM32U5F7VJT6Q, STM32U5F9BJY6QTR, STM32U5F9NJH6Q, STM32U5F9VIT6Q, STM32U5F9VJT6Q, STM32U5F9ZIJ6QTR, STM32U5F9ZIT6Q, STM32U5F9ZJJ6QTR, STM32U5F9ZJT6Q, STM32U5G7VJT6, STM32U5G7VJT6Q, STM32U5G9BJY6QTR, STM32U5G9J-DK1, STM32U5G9J-DK2, STM32U5G9NJH6Q, STM32U5G9VJT6Q, STM32U5G9ZJJ6QTR, STM32U5G9ZJT6Q, STM32WB05KZV6TR, STM32WB05KZV7TR, STM32WB05TZF6TR, STM32WB05TZF7TR, STM32WB06CCF6TR, STM32WB06CCF7TR, STM32WB06CCV6TR, STM32WB06CCV7TR, STM32WB06KCV6TR, STM32WB06KCV7TR, STM32WB07CCF6TR, STM32WB07CCF7TR, STM32WB07CCV6TR, STM32WB07CCV7TR, STM32WB07KCV6TR, STM32WB07KCV7TR, STM32WB09KEV6TR, STM32WB09KEV7TR, STM32WB09TEF6TR, STM32WB09TEF7TR, STM32WB1MMCH6, STM32WBA50KGU6, STM32WBA50KGU6TR, STM32WBA52CEU6, STM32WBA52CEU6TR, STM32WBA52CEU7, STM32WBA52CEU7TR, STM32WBA52CGU6, STM32WBA52CGU6TR, STM32WBA52CGU6U, STM32WBA52CGU7, STM32WBA52CGU7TR, STM32WBA52KEU6, STM32WBA52KEU6TR, STM32WBA52KGU6, STM32WBA52KGU6TR, STM32WBA54CEU6, STM32WBA54CEU6TR, STM32WBA54CEU7, STM32WBA54CEU7TR, STM32WBA54CGU6, STM32WBA54CGU6TR, STM32WBA54CGU7, STM32WBA54CGU7TR, STM32WBA54KEU6, STM32WBA54KEU6TR, STM32WBA54KEU7, STM32WBA54KEU7TR, STM32WBA54KGU6, STM32WBA54KGU6TR, STM32WBA54KGU7, STM32WBA54KGU7TR, STM32WBA55CEU6, STM32WBA55CEU6TR, STM32WBA55CEU7, STM32WBA55CEU7TR, STM32WBA55CGU6, STM32WBA55CGU6TR, STM32WBA55CGU6U, STM32WBA55CGU7, STM32WBA55CGU7TR, STM32WBA55G-DK1, STM32WBA55HEF6, STM32WBA55HEF7, STM32WBA55HGF6, STM32WBA55HGF7, STM32WBA55UEI6, STM32WBA55UEI6TR, STM32WBA55UEI7, STM32WBA55UEI7TR, STM32WBA55UGI6, STM32WBA55UGI6TR, STM32WBA55UGI7, STM32WBA55UGI7TR, STM32WBA5MMGH6TR, STM32WBA62MGF6, STM32WBA62MIF6, STM32WBA65MGF7, STM32WBA65MIF6, STM32WBA65MIF7, STM32WL30K8V6, STM32WL30KBV6, STM32WL31C8V6, STM32WL31CBV6, STM32WL31K8V6, STM32WL31KBV6, STM32WL33C8V6, STM32WL33C8V6X, STM32WL33CBV6, STM32WL33CBV6X, STM32WL33CCV6, STM32WL33CCV6A, STM32WL33CCV6X, STM32WL33K8V7, STM32WL33K8V7X, STM32WL33KBV7 , STM32WL33KBV7X, STM32WL33KCV7, STM32WL33KCV7X, STM32WL5MOCH6, STM32WL5MOCH6TR]
2025-07-21 11:25:25,606 [INFO] BoardInfo:889 - No configuration file found for board P-NUCLEO-WB55
2025-07-21 11:25:25,608 [INFO] DbBoards:161 - Kit is not supported: P-NUCLEO-WB55
2025-07-21 11:25:25,618 [INFO] BoardInfo:889 - No configuration file found for board STEVAL-BFA001V1B
2025-07-21 11:25:25,619 [INFO] DbBoards:161 - Kit is not supported: STEVAL-BFA001V1B
2025-07-21 11:25:25,621 [INFO] BoardInfo:889 - No configuration file found for board STEVAL-BFA001V2B
2025-07-21 11:25:25,622 [INFO] DbBoards:161 - Kit is not supported: STEVAL-BFA001V2B
2025-07-21 11:25:26,000 [INFO] DbBoards:168 - Found 212 boards, 209 are supported
2025-07-21 11:25:26,000 [INFO] DbBoards:169 - Found 212 boards, 43 of them is supported for  Bsp
2025-07-21 11:25:26,004 [INFO] ApiDb:668 - CubeFinder database Data Model version=2.1
2025-07-21 11:25:26,004 [INFO] ApiDb:669 - CubeFinder database Configuration version=3.0.39
2025-07-21 11:25:26,004 [INFO] ApiDb:670 - CubeFinder database generation date=2025-06-24 (1750757100)
2025-07-21 11:25:26,004 [INFO] ApiDb:671 - CubeFinder database FW Pack versions=[FP-ATR-ASTRA1_V2.0.0, FP-SNS-FLIGHT1_V5.1.0, FP-SNS-MOTENV1_V5.0.0, FP-SNS-MOTENVWB1_V1.4.0, FP-SNS-SMARTAG2_V1.2.0, FP-SNS-STBOX1_V2.0.0, STM32Cube_FW_C0_V1.4.0, STM32Cube_FW_F4_V1.28.2, STM32Cube_FW_F7_V1.17.3, STM32Cube_FW_G0_V1.6.2, STM32Cube_FW_G4_V1.6.1, STM32Cube_FW_H5_V1.5.0, STM32Cube_FW_H7RS_V1.2.0, STM32Cube_FW_H7_V1.12.1, STM32Cube_FW_L0_V1.12.2, STM32Cube_FW_L4_V1.18.1, STM32Cube_FW_L5_V1.5.1, STM32Cube_FW_N6_V1.2.0, STM32Cube_FW_U0_V1.3.0, STM32Cube_FW_U3_V1.2.0, STM32Cube_FW_U5_V1.8.0, STM32Cube_FW_WB0_V1.3.0, STM32Cube_FW_WBA_V1.7.0, STM32Cube_FW_WB_V1.23.0, STM32Cube_FW_WL3_V1.2.0, STM32Cube_FW_WL_V1.3.1, X-CUBE-ALGOBUILD_V1.4.0, X-CUBE-ALS_V1.0.2, X-CUBE-AZRTOS-F4_V1.1.0, X-CUBE-AZRTOS-F7_V1.1.0, X-CUBE-AZRTOS-G0_V1.1.0, X-CUBE-AZRTOS-G4_V2.0.0, X-CUBE-AZRTOS-H7RS_V1.1.0, X-CUBE-AZRTOS-H7_V3.3.0, X-CUBE-AZRTOS-L4_V2.0.0, X-CUBE-AZRTOS-L5_V2.0.0, X-CUBE-AZRTOS-WB_V2.0.0, X-CUBE-AZRTOS-WL_V2.0.0, X-CUBE-BLE1_V7.1.0, X-CUBE-BLE2_V3.3.0, X-CUBE-BLEMGR_V4.0.0, X-CUBE-EEPRMA1_V5.1.0, X-CUBE-FREERTOS_V1.3.1, X-CUBE-GNSS1_V6.0.0, X-CUBE-MEMS1_V11.3.0, X-CUBE-NFC4_V3.0.0, X-CUBE-NFC7_V2.0.0, X-CUBE-SFXS2LP1_V4.0.0, X-CUBE-SUBG2_V5.0.0, X-CUBE-TOF1_V3.4.3]
2025-07-21 11:25:28,840 [INFO] ApiDb:240 - Found 880 in-development CPN: [B-G473E-ZEST1S, B-WB1M-WPAN1, B-WBA5M-WPAN, B-WL5M-SUBG1, NUCLEO-C031C6, NUCLEO-C051C8, NUCLEO-C071RB, NUCLEO-C092RC, NUCLEO-H503RB, NUCLEO-H533RE, NUCLEO-H563ZI, NUCLEO-H7S3L8, NUCLEO-N657X0-Q, NUCLEO-U031R8, NUCLEO-U083RC, NUCLEO-U385RG-Q, NUCLEO-U545RE-Q, NUCLEO-U5A5ZJ-Q, NUCLEO-WB05KZ, NUCLEO-WB07CC, NUCLEO-WB09KE, NUCLEO-WBA52CG, NUCLEO-WBA55CG, NUCLEO-WL33CC1, NUCLEO-WL33CC2, STEVAL-PROTEUS1, STEVAL-SMARTAG2, STEVAL-STWINBX1, STM320518-EVAL, STM32C0116-DK, STM32C011D6Y3TR, STM32C011D6Y6TR, STM32C011F4P3, STM32C011F4P6, STM32C011F4U3, STM32C011F4U6TR, STM32C011F6P3, STM32C011F6P6, STM32C011F6U3, STM32C011F6U6TR, STM32C011J4M3, STM32C011J4M6, STM32C011J6M3, STM32C011J6M6, STM32C0316-DK, STM32C031C4T3, STM32C031C4T6, STM32C031C4U3, STM32C031C4U6, STM32C031C6T3, STM32C031C6T6, STM32C031C6U3, STM32C031C6U6, STM32C031F4P3, STM32C031F4P6, STM32C031F6P3, STM32C031F6P6, STM32C031G4U3, STM32C031G4U6, STM32C031G6U3, STM32C031G6U6, STM32C031K4T3, STM32C031K4T6, STM32C031K4U3, STM32C031K4U6, STM32C031K6T3, STM32C031K6T6, STM32C031K6U3, STM32C031K6U6, STM32C051C6T6, STM32C051C6U6, STM32C051C8T6, STM32C051C8U6, STM32C051D8Y6TR, STM32C051F6P6, STM32C051F8P6, STM32C051G6U6, STM32C051G8U6, STM32C051K6T6, STM32C051K6U6, STM32C051K8T6, STM32C071C8T6, STM32C071C8T6N, STM32C071C8U6, STM32C071C8U6N, STM32C071CBT6, STM32C071CBT6N, STM32C071CBU6, STM32C071CBU6N, STM32C071F8P6, STM32C071F8P6N, STM32C071FBP6, STM32C071FBP6N, STM32C071FBY6TR, STM32C071G8U6, STM32C071G8U6N, STM32C071GBU6, STM32C071GBU6N, STM32C071K8T6, STM32C071K8T6N, STM32C071K8U6, STM32C071K8U6N, STM32C071KBT6, STM32C071KBT6N, STM32C071KBU6, STM32C071KBU6N, STM32C071R8T6, STM32C071R8T6N, STM32C071RBI6N, STM32C071RBT6, STM32C071RBT6N, STM32C091CBT6, STM32C091CBU6, STM32C091CCT6, STM32C091CCU6, STM32C091ECY6TR, STM32C091FBP6, STM32C091FCP6, STM32C091GBU6, STM32C091GCU6, STM32C091KBT6, STM32C091KBU6, STM32C091KCT6, STM32C091KCU6, STM32C091RBT6, STM32C091RCI6, STM32C091RCT6, STM32C092CBT6, STM32C092CBU6, STM32C092CCT6, STM32C092CCU6, STM32C092ECY6TR, STM32C092FBP6, STM32C092FCP6, STM32C092GBU6, STM32C092GCU6, STM32C092KBT6, STM32C092KBU6, STM32C092KCT6, STM32C092KCU6, STM32C092RBT6, STM32C092RCI6, STM32C092RCT6, STM32G071K8TXN, STM32G071K8UXN, STM32G081GBU6N, STM32G081KBT6N, STM32G081KBUXN, STM32G0B1CCT6N, STM32G0B1KCT6, STM32G0B1NEY6TR, STM32G0B1RCT6N, STM32G0C1CCT6, STM32G0C1CCT6N, STM32G0C1CCU6N, STM32G0C1CET6N, STM32G0C1CEU6N, STM32G0C1KCT6, STM32G0C1NEY6TR, STM32G0C1RCI6N, STM32G0C1RCT6N, STM32G0C1REI6N, STM32G0C1RET6N, STM32G0C1VCI6, STM32G0C1VEI6, STM32G411C6T3, STM32G411C6T6, STM32G411C6U3, STM32G411C6U6, STM32G411C8T3, STM32G411C8T6, STM32G411C8U3, STM32G411C8U6, STM32G411CBT3, STM32G411CBT6, STM32G411CBU3, STM32G411CBU6, STM32G411K6T3, STM32G411K6T6, STM32G411K6U3, STM32G411K6U6, STM32G411K8T3, STM32G411K8T6, STM32G411K8U3, STM32G411K8U6, STM32G411KBT3, STM32G411KBT6, STM32G411KBU3, STM32G411KBU6, STM32G411M6T3, STM32G411M6T6, STM32G411M8T3, STM32G411M8T6, STM32G411MBT3, STM32G411MBT6, STM32G411R6T3, STM32G411R6T6, STM32G411R8T3, STM32G411R8T6, STM32G411RBT3, STM32G411RBT6, STM32G414CBT3, STM32G414CBT6, STM32G414CBU3, STM32G414CBU6, STM32G414CCT3, STM32G414CCT6, STM32G414CCU3, STM32G414CCU6, STM32G414MBT3, STM32G414MBT6, STM32G414MCT3, STM32G414MCT6, STM32G414RBT3, STM32G414RBT6, STM32G414RCT3, STM32G414RCT6, STM32G414VBT3, STM32G414VBT6, STM32G414VCT3, STM32G414VCT6, STM32G431CBT3Z, STM32G431RBT3Z, STM32G471CCT6, STM32G471CCU6, STM32G471CET3, STM32G471CET6, STM32G471CEU3, STM32G471CEU6, STM32G471MCT6, STM32G471MET3, STM32G471MET6, STM32G471MEY6TR, STM32G471QCT6, STM32G471QET3, STM32G471RCT6, STM32G471RET3, STM32G471RET6, STM32G471VCH6, STM32G471VCI6, STM32G471VCT6, STM32G471VEH3, STM32G471VEH6, STM32G471VEI3, STM32G471VEI6, STM32G471VET3, STM32G471VET6, STM32G473QET3Z, STM32G473RET3Z, STM32G474CCT6, STM32G491RET3Z, STM32H503CBT6, STM32H503CBU6, STM32H503EBY6TR, STM32H503KBU6, STM32H503RBT6, STM32H523CCT6, STM32H523CCU6, STM32H523CET6, STM32H523CEU6, STM32H523HEY6TR, STM32H523RCT6, STM32H523RET6, STM32H523VCI6, STM32H523VCT6, STM32H523VEI6, STM32H523VET6, STM32H523ZCJ6, STM32H523ZCT6, STM32H523ZEJ6, STM32H523ZET6, STM32H533CET6, STM32H533CEU6, STM32H533HEY6TR, STM32H533RET6, STM32H533VEI6, STM32H533VET6, STM32H533ZEJ6, STM32H533ZET6, STM32H562AGI6, STM32H562AII6, STM32H562IGK6, STM32H562IGT6, STM32H562IIK6, STM32H562IIT6, STM32H562RGT6, STM32H562RGV6, STM32H562RIT6, STM32H562RIV6, STM32H562VGT6, STM32H562VIT6, STM32H562ZGT6, STM32H562ZIT6, STM32H563AGI6, STM32H563AII3Q, STM32H563AII6, STM32H563IGK6, STM32H563IGT6, STM32H563IIK3Q, STM32H563IIK6, STM32H563IIT3Q, STM32H563IIT6, STM32H563MIY3QTR, STM32H563RGT6, STM32H563RGV6, STM32H563RIT6, STM32H563RIV6, STM32H563VGT6, STM32H563VIT3Q, STM32H563VIT6, STM32H563ZGT6, STM32H563ZIT3Q, STM32H563ZIT6, STM32H573AII3Q, STM32H573AII6, STM32H573I-DK, STM32H573IIK3Q, STM32H573IIK6, STM32H573IIT3Q, STM32H573IIT6, STM32H573MIY3QTR, STM32H573RIT6, STM32H573RIV6, STM32H573VIT3Q, STM32H573VIT6, STM32H573ZIT3Q, STM32H573ZIT6, STM32H7R3A8I6, STM32H7R3I8K6, STM32H7R3I8T6, STM32H7R3L8H6, STM32H7R3L8H6H, STM32H7R3R8V6, STM32H7R3V8H6, STM32H7R3V8T6, STM32H7R3V8Y6TR, STM32H7R3Z8J6, STM32H7R3Z8T6, STM32H7R7A8I6, STM32H7R7I8K6, STM32H7R7I8T6, STM32H7R7L8H6, STM32H7R7L8H6H, STM32H7R7Z8J6, STM32H7S3A8I6, STM32H7S3I8K6, STM32H7S3I8T6, STM32H7S3L8H6, STM32H7S3L8H6H, STM32H7S3R8V6, STM32H7S3V8H6, STM32H7S3V8T6, STM32H7S3V8Y6TR, STM32H7S3Z8J6, STM32H7S3Z8T6, STM32H7S78-DK, STM32H7S7A8I6, STM32H7S7I8K6, STM32H7S7I8T6, STM32H7S7L8H6, STM32H7S7L8H6H, STM32H7S7Z8J6, STM32L4R5QGI6STR, STM32MP131AAE3, STM32MP131AAF3, STM32MP131AAG3, STM32MP131CAE3, STM32MP131CAF3, STM32MP131CAG3, STM32MP131DAE7, STM32MP131DAF7, STM32MP131DAG7, STM32MP131FAE7, STM32MP131FAF7, STM32MP131FAG7, STM32MP133AAE3, STM32MP133AAF3, STM32MP133AAG3, STM32MP133CAE3, STM32MP133CAF3, STM32MP133CAG3, STM32MP133DAE7, STM32MP133DAF7, STM32MP133DAG7, STM32MP133FAE7, STM32MP133FAF7, STM32MP133FAG7, STM32MP135AAE3, STM32MP135AAF3, STM32MP135AAG3, STM32MP135CAE3, STM32MP135CAF3, STM32MP135CAG3, STM32MP135DAE7, STM32MP135DAF7, STM32MP135DAG7, STM32MP135F-DK, STM32MP135FAE7, STM32MP135FAF7, STM32MP135FAF7T, STM32MP135FAF7U, STM32MP135FAG7, STM32MP211AAL3, STM32MP211AAM3, STM32MP211AAN3, STM32MP211AAO3, STM32MP211CAL3, STM32MP211CAM3, STM32MP211CAN3, STM32MP211CAO3, STM32MP211DAL3, STM32MP211DAM3, STM32MP211DAN3, STM32MP211DAO3, STM32MP211FAL3, STM32MP211FAM3, STM32MP211FAN3, STM32MP211FAO3, STM32MP213AAL3, STM32MP213AAM3, STM32MP213AAN3, STM32MP213AAO3, STM32MP213CAL3, STM32MP213CAM3, STM32MP213CAN3, STM32MP213CAO3, STM32MP213DAL3, STM32MP213DAM3, STM32MP213DAN3, STM32MP213DAO3, STM32MP213FAL3, STM32MP213FAM3, STM32MP213FAN3, STM32MP213FAO3, STM32MP215AAL3, STM32MP215AAM3, STM32MP215AAN3, STM32MP215AAO3, STM32MP215CAL3, STM32MP215CAM3, STM32MP215CAN3, STM32MP215CAO3, STM32MP215DAL3, STM32MP215DAM3, STM32MP215DAN3, STM32MP215DAO3, STM32MP215F-DK, STM32MP215FAL3, STM32MP215FAM3, STM32MP215FAN3, STM32MP215FAO3, STM32MP231AAJ3, STM32MP231AAK3, STM32MP231AAL3, STM32MP231CAJ3, STM32MP231CAK3, STM32MP231CAL3, STM32MP231DAJ3, STM32MP231DAK3, STM32MP231DAL3, STM32MP231FAJ3, STM32MP231FAK3, STM32MP231FAL3, STM32MP233AAJ3, STM32MP233AAK3, STM32MP233AAL3, STM32MP233CAJ3, STM32MP233CAK3, STM32MP233CAL3, STM32MP233DAJ3, STM32MP233DAK3, STM32MP233DAL3, STM32MP233FAJ3, STM32MP233FAK3, STM32MP233FAL3, STM32MP235AAJ3, STM32MP235AAK3, STM32MP235AAL3, STM32MP235CAJ3, STM32MP235CAK3, STM32MP235CAL3, STM32MP235DAJ3, STM32MP235DAK3, STM32MP235DAL3, STM32MP235FAJ3, STM32MP235FAK3, STM32MP235FAL3, STM32MP251AAI3, STM32MP251AAK3, STM32MP251AAL3, STM32MP251CAI3, STM32MP251CAK3, STM32MP251CAL3, STM32MP251DAI3, STM32MP251DAK3, STM32MP251DAL3, STM32MP251FAI3, STM32MP251FAK3, STM32MP251FAL3, STM32MP253AAI3, STM32MP253AAK3, STM32MP253AAL3, STM32MP253CAI3, STM32MP253CAK3, STM32MP253CAL3, STM32MP253DAI3, STM32MP253DAK3, STM32MP253DAL3, STM32MP253FAI3, STM32MP253FAK3, STM32MP253FAL3, STM32MP255AAI3, STM32MP255AAK3, STM32MP255AAL3, STM32MP255CAI3, STM32MP255CAK3, STM32MP255CAL3, STM32MP255DAI3, STM32MP255DAK3, STM32MP255DAL3, STM32MP255FAI3, STM32MP255FAK3, STM32MP255FAL3, STM32MP257AAI3, STM32MP257AAK3, STM32MP257AAL3, STM32MP257CAI3, STM32MP257CAK3, STM32MP257CAL3, STM32MP257DAI3, STM32MP257DAK3, STM32MP257DAL3, STM32MP257F-DK, STM32MP257F-EV1, STM32MP257FAI3, STM32MP257FAK3, STM32MP257FAL3, STM32N645A0H3Q, STM32N645B0H3Q, STM32N645I0H3Q, STM32N645L0H3Q, STM32N645X0H3Q, STM32N645Z0H3Q, STM32N647A0H3Q, STM32N647B0H3Q, STM32N647I0H3Q, STM32N647L0H3Q, STM32N647X0H3Q, STM32N647Z0H3Q, STM32N655A0H3Q, STM32N655B0H3Q, STM32N655I0H3Q, STM32N655L0H3Q, STM32N655X0H3Q, STM32N655Z0H3Q, STM32N6570-DK, STM32N657A0H3Q, STM32N657B0H3Q, STM32N657I0H3Q, STM32N657L0H3Q, STM32N657X0H3Q, STM32N657Z0H3Q, STM32U031C6T6, STM32U031C6U6, STM32U031C8T6, STM32U031C8U6, STM32U031F4P6, STM32U031F6P6, STM32U031F8P6, STM32U031G6Y6TR, STM32U031G8Y6TR, STM32U031K4U6, STM32U031K6U6, STM32U031K8U6, STM32U031R6I6, STM32U031R6T6, STM32U031R8I6, STM32U031R8T6, STM32U073C8T6, STM32U073C8U6, STM32U073CBT6, STM32U073CBU6, STM32U073CCT6, STM32U073CCU6, STM32U073H8Y6TR, STM32U073HBY6TR, STM32U073HCY6TR, STM32U073K8U6, STM32U073KBU6, STM32U073KCU6, STM32U073M8I6, STM32U073M8T6, STM32U073MBI6, STM32U073MBT6, STM32U073MCI6, STM32U073MCT6, STM32U073R8I6, STM32U073R8T6, STM32U073RBI6, STM32U073RBT6, STM32U073RCI6, STM32U073RCT6, STM32U083C-DK, STM32U083CCT6, STM32U083CCU6, STM32U083HCY6TR, STM32U083KCU6, STM32U083MCI6, STM32U083MCT6, STM32U083RCI6, STM32U083RCT6, STM32U375CET6, STM32U375CET6Q, STM32U375CEU6, STM32U375CEU6Q, STM32U375CEY6QTR, STM32U375CGT6, STM32U375CGT6Q, STM32U375CGU6, STM32U375CGU6Q, STM32U375CGY6QTR, STM32U375KEU6, STM32U375KGU6, STM32U375REI6, STM32U375REI6Q, STM32U375RET6, STM32U375RET6Q, STM32U375REY6GTR, STM32U375REY6QTR, STM32U375RGI6, STM32U375RGI6Q, STM32U375RGT6, STM32U375RGT6Q, STM32U375RGY6GTR, STM32U375RGY6QTR, STM32U375VEI6, STM32U375VEI6Q, STM32U375VET6, STM32U375VET6Q, STM32U375VGI6, STM32U375VGI6Q, STM32U375VGT6, STM32U375VGT6Q, STM32U385CGT6, STM32U385CGT6Q, STM32U385CGU6, STM32U385CGU6Q, STM32U385CGY6QTR, STM32U385KGU6, STM32U385RGI6, STM32U385RGI6Q, STM32U385RGT6, STM32U385RGT6Q, STM32U385RGY6GTR, STM32U385RGY6QTR, STM32U385VGI6, STM32U385VGI6Q, STM32U385VGT6, STM32U385VGT6Q, STM32U535CBT6, STM32U535CBT6Q, STM32U535CBU6, STM32U535CBU6Q, STM32U535CCT6, STM32U535CCT6Q, STM32U535CCU6, STM32U535CCU6Q, STM32U535CET6, STM32U535CET6Q, STM32U535CEU6, STM32U535CEU6Q, STM32U535JEY6QTR, STM32U535NCY6QTR, STM32U535NEY6QTR, STM32U535RBI6, STM32U535RBI6Q, STM32U535RBT6, STM32U535RBT6Q, STM32U535RCI6, STM32U535RCI6Q, STM32U535RCT6, STM32U535RCT6Q, STM32U535REI6, STM32U535REI6Q, STM32U535RET6, STM32U535RET6Q, STM32U535VCI6, STM32U535VCI6Q, STM32U535VCT6, STM32U535VCT6Q, STM32U535VEI6, STM32U535VEI6Q, STM32U535VET6, STM32U535VET6Q, STM32U545CET6, STM32U545CET6Q, STM32U545CEU6, STM32U545CEU6Q, STM32U545JEY6QTR, STM32U545NEY6QTR, STM32U545REI6, STM32U545REI6Q, STM32U545RET6, STM32U545RET6Q, STM32U545VEI6, STM32U545VEI6Q, STM32U545VET6, STM32U545VET6Q, STM32U595AIH6, STM32U595AIH6Q, STM32U595AJH6, STM32U595AJH6Q, STM32U595QII6, STM32U595QII6Q, STM32U595QJI6, STM32U595QJI6Q, STM32U595RIT6, STM32U595RIT6Q, STM32U595RJT6, STM32U595RJT6Q, STM32U595VIT6, STM32U595VIT6Q, STM32U595VJT6, STM32U595VJT6Q, STM32U595ZIT6, STM32U595ZIT6Q, STM32U595ZIY6QTR, STM32U595ZJT6, STM32U595ZJT6Q, STM32U595ZJY6QTR, STM32U599BJY6QTR, STM32U599NIH6Q, STM32U599NJH6Q, STM32U599VIT6Q, STM32U599VJT6, STM32U599VJT6Q, STM32U599ZIT6Q, STM32U599ZIY6QTR, STM32U599ZJT6Q, STM32U599ZJY6QTR, STM32U5A5AJH6, STM32U5A5AJH6Q, STM32U5A5QII3Q , STM32U5A5QJI6, STM32U5A5QJI6Q, STM32U5A5RJT6, STM32U5A5RJT6Q, STM32U5A5VJT6, STM32U5A5VJT6Q, STM32U5A5ZJT6, STM32U5A5ZJT6Q, STM32U5A5ZJY6QTR, STM32U5A9BJY6QTR, STM32U5A9J-DK, STM32U5A9NJH6Q, STM32U5A9VJT6Q, STM32U5A9ZJT6Q, STM32U5A9ZJY6QTR, STM32U5F7VIT6, STM32U5F7VIT6Q, STM32U5F7VJT6, STM32U5F7VJT6Q, STM32U5F9BJY6QTR, STM32U5F9NJH6Q, STM32U5F9VIT6Q, STM32U5F9VJT6Q, STM32U5F9ZIJ6QTR, STM32U5F9ZIT6Q, STM32U5F9ZJJ6QTR, STM32U5F9ZJT6Q, STM32U5G7VJT6, STM32U5G7VJT6Q, STM32U5G9BJY6QTR, STM32U5G9J-DK1, STM32U5G9J-DK2, STM32U5G9NJH6Q, STM32U5G9VJT6Q, STM32U5G9ZJJ6QTR, STM32U5G9ZJT6Q, STM32WB05KZV6TR, STM32WB05KZV7TR, STM32WB05TZF6TR, STM32WB05TZF7TR, STM32WB06CCF6TR, STM32WB06CCF7TR, STM32WB06CCV6TR, STM32WB06CCV7TR, STM32WB06KCV6TR, STM32WB06KCV7TR, STM32WB07CCF6TR, STM32WB07CCF7TR, STM32WB07CCV6TR, STM32WB07CCV7TR, STM32WB07KCV6TR, STM32WB07KCV7TR, STM32WB09KEV6TR, STM32WB09KEV7TR, STM32WB09TEF6TR, STM32WB09TEF7TR, STM32WB1MMCH6, STM32WBA50KGU6, STM32WBA50KGU6TR, STM32WBA52CEU6, STM32WBA52CEU6TR, STM32WBA52CEU7, STM32WBA52CEU7TR, STM32WBA52CGU6, STM32WBA52CGU6TR, STM32WBA52CGU6U, STM32WBA52CGU7, STM32WBA52CGU7TR, STM32WBA52KEU6, STM32WBA52KEU6TR, STM32WBA52KGU6, STM32WBA52KGU6TR, STM32WBA54CEU6, STM32WBA54CEU6TR, STM32WBA54CEU7, STM32WBA54CEU7TR, STM32WBA54CGU6, STM32WBA54CGU6TR, STM32WBA54CGU7, STM32WBA54CGU7TR, STM32WBA54KEU6, STM32WBA54KEU6TR, STM32WBA54KEU7, STM32WBA54KEU7TR, STM32WBA54KGU6, STM32WBA54KGU6TR, STM32WBA54KGU7, STM32WBA54KGU7TR, STM32WBA55CEU6, STM32WBA55CEU6TR, STM32WBA55CEU7, STM32WBA55CEU7TR, STM32WBA55CGU6, STM32WBA55CGU6TR, STM32WBA55CGU6U, STM32WBA55CGU7, STM32WBA55CGU7TR, STM32WBA55G-DK1, STM32WBA55HEF6, STM32WBA55HEF7, STM32WBA55HGF6, STM32WBA55HGF7, STM32WBA55UEI6, STM32WBA55UEI6TR, STM32WBA55UEI7, STM32WBA55UEI7TR, STM32WBA55UGI6, STM32WBA55UGI6TR, STM32WBA55UGI7, STM32WBA55UGI7TR, STM32WBA5MMGH6TR, STM32WBA62MGF6, STM32WBA62MIF6, STM32WBA65MGF7, STM32WBA65MIF6, STM32WBA65MIF7, STM32WL30K8V6, STM32WL30KBV6, STM32WL31C8V6, STM32WL31CBV6, STM32WL31K8V6, STM32WL31KBV6, STM32WL33C8V6, STM32WL33C8V6X, STM32WL33CBV6, STM32WL33CBV6X, STM32WL33CCV6, STM32WL33CCV6A, STM32WL33CCV6X, STM32WL33K8V7, STM32WL33K8V7X, STM32WL33KBV7 , STM32WL33KBV7X, STM32WL33KCV7, STM32WL33KCV7X, STM32WL5MOCH6, STM32WL5MOCH6TR]
2025-07-21 11:25:28,845 [INFO] DbMcus:218 - Found 4801 MCUs, 4801 are supported
2025-07-21 11:25:28,847 [INFO] ApiDb:423 - Load user favorites file C:\Users\aliya/.stm32cubeide/favorites.mcus.txt: 0 item(s)
2025-07-21 11:25:28,848 [INFO] ApiDb:427 - User favorites MCUs=[]
2025-07-21 11:25:28,848 [INFO] DbMcus:224 - Set 0 / 0 favorites MCUs
2025-07-21 11:25:29,489 [INFO] ApiDb:423 - Load user favorites file C:\Users\aliya/.stm32cubeide/favorites.boards.txt: 1 item(s)
2025-07-21 11:25:29,489 [INFO] ApiDb:427 - User favorites Boards=[NUCLEO-F446RE]
2025-07-21 11:25:29,490 [INFO] DbBoards:198 - Set 1 / 1 favorites Boards
2025-07-21 11:25:29,555 [INFO] UtilMem:75 - End LoadConfig() Used Memory: 467979360 Bytes (640679936)
2025-07-21 11:25:29,719 [WARN] ThirdParty:833 - waiting for thirdparty lock release [change project]
2025-07-21 11:25:29,719 [INFO] ThirdParty:835 - entering critical section [change project]
2025-07-21 11:25:29,719 [INFO] ThirdParty:1030 - CMSIS Pack Vendor :STMicroelectronics X-CUBE-PM33A1 1.0.0
2025-07-21 11:25:29,719 [INFO] ThirdParty:1030 - CMSIS Pack Vendor :STMicroelectronics USBPD 4.1
2025-07-21 11:25:29,719 [INFO] ThirdParty:1030 - CMSIS Pack Vendor :STMicroelectronics X-CUBE-AZRTOS-H7 3.3.0
2025-07-21 11:25:29,719 [INFO] ThirdParty:1030 - CMSIS Pack Vendor :STMicroelectronics X-CUBE-NFC9 1.0.0
2025-07-21 11:25:29,719 [INFO] ThirdParty:1030 - CMSIS Pack Vendor :wolfSSL I-CUBE-wolfSSL 5.8.0
2025-07-21 11:25:29,719 [INFO] ThirdParty:1030 - CMSIS Pack Vendor :STMicroelectronics USB_HOST 2.0.0
2025-07-21 11:25:29,720 [INFO] ThirdParty:1030 - CMSIS Pack Vendor :STMicroelectronics FP-SNS-MOTENVWB1 1.4.0
2025-07-21 11:25:29,720 [INFO] ThirdParty:1030 - CMSIS Pack Vendor :STMicroelectronics X-CUBE-AZRTOS-F4 1.1.0
2025-07-21 11:25:29,720 [INFO] ThirdParty:1030 - CMSIS Pack Vendor :STMicroelectronics LIBJPEG 8.0.0
2025-07-21 11:25:29,720 [INFO] ThirdParty:1030 - CMSIS Pack Vendor :STMicroelectronics FP-ATR-ASTRA1 2.0.2
2025-07-21 11:25:29,720 [INFO] ThirdParty:1030 - CMSIS Pack Vendor :STMicroelectronics X-CUBE-BLE1 7.1.0
2025-07-21 11:25:29,720 [INFO] ThirdParty:1030 - CMSIS Pack Vendor :Avnet-IotConnect X-CUBE-IoTC-DA16k-PMOD 1.0.0
2025-07-21 11:25:29,720 [INFO] ThirdParty:1030 - CMSIS Pack Vendor :STMicroelectronics X-CUBE-SMBUS 2.1.0
2025-07-21 11:25:29,720 [INFO] ThirdParty:1030 - CMSIS Pack Vendor :wolfSSL I-CUBE-wolfMQTT 1.19.2
2025-07-21 11:25:29,720 [INFO] ThirdParty:1030 - CMSIS Pack Vendor :STMicroelectronics USB_DEVICE 3.0.0
2025-07-21 11:25:29,720 [INFO] ThirdParty:1030 - CMSIS Pack Vendor :STMicroelectronics X-CUBE-ISPU 2.1.0
2025-07-21 11:25:29,720 [INFO] ThirdParty:1030 - CMSIS Pack Vendor :STMicroelectronics X-CUBE-EEPRMA1 5.2.0
2025-07-21 11:25:29,720 [INFO] ThirdParty:1030 - CMSIS Pack Vendor :STMicroelectronics X-CUBE-BLEMGR 4.1.0
2025-07-21 11:25:29,720 [INFO] ThirdParty:1030 - CMSIS Pack Vendor :STMicroelectronics X-CUBE-AZRTOS-WB 2.0.0
2025-07-21 11:25:29,720 [INFO] ThirdParty:1030 - CMSIS Pack Vendor :STMicroelectronics X-CUBE-ST60 1.0.0
2025-07-21 11:25:29,720 [INFO] ThirdParty:1030 - CMSIS Pack Vendor :STMicroelectronics X-CUBE-GNSS1 7.0.1
2025-07-21 11:25:29,720 [INFO] ThirdParty:1030 - CMSIS Pack Vendor :STMicroelectronics X-CUBE-NFC12 1.0.0
2025-07-21 11:25:29,720 [INFO] ThirdParty:1030 - CMSIS Pack Vendor :STMicroelectronics X-CUBE-AZRTOS-F7 1.1.0
2025-07-21 11:25:29,720 [INFO] ThirdParty:1030 - CMSIS Pack Vendor :STMicroelectronics X-CUBE-AZRTOS-L5 2.0.0
2025-07-21 11:25:29,721 [INFO] ThirdParty:1030 - CMSIS Pack Vendor :STMicroelectronics X-CUBE-TOUCHGFX 4.25.0
2025-07-21 11:25:29,721 [INFO] ThirdParty:1030 - CMSIS Pack Vendor :STMicroelectronics USB_DEVICE 2.0.0
2025-07-21 11:25:29,721 [INFO] ThirdParty:1030 - CMSIS Pack Vendor :STMicroelectronics X-CUBE-NFC6 3.1.0
2025-07-21 11:25:29,721 [INFO] ThirdParty:1030 - CMSIS Pack Vendor :STMicroelectronics X-CUBE-AI 10.1.0
2025-07-21 11:25:29,721 [INFO] ThirdParty:1030 - CMSIS Pack Vendor :STMicroelectronics FP-SNS-STBOX1 2.0.0
2025-07-21 11:25:29,721 [INFO] ThirdParty:1030 - CMSIS Pack Vendor :STMicroelectronics FreeRTOS 0.0.1
2025-07-21 11:25:29,721 [INFO] ThirdParty:1030 - CMSIS Pack Vendor :STMicroelectronics X-CUBE-AZRTOS-G0 1.1.0
2025-07-21 11:25:29,721 [INFO] ThirdParty:1030 - CMSIS Pack Vendor :STMicroelectronics X-CUBE-SAFEA1 1.2.2
2025-07-21 11:25:29,721 [INFO] ThirdParty:1030 - CMSIS Pack Vendor :STMicroelectronics X-CUBE-NFC4 3.0.0
2025-07-21 11:25:29,721 [INFO] ThirdParty:1030 - CMSIS Pack Vendor :STMicroelectronics X-CUBE-SUBG2 5.0.0
2025-07-21 11:25:29,721 [INFO] ThirdParty:1030 - CMSIS Pack Vendor :STMicroelectronics X-CUBE-AZRTOS-H7RS 1.1.0
2025-07-21 11:25:29,721 [INFO] ThirdParty:1030 - CMSIS Pack Vendor :STMicroelectronics STM32_WPAN 1.0.0
2025-07-21 11:25:29,721 [INFO] ThirdParty:1030 - CMSIS Pack Vendor :EmbeddedOffice I-CUBE-FS-RTOS 1.0.1
2025-07-21 11:25:29,721 [INFO] ThirdParty:1030 - CMSIS Pack Vendor :STMicroelectronics lwIP 2.0.3
2025-07-21 11:25:29,721 [INFO] ThirdParty:1030 - CMSIS Pack Vendor :Cesanta I-CUBE-Mongoose 7.13.0
2025-07-21 11:25:29,722 [INFO] ThirdParty:1030 - CMSIS Pack Vendor :STMicroelectronics USB_HOST 1.0.0
2025-07-21 11:25:29,722 [INFO] ThirdParty:1030 - CMSIS Pack Vendor :Infineon AIROC-Wi-Fi-Bluetooth-STM32 1.7.0
2025-07-21 11:25:29,722 [INFO] ThirdParty:1030 - CMSIS Pack Vendor :STMicroelectronics X-CUBE-AZRTOS-G4 2.0.0
2025-07-21 11:25:29,722 [INFO] ThirdParty:1030 - CMSIS Pack Vendor :STMicroelectronics X-CUBE-WB05N 2.0.0
2025-07-21 11:25:29,722 [INFO] ThirdParty:1030 - CMSIS Pack Vendor :STMicroelectronics PDM2PCM 3.1.0
2025-07-21 11:25:29,722 [INFO] ThirdParty:1030 - CMSIS Pack Vendor :STMicroelectronics PDM2PCM 3.3.0
2025-07-21 11:25:29,722 [INFO] ThirdParty:1030 - CMSIS Pack Vendor :wolfSSL I-CUBE-wolfTPM 3.8.0
2025-07-21 11:25:29,722 [INFO] ThirdParty:1030 - CMSIS Pack Vendor :STMicroelectronics X-CUBE-AZRTOS-H7 3.4.0
2025-07-21 11:25:29,722 [INFO] ThirdParty:1030 - CMSIS Pack Vendor :STMicroelectronics X-CUBE-DISPLAY 3.0.0
2025-07-21 11:25:29,722 [INFO] ThirdParty:1030 - CMSIS Pack Vendor :wolfSSL I-CUBE-wolfSSH 1.4.20
2025-07-21 11:25:29,722 [INFO] ThirdParty:1030 - CMSIS Pack Vendor :STMicroelectronics X-CUBE-NFC7 2.0.0
2025-07-21 11:25:29,722 [INFO] ThirdParty:1030 - CMSIS Pack Vendor :STMicroelectronics X-CUBE-TCPP 4.2.0
2025-07-21 11:25:29,722 [INFO] ThirdParty:1030 - CMSIS Pack Vendor :RealThread X-CUBE-RT-Thread_Nano 4.1.1
2025-07-21 11:25:29,722 [INFO] ThirdParty:1030 - CMSIS Pack Vendor :STMicroelectronics FP-ATR-SIGFOX1 3.2.0
2025-07-21 11:25:29,722 [INFO] ThirdParty:1030 - CMSIS Pack Vendor :STMicroelectronics X-CUBE-NFC10 1.0.0
2025-07-21 11:25:29,722 [INFO] ThirdParty:1030 - CMSIS Pack Vendor :STMicroelectronics X-CUBE-BLEMGR 4.0.0
2025-07-21 11:25:29,722 [INFO] ThirdParty:1030 - CMSIS Pack Vendor :STMicroelectronics X-CUBE-EEPRMA1 5.1.0
2025-07-21 11:25:29,723 [INFO] ThirdParty:1030 - CMSIS Pack Vendor :STMicroelectronics X-CUBE-FREERTOS 1.3.1
2025-07-21 11:25:29,723 [INFO] ThirdParty:1030 - CMSIS Pack Vendor :STMicroelectronics HAL Drivers 0.0.0
2025-07-21 11:25:29,723 [INFO] ThirdParty:1030 - CMSIS Pack Vendor :STMicroelectronics MBEDTLS 2.16.2
2025-07-21 11:25:29,723 [INFO] ThirdParty:1030 - CMSIS Pack Vendor :STMicroelectronics X-CUBE-IPS 3.1.0
2025-07-21 11:25:29,723 [INFO] ThirdParty:1030 - CMSIS Pack Vendor :STMicroelectronics X-CUBE-ALS 1.0.2
2025-07-21 11:25:29,723 [INFO] ThirdParty:1030 - CMSIS Pack Vendor :emotas I-CUBE-CANOPEN 1.3.0
2025-07-21 11:25:29,723 [INFO] ThirdParty:1030 - CMSIS Pack Vendor :STMicroelectronics MBEDTLS 2.14.1
2025-07-21 11:25:29,723 [INFO] ThirdParty:1030 - CMSIS Pack Vendor :ITTIA_DB I-CUBE-ITTIADB 8.9.0
2025-07-21 11:25:29,723 [INFO] ThirdParty:1030 - CMSIS Pack Vendor :portGmbH I-Cube-SoM-uGOAL 1.1.0
2025-07-21 11:25:29,723 [INFO] ThirdParty:1030 - CMSIS Pack Vendor :quantropi X-CUBE-qispace-sdk-base 2.0.0
2025-07-21 11:25:29,723 [INFO] ThirdParty:1030 - CMSIS Pack Vendor :STMicroelectronics X-CUBE-ST67W61 1.0.0
2025-07-21 11:25:29,723 [INFO] ThirdParty:1030 - CMSIS Pack Vendor :STMicroelectronics FP-SNS-STAIOTCFT 1.0.0
2025-07-21 11:25:29,723 [INFO] ThirdParty:1030 - CMSIS Pack Vendor :STMicroelectronics ThreadX 1.0.0
2025-07-21 11:25:29,723 [INFO] ThirdParty:1030 - CMSIS Pack Vendor :STMicroelectronics FP-SNS-SMARTAG2 1.2.0
2025-07-21 11:25:29,723 [INFO] ThirdParty:1030 - CMSIS Pack Vendor :STMicroelectronics FP-SNS-FLIGHT1 5.1.0
2025-07-21 11:25:29,723 [INFO] ThirdParty:1030 - CMSIS Pack Vendor :STMicroelectronics X-CUBE-AZRTOS-WL 2.0.0
2025-07-21 11:25:29,723 [INFO] ThirdParty:1030 - CMSIS Pack Vendor :SEGGER I-CUBE-embOS 1.3.1
2025-07-21 11:25:29,723 [INFO] ThirdParty:1030 - CMSIS Pack Vendor :STMicroelectronics X-CUBE-ALGOBUILD 1.4.0
2025-07-21 11:25:29,723 [INFO] ThirdParty:1030 - CMSIS Pack Vendor :STMicroelectronics X-CUBE-DPower 1.3.0
2025-07-21 11:25:29,723 [INFO] ThirdParty:1030 - CMSIS Pack Vendor :STMicroelectronics X-CUBE-MEMS1 11.3.0
2025-07-21 11:25:29,723 [INFO] ThirdParty:1030 - CMSIS Pack Vendor :STMicroelectronics FP-SNS-MOTENV1 5.0.0
2025-07-21 11:25:29,723 [INFO] ThirdParty:1030 - CMSIS Pack Vendor :STMicroelectronics USB_DEVICE 1.0.0
2025-07-21 11:25:29,723 [INFO] ThirdParty:1030 - CMSIS Pack Vendor :STMicroelectronics X-CUBE-AZRTOS-L4 2.0.0
2025-07-21 11:25:29,723 [INFO] ThirdParty:1030 - CMSIS Pack Vendor :STMicroelectronics ThreadX 0.0.2
2025-07-21 11:25:29,723 [INFO] ThirdParty:1030 - CMSIS Pack Vendor :WES I-CUBE-Cesium 1.3.0
2025-07-21 11:25:29,724 [INFO] ThirdParty:1030 - CMSIS Pack Vendor :STMicroelectronics lwIP 2.1.2
2025-07-21 11:25:29,724 [INFO] ThirdParty:1030 - CMSIS Pack Vendor :STMicroelectronics X-CUBE-SFXS2LP1 4.0.0
2025-07-21 11:25:29,724 [INFO] ThirdParty:1030 - CMSIS Pack Vendor :STMicroelectronics X-CUBE-BLE2 3.3.0
2025-07-21 11:25:29,724 [INFO] ThirdParty:1030 - CMSIS Pack Vendor :STMicroelectronics X-CUBE-TOF1 3.4.3
2025-07-21 11:25:29,724 [INFO] ThirdParty:1030 - CMSIS Pack Vendor :STMicroelectronics PDM2PCM 3.2.0
2025-07-21 11:25:29,724 [INFO] ThirdParty:841 - exiting critical section [change project]
2025-07-21 11:25:30,302 [INFO] PinOutPanel:1589 - setPackage(No Configuration,No Configuration)
2025-07-21 11:25:30,303 [INFO] PinOutPanel:1589 - setPackage(STM32F446RETx,LQFP64)
2025-07-21 11:25:31,220 [INFO] UtilMem:75 - Before build in PCC Used Memory: 405006016 Bytes (673185792)
2025-07-21 11:25:32,182 [INFO] UtilMem:75 - After build in PCC Used Memory: 299270288 Bytes (673185792)
2025-07-21 11:25:32,282 [INFO] ApiDbMcu:532 - Load IP Config File for FREERTOS
2025-07-21 11:25:32,354 [INFO] IPUIPlugin:80 - create IPUIPlugin
2025-07-21 11:25:32,354 [INFO] IPUIPlugin:80 - create IPUIPlugin
2025-07-21 11:25:32,354 [INFO] IPUIPlugin:80 - create IPUIPlugin
2025-07-21 11:25:32,354 [INFO] IPUIPlugin:80 - create IPUIPlugin
2025-07-21 11:25:32,354 [INFO] IPUIPlugin:80 - create IPUIPlugin
2025-07-21 11:25:32,355 [INFO] IPUIPlugin:80 - create IPUIPlugin
2025-07-21 11:25:32,355 [INFO] IPUIPlugin:80 - create IPUIPlugin
2025-07-21 11:25:32,355 [INFO] IPUIPlugin:80 - create IPUIPlugin
2025-07-21 11:25:32,355 [INFO] IPUIPlugin:80 - create IPUIPlugin
2025-07-21 11:25:32,356 [INFO] IPUIPlugin:80 - create IPUIPlugin
2025-07-21 11:25:32,356 [INFO] IPUIPlugin:80 - create IPUIPlugin
2025-07-21 11:25:32,356 [INFO] IPUIPlugin:80 - create IPUIPlugin
2025-07-21 11:25:32,356 [INFO] IPUIPlugin:80 - create IPUIPlugin
2025-07-21 11:25:32,356 [INFO] IPUIPlugin:80 - create IPUIPlugin
2025-07-21 11:25:32,357 [INFO] IPUIPlugin:80 - create IPUIPlugin
2025-07-21 11:25:32,357 [INFO] IPUIPlugin:80 - create IPUIPlugin
2025-07-21 11:25:32,357 [INFO] IPUIPlugin:80 - create IPUIPlugin
2025-07-21 11:25:32,357 [INFO] IPUIPlugin:80 - create IPUIPlugin
2025-07-21 11:25:32,357 [INFO] IPUIPlugin:80 - create IPUIPlugin
2025-07-21 11:25:32,358 [INFO] IPUIPlugin:80 - create IPUIPlugin
2025-07-21 11:25:32,358 [INFO] IPUIPlugin:80 - create IPUIPlugin
2025-07-21 11:25:32,358 [INFO] IPUIPlugin:80 - create IPUIPlugin
2025-07-21 11:25:32,358 [INFO] IPUIPlugin:80 - create IPUIPlugin
2025-07-21 11:25:32,360 [INFO] IPUIPlugin:80 - create IPUIPlugin
2025-07-21 11:25:32,360 [INFO] IPUIPlugin:80 - create IPUIPlugin
2025-07-21 11:25:32,362 [INFO] IPUIPlugin:80 - create IPUIPlugin
2025-07-21 11:25:32,362 [INFO] IPUIPlugin:80 - create IPUIPlugin
2025-07-21 11:25:32,363 [INFO] IPUIPlugin:80 - create IPUIPlugin
2025-07-21 11:25:32,363 [INFO] IPUIPlugin:80 - create IPUIPlugin
2025-07-21 11:25:32,363 [INFO] IPUIPlugin:80 - create IPUIPlugin
2025-07-21 11:25:32,364 [INFO] IPUIPlugin:80 - create IPUIPlugin
2025-07-21 11:25:32,364 [INFO] IPUIPlugin:80 - create IPUIPlugin
2025-07-21 11:25:32,364 [INFO] IPUIPlugin:80 - create IPUIPlugin
2025-07-21 11:25:32,364 [INFO] IPUIPlugin:80 - create IPUIPlugin
2025-07-21 11:25:32,365 [INFO] IPUIPlugin:80 - create IPUIPlugin
2025-07-21 11:25:32,365 [INFO] IPUIPlugin:80 - create IPUIPlugin
2025-07-21 11:25:32,365 [INFO] IPUIPlugin:80 - create IPUIPlugin
2025-07-21 11:25:32,366 [INFO] IPUIPlugin:80 - create IPUIPlugin
2025-07-21 11:25:32,366 [INFO] IPUIPlugin:80 - create IPUIPlugin
2025-07-21 11:25:32,366 [INFO] IPUIPlugin:80 - create IPUIPlugin
2025-07-21 11:25:32,367 [INFO] IPUIPlugin:80 - create IPUIPlugin
2025-07-21 11:25:32,367 [INFO] IPUIPlugin:80 - create IPUIPlugin
2025-07-21 11:25:32,367 [INFO] IPUIPlugin:80 - create IPUIPlugin
2025-07-21 11:25:32,368 [INFO] IPUIPlugin:80 - create IPUIPlugin
2025-07-21 11:25:32,368 [INFO] IPUIPlugin:80 - create IPUIPlugin
2025-07-21 11:25:32,368 [INFO] IPUIPlugin:80 - create IPUIPlugin
2025-07-21 11:25:32,369 [INFO] IPUIPlugin:80 - create IPUIPlugin
2025-07-21 11:25:32,369 [INFO] IPUIPlugin:80 - create IPUIPlugin
2025-07-21 11:25:32,369 [INFO] IPUIPlugin:80 - create IPUIPlugin
2025-07-21 11:25:32,369 [INFO] IPUIPlugin:80 - create IPUIPlugin
2025-07-21 11:25:32,370 [INFO] IPUIPlugin:80 - create IPUIPlugin
2025-07-21 11:25:32,370 [INFO] IPUIPlugin:80 - create IPUIPlugin
2025-07-21 11:25:32,370 [INFO] IPUIPlugin:80 - create IPUIPlugin
2025-07-21 11:25:32,371 [INFO] IPUIPlugin:80 - create IPUIPlugin
2025-07-21 11:25:32,371 [INFO] IPUIPlugin:80 - create IPUIPlugin
2025-07-21 11:25:32,371 [INFO] IPUIPlugin:80 - create IPUIPlugin
2025-07-21 11:25:32,371 [INFO] IPUIPlugin:80 - create IPUIPlugin
2025-07-21 11:25:32,372 [INFO] IPUIPlugin:80 - create IPUIPlugin
2025-07-21 11:25:32,372 [INFO] IPUIPlugin:80 - create IPUIPlugin
2025-07-21 11:25:32,372 [INFO] IPUIPlugin:80 - create IPUIPlugin
2025-07-21 11:25:32,390 [INFO] ApiDbMcu:532 - Load IP Config File for PDM2PCM
2025-07-21 11:25:32,401 [WARN] IP:2250 - I2C_Coeff_DF not found: check if there is a RefParameter without a condition.
2025-07-21 11:25:32,401 [WARN] IP:2250 - Analog_Filter not found: check if there is a RefParameter without a condition.
2025-07-21 11:25:32,444 [WARN] FreeRTOS:1023 - Null or empty value: should not occur! (nothing added to the table)
2025-07-21 11:25:32,703 [INFO] CADModel:165 - CPN selected for project levelSTM32F446RET6
2025-07-21 11:25:32,703 [INFO] CADModel:114 - Register for checkConnection events
2025-07-21 11:25:32,706 [INFO] RtosManager:728 - Active RTOS found at IOC load: FREERTOS [Cortex-M4NS]
2025-07-21 11:25:32,773 [INFO] OpenFileManager:386 - Restore cursor
2025-07-21 11:25:33,069 [WARN] IP:2250 - I2C_Coeff_DF not found: check if there is a RefParameter without a condition.
2025-07-21 11:25:33,069 [WARN] IP:2250 - Analog_Filter not found: check if there is a RefParameter without a condition.
2025-07-21 11:25:33,070 [WARN] IP:2250 - I2C_Coeff_DF not found: check if there is a RefParameter without a condition.
2025-07-21 11:25:33,070 [WARN] IP:2250 - Analog_Filter not found: check if there is a RefParameter without a condition.
2025-07-21 11:25:41,129 [ERROR] RtosPanel:558 - Can not restore the selected Tab for FREERTOS(A reason can be that the tab is no more available.)
2025-07-21 11:25:43,572 [INFO] TasksAndQueuesTab:757 - Dynamic
2025-07-21 11:25:43,573 [WARN] TasksAndQueuesTab:763 - 128 128
2025-07-21 11:25:43,573 [WARN] TasksAndQueuesTab:775 - max value is: 3840.0
2025-07-21 11:25:43,573 [INFO] TasksAndQueuesTab:757 - Dynamic
2025-07-21 11:25:43,573 [WARN] TasksAndQueuesTab:763 - 128 128
2025-07-21 11:25:43,573 [WARN] TasksAndQueuesTab:775 - max value is: 3840.0
2025-07-21 11:39:15,465 [INFO] TasksAndQueuesTab:757 - Dynamic
2025-07-21 11:39:15,465 [WARN] TasksAndQueuesTab:763 - 128 128
2025-07-21 11:39:15,465 [WARN] TasksAndQueuesTab:775 - max value is: 3840.0
2025-07-21 11:39:15,465 [INFO] TasksAndQueuesTab:757 - Dynamic
2025-07-21 11:39:15,465 [WARN] TasksAndQueuesTab:763 - 128 128
2025-07-21 11:39:15,465 [WARN] TasksAndQueuesTab:775 - max value is: 3840.0
2025-07-21 11:39:16,147 [INFO] UtilMem:75 - End SaveConfig() Used Memory: 668068664 Bytes (1073741824)
2025-07-21 11:39:16,920 [INFO] UtilMem:75 - End SaveConfig() Used Memory: 691137336 Bytes (1073741824)
2025-07-21 11:39:17,609 [INFO] UtilMem:75 - End SaveConfig() Used Memory: 777404712 Bytes (1073741824)
2025-07-21 11:39:19,321 [INFO] BlockDiagram:2775 - set Specific Code input for plugin: FREERTOS
2025-07-21 11:39:19,321 [INFO] BlockDiagram:2775 - set Specific Code input for plugin: SYS
2025-07-21 11:39:19,321 [INFO] BlockDiagram:2775 - set Specific Code input for plugin: RCC
2025-07-21 11:39:19,321 [INFO] BlockDiagram:2775 - set Specific Code input for plugin: I2C
2025-07-21 11:39:19,321 [INFO] BlockDiagram:2775 - set Specific Code input for plugin: NVIC
2025-07-21 11:39:19,321 [INFO] BlockDiagram:2775 - set Specific Code input for plugin: USART
2025-07-21 11:39:19,321 [INFO] BlockDiagram:2775 - set Specific Code input for plugin: GPIO
2025-07-21 11:39:19,322 [INFO] CodeGenerator:892 - code generatio: config db path: C:\ST\STM32CubeIDE_1.18.1\STM32CubeIDE\plugins\com.st.stm32cube.common.mx_6.15.0.202507011659\\db\
2025-07-21 11:39:19,332 [WARN] IP:2250 - I2C_Coeff_DF not found: check if there is a RefParameter without a condition.
2025-07-21 11:39:19,333 [WARN] IP:2250 - Analog_Filter not found: check if there is a RefParameter without a condition.
2025-07-21 11:39:19,668 [INFO] CodeEngine:265 - oldGeneratedFile, C:\Users\aliya\proje\KontrolOrtakCalisma\Kontroll4\MXTmpFiles\license.tmp_save
2025-07-21 11:39:20,211 [INFO] CodeEngine:289 - Generated code: C:\Users\aliya\proje\KontrolOrtakCalisma\Kontroll4\MXTmpFiles\license.tmp
2025-07-21 11:39:20,298 [INFO] CodeEngine:265 - oldGeneratedFile, C:\Users\aliya\proje\KontrolOrtakCalisma\Kontroll4\Core\Src\gpio.c_save
2025-07-21 11:39:20,490 [INFO] CodeEngine:289 - Generated code: C:\Users\aliya\proje\KontrolOrtakCalisma\Kontroll4\Core\Src\gpio.c
2025-07-21 11:39:20,499 [INFO] CodeEngine:265 - oldGeneratedFile, C:\Users\aliya\proje\KontrolOrtakCalisma\Kontroll4\Core\Inc\gpio.h_save
2025-07-21 11:39:20,601 [INFO] CodeEngine:289 - Generated code: C:\Users\aliya\proje\KontrolOrtakCalisma\Kontroll4\Core\Inc\gpio.h
2025-07-21 11:39:20,795 [INFO] Middleware:1452 - No code input for Bsp Dependency
2025-07-21 11:39:20,807 [INFO] CodeEngine:265 - oldGeneratedFile, C:\Users\aliya\proje\KontrolOrtakCalisma\Kontroll4\MXTmpFiles\rtos_inc.tmp_save
2025-07-21 11:39:20,897 [INFO] CodeEngine:289 - Generated code: C:\Users\aliya\proje\KontrolOrtakCalisma\Kontroll4\MXTmpFiles\rtos_inc.tmp
2025-07-21 11:39:20,904 [INFO] CodeEngine:265 - oldGeneratedFile, C:\Users\aliya\proje\KontrolOrtakCalisma\Kontroll4\MXTmpFiles\rtos_kernelInit.tmp_save
2025-07-21 11:39:21,017 [INFO] CodeEngine:289 - Generated code: C:\Users\aliya\proje\KontrolOrtakCalisma\Kontroll4\MXTmpFiles\rtos_kernelInit.tmp
2025-07-21 11:39:21,026 [INFO] CodeEngine:265 - oldGeneratedFile, C:\Users\aliya\proje\KontrolOrtakCalisma\Kontroll4\MXTmpFiles\rtos_kernelStart.tmp_save
2025-07-21 11:39:21,142 [INFO] CodeEngine:289 - Generated code: C:\Users\aliya\proje\KontrolOrtakCalisma\Kontroll4\MXTmpFiles\rtos_kernelStart.tmp
2025-07-21 11:39:21,152 [INFO] CodeEngine:265 - oldGeneratedFile, C:\Users\aliya\proje\KontrolOrtakCalisma\Kontroll4\MXTmpFiles\rtos_typedefs.tmp_save
2025-07-21 11:39:21,250 [INFO] CodeEngine:289 - Generated code: C:\Users\aliya\proje\KontrolOrtakCalisma\Kontroll4\MXTmpFiles\rtos_typedefs.tmp
2025-07-21 11:39:21,260 [INFO] CodeEngine:265 - oldGeneratedFile, C:\Users\aliya\proje\KontrolOrtakCalisma\Kontroll4\MXTmpFiles\rtos_vars.tmp_save
2025-07-21 11:39:21,352 [INFO] CodeEngine:289 - Generated code: C:\Users\aliya\proje\KontrolOrtakCalisma\Kontroll4\MXTmpFiles\rtos_vars.tmp
2025-07-21 11:39:21,360 [INFO] CodeEngine:265 - oldGeneratedFile, C:\Users\aliya\proje\KontrolOrtakCalisma\Kontroll4\MXTmpFiles\rtos_pfp.tmp_save
2025-07-21 11:39:21,445 [INFO] CodeEngine:289 - Generated code: C:\Users\aliya\proje\KontrolOrtakCalisma\Kontroll4\MXTmpFiles\rtos_pfp.tmp
2025-07-21 11:39:21,450 [INFO] CodeEngine:265 - oldGeneratedFile, C:\Users\aliya\proje\KontrolOrtakCalisma\Kontroll4\MXTmpFiles\rtos_obj_creat.tmp_save
2025-07-21 11:39:21,514 [INFO] CodeEngine:289 - Generated code: C:\Users\aliya\proje\KontrolOrtakCalisma\Kontroll4\MXTmpFiles\rtos_obj_creat.tmp
2025-07-21 11:39:21,520 [INFO] CodeEngine:265 - oldGeneratedFile, C:\Users\aliya\proje\KontrolOrtakCalisma\Kontroll4\MXTmpFiles\rtos_default_thread.tmp_save
2025-07-21 11:39:21,581 [INFO] CodeEngine:289 - Generated code: C:\Users\aliya\proje\KontrolOrtakCalisma\Kontroll4\MXTmpFiles\rtos_default_thread.tmp
2025-07-21 11:39:21,590 [INFO] CodeEngine:265 - oldGeneratedFile, C:\Users\aliya\proje\KontrolOrtakCalisma\Kontroll4\MXTmpFiles\rtos_threads.tmp_save
2025-07-21 11:39:21,655 [INFO] CodeEngine:289 - Generated code: C:\Users\aliya\proje\KontrolOrtakCalisma\Kontroll4\MXTmpFiles\rtos_threads.tmp
2025-07-21 11:39:21,677 [INFO] Middleware:1452 - No code input for Bsp Dependency
2025-07-21 11:39:21,688 [INFO] CodeEngine:265 - oldGeneratedFile, C:\Users\aliya\proje\KontrolOrtakCalisma\Kontroll4\MXTmpFiles\rtos_inc.tmp_save
2025-07-21 11:39:21,750 [INFO] CodeEngine:289 - Generated code: C:\Users\aliya\proje\KontrolOrtakCalisma\Kontroll4\MXTmpFiles\rtos_inc.tmp
2025-07-21 11:39:21,758 [INFO] CodeEngine:265 - oldGeneratedFile, C:\Users\aliya\proje\KontrolOrtakCalisma\Kontroll4\MXTmpFiles\rtos_kernelInit.tmp_save
2025-07-21 11:39:21,815 [INFO] CodeEngine:289 - Generated code: C:\Users\aliya\proje\KontrolOrtakCalisma\Kontroll4\MXTmpFiles\rtos_kernelInit.tmp
2025-07-21 11:39:21,824 [INFO] CodeEngine:265 - oldGeneratedFile, C:\Users\aliya\proje\KontrolOrtakCalisma\Kontroll4\MXTmpFiles\rtos_kernelStart.tmp_save
2025-07-21 11:39:21,968 [INFO] CodeEngine:289 - Generated code: C:\Users\aliya\proje\KontrolOrtakCalisma\Kontroll4\MXTmpFiles\rtos_kernelStart.tmp
2025-07-21 11:39:21,977 [INFO] CodeEngine:265 - oldGeneratedFile, C:\Users\aliya\proje\KontrolOrtakCalisma\Kontroll4\MXTmpFiles\rtos_typedefs.tmp_save
2025-07-21 11:39:22,047 [INFO] CodeEngine:289 - Generated code: C:\Users\aliya\proje\KontrolOrtakCalisma\Kontroll4\MXTmpFiles\rtos_typedefs.tmp
2025-07-21 11:39:22,056 [INFO] CodeEngine:265 - oldGeneratedFile, C:\Users\aliya\proje\KontrolOrtakCalisma\Kontroll4\MXTmpFiles\rtos_vars.tmp_save
2025-07-21 11:39:22,149 [INFO] CodeEngine:289 - Generated code: C:\Users\aliya\proje\KontrolOrtakCalisma\Kontroll4\MXTmpFiles\rtos_vars.tmp
2025-07-21 11:39:22,159 [INFO] CodeEngine:265 - oldGeneratedFile, C:\Users\aliya\proje\KontrolOrtakCalisma\Kontroll4\MXTmpFiles\rtos_pfp.tmp_save
2025-07-21 11:39:22,230 [INFO] CodeEngine:289 - Generated code: C:\Users\aliya\proje\KontrolOrtakCalisma\Kontroll4\MXTmpFiles\rtos_pfp.tmp
2025-07-21 11:39:22,237 [INFO] CodeEngine:265 - oldGeneratedFile, C:\Users\aliya\proje\KontrolOrtakCalisma\Kontroll4\MXTmpFiles\rtos_obj_creat.tmp_save
2025-07-21 11:39:22,307 [INFO] CodeEngine:289 - Generated code: C:\Users\aliya\proje\KontrolOrtakCalisma\Kontroll4\MXTmpFiles\rtos_obj_creat.tmp
2025-07-21 11:39:22,314 [INFO] CodeEngine:265 - oldGeneratedFile, C:\Users\aliya\proje\KontrolOrtakCalisma\Kontroll4\MXTmpFiles\rtos_default_thread.tmp_save
2025-07-21 11:39:22,372 [INFO] CodeEngine:289 - Generated code: C:\Users\aliya\proje\KontrolOrtakCalisma\Kontroll4\MXTmpFiles\rtos_default_thread.tmp
2025-07-21 11:39:22,380 [INFO] CodeEngine:265 - oldGeneratedFile, C:\Users\aliya\proje\KontrolOrtakCalisma\Kontroll4\MXTmpFiles\rtos_threads.tmp_save
2025-07-21 11:39:22,436 [INFO] CodeEngine:289 - Generated code: C:\Users\aliya\proje\KontrolOrtakCalisma\Kontroll4\MXTmpFiles\rtos_threads.tmp
2025-07-21 11:39:22,444 [INFO] CodeEngine:265 - oldGeneratedFile, C:\Users\aliya\proje\KontrolOrtakCalisma\Kontroll4\Core\Inc\FreeRTOSConfig.h_save
2025-07-21 11:39:22,563 [INFO] CodeEngine:289 - Generated code: C:\Users\aliya\proje\KontrolOrtakCalisma\Kontroll4\Core\Inc\FreeRTOSConfig.h
2025-07-21 11:39:22,573 [INFO] CodeEngine:265 - oldGeneratedFile, C:\Users\aliya\proje\KontrolOrtakCalisma\Kontroll4\Core\Src\freertos.c_save
2025-07-21 11:39:22,669 [INFO] CodeEngine:289 - Generated code: C:\Users\aliya\proje\KontrolOrtakCalisma\Kontroll4\Core\Src\freertos.c
2025-07-21 11:39:22,682 [INFO] CodeEngine:265 - oldGeneratedFile, C:\Users\aliya\proje\KontrolOrtakCalisma\Kontroll4\Core\Src\i2c.c_save
2025-07-21 11:39:22,819 [INFO] CodeEngine:289 - Generated code: C:\Users\aliya\proje\KontrolOrtakCalisma\Kontroll4\Core\Src\i2c.c
2025-07-21 11:39:22,829 [INFO] CodeEngine:265 - oldGeneratedFile, C:\Users\aliya\proje\KontrolOrtakCalisma\Kontroll4\Core\Inc\i2c.h_save
2025-07-21 11:39:22,924 [INFO] CodeEngine:289 - Generated code: C:\Users\aliya\proje\KontrolOrtakCalisma\Kontroll4\Core\Inc\i2c.h
2025-07-21 11:39:22,941 [INFO] CodeEngine:265 - oldGeneratedFile, C:\Users\aliya\proje\KontrolOrtakCalisma\Kontroll4\Core\Src\usart.c_save
2025-07-21 11:39:23,046 [INFO] CodeEngine:289 - Generated code: C:\Users\aliya\proje\KontrolOrtakCalisma\Kontroll4\Core\Src\usart.c
2025-07-21 11:39:23,054 [INFO] CodeEngine:265 - oldGeneratedFile, C:\Users\aliya\proje\KontrolOrtakCalisma\Kontroll4\Core\Inc\usart.h_save
2025-07-21 11:39:23,116 [INFO] CodeEngine:289 - Generated code: C:\Users\aliya\proje\KontrolOrtakCalisma\Kontroll4\Core\Inc\usart.h
2025-07-21 11:39:23,134 [INFO] CodeEngine:265 - oldGeneratedFile, C:\Users\aliya\proje\KontrolOrtakCalisma\Kontroll4\Core\Src\stm32f4xx_it.c_save
2025-07-21 11:39:23,224 [INFO] CodeEngine:289 - Generated code: C:\Users\aliya\proje\KontrolOrtakCalisma\Kontroll4\Core\Src\stm32f4xx_it.c
2025-07-21 11:39:23,233 [INFO] CodeEngine:265 - oldGeneratedFile, C:\Users\aliya\proje\KontrolOrtakCalisma\Kontroll4\Core\Inc\stm32f4xx_it.h_save
2025-07-21 11:39:23,295 [INFO] CodeEngine:289 - Generated code: C:\Users\aliya\proje\KontrolOrtakCalisma\Kontroll4\Core\Inc\stm32f4xx_it.h
2025-07-21 11:39:23,315 [INFO] CodeEngine:265 - oldGeneratedFile, C:\Users\aliya\proje\KontrolOrtakCalisma\Kontroll4\Core\Src\stm32f4xx_hal_msp.c_save
2025-07-21 11:39:23,407 [INFO] CodeEngine:289 - Generated code: C:\Users\aliya\proje\KontrolOrtakCalisma\Kontroll4\Core\Src\stm32f4xx_hal_msp.c
2025-07-21 11:39:23,413 [INFO] CodeEngine:265 - oldGeneratedFile, C:\Users\aliya\proje\KontrolOrtakCalisma\Kontroll4\MXTmpFiles\system.tmp_save
2025-07-21 11:39:23,468 [INFO] CodeEngine:289 - Generated code: C:\Users\aliya\proje\KontrolOrtakCalisma\Kontroll4\MXTmpFiles\system.tmp
2025-07-21 11:39:23,478 [INFO] CodeEngine:265 - oldGeneratedFile, C:\Users\aliya\proje\KontrolOrtakCalisma\Kontroll4\Core\Src\stm32f4xx_hal_timebase_tim.c_save
2025-07-21 11:39:23,550 [INFO] CodeEngine:289 - Generated code: C:\Users\aliya\proje\KontrolOrtakCalisma\Kontroll4\Core\Src\stm32f4xx_hal_timebase_tim.c
2025-07-21 11:39:23,569 [INFO] CodeEngine:321 - oldGeneratedFile, C:\Users\aliya\proje\KontrolOrtakCalisma\Kontroll4\Core\Inc\stm32f4xx_hal_conf.h_save
2025-07-21 11:39:23,639 [INFO] CodeEngine:345 - Generated code: C:\Users\aliya\proje\KontrolOrtakCalisma\Kontroll4\Core\Inc\stm32f4xx_hal_conf.h
2025-07-21 11:39:23,674 [WARN] IPConfigManager:3238 - Warning: the RefConfig PLL2P_FOR_MCO is not available in your config.xml file
2025-07-21 11:39:23,684 [INFO] ApiDbMcu:532 - Load IP Config File for I2C2
2025-07-21 11:39:23,689 [INFO] ApiDbMcu:532 - Load IP Config File for USART2
2025-07-21 11:39:23,693 [INFO] ApiDbMcu:532 - Load IP Config File for RCC
2025-07-21 11:39:23,710 [INFO] CodeEngine:265 - oldGeneratedFile, C:\Users\aliya\proje\KontrolOrtakCalisma\Kontroll4\Core\Inc\main.h_save
2025-07-21 11:39:23,794 [INFO] CodeEngine:289 - Generated code: C:\Users\aliya\proje\KontrolOrtakCalisma\Kontroll4\Core\Inc\main.h
2025-07-21 11:39:23,801 [INFO] CodeEngine:265 - oldGeneratedFile, C:\Users\aliya\proje\KontrolOrtakCalisma\Kontroll4\Core\Src\main.c_save
2025-07-21 11:39:23,933 [INFO] CodeEngine:289 - Generated code: C:\Users\aliya\proje\KontrolOrtakCalisma\Kontroll4\Core\Src\main.c
2025-07-21 11:39:24,560 [INFO] ProjectBuilder:3606 - Time for Copy HAL[1] : 308mS.
2025-07-21 11:39:24,569 [INFO] ProjectBuilder:5216 - Project Generator version: 4.7.0-B52
2025-07-21 11:39:24,677 [INFO] ConfigFileManager:1595 - The Die is : DIE421
2025-07-21 11:39:24,681 [INFO] ApiDbMcu:532 - Load IP Config File for FATFS
2025-07-21 11:39:24,684 [INFO] ApiDbMcu:532 - Load IP Config File for LIBJPEG
2025-07-21 11:39:24,691 [INFO] ApiDbMcu:532 - Load IP Config File for MBEDTLS
2025-07-21 11:39:24,697 [INFO] ApiDbMcu:532 - Load IP Config File for USB_DEVICE
2025-07-21 11:39:24,702 [INFO] ApiDbMcu:532 - Load IP Config File for USB_HOST
2025-07-21 11:39:25,117 [INFO] LogOutputStream:77 - [STDOUT_REDIRECT] 
2025-07-21 11:39:27,106 [INFO] ProjectBuilder:5496 - Time for Generating toolchain IDE Files: 2535mS.
2025-07-21 11:39:27,108 [INFO] ProjectBuilder:3463 - Time for Copy CMSIS : 1mS.
2025-07-21 11:39:27,115 [INFO] ProjectBuilder:3463 - Time for Copy CMSIS : 0mS.
2025-07-21 12:10:36,465 [INFO] UtilMem:75 - End SaveConfig() Used Memory: 452035264 Bytes (1073741824)
2025-07-21 12:10:38,079 [INFO] BlockDiagram:2775 - set Specific Code input for plugin: FREERTOS
2025-07-21 12:10:38,079 [INFO] BlockDiagram:2775 - set Specific Code input for plugin: SYS
2025-07-21 12:10:38,079 [INFO] BlockDiagram:2775 - set Specific Code input for plugin: RCC
2025-07-21 12:10:38,079 [INFO] BlockDiagram:2775 - set Specific Code input for plugin: I2C
2025-07-21 12:10:38,079 [INFO] BlockDiagram:2775 - set Specific Code input for plugin: NVIC
2025-07-21 12:10:38,079 [INFO] BlockDiagram:2775 - set Specific Code input for plugin: USART
2025-07-21 12:10:38,082 [INFO] BlockDiagram:2775 - set Specific Code input for plugin: GPIO
2025-07-21 12:10:38,084 [INFO] CodeGenerator:892 - code generatio: config db path: C:\ST\STM32CubeIDE_1.18.1\STM32CubeIDE\plugins\com.st.stm32cube.common.mx_6.15.0.202507011659\\db\
2025-07-21 12:10:38,102 [WARN] IP:2250 - I2C_Coeff_DF not found: check if there is a RefParameter without a condition.
2025-07-21 12:10:38,103 [WARN] IP:2250 - Analog_Filter not found: check if there is a RefParameter without a condition.
2025-07-21 12:10:38,296 [INFO] CodeEngine:265 - oldGeneratedFile, C:\Users\aliya\proje\KontrolOrtakCalisma\Kontroll4\MXTmpFiles\license.tmp_save
2025-07-21 12:10:38,577 [INFO] CodeEngine:289 - Generated code: C:\Users\aliya\proje\KontrolOrtakCalisma\Kontroll4\MXTmpFiles\license.tmp
2025-07-21 12:10:38,636 [INFO] CodeEngine:265 - oldGeneratedFile, C:\Users\aliya\proje\KontrolOrtakCalisma\Kontroll4\Core\Src\gpio.c_save
2025-07-21 12:10:38,838 [INFO] CodeEngine:289 - Generated code: C:\Users\aliya\proje\KontrolOrtakCalisma\Kontroll4\Core\Src\gpio.c
2025-07-21 12:10:38,855 [INFO] CodeEngine:265 - oldGeneratedFile, C:\Users\aliya\proje\KontrolOrtakCalisma\Kontroll4\Core\Inc\gpio.h_save
2025-07-21 12:10:39,039 [INFO] CodeEngine:289 - Generated code: C:\Users\aliya\proje\KontrolOrtakCalisma\Kontroll4\Core\Inc\gpio.h
2025-07-21 12:10:39,352 [INFO] Middleware:1452 - No code input for Bsp Dependency
2025-07-21 12:10:39,362 [INFO] CodeEngine:265 - oldGeneratedFile, C:\Users\aliya\proje\KontrolOrtakCalisma\Kontroll4\MXTmpFiles\rtos_inc.tmp_save
2025-07-21 12:10:39,490 [INFO] CodeEngine:289 - Generated code: C:\Users\aliya\proje\KontrolOrtakCalisma\Kontroll4\MXTmpFiles\rtos_inc.tmp
2025-07-21 12:10:39,501 [INFO] CodeEngine:265 - oldGeneratedFile, C:\Users\aliya\proje\KontrolOrtakCalisma\Kontroll4\MXTmpFiles\rtos_kernelInit.tmp_save
2025-07-21 12:10:39,658 [INFO] CodeEngine:289 - Generated code: C:\Users\aliya\proje\KontrolOrtakCalisma\Kontroll4\MXTmpFiles\rtos_kernelInit.tmp
2025-07-21 12:10:39,669 [INFO] CodeEngine:265 - oldGeneratedFile, C:\Users\aliya\proje\KontrolOrtakCalisma\Kontroll4\MXTmpFiles\rtos_kernelStart.tmp_save
2025-07-21 12:10:39,925 [INFO] CodeEngine:289 - Generated code: C:\Users\aliya\proje\KontrolOrtakCalisma\Kontroll4\MXTmpFiles\rtos_kernelStart.tmp
2025-07-21 12:10:39,957 [INFO] CodeEngine:265 - oldGeneratedFile, C:\Users\aliya\proje\KontrolOrtakCalisma\Kontroll4\MXTmpFiles\rtos_typedefs.tmp_save
2025-07-21 12:10:40,346 [INFO] CodeEngine:289 - Generated code: C:\Users\aliya\proje\KontrolOrtakCalisma\Kontroll4\MXTmpFiles\rtos_typedefs.tmp
2025-07-21 12:10:40,373 [INFO] CodeEngine:265 - oldGeneratedFile, C:\Users\aliya\proje\KontrolOrtakCalisma\Kontroll4\MXTmpFiles\rtos_vars.tmp_save
2025-07-21 12:10:40,567 [INFO] CodeEngine:289 - Generated code: C:\Users\aliya\proje\KontrolOrtakCalisma\Kontroll4\MXTmpFiles\rtos_vars.tmp
2025-07-21 12:10:40,577 [INFO] CodeEngine:265 - oldGeneratedFile, C:\Users\aliya\proje\KontrolOrtakCalisma\Kontroll4\MXTmpFiles\rtos_pfp.tmp_save
2025-07-21 12:10:40,707 [INFO] CodeEngine:289 - Generated code: C:\Users\aliya\proje\KontrolOrtakCalisma\Kontroll4\MXTmpFiles\rtos_pfp.tmp
2025-07-21 12:10:40,718 [INFO] CodeEngine:265 - oldGeneratedFile, C:\Users\aliya\proje\KontrolOrtakCalisma\Kontroll4\MXTmpFiles\rtos_obj_creat.tmp_save
2025-07-21 12:10:40,878 [INFO] CodeEngine:289 - Generated code: C:\Users\aliya\proje\KontrolOrtakCalisma\Kontroll4\MXTmpFiles\rtos_obj_creat.tmp
2025-07-21 12:10:40,890 [INFO] CodeEngine:265 - oldGeneratedFile, C:\Users\aliya\proje\KontrolOrtakCalisma\Kontroll4\MXTmpFiles\rtos_default_thread.tmp_save
2025-07-21 12:10:41,025 [INFO] CodeEngine:289 - Generated code: C:\Users\aliya\proje\KontrolOrtakCalisma\Kontroll4\MXTmpFiles\rtos_default_thread.tmp
2025-07-21 12:10:41,036 [INFO] CodeEngine:265 - oldGeneratedFile, C:\Users\aliya\proje\KontrolOrtakCalisma\Kontroll4\MXTmpFiles\rtos_threads.tmp_save
2025-07-21 12:10:41,152 [INFO] CodeEngine:289 - Generated code: C:\Users\aliya\proje\KontrolOrtakCalisma\Kontroll4\MXTmpFiles\rtos_threads.tmp
2025-07-21 12:10:41,191 [INFO] Middleware:1452 - No code input for Bsp Dependency
2025-07-21 12:10:41,207 [INFO] CodeEngine:265 - oldGeneratedFile, C:\Users\aliya\proje\KontrolOrtakCalisma\Kontroll4\MXTmpFiles\rtos_inc.tmp_save
2025-07-21 12:10:41,300 [INFO] CodeEngine:289 - Generated code: C:\Users\aliya\proje\KontrolOrtakCalisma\Kontroll4\MXTmpFiles\rtos_inc.tmp
2025-07-21 12:10:41,310 [INFO] CodeEngine:265 - oldGeneratedFile, C:\Users\aliya\proje\KontrolOrtakCalisma\Kontroll4\MXTmpFiles\rtos_kernelInit.tmp_save
2025-07-21 12:10:41,404 [INFO] CodeEngine:289 - Generated code: C:\Users\aliya\proje\KontrolOrtakCalisma\Kontroll4\MXTmpFiles\rtos_kernelInit.tmp
2025-07-21 12:10:41,416 [INFO] CodeEngine:265 - oldGeneratedFile, C:\Users\aliya\proje\KontrolOrtakCalisma\Kontroll4\MXTmpFiles\rtos_kernelStart.tmp_save
2025-07-21 12:10:41,502 [INFO] CodeEngine:289 - Generated code: C:\Users\aliya\proje\KontrolOrtakCalisma\Kontroll4\MXTmpFiles\rtos_kernelStart.tmp
2025-07-21 12:10:41,512 [INFO] CodeEngine:265 - oldGeneratedFile, C:\Users\aliya\proje\KontrolOrtakCalisma\Kontroll4\MXTmpFiles\rtos_typedefs.tmp_save
2025-07-21 12:10:41,630 [INFO] CodeEngine:289 - Generated code: C:\Users\aliya\proje\KontrolOrtakCalisma\Kontroll4\MXTmpFiles\rtos_typedefs.tmp
2025-07-21 12:10:41,647 [INFO] CodeEngine:265 - oldGeneratedFile, C:\Users\aliya\proje\KontrolOrtakCalisma\Kontroll4\MXTmpFiles\rtos_vars.tmp_save
2025-07-21 12:10:41,815 [INFO] CodeEngine:289 - Generated code: C:\Users\aliya\proje\KontrolOrtakCalisma\Kontroll4\MXTmpFiles\rtos_vars.tmp
2025-07-21 12:10:41,844 [INFO] CodeEngine:265 - oldGeneratedFile, C:\Users\aliya\proje\KontrolOrtakCalisma\Kontroll4\MXTmpFiles\rtos_pfp.tmp_save
2025-07-21 12:10:42,057 [INFO] CodeEngine:289 - Generated code: C:\Users\aliya\proje\KontrolOrtakCalisma\Kontroll4\MXTmpFiles\rtos_pfp.tmp
2025-07-21 12:10:42,106 [INFO] CodeEngine:265 - oldGeneratedFile, C:\Users\aliya\proje\KontrolOrtakCalisma\Kontroll4\MXTmpFiles\rtos_obj_creat.tmp_save
2025-07-21 12:10:42,451 [INFO] CodeEngine:289 - Generated code: C:\Users\aliya\proje\KontrolOrtakCalisma\Kontroll4\MXTmpFiles\rtos_obj_creat.tmp
2025-07-21 12:10:42,464 [INFO] CodeEngine:265 - oldGeneratedFile, C:\Users\aliya\proje\KontrolOrtakCalisma\Kontroll4\MXTmpFiles\rtos_default_thread.tmp_save
2025-07-21 12:10:42,583 [INFO] CodeEngine:289 - Generated code: C:\Users\aliya\proje\KontrolOrtakCalisma\Kontroll4\MXTmpFiles\rtos_default_thread.tmp
2025-07-21 12:10:42,597 [INFO] CodeEngine:265 - oldGeneratedFile, C:\Users\aliya\proje\KontrolOrtakCalisma\Kontroll4\MXTmpFiles\rtos_threads.tmp_save
2025-07-21 12:10:42,709 [INFO] CodeEngine:289 - Generated code: C:\Users\aliya\proje\KontrolOrtakCalisma\Kontroll4\MXTmpFiles\rtos_threads.tmp
2025-07-21 12:10:42,722 [INFO] CodeEngine:265 - oldGeneratedFile, C:\Users\aliya\proje\KontrolOrtakCalisma\Kontroll4\Core\Inc\FreeRTOSConfig.h_save
2025-07-21 12:10:42,888 [INFO] CodeEngine:289 - Generated code: C:\Users\aliya\proje\KontrolOrtakCalisma\Kontroll4\Core\Inc\FreeRTOSConfig.h
2025-07-21 12:10:42,903 [INFO] CodeEngine:265 - oldGeneratedFile, C:\Users\aliya\proje\KontrolOrtakCalisma\Kontroll4\Core\Src\freertos.c_save
2025-07-21 12:10:43,042 [INFO] CodeEngine:289 - Generated code: C:\Users\aliya\proje\KontrolOrtakCalisma\Kontroll4\Core\Src\freertos.c
2025-07-21 12:10:43,060 [INFO] CodeEngine:265 - oldGeneratedFile, C:\Users\aliya\proje\KontrolOrtakCalisma\Kontroll4\Core\Src\i2c.c_save
2025-07-21 12:10:43,161 [INFO] CodeEngine:289 - Generated code: C:\Users\aliya\proje\KontrolOrtakCalisma\Kontroll4\Core\Src\i2c.c
2025-07-21 12:10:43,169 [INFO] CodeEngine:265 - oldGeneratedFile, C:\Users\aliya\proje\KontrolOrtakCalisma\Kontroll4\Core\Inc\i2c.h_save
2025-07-21 12:10:43,236 [INFO] CodeEngine:289 - Generated code: C:\Users\aliya\proje\KontrolOrtakCalisma\Kontroll4\Core\Inc\i2c.h
2025-07-21 12:10:43,252 [INFO] CodeEngine:265 - oldGeneratedFile, C:\Users\aliya\proje\KontrolOrtakCalisma\Kontroll4\Core\Src\usart.c_save
2025-07-21 12:10:43,364 [INFO] CodeEngine:289 - Generated code: C:\Users\aliya\proje\KontrolOrtakCalisma\Kontroll4\Core\Src\usart.c
2025-07-21 12:10:43,374 [INFO] CodeEngine:265 - oldGeneratedFile, C:\Users\aliya\proje\KontrolOrtakCalisma\Kontroll4\Core\Inc\usart.h_save
2025-07-21 12:10:43,452 [INFO] CodeEngine:289 - Generated code: C:\Users\aliya\proje\KontrolOrtakCalisma\Kontroll4\Core\Inc\usart.h
2025-07-21 12:10:43,470 [INFO] CodeEngine:265 - oldGeneratedFile, C:\Users\aliya\proje\KontrolOrtakCalisma\Kontroll4\Core\Src\stm32f4xx_it.c_save
2025-07-21 12:10:43,549 [INFO] CodeEngine:289 - Generated code: C:\Users\aliya\proje\KontrolOrtakCalisma\Kontroll4\Core\Src\stm32f4xx_it.c
2025-07-21 12:10:43,558 [INFO] CodeEngine:265 - oldGeneratedFile, C:\Users\aliya\proje\KontrolOrtakCalisma\Kontroll4\Core\Inc\stm32f4xx_it.h_save
2025-07-21 12:10:43,657 [INFO] CodeEngine:289 - Generated code: C:\Users\aliya\proje\KontrolOrtakCalisma\Kontroll4\Core\Inc\stm32f4xx_it.h
2025-07-21 12:10:43,675 [INFO] CodeEngine:265 - oldGeneratedFile, C:\Users\aliya\proje\KontrolOrtakCalisma\Kontroll4\Core\Src\stm32f4xx_hal_msp.c_save
2025-07-21 12:10:43,871 [INFO] CodeEngine:289 - Generated code: C:\Users\aliya\proje\KontrolOrtakCalisma\Kontroll4\Core\Src\stm32f4xx_hal_msp.c
2025-07-21 12:10:43,893 [INFO] CodeEngine:265 - oldGeneratedFile, C:\Users\aliya\proje\KontrolOrtakCalisma\Kontroll4\MXTmpFiles\system.tmp_save
2025-07-21 12:10:44,106 [INFO] CodeEngine:289 - Generated code: C:\Users\aliya\proje\KontrolOrtakCalisma\Kontroll4\MXTmpFiles\system.tmp
2025-07-21 12:10:44,138 [INFO] CodeEngine:265 - oldGeneratedFile, C:\Users\aliya\proje\KontrolOrtakCalisma\Kontroll4\Core\Src\stm32f4xx_hal_timebase_tim.c_save
2025-07-21 12:10:44,455 [INFO] CodeEngine:289 - Generated code: C:\Users\aliya\proje\KontrolOrtakCalisma\Kontroll4\Core\Src\stm32f4xx_hal_timebase_tim.c
2025-07-21 12:10:44,480 [INFO] CodeEngine:321 - oldGeneratedFile, C:\Users\aliya\proje\KontrolOrtakCalisma\Kontroll4\Core\Inc\stm32f4xx_hal_conf.h_save
2025-07-21 12:10:44,570 [INFO] CodeEngine:345 - Generated code: C:\Users\aliya\proje\KontrolOrtakCalisma\Kontroll4\Core\Inc\stm32f4xx_hal_conf.h
2025-07-21 12:10:44,600 [WARN] IPConfigManager:3238 - Warning: the RefConfig PLL2P_FOR_MCO is not available in your config.xml file
2025-07-21 12:10:44,624 [INFO] CodeEngine:265 - oldGeneratedFile, C:\Users\aliya\proje\KontrolOrtakCalisma\Kontroll4\Core\Inc\main.h_save
2025-07-21 12:10:44,706 [INFO] CodeEngine:289 - Generated code: C:\Users\aliya\proje\KontrolOrtakCalisma\Kontroll4\Core\Inc\main.h
2025-07-21 12:10:44,714 [INFO] CodeEngine:265 - oldGeneratedFile, C:\Users\aliya\proje\KontrolOrtakCalisma\Kontroll4\Core\Src\main.c_save
2025-07-21 12:10:44,859 [INFO] CodeEngine:289 - Generated code: C:\Users\aliya\proje\KontrolOrtakCalisma\Kontroll4\Core\Src\main.c
2025-07-21 12:10:45,604 [INFO] ProjectBuilder:3606 - Time for Copy HAL[1] : 383mS.
2025-07-21 12:10:45,614 [INFO] ProjectBuilder:5216 - Project Generator version: 4.7.0-B52
2025-07-21 12:10:45,759 [INFO] ConfigFileManager:1595 - The Die is : DIE421
2025-07-21 12:10:47,898 [INFO] ProjectBuilder:5496 - Time for Generating toolchain IDE Files: 2285mS.
2025-07-21 12:10:47,900 [INFO] ProjectBuilder:3463 - Time for Copy CMSIS : 0mS.
2025-07-21 12:10:47,916 [INFO] ProjectBuilder:3463 - Time for Copy CMSIS : 1mS.
2025-07-21 12:33:04,729 [INFO] UtilMem:75 - End SaveConfig() Used Memory: 763274800 Bytes (912261120)
2025-07-21 12:33:06,561 [INFO] BlockDiagram:2775 - set Specific Code input for plugin: FREERTOS
2025-07-21 12:33:06,561 [INFO] BlockDiagram:2775 - set Specific Code input for plugin: SYS
2025-07-21 12:33:06,561 [INFO] BlockDiagram:2775 - set Specific Code input for plugin: RCC
2025-07-21 12:33:06,563 [INFO] BlockDiagram:2775 - set Specific Code input for plugin: I2C
2025-07-21 12:33:06,563 [INFO] BlockDiagram:2775 - set Specific Code input for plugin: NVIC
2025-07-21 12:33:06,564 [INFO] BlockDiagram:2775 - set Specific Code input for plugin: USART
2025-07-21 12:33:06,565 [INFO] BlockDiagram:2775 - set Specific Code input for plugin: GPIO
2025-07-21 12:33:06,567 [INFO] CodeGenerator:892 - code generatio: config db path: C:\ST\STM32CubeIDE_1.18.1\STM32CubeIDE\plugins\com.st.stm32cube.common.mx_6.15.0.202507011659\\db\
2025-07-21 12:33:06,581 [WARN] IP:2250 - I2C_Coeff_DF not found: check if there is a RefParameter without a condition.
2025-07-21 12:33:06,581 [WARN] IP:2250 - Analog_Filter not found: check if there is a RefParameter without a condition.
2025-07-21 12:33:06,788 [INFO] CodeEngine:265 - oldGeneratedFile, C:\Users\aliya\proje\KontrolOrtakCalisma\Kontroll4\MXTmpFiles\license.tmp_save
2025-07-21 12:33:07,146 [INFO] CodeEngine:289 - Generated code: C:\Users\aliya\proje\KontrolOrtakCalisma\Kontroll4\MXTmpFiles\license.tmp
2025-07-21 12:33:07,199 [INFO] CodeEngine:265 - oldGeneratedFile, C:\Users\aliya\proje\KontrolOrtakCalisma\Kontroll4\Core\Src\gpio.c_save
2025-07-21 12:33:07,410 [INFO] CodeEngine:289 - Generated code: C:\Users\aliya\proje\KontrolOrtakCalisma\Kontroll4\Core\Src\gpio.c
2025-07-21 12:33:07,421 [INFO] CodeEngine:265 - oldGeneratedFile, C:\Users\aliya\proje\KontrolOrtakCalisma\Kontroll4\Core\Inc\gpio.h_save
2025-07-21 12:33:07,578 [INFO] CodeEngine:289 - Generated code: C:\Users\aliya\proje\KontrolOrtakCalisma\Kontroll4\Core\Inc\gpio.h
2025-07-21 12:33:07,820 [INFO] Middleware:1452 - No code input for Bsp Dependency
2025-07-21 12:33:07,832 [INFO] CodeEngine:265 - oldGeneratedFile, C:\Users\aliya\proje\KontrolOrtakCalisma\Kontroll4\MXTmpFiles\rtos_inc.tmp_save
2025-07-21 12:33:07,979 [INFO] CodeEngine:289 - Generated code: C:\Users\aliya\proje\KontrolOrtakCalisma\Kontroll4\MXTmpFiles\rtos_inc.tmp
2025-07-21 12:33:07,992 [INFO] CodeEngine:265 - oldGeneratedFile, C:\Users\aliya\proje\KontrolOrtakCalisma\Kontroll4\MXTmpFiles\rtos_kernelInit.tmp_save
2025-07-21 12:33:08,153 [INFO] CodeEngine:289 - Generated code: C:\Users\aliya\proje\KontrolOrtakCalisma\Kontroll4\MXTmpFiles\rtos_kernelInit.tmp
2025-07-21 12:33:08,166 [INFO] CodeEngine:265 - oldGeneratedFile, C:\Users\aliya\proje\KontrolOrtakCalisma\Kontroll4\MXTmpFiles\rtos_kernelStart.tmp_save
2025-07-21 12:33:08,354 [INFO] CodeEngine:289 - Generated code: C:\Users\aliya\proje\KontrolOrtakCalisma\Kontroll4\MXTmpFiles\rtos_kernelStart.tmp
2025-07-21 12:33:08,362 [INFO] CodeEngine:265 - oldGeneratedFile, C:\Users\aliya\proje\KontrolOrtakCalisma\Kontroll4\MXTmpFiles\rtos_typedefs.tmp_save
2025-07-21 12:33:08,482 [INFO] CodeEngine:289 - Generated code: C:\Users\aliya\proje\KontrolOrtakCalisma\Kontroll4\MXTmpFiles\rtos_typedefs.tmp
2025-07-21 12:33:08,489 [INFO] CodeEngine:265 - oldGeneratedFile, C:\Users\aliya\proje\KontrolOrtakCalisma\Kontroll4\MXTmpFiles\rtos_vars.tmp_save
2025-07-21 12:33:08,611 [INFO] CodeEngine:289 - Generated code: C:\Users\aliya\proje\KontrolOrtakCalisma\Kontroll4\MXTmpFiles\rtos_vars.tmp
2025-07-21 12:33:08,618 [INFO] CodeEngine:265 - oldGeneratedFile, C:\Users\aliya\proje\KontrolOrtakCalisma\Kontroll4\MXTmpFiles\rtos_pfp.tmp_save
2025-07-21 12:33:08,703 [INFO] CodeEngine:289 - Generated code: C:\Users\aliya\proje\KontrolOrtakCalisma\Kontroll4\MXTmpFiles\rtos_pfp.tmp
2025-07-21 12:33:08,712 [INFO] CodeEngine:265 - oldGeneratedFile, C:\Users\aliya\proje\KontrolOrtakCalisma\Kontroll4\MXTmpFiles\rtos_obj_creat.tmp_save
2025-07-21 12:33:08,856 [INFO] CodeEngine:289 - Generated code: C:\Users\aliya\proje\KontrolOrtakCalisma\Kontroll4\MXTmpFiles\rtos_obj_creat.tmp
2025-07-21 12:33:08,864 [INFO] CodeEngine:265 - oldGeneratedFile, C:\Users\aliya\proje\KontrolOrtakCalisma\Kontroll4\MXTmpFiles\rtos_default_thread.tmp_save
2025-07-21 12:33:08,938 [INFO] CodeEngine:289 - Generated code: C:\Users\aliya\proje\KontrolOrtakCalisma\Kontroll4\MXTmpFiles\rtos_default_thread.tmp
2025-07-21 12:33:08,948 [INFO] CodeEngine:265 - oldGeneratedFile, C:\Users\aliya\proje\KontrolOrtakCalisma\Kontroll4\MXTmpFiles\rtos_threads.tmp_save
2025-07-21 12:33:09,020 [INFO] CodeEngine:289 - Generated code: C:\Users\aliya\proje\KontrolOrtakCalisma\Kontroll4\MXTmpFiles\rtos_threads.tmp
2025-07-21 12:33:09,046 [INFO] Middleware:1452 - No code input for Bsp Dependency
2025-07-21 12:33:09,059 [INFO] CodeEngine:265 - oldGeneratedFile, C:\Users\aliya\proje\KontrolOrtakCalisma\Kontroll4\MXTmpFiles\rtos_inc.tmp_save
2025-07-21 12:33:09,186 [INFO] CodeEngine:289 - Generated code: C:\Users\aliya\proje\KontrolOrtakCalisma\Kontroll4\MXTmpFiles\rtos_inc.tmp
2025-07-21 12:33:09,197 [INFO] CodeEngine:265 - oldGeneratedFile, C:\Users\aliya\proje\KontrolOrtakCalisma\Kontroll4\MXTmpFiles\rtos_kernelInit.tmp_save
2025-07-21 12:33:09,276 [INFO] CodeEngine:289 - Generated code: C:\Users\aliya\proje\KontrolOrtakCalisma\Kontroll4\MXTmpFiles\rtos_kernelInit.tmp
2025-07-21 12:33:09,287 [INFO] CodeEngine:265 - oldGeneratedFile, C:\Users\aliya\proje\KontrolOrtakCalisma\Kontroll4\MXTmpFiles\rtos_kernelStart.tmp_save
2025-07-21 12:33:09,380 [INFO] CodeEngine:289 - Generated code: C:\Users\aliya\proje\KontrolOrtakCalisma\Kontroll4\MXTmpFiles\rtos_kernelStart.tmp
2025-07-21 12:33:09,389 [INFO] CodeEngine:265 - oldGeneratedFile, C:\Users\aliya\proje\KontrolOrtakCalisma\Kontroll4\MXTmpFiles\rtos_typedefs.tmp_save
2025-07-21 12:33:09,467 [INFO] CodeEngine:289 - Generated code: C:\Users\aliya\proje\KontrolOrtakCalisma\Kontroll4\MXTmpFiles\rtos_typedefs.tmp
2025-07-21 12:33:09,477 [INFO] CodeEngine:265 - oldGeneratedFile, C:\Users\aliya\proje\KontrolOrtakCalisma\Kontroll4\MXTmpFiles\rtos_vars.tmp_save
2025-07-21 12:33:09,615 [INFO] CodeEngine:289 - Generated code: C:\Users\aliya\proje\KontrolOrtakCalisma\Kontroll4\MXTmpFiles\rtos_vars.tmp
2025-07-21 12:33:09,625 [INFO] CodeEngine:265 - oldGeneratedFile, C:\Users\aliya\proje\KontrolOrtakCalisma\Kontroll4\MXTmpFiles\rtos_pfp.tmp_save
2025-07-21 12:33:09,699 [INFO] CodeEngine:289 - Generated code: C:\Users\aliya\proje\KontrolOrtakCalisma\Kontroll4\MXTmpFiles\rtos_pfp.tmp
2025-07-21 12:33:09,707 [INFO] CodeEngine:265 - oldGeneratedFile, C:\Users\aliya\proje\KontrolOrtakCalisma\Kontroll4\MXTmpFiles\rtos_obj_creat.tmp_save
2025-07-21 12:33:09,785 [INFO] CodeEngine:289 - Generated code: C:\Users\aliya\proje\KontrolOrtakCalisma\Kontroll4\MXTmpFiles\rtos_obj_creat.tmp
2025-07-21 12:33:09,793 [INFO] CodeEngine:265 - oldGeneratedFile, C:\Users\aliya\proje\KontrolOrtakCalisma\Kontroll4\MXTmpFiles\rtos_default_thread.tmp_save
2025-07-21 12:33:09,867 [INFO] CodeEngine:289 - Generated code: C:\Users\aliya\proje\KontrolOrtakCalisma\Kontroll4\MXTmpFiles\rtos_default_thread.tmp
2025-07-21 12:33:09,877 [INFO] CodeEngine:265 - oldGeneratedFile, C:\Users\aliya\proje\KontrolOrtakCalisma\Kontroll4\MXTmpFiles\rtos_threads.tmp_save
2025-07-21 12:33:09,952 [INFO] CodeEngine:289 - Generated code: C:\Users\aliya\proje\KontrolOrtakCalisma\Kontroll4\MXTmpFiles\rtos_threads.tmp
2025-07-21 12:33:09,961 [INFO] CodeEngine:265 - oldGeneratedFile, C:\Users\aliya\proje\KontrolOrtakCalisma\Kontroll4\Core\Inc\FreeRTOSConfig.h_save
2025-07-21 12:33:10,981 [INFO] CodeEngine:289 - Generated code: C:\Users\aliya\proje\KontrolOrtakCalisma\Kontroll4\Core\Inc\FreeRTOSConfig.h
2025-07-21 12:33:11,105 [INFO] CodeEngine:265 - oldGeneratedFile, C:\Users\aliya\proje\KontrolOrtakCalisma\Kontroll4\Core\Src\freertos.c_save
2025-07-21 12:33:12,363 [INFO] CodeEngine:289 - Generated code: C:\Users\aliya\proje\KontrolOrtakCalisma\Kontroll4\Core\Src\freertos.c
2025-07-21 12:33:12,547 [INFO] CodeEngine:265 - oldGeneratedFile, C:\Users\aliya\proje\KontrolOrtakCalisma\Kontroll4\Core\Src\i2c.c_save
2025-07-21 12:33:14,050 [INFO] CodeEngine:289 - Generated code: C:\Users\aliya\proje\KontrolOrtakCalisma\Kontroll4\Core\Src\i2c.c
2025-07-21 12:33:14,144 [INFO] CodeEngine:265 - oldGeneratedFile, C:\Users\aliya\proje\KontrolOrtakCalisma\Kontroll4\Core\Inc\i2c.h_save
2025-07-21 12:33:14,886 [INFO] CodeEngine:289 - Generated code: C:\Users\aliya\proje\KontrolOrtakCalisma\Kontroll4\Core\Inc\i2c.h
2025-07-21 12:33:15,004 [INFO] CodeEngine:265 - oldGeneratedFile, C:\Users\aliya\proje\KontrolOrtakCalisma\Kontroll4\Core\Src\usart.c_save
2025-07-21 12:33:15,106 [INFO] CodeEngine:289 - Generated code: C:\Users\aliya\proje\KontrolOrtakCalisma\Kontroll4\Core\Src\usart.c
2025-07-21 12:33:15,112 [INFO] CodeEngine:265 - oldGeneratedFile, C:\Users\aliya\proje\KontrolOrtakCalisma\Kontroll4\Core\Inc\usart.h_save
2025-07-21 12:33:15,177 [INFO] CodeEngine:289 - Generated code: C:\Users\aliya\proje\KontrolOrtakCalisma\Kontroll4\Core\Inc\usart.h
2025-07-21 12:33:15,194 [INFO] CodeEngine:265 - oldGeneratedFile, C:\Users\aliya\proje\KontrolOrtakCalisma\Kontroll4\Core\Src\stm32f4xx_it.c_save
2025-07-21 12:33:15,375 [INFO] CodeEngine:289 - Generated code: C:\Users\aliya\proje\KontrolOrtakCalisma\Kontroll4\Core\Src\stm32f4xx_it.c
2025-07-21 12:33:15,382 [INFO] CodeEngine:265 - oldGeneratedFile, C:\Users\aliya\proje\KontrolOrtakCalisma\Kontroll4\Core\Inc\stm32f4xx_it.h_save
2025-07-21 12:33:15,441 [INFO] CodeEngine:289 - Generated code: C:\Users\aliya\proje\KontrolOrtakCalisma\Kontroll4\Core\Inc\stm32f4xx_it.h
2025-07-21 12:33:15,460 [INFO] CodeEngine:265 - oldGeneratedFile, C:\Users\aliya\proje\KontrolOrtakCalisma\Kontroll4\Core\Src\stm32f4xx_hal_msp.c_save
2025-07-21 12:33:15,570 [INFO] CodeEngine:289 - Generated code: C:\Users\aliya\proje\KontrolOrtakCalisma\Kontroll4\Core\Src\stm32f4xx_hal_msp.c
2025-07-21 12:33:15,575 [INFO] CodeEngine:265 - oldGeneratedFile, C:\Users\aliya\proje\KontrolOrtakCalisma\Kontroll4\MXTmpFiles\system.tmp_save
2025-07-21 12:33:15,631 [INFO] CodeEngine:289 - Generated code: C:\Users\aliya\proje\KontrolOrtakCalisma\Kontroll4\MXTmpFiles\system.tmp
2025-07-21 12:33:15,639 [INFO] CodeEngine:265 - oldGeneratedFile, C:\Users\aliya\proje\KontrolOrtakCalisma\Kontroll4\Core\Src\stm32f4xx_hal_timebase_tim.c_save
2025-07-21 12:33:15,698 [INFO] CodeEngine:289 - Generated code: C:\Users\aliya\proje\KontrolOrtakCalisma\Kontroll4\Core\Src\stm32f4xx_hal_timebase_tim.c
2025-07-21 12:33:15,774 [INFO] CodeEngine:321 - oldGeneratedFile, C:\Users\aliya\proje\KontrolOrtakCalisma\Kontroll4\Core\Inc\stm32f4xx_hal_conf.h_save
2025-07-21 12:33:15,864 [INFO] CodeEngine:345 - Generated code: C:\Users\aliya\proje\KontrolOrtakCalisma\Kontroll4\Core\Inc\stm32f4xx_hal_conf.h
2025-07-21 12:33:15,894 [WARN] IPConfigManager:3238 - Warning: the RefConfig PLL2P_FOR_MCO is not available in your config.xml file
2025-07-21 12:33:15,912 [INFO] CodeEngine:265 - oldGeneratedFile, C:\Users\aliya\proje\KontrolOrtakCalisma\Kontroll4\Core\Inc\main.h_save
2025-07-21 12:33:16,017 [INFO] CodeEngine:289 - Generated code: C:\Users\aliya\proje\KontrolOrtakCalisma\Kontroll4\Core\Inc\main.h
2025-07-21 12:33:16,025 [INFO] CodeEngine:265 - oldGeneratedFile, C:\Users\aliya\proje\KontrolOrtakCalisma\Kontroll4\Core\Src\main.c_save
2025-07-21 12:33:16,133 [INFO] CodeEngine:289 - Generated code: C:\Users\aliya\proje\KontrolOrtakCalisma\Kontroll4\Core\Src\main.c
2025-07-21 12:33:16,658 [INFO] ProjectBuilder:3606 - Time for Copy HAL[1] : 296mS.
2025-07-21 12:33:16,665 [INFO] ProjectBuilder:5216 - Project Generator version: 4.7.0-B52
2025-07-21 12:33:16,779 [INFO] ConfigFileManager:1595 - The Die is : DIE421
2025-07-21 12:33:18,096 [INFO] ProjectBuilder:5496 - Time for Generating toolchain IDE Files: 1430mS.
2025-07-21 12:33:18,097 [INFO] ProjectBuilder:3463 - Time for Copy CMSIS : 1mS.
2025-07-21 12:33:18,110 [INFO] ProjectBuilder:3463 - Time for Copy CMSIS : 0mS.
2025-07-21 14:18:54,891 [INFO] WebApp:194 - Connection lost
2025-07-21 14:18:55,255 [INFO] WebApp:191 - Connection restablished
2025-07-21 14:18:55,485 [INFO] WebApp:194 - Connection lost
2025-07-21 14:18:55,665 [INFO] WebApp:191 - Connection restablished
2025-07-21 15:52:10,006 [INFO] WebApp:194 - Connection lost
2025-07-21 15:52:10,223 [INFO] WebApp:191 - Connection restablished
2025-07-21 15:53:19,951 [INFO] WebApp:194 - Connection lost
2025-07-21 15:53:20,170 [INFO] WebApp:191 - Connection restablished
2025-07-21 17:27:48,865 [ERROR] LogOutputStream:75 - [STDERR_REDIRECT] 
