2025-07-19 10:13:43,348 [ERROR] LogOutputStream:75 - [STDERR_REDIRECT] 
2025-07-19 10:13:43,415 [ERROR] LogOutputStream:75 - [STDERR_REDIRECT] 
2025-07-19 13:24:25,303 [INFO] Activator:176 - 


2025-07-19 13:24:25,305 [INFO] Activator:177 - !SESSION log4j initialized
2025-07-19 13:24:32,414 [INFO] LogOutputStream:77 - [STDOUT_REDIRECT] 
2025-07-19 13:24:34,778 [INFO] ApplicationProperties:184 - Using Application install path: C:\ST\STM32CubeIDE_1.18.1\STM32CubeIDE\plugins\com.st.stm32cube.common.mx_6.15.0.202507011659
2025-07-19 13:24:34,814 [INFO] DbMcusXml:78 - Set database path to: C:\ST\STM32CubeIDE_1.18.1\STM32CubeIDE\plugins\com.st.stm32cube.common.mx_6.15.0.202507011659\\db\/mcu/
2025-07-19 13:24:34,815 [INFO] ApiDb:274 - Set plugin database path to: C:\ST\STM32CubeIDE_1.18.1\STM32CubeIDE\plugins\com.st.stm32cube.common.mx_6.15.0.202507011659\\db\/plugins/boardmanager/
2025-07-19 13:24:34,816 [WARN] ApiDb:259 - Overriding images path with different value:  => C:\ST\STM32CubeIDE_1.18.1\STM32CubeIDE\plugins\com.st.stm32cube.common.mx_6.15.0.202507011659\\db\/plugins/mcufinder/images/
2025-07-19 13:24:34,830 [INFO] ApiDb:250 - Set database path to: C:\Users\aliya\.stmcufinder\plugins\mcufinder//mcu/
2025-07-19 13:24:34,832 [INFO] DbMcusAds:125 - Set database path to: C:\Users\aliya\.stmcufinder\plugins\mcufinder//mcu/
2025-07-19 13:24:34,835 [INFO] CrossReferenceDbSqlite:203 - Set database path to: C:\Users\aliya\.stmcufinder\plugins\mcufinder//mcu/cs/
2025-07-19 13:24:35,017 [INFO] RulesReader:64 - Compatibility file has been processed (317 Rules)
2025-07-19 13:24:35,302 [INFO] DbMcusXml:78 - Set database path to: C:\ST\STM32CubeIDE_1.18.1\STM32CubeIDE\plugins\com.st.stm32cube.common.mx_6.15.0.202507011659\\db\/mcu/
2025-07-19 13:24:35,302 [INFO] ApiDb:274 - Set plugin database path to: C:\ST\STM32CubeIDE_1.18.1\STM32CubeIDE\plugins\com.st.stm32cube.common.mx_6.15.0.202507011659\\db\/plugins/boardmanager/
2025-07-19 13:24:35,302 [INFO] ApiDb:261 - Set plugin images path to: C:\ST\STM32CubeIDE_1.18.1\STM32CubeIDE\plugins\com.st.stm32cube.common.mx_6.15.0.202507011659\\db\/plugins/mcufinder/images/
2025-07-19 13:24:35,302 [WARN] DbFile:41 - Overriding database path with different value: C:\Users\aliya\.stmcufinder\plugins\mcufinder/ => C:\Users\aliya\.stmcufinder\plugins\mcufinder
2025-07-19 13:24:35,302 [INFO] ApiDb:250 - Set database path to: C:\Users\aliya\.stmcufinder\plugins\mcufinder//mcu/
2025-07-19 13:24:35,303 [WARN] DbFile:41 - Overriding database path with different value: C:\Users\aliya\.stmcufinder\plugins\mcufinder/ => C:\Users\aliya\.stmcufinder\plugins\mcufinder
2025-07-19 13:24:35,303 [INFO] DbMcusAds:125 - Set database path to: C:\Users\aliya\.stmcufinder\plugins\mcufinder//mcu/
2025-07-19 13:24:35,303 [WARN] DbFile:41 - Overriding database path with different value: C:\Users\aliya\.stmcufinder\plugins\mcufinder/ => C:\Users\aliya\.stmcufinder\plugins\mcufinder
2025-07-19 13:24:35,303 [WARN] DbFile:41 - Overriding database path with different value: C:\Users\aliya\.stmcufinder\plugins\mcufinder/ => C:\Users\aliya\.stmcufinder\plugins\mcufinder
2025-07-19 13:24:35,303 [INFO] CrossReferenceDbSqlite:203 - Set database path to: C:\Users\aliya\.stmcufinder\plugins\mcufinder//mcu/cs/
2025-07-19 13:24:35,389 [INFO] MainPanel:274 - HeapMemory: 268435456
2025-07-19 13:24:35,501 [INFO] DbMcusXml:78 - Set database path to: C:\ST\STM32CubeIDE_1.18.1\STM32CubeIDE\plugins\com.st.stm32cube.common.mx_6.15.0.202507011659\\db\/mcu/
2025-07-19 13:24:35,501 [INFO] ApiDb:274 - Set plugin database path to: C:\ST\STM32CubeIDE_1.18.1\STM32CubeIDE\plugins\com.st.stm32cube.common.mx_6.15.0.202507011659\\db\/plugins/boardmanager/
2025-07-19 13:24:35,501 [INFO] ApiDb:261 - Set plugin images path to: C:\ST\STM32CubeIDE_1.18.1\STM32CubeIDE\plugins\com.st.stm32cube.common.mx_6.15.0.202507011659\\db\/plugins/mcufinder/images/
2025-07-19 13:24:35,501 [WARN] DbFile:41 - Overriding database path with different value: C:\Users\aliya\.stmcufinder\plugins\mcufinder/ => C:\Users\aliya\.stmcufinder\plugins\mcufinder
2025-07-19 13:24:35,502 [INFO] ApiDb:250 - Set database path to: C:\Users\aliya\.stmcufinder\plugins\mcufinder//mcu/
2025-07-19 13:24:35,502 [WARN] DbFile:41 - Overriding database path with different value: C:\Users\aliya\.stmcufinder\plugins\mcufinder/ => C:\Users\aliya\.stmcufinder\plugins\mcufinder
2025-07-19 13:24:35,502 [INFO] DbMcusAds:125 - Set database path to: C:\Users\aliya\.stmcufinder\plugins\mcufinder//mcu/
2025-07-19 13:24:35,502 [WARN] DbFile:41 - Overriding database path with different value: C:\Users\aliya\.stmcufinder\plugins\mcufinder/ => C:\Users\aliya\.stmcufinder\plugins\mcufinder
2025-07-19 13:24:35,502 [WARN] DbFile:41 - Overriding database path with different value: C:\Users\aliya\.stmcufinder\plugins\mcufinder/ => C:\Users\aliya\.stmcufinder\plugins\mcufinder
2025-07-19 13:24:35,502 [INFO] CrossReferenceDbSqlite:203 - Set database path to: C:\Users\aliya\.stmcufinder\plugins\mcufinder//mcu/cs/
2025-07-19 13:24:35,518 [INFO] ApplicationProperties:184 - Using Application install path: C:\ST\STM32CubeIDE_1.18.1\STM32CubeIDE\plugins\com.st.stm32cube.common.mx_6.15.0.202507011659
2025-07-19 13:24:35,520 [INFO] PluginManage:196 - Search for loadable plugins [exclusion list=, ]
2025-07-19 13:24:35,521 [INFO] PluginManage:310 - Check plugin analytics
2025-07-19 13:24:35,706 [INFO] AnalyticsPlugin:253 - Accepted Software Licenses: 
2025-07-19 13:24:35,706 [INFO] AnalyticsPlugin:255 - Accepted CMSIS Pack Licenses: 
2025-07-19 13:24:35,706 [INFO] AnalyticsPlugin:257 - Accepted Firmware Licenses: 
2025-07-19 13:24:35,710 [INFO] PluginManage:359 - Loaded plugin analytics (category:tool,tabindex:-1)
2025-07-19 13:24:35,710 [INFO] PluginManage:310 - Check plugin cadmodel
2025-07-19 13:24:35,714 [INFO] CADModel:105 - Init CAD model plugin
2025-07-19 13:24:35,714 [INFO] PluginManage:359 - Loaded plugin cadmodel (category:power,tabindex:5)
2025-07-19 13:24:35,715 [INFO] PluginManage:310 - Check plugin clock
2025-07-19 13:24:35,722 [INFO] PluginManage:359 - Loaded plugin clock (category:base,tabindex:2)
2025-07-19 13:24:35,722 [INFO] PluginManage:310 - Check plugin ddr
2025-07-19 13:24:35,724 [INFO] PluginManage:359 - Loaded plugin ddr (category:tool,tabindex:6)
2025-07-19 13:24:35,724 [INFO] PluginManage:310 - Check plugin filemanager
2025-07-19 13:24:35,852 [INFO] PluginManage:359 - Loaded plugin filemanager (category:base,tabindex:10)
2025-07-19 13:24:35,852 [INFO] PluginManage:310 - Check plugin ipmanager
2025-07-19 13:24:35,857 [INFO] PluginManage:359 - Loaded plugin ipmanager (category:base,tabindex:5)
2025-07-19 13:24:35,857 [INFO] PluginManage:310 - Check plugin lpbam
2025-07-19 13:24:35,865 [INFO] PluginManage:359 - Loaded plugin lpbam (category:base,tabindex:0)
2025-07-19 13:24:35,865 [INFO] PluginManage:310 - Check plugin memorymap
2025-07-19 13:24:35,877 [INFO] PluginManage:359 - Loaded plugin memorymap (category:base,tabindex:4)
2025-07-19 13:24:35,877 [INFO] PluginManage:310 - Check plugin pinoutandconfiguration
2025-07-19 13:24:35,884 [INFO] PluginManage:359 - Loaded plugin pinoutandconfiguration (category:base,tabindex:1)
2025-07-19 13:24:35,884 [INFO] PluginManage:310 - Check plugin pinoutconfig
2025-07-19 13:24:35,973 [WARN] SupportedApi:132 - Cannot load RTOS API schema: s4s-elt-must-match.1: The content of 'definitions' must match (annotation?, (simpleType | complexType)?, (unique | key | keyref)*)). A problem was found starting at: attribute.
2025-07-19 13:24:36,168 [INFO] PluginManage:359 - Loaded plugin pinoutconfig (category:base,tabindex:0)
2025-07-19 13:24:36,169 [INFO] PluginManage:310 - Check plugin power
2025-07-19 13:24:36,177 [INFO] PluginManage:359 - Loaded plugin power (category:power,tabindex:4)
2025-07-19 13:24:36,177 [INFO] PluginManage:310 - Check plugin projectmanager
2025-07-19 13:24:36,200 [INFO] PluginManage:359 - Loaded plugin projectmanager (category:projectmanager,tabindex:4)
2025-07-19 13:24:36,201 [INFO] PluginManage:310 - Check plugin rif
2025-07-19 13:24:36,212 [INFO] PluginManage:359 - Loaded plugin rif (category:base,tabindex:3)
2025-07-19 13:24:36,212 [INFO] PluginManage:310 - Check plugin thirdparty
2025-07-19 13:24:36,444 [INFO] PluginManage:359 - Loaded plugin thirdparty (category:base,tabindex:-1)
2025-07-19 13:24:36,444 [WARN] IntegrityCheckThread:84 - waiting for thirdparty lock release [integrity check]
2025-07-19 13:24:36,444 [INFO] PluginManage:310 - Check plugin tools
2025-07-19 13:24:36,444 [INFO] IntegrityCheckThread:86 - entering critical section [integrity check]
2025-07-19 13:24:36,445 [INFO] ThirdPartyUpdaterWithRetryManager:70 - Updater plugin not ready yet. [1/15]
2025-07-19 13:24:36,447 [INFO] PluginManage:359 - Loaded plugin tools (category:base,tabindex:7)
2025-07-19 13:24:36,448 [INFO] PluginManage:310 - Check plugin tutovideos
2025-07-19 13:24:36,831 [INFO] PluginManage:359 - Loaded plugin tutovideos (category:base,tabindex:-1)
2025-07-19 13:24:36,831 [INFO] PluginManage:310 - Check plugin updater
2025-07-19 13:24:36,850 [INFO] PluginManage:359 - Loaded plugin updater (category:base,tabindex:12)
2025-07-19 13:24:36,850 [INFO] PluginManage:310 - Check plugin userauth
2025-07-19 13:24:36,856 [INFO] UserAuth:118 - Init User Auth plugin
2025-07-19 13:24:36,856 [INFO] PluginManage:359 - Loaded plugin userauth (category:base,tabindex:14)
2025-07-19 13:24:36,856 [INFO] PluginManage:283 - PluginManage : Loaded plugins [18]
2025-07-19 13:24:37,189 [INFO] PinOutPanel:1589 - setPackage(No Configuration,No Configuration)
2025-07-19 13:24:37,297 [INFO] CADModel:165 - CPN selected for project level
2025-07-19 13:24:37,297 [INFO] CADModel:114 - Register for checkConnection events
2025-07-19 13:24:37,314 [INFO] IPUIPlugin:80 - create IPUIPlugin
2025-07-19 13:24:37,316 [INFO] PluginManager:220 - loadIPPluginJar : add adc
2025-07-19 13:24:37,319 [INFO] IPUIPlugin:80 - create IPUIPlugin
2025-07-19 13:24:37,319 [INFO] PluginManager:220 - loadIPPluginJar : add aes
2025-07-19 13:24:37,322 [INFO] IPUIPlugin:80 - create IPUIPlugin
2025-07-19 13:24:37,322 [INFO] PluginManager:220 - loadIPPluginJar : add can
2025-07-19 13:24:37,324 [INFO] IPUIPlugin:80 - create IPUIPlugin
2025-07-19 13:24:37,324 [INFO] PluginManager:220 - loadIPPluginJar : add comp
2025-07-19 13:24:37,328 [INFO] IPUIPlugin:80 - create IPUIPlugin
2025-07-19 13:24:37,328 [INFO] PluginManager:220 - loadIPPluginJar : add cryp
2025-07-19 13:24:37,331 [INFO] IPUIPlugin:80 - create IPUIPlugin
2025-07-19 13:24:37,331 [INFO] PluginManager:220 - loadIPPluginJar : add ddr_ctrl_phy
2025-07-19 13:24:37,333 [INFO] IPUIPlugin:80 - create IPUIPlugin
2025-07-19 13:24:37,334 [INFO] PluginManager:220 - loadIPPluginJar : add dfsdm
2025-07-19 13:24:37,340 [INFO] IPUIPlugin:80 - create IPUIPlugin
2025-07-19 13:24:37,341 [INFO] PluginManager:220 - loadIPPluginJar : add dma
2025-07-19 13:24:37,343 [INFO] IPUIPlugin:80 - create IPUIPlugin
2025-07-19 13:24:37,343 [INFO] PluginManager:220 - loadIPPluginJar : add dma3
2025-07-19 13:24:37,348 [INFO] IPUIPlugin:80 - create IPUIPlugin
2025-07-19 13:24:37,348 [INFO] PluginManager:220 - loadIPPluginJar : add extmemmanager
2025-07-19 13:24:37,350 [INFO] IPUIPlugin:80 - create IPUIPlugin
2025-07-19 13:24:37,350 [INFO] PluginManager:220 - loadIPPluginJar : add fatfs
2025-07-19 13:24:37,357 [INFO] IPUIPlugin:80 - create IPUIPlugin
2025-07-19 13:24:37,357 [INFO] PluginManager:220 - loadIPPluginJar : add fmc
2025-07-19 13:24:37,364 [INFO] IPUIPlugin:80 - create IPUIPlugin
2025-07-19 13:24:37,364 [INFO] PluginManager:220 - loadIPPluginJar : add freertos
2025-07-19 13:24:37,367 [INFO] IPUIPlugin:80 - create IPUIPlugin
2025-07-19 13:24:37,367 [INFO] PluginManager:220 - loadIPPluginJar : add genericplugin
2025-07-19 13:24:37,369 [INFO] IPUIPlugin:80 - create IPUIPlugin
2025-07-19 13:24:37,369 [INFO] PluginManager:220 - loadIPPluginJar : add gfxmmu
2025-07-19 13:24:37,373 [INFO] IPUIPlugin:80 - create IPUIPlugin
2025-07-19 13:24:37,373 [INFO] PluginManager:220 - loadIPPluginJar : add gic
2025-07-19 13:24:37,378 [INFO] IPUIPlugin:80 - create IPUIPlugin
2025-07-19 13:24:37,379 [INFO] PluginManager:220 - loadIPPluginJar : add gpio
2025-07-19 13:24:37,381 [INFO] IPUIPlugin:80 - create IPUIPlugin
2025-07-19 13:24:37,381 [INFO] PluginManager:220 - loadIPPluginJar : add gtzc
2025-07-19 13:24:37,384 [INFO] IPUIPlugin:80 - create IPUIPlugin
2025-07-19 13:24:37,384 [INFO] PluginManager:220 - loadIPPluginJar : add hash
2025-07-19 13:24:37,388 [INFO] IPUIPlugin:80 - create IPUIPlugin
2025-07-19 13:24:37,388 [INFO] PluginManager:220 - loadIPPluginJar : add i2c
2025-07-19 13:24:37,390 [INFO] IPUIPlugin:80 - create IPUIPlugin
2025-07-19 13:24:37,390 [INFO] PluginManager:220 - loadIPPluginJar : add i2s
2025-07-19 13:24:37,393 [INFO] IPUIPlugin:80 - create IPUIPlugin
2025-07-19 13:24:37,393 [INFO] PluginManager:220 - loadIPPluginJar : add i3c
2025-07-19 13:24:37,398 [INFO] IPUIPlugin:80 - create IPUIPlugin
2025-07-19 13:24:37,398 [INFO] PluginManager:220 - loadIPPluginJar : add ipddr
2025-07-19 13:24:37,405 [INFO] IPUIPlugin:80 - create IPUIPlugin
2025-07-19 13:24:37,405 [INFO] PluginManager:220 - loadIPPluginJar : add linkedlist
2025-07-19 13:24:37,411 [INFO] IPUIPlugin:80 - create IPUIPlugin
2025-07-19 13:24:37,411 [INFO] PluginManager:220 - loadIPPluginJar : add lorawan
2025-07-19 13:24:37,414 [INFO] IPUIPlugin:80 - create IPUIPlugin
2025-07-19 13:24:37,414 [INFO] PluginManager:220 - loadIPPluginJar : add ltdc
2025-07-19 13:24:37,424 [INFO] IPUIPlugin:80 - create IPUIPlugin
2025-07-19 13:24:37,424 [INFO] PluginManager:220 - loadIPPluginJar : add mdma
2025-07-19 13:24:37,429 [INFO] IPUIPlugin:80 - create IPUIPlugin
2025-07-19 13:24:37,429 [INFO] PluginManager:220 - loadIPPluginJar : add nvic
2025-07-19 13:24:37,434 [INFO] IPUIPlugin:80 - create IPUIPlugin
2025-07-19 13:24:37,435 [INFO] PluginManager:220 - loadIPPluginJar : add opamp
2025-07-19 13:24:37,440 [INFO] IPUIPlugin:80 - create IPUIPlugin
2025-07-19 13:24:37,441 [INFO] PluginManager:220 - loadIPPluginJar : add openamp
2025-07-19 13:24:37,444 [INFO] IPUIPlugin:80 - create IPUIPlugin
2025-07-19 13:24:37,444 [INFO] PluginManager:220 - loadIPPluginJar : add pdm2pcm
2025-07-19 13:24:37,456 [INFO] IPUIPlugin:80 - create IPUIPlugin
2025-07-19 13:24:37,460 [INFO] PluginManager:220 - loadIPPluginJar : add plateformsettings
2025-07-19 13:24:37,462 [INFO] IPUIPlugin:80 - create IPUIPlugin
2025-07-19 13:24:37,462 [INFO] PluginManager:220 - loadIPPluginJar : add quadspi
2025-07-19 13:24:37,464 [INFO] IPUIPlugin:80 - create IPUIPlugin
2025-07-19 13:24:37,466 [INFO] PluginManager:220 - loadIPPluginJar : add radio
2025-07-19 13:24:37,471 [INFO] IPUIPlugin:80 - create IPUIPlugin
2025-07-19 13:24:37,471 [INFO] PluginManager:220 - loadIPPluginJar : add resmgrutility
2025-07-19 13:24:37,474 [INFO] IPUIPlugin:80 - create IPUIPlugin
2025-07-19 13:24:37,474 [INFO] PluginManager:220 - loadIPPluginJar : add sai
2025-07-19 13:24:37,484 [INFO] IPUIPlugin:80 - create IPUIPlugin
2025-07-19 13:24:37,484 [INFO] PluginManager:220 - loadIPPluginJar : add spi
2025-07-19 13:24:37,500 [INFO] IPUIPlugin:80 - create IPUIPlugin
2025-07-19 13:24:37,502 [INFO] PluginManager:220 - loadIPPluginJar : add stm32_wpan
2025-07-19 13:24:37,504 [INFO] IPUIPlugin:80 - create IPUIPlugin
2025-07-19 13:24:37,504 [INFO] PluginManager:220 - loadIPPluginJar : add tim
2025-07-19 13:24:37,515 [INFO] IPUIPlugin:80 - create IPUIPlugin
2025-07-19 13:24:37,515 [INFO] PluginManager:220 - loadIPPluginJar : add touchsensing
2025-07-19 13:24:37,518 [INFO] IPUIPlugin:80 - create IPUIPlugin
2025-07-19 13:24:37,520 [INFO] PluginManager:220 - loadIPPluginJar : add tracer_emb
2025-07-19 13:24:37,522 [INFO] IPUIPlugin:80 - create IPUIPlugin
2025-07-19 13:24:37,522 [INFO] PluginManager:220 - loadIPPluginJar : add ts
2025-07-19 13:24:37,524 [INFO] IPUIPlugin:80 - create IPUIPlugin
2025-07-19 13:24:37,524 [INFO] PluginManager:220 - loadIPPluginJar : add tsc
2025-07-19 13:24:37,527 [INFO] IPUIPlugin:80 - create IPUIPlugin
2025-07-19 13:24:37,528 [INFO] PluginManager:220 - loadIPPluginJar : add ucpd
2025-07-19 13:24:37,531 [INFO] IPUIPlugin:80 - create IPUIPlugin
2025-07-19 13:24:37,531 [INFO] PluginManager:220 - loadIPPluginJar : add usart
2025-07-19 13:24:37,537 [INFO] IPUIPlugin:80 - create IPUIPlugin
2025-07-19 13:24:37,537 [INFO] PluginManager:220 - loadIPPluginJar : add usbx
2025-07-19 13:24:37,728 [FATAL] Updater:351 - Updater called before beeing initialized
2025-07-19 13:24:37,785 [INFO] RulesReader:64 - Compatibility file has been processed (317 Rules)
2025-07-19 13:24:37,827 [INFO] RulesReader:64 - Compatibility file has been processed (317 Rules)
2025-07-19 13:24:37,845 [INFO] CADModel:165 - CPN selected for project level
2025-07-19 13:24:37,846 [INFO] CADModel:114 - Register for checkConnection events
2025-07-19 13:24:37,846 [FATAL] Updater:351 - Updater called before beeing initialized
2025-07-19 13:24:37,847 [ERROR] CADModel:125 - Updater not yet initialized, retry later 
2025-07-19 13:24:37,992 [FATAL] Updater:351 - Updater called before beeing initialized
2025-07-19 13:24:37,994 [INFO] CADModel:165 - CPN selected for project level
2025-07-19 13:24:37,994 [INFO] CADModel:114 - Register for checkConnection events
2025-07-19 13:24:37,994 [FATAL] Updater:351 - Updater called before beeing initialized
2025-07-19 13:24:37,994 [ERROR] CADModel:125 - Updater not yet initialized, retry later 
2025-07-19 13:24:37,998 [FATAL] Updater:351 - Updater called before beeing initialized
2025-07-19 13:24:38,150 [FATAL] Updater:351 - Updater called before beeing initialized
2025-07-19 13:24:38,154 [INFO] DbMcusAds:53 - JSON generation date=Tue Jul 08 11:14:27 TRT 2025 (1751962467633)
2025-07-19 13:24:38,155 [FATAL] Updater:351 - Updater called before beeing initialized
2025-07-19 13:24:38,199 [WARN] DetailPanel:346 - Failed to get advertising image, set to default
2025-07-19 13:24:38,311 [FATAL] Updater:351 - Updater called before beeing initialized
2025-07-19 13:24:38,313 [FATAL] Updater:351 - Updater called before beeing initialized
2025-07-19 13:24:38,313 [FATAL] Updater:351 - Updater called before beeing initialized
2025-07-19 13:24:38,313 [WARN] DetailPanel:346 - Failed to get advertising image, set to default
2025-07-19 13:24:38,314 [FATAL] Updater:351 - Updater called before beeing initialized
2025-07-19 13:24:38,387 [ERROR] Updater:1198 - MainUpdater not yet initialized. External WinMGr cannot be set.
2025-07-19 13:24:38,390 [INFO] Updater:1134 - Updater Version found : 6.15.0
2025-07-19 13:24:38,409 [INFO] ApplicationProperties:184 - Using Application install path: C:\ST\STM32CubeIDE_1.18.1\STM32CubeIDE\plugins\com.st.stm32cube.common.mx_6.15.0.202507011659
2025-07-19 13:24:39,446 [INFO] ThirdPartyUpdaterWithRetryManager:70 - Updater plugin not ready yet. [2/15]
2025-07-19 13:24:39,991 [ERROR] LogOutputStream:75 - [STDERR_REDIRECT] Jul 19, 2025 1:24:39 PM java.util.prefs.WindowsPreferences <init>
2025-07-19 13:24:39,993 [ERROR] LogOutputStream:75 - [STDERR_REDIRECT] WARNING: Could not open/create prefs root node Software\JavaSoft\Prefs at root 0xffffffff80000002. Windows RegCreateKeyEx(...) returned error code 5.
2025-07-19 13:24:39,993 [ERROR] LogOutputStream:75 - [STDERR_REDIRECT] 
2025-07-19 13:24:41,413 [INFO] MainUpdater:2872 - connection check result : 10
2025-07-19 13:24:41,413 [INFO] MainUpdater:289 - Updater Check For Update Now.
2025-07-19 13:24:41,413 [INFO] MicroXplorer:498 - Change Database Version : DB.6.0.150
2025-07-19 13:24:41,427 [INFO] McuFinderGlobals:63 - Set McuFinder mode to 2 (CubeIDE integrated)
2025-07-19 13:24:41,430 [INFO] UserAuth:487 - Internet connection configuration mode: 1
2025-07-19 13:24:41,486 [INFO] JxBrowserEngine:152 - Initiate JxBrowser Engine with user profile folder
2025-07-19 13:24:41,677 [INFO] CheckServerUpdateThread:120 - End of CheckServer Thread
2025-07-19 13:24:42,476 [INFO] WebApp:169 - Instantiating new browser for Auth
2025-07-19 13:24:42,854 [WARN] PackLoader:240 - Cannot read IP mode file for STMicroelectronics.FP-SNS-MOTENVWB1.1.4.0
2025-07-19 13:24:42,871 [WARN] PackLoader:240 - Cannot read IP mode file for STMicroelectronics.FP-ATR-ASTRA1.2.0.2
2025-07-19 13:24:42,891 [WARN] PackLoader:240 - Cannot read IP mode file for STMicroelectronics.X-CUBE-SMBUS.2.1.0
2025-07-19 13:24:42,903 [WARN] PackLoader:240 - Cannot read IP mode file for STMicroelectronics.X-CUBE-ST60.1.0.0
2025-07-19 13:24:42,951 [WARN] PackLoader:240 - Cannot read IP mode file for STMicroelectronics.X-CUBE-AZRTOS-F7.1.1.0
2025-07-19 13:24:42,997 [WARN] PackLoader:240 - Cannot read IP mode file for Infineon.AIROC-Wi-Fi-Bluetooth-STM32.1.7.0
2025-07-19 13:24:43,035 [WARN] PackLoader:240 - Cannot read IP mode file for STMicroelectronics.X-CUBE-AZRTOS-H7.3.4.0
2025-07-19 13:24:43,051 [WARN] PackLoader:240 - Cannot read IP mode file for STMicroelectronics.X-CUBE-DISPLAY.3.0.0
2025-07-19 13:24:43,069 [WARN] PackLoader:240 - Cannot read IP mode file for STMicroelectronics.X-CUBE-NFC10.1.0.0
2025-07-19 13:24:43,088 [WARN] PackLoader:240 - Cannot read IP mode file for STMicroelectronics.X-CUBE-BLEMGR.4.0.0
2025-07-19 13:24:43,100 [WARN] PackLoader:240 - Cannot read IP mode file for emotas.I-CUBE-CANOPEN.1.3.0
2025-07-19 13:24:43,106 [WARN] ConditionMgr:438 - getConditionDescription Invalid condition id : Cortex-A Device cause : null
2025-07-19 13:24:43,125 [WARN] ConditionMgr:1044 - genDependencies : Invalid condition id : Cortex-A Device cause : null
2025-07-19 13:24:43,125 [WARN] ConditionMgr:1044 - genDependencies : Invalid condition id : Cortex-A Device cause : null
2025-07-19 13:24:43,125 [WARN] ConditionMgr:1044 - genDependencies : Invalid condition id : Cortex-A Device cause : null
2025-07-19 13:24:43,131 [WARN] PackLoader:240 - Cannot read IP mode file for STMicroelectronics.FP-SNS-SMARTAG2.1.2.0
2025-07-19 13:24:43,137 [WARN] PackLoader:240 - Cannot read IP mode file for STMicroelectronics.FP-SNS-FLIGHT1.5.1.0
2025-07-19 13:24:43,159 [INFO] LogOutputStream:77 - [STDOUT_REDIRECT] 1 : Invalid condition id : UX_CORESTACK_Condition cause : null
2025-07-19 13:24:43,160 [INFO] LogOutputStream:77 - [STDOUT_REDIRECT] 1 : Invalid condition id : UX_CORESTACK_Condition cause : null
2025-07-19 13:24:43,161 [INFO] LogOutputStream:77 - [STDOUT_REDIRECT] 1 : Invalid condition id : UX_CORESTACK_Condition cause : null
2025-07-19 13:24:43,163 [INFO] LogOutputStream:77 - [STDOUT_REDIRECT] 1 : Invalid condition id : UX_CORESTACK_Condition cause : null
2025-07-19 13:24:43,165 [INFO] LogOutputStream:77 - [STDOUT_REDIRECT] 1 : Invalid condition id : UX_CORESTACK_Condition cause : null
2025-07-19 13:24:43,170 [WARN] PackLoader:240 - Cannot read IP mode file for STMicroelectronics.X-CUBE-AZRTOS-WL.2.0.0
2025-07-19 13:24:43,178 [WARN] PackLoader:240 - Cannot read IP mode file for STMicroelectronics.FP-SNS-MOTENV1.5.0.0
2025-07-19 13:24:43,189 [WARN] PackLoader:240 - Cannot read IP mode file for WES.I-CUBE-Cesium.1.3.0
2025-07-19 13:24:43,197 [WARN] PackLoader:240 - Cannot read IP mode file for STMicroelectronics.X-CUBE-BLE2.3.3.0
2025-07-19 13:24:43,205 [WARN] PackLoader:240 - Cannot read IP mode file for STMicroelectronics.X-CUBE-NFC9.1.0.0
2025-07-19 13:24:43,214 [WARN] PackLoader:240 - Cannot read IP mode file for wolfSSL.I-CUBE-wolfSSL.5.8.0
2025-07-19 13:24:43,219 [WARN] PackLoader:240 - Cannot read IP mode file for STMicroelectronics.X-CUBE-BLE1.7.1.0
2025-07-19 13:24:43,224 [WARN] PackLoader:240 - Cannot read IP mode file for wolfSSL.I-CUBE-wolfMQTT.1.19.2
2025-07-19 13:24:43,230 [WARN] PackLoader:240 - Cannot read IP mode file for STMicroelectronics.X-CUBE-EEPRMA1.5.2.0
2025-07-19 13:24:43,238 [WARN] PackLoader:240 - Cannot read IP mode file for STMicroelectronics.X-CUBE-AI.10.1.0
2025-07-19 13:24:43,256 [WARN] PackLoader:240 - Cannot read IP mode file for STMicroelectronics.X-CUBE-AZRTOS-G0.1.1.0
2025-07-19 13:24:43,266 [WARN] PackLoader:240 - Cannot read IP mode file for STMicroelectronics.X-CUBE-SAFEA1.1.2.2
2025-07-19 13:24:43,272 [WARN] PackLoader:240 - Cannot read IP mode file for STMicroelectronics.X-CUBE-NFC4.3.0.0
2025-07-19 13:24:43,282 [WARN] PackLoader:240 - Cannot read IP mode file for EmbeddedOffice.I-CUBE-FS-RTOS.1.0.1
2025-07-19 13:24:43,287 [WARN] PackLoader:240 - Cannot read IP mode file for STMicroelectronics.X-CUBE-WB05N.2.0.0
2025-07-19 13:24:43,292 [WARN] PackLoader:240 - Cannot read IP mode file for wolfSSL.I-CUBE-wolfTPM.3.8.0
2025-07-19 13:24:43,306 [WARN] PackLoader:240 - Cannot read IP mode file for STMicroelectronics.X-CUBE-TCPP.4.2.0
2025-07-19 13:24:43,314 [WARN] PackLoader:240 - Cannot read IP mode file for RealThread.X-CUBE-RT-Thread_Nano.4.1.1
2025-07-19 13:24:43,320 [WARN] PackLoader:240 - Cannot read IP mode file for STMicroelectronics.FP-ATR-SIGFOX1.3.2.0
2025-07-19 13:24:43,327 [WARN] PackLoader:240 - Cannot read IP mode file for STMicroelectronics.X-CUBE-EEPRMA1.5.1.0
2025-07-19 13:24:43,337 [WARN] PackLoader:240 - Cannot read IP mode file for ITTIA_DB.I-CUBE-ITTIADB.8.9.0
2025-07-19 13:24:43,347 [WARN] PackLoader:240 - Cannot read IP mode file for STMicroelectronics.X-CUBE-ST67W61.1.0.0
2025-07-19 13:24:43,423 [WARN] PackLoader:240 - Cannot read IP mode file for SEGGER.I-CUBE-embOS.1.3.1
2025-07-19 13:24:43,491 [WARN] PackLoader:240 - Cannot read IP mode file for STMicroelectronics.X-CUBE-ALGOBUILD.1.4.0
2025-07-19 13:24:43,561 [WARN] PackLoader:240 - Cannot read IP mode file for STMicroelectronics.X-CUBE-MEMS1.11.3.0
2025-07-19 13:24:43,716 [INFO] WebApp:463 - Apply proxy settings
2025-07-19 13:24:43,716 [INFO] WebApp:548 - Chromium requires no authentication
2025-07-19 13:24:43,780 [INFO] WebApp:491 - Direct internet connection detected
2025-07-19 13:24:43,814 [WARN] PackLoader:240 - Cannot read IP mode file for STMicroelectronics.X-CUBE-PM33A1.1.0.0
2025-07-19 13:24:43,825 [INFO] WebApp:900 - Register for checkConnection events
2025-07-19 13:24:43,825 [INFO] WebApp:463 - Apply proxy settings
2025-07-19 13:24:43,826 [INFO] WebApp:548 - Chromium requires no authentication
2025-07-19 13:24:43,829 [INFO] WebApp:491 - Direct internet connection detected
2025-07-19 13:24:43,840 [WARN] PackLoader:240 - Cannot read IP mode file for STMicroelectronics.X-CUBE-AZRTOS-F4.1.1.0
2025-07-19 13:24:43,850 [WARN] PackLoader:240 - Cannot read IP mode file for Avnet-IotConnect.X-CUBE-IoTC-DA16k-PMOD.1.0.0
2025-07-19 13:24:43,868 [WARN] PackLoader:240 - Cannot read IP mode file for STMicroelectronics.X-CUBE-ISPU.2.1.0
2025-07-19 13:24:43,883 [WARN] PackLoader:240 - Cannot read IP mode file for STMicroelectronics.X-CUBE-NFC12.1.0.0
2025-07-19 13:24:43,916 [WARN] PackLoader:240 - Cannot read IP mode file for STMicroelectronics.X-CUBE-AZRTOS-L5.2.0.0
2025-07-19 13:24:43,929 [WARN] PackLoader:240 - Cannot read IP mode file for STMicroelectronics.X-CUBE-NFC6.3.1.0
2025-07-19 13:24:43,939 [WARN] PackLoader:240 - Cannot read IP mode file for STMicroelectronics.X-CUBE-FREERTOS.1.3.1
2025-07-19 13:24:43,946 [WARN] PackLoader:240 - Cannot read IP mode file for STMicroelectronics.FP-SNS-STAIOTCFT.1.0.0
2025-07-19 13:24:43,954 [WARN] PackLoader:240 - Cannot read IP mode file for STMicroelectronics.X-CUBE-DPower.1.3.0
2025-07-19 13:24:43,970 [WARN] ConditionMgr:438 - getConditionDescription Invalid condition id : LAN8742 Phy interface Condition cause : null
2025-07-19 13:24:43,971 [WARN] PackLoader:240 - Cannot read IP mode file for STMicroelectronics.X-CUBE-AZRTOS-L4.2.0.0
2025-07-19 13:24:43,972 [WARN] ConditionMgr:1044 - genDependencies : Invalid condition id : LAN8742 Phy interface Condition cause : null
2025-07-19 13:24:43,972 [WARN] ConditionMgr:1044 - genDependencies : Invalid condition id : LAN8742 Phy interface Condition cause : null
2025-07-19 13:24:43,972 [WARN] ConditionMgr:1044 - genDependencies : Invalid condition id : LAN8742 Phy interface Condition cause : null
2025-07-19 13:24:43,980 [WARN] PackLoader:240 - Cannot read IP mode file for STMicroelectronics.X-CUBE-SFXS2LP1.4.0.0
2025-07-19 13:24:44,000 [WARN] PackLoader:240 - Cannot read IP mode file for STMicroelectronics.X-CUBE-AZRTOS-H7.3.3.0
2025-07-19 13:24:44,015 [WARN] ConditionMgr:438 - getConditionDescription Invalid condition id : UX DEVICE CLASS RTOS Condition cause : null
2025-07-19 13:24:44,016 [WARN] ConditionMgr:438 - getConditionDescription Invalid condition id : UX DEVICE CLASS RTOS Condition cause : null
2025-07-19 13:24:44,019 [WARN] PackLoader:240 - Cannot read IP mode file for STMicroelectronics.X-CUBE-AZRTOS-WB.2.0.0
2025-07-19 13:24:44,020 [WARN] ConditionMgr:1044 - genDependencies : Invalid condition id : UX DEVICE CLASS RTOS Condition cause : null
2025-07-19 13:24:44,020 [WARN] ConditionMgr:1044 - genDependencies : Invalid condition id : UX DEVICE CLASS RTOS Condition cause : null
2025-07-19 13:24:44,021 [WARN] ConditionMgr:1044 - genDependencies : Invalid condition id : UX DEVICE CLASS RTOS Condition cause : null
2025-07-19 13:24:44,021 [WARN] ConditionMgr:1044 - genDependencies : Invalid condition id : UX DEVICE CLASS RTOS Condition cause : null
2025-07-19 13:24:44,021 [WARN] ConditionMgr:1044 - genDependencies : Invalid condition id : UX DEVICE CLASS RTOS Condition cause : null
2025-07-19 13:24:44,028 [WARN] PackLoader:240 - Cannot read IP mode file for STMicroelectronics.X-CUBE-GNSS1.7.0.1
2025-07-19 13:24:44,034 [WARN] PackLoader:240 - Cannot read IP mode file for STMicroelectronics.X-CUBE-TOUCHGFX.4.25.0
2025-07-19 13:24:44,042 [WARN] PackLoader:240 - Cannot read IP mode file for STMicroelectronics.FP-SNS-STBOX1.2.0.0
2025-07-19 13:24:44,056 [WARN] PackLoader:240 - Cannot read IP mode file for STMicroelectronics.X-CUBE-SUBG2.5.0.0
2025-07-19 13:24:44,088 [WARN] PackLoader:240 - Cannot read IP mode file for STMicroelectronics.X-CUBE-AZRTOS-H7RS.1.1.0
2025-07-19 13:24:44,099 [WARN] PackLoader:240 - Cannot read IP mode file for Cesanta.I-CUBE-Mongoose.7.13.0
2025-07-19 13:24:44,122 [WARN] PackLoader:240 - Cannot read IP mode file for STMicroelectronics.X-CUBE-AZRTOS-G4.2.0.0
2025-07-19 13:24:44,131 [WARN] PackLoader:240 - Cannot read IP mode file for wolfSSL.I-CUBE-wolfSSH.1.4.20
2025-07-19 13:24:44,138 [WARN] PackLoader:240 - Cannot read IP mode file for STMicroelectronics.X-CUBE-NFC7.2.0.0
2025-07-19 13:24:44,140 [INFO] WebApp:225 - Starting web application
2025-07-19 13:24:44,141 [INFO] WebApp:593 - Web application path used C:\ST\STM32CubeIDE_1.18.1\STM32CubeIDE\plugins\com.st.stm32cube.common.mx_6.15.0.202507011659\db\plugins\mcufinder\reactClient1\index.html
2025-07-19 13:24:44,157 [INFO] WebApp:191 - Connection restablished
2025-07-19 13:24:44,159 [WARN] PackLoader:240 - Cannot read IP mode file for STMicroelectronics.X-CUBE-IPS.3.1.0
2025-07-19 13:24:44,174 [WARN] PackLoader:240 - Cannot read IP mode file for STMicroelectronics.X-CUBE-ALS.1.0.2
2025-07-19 13:24:44,182 [WARN] PackLoader:240 - Cannot read IP mode file for portGmbH.I-Cube-SoM-uGOAL.1.1.0
2025-07-19 13:24:44,197 [WARN] PackLoader:240 - Cannot read IP mode file for STMicroelectronics.X-CUBE-TOF1.3.4.3
2025-07-19 13:24:44,215 [INFO] ThirdParty:978 - Integrity check success = true
2025-07-19 13:24:44,215 [INFO] IntegrityCheckThread:100 - exiting critical section [integrity check]
2025-07-19 13:24:44,215 [INFO] IntegrityCheckThread:103 - End integrity checks thread
2025-07-19 13:24:44,525 [INFO] UserAuth:487 - Internet connection configuration mode: 1
2025-07-19 13:25:26,201 [INFO] McuFinderGlobals:63 - Set McuFinder mode to 2 (CubeIDE integrated)
2025-07-19 13:25:26,212 [INFO] MainUpdater:2872 - connection check result : 10
2025-07-19 13:25:26,215 [INFO] MainUpdater:2872 - connection check result : 10
2025-07-19 13:25:26,262 [INFO] MicroXplorer:468 - Change Database Path : 
2025-07-19 13:25:26,263 [INFO] MicroXplorer:498 - Change Database Version : DB.6.0.150
2025-07-19 13:25:26,271 [WARN] ThirdParty:871 - waiting for thirdparty lock release [close project]
2025-07-19 13:25:26,271 [INFO] ThirdParty:873 - entering critical section [close project]
2025-07-19 13:25:26,272 [INFO] ThirdParty:883 - exiting critical section [close project]
2025-07-19 13:25:26,277 [INFO] PinOutPanel:1589 - setPackage(No Configuration,No Configuration)
2025-07-19 13:25:26,280 [INFO] UtilMem:75 - Begin LoadConfig() Used Memory: 333120752 Bytes (559939584)
2025-07-19 13:25:26,282 [INFO] MicroXplorer:468 - Change Database Path : 
2025-07-19 13:25:26,283 [INFO] MicroXplorer:498 - Change Database Version : DB.6.0.150
2025-07-19 13:25:26,283 [INFO] OpenFileManager:355 - Change cursor
2025-07-19 13:25:26,360 [INFO] Mcu:2029 - Initializing MCU STM32F446R(C-E)Tx STM32F446RETx STM32F446RET6
2025-07-19 13:25:32,737 [INFO] Context:786 - Trying to add GPIOservice into a context  which must be forbidden
2025-07-19 13:25:34,775 [INFO] ImportTextPane:234 - (OptionalMessage_ERROR) Pin16 (VP_RIF_VS_RIF1) cannot be retrieved for this MCU
2025-07-19 13:25:35,319 [INFO] RtosManager:558 - Registered RTOS mode: class=CMSIS, group=RTOS, mode=CMSIS_V1, owner=FREERTOS
2025-07-19 13:25:35,320 [INFO] RtosManager:558 - Registered RTOS mode: class=CMSIS, group=RTOS2, mode=CMSIS_V2, owner=FREERTOS
2025-07-19 13:25:35,321 [INFO] RtosManager:558 - Registered RTOS mode: class=RTOS, group=Core, mode=CMSIS_V1, owner=FREERTOS
2025-07-19 13:25:35,321 [INFO] RtosManager:558 - Registered RTOS mode: class=RTOS, group=Core, mode=CMSIS_V2, owner=FREERTOS
2025-07-19 13:25:35,322 [WARN] ModelIntegratedComponent:184 - Missing modes for component STMicroelectronics:FreeRTOS:0.0.1:STMicroelectronics:RTOS:FreeRTOS:Core:::10.2.0:
2025-07-19 13:25:35,460 [WARN] ModelIntegratedComponent:63 - No mode defined for component null
2025-07-19 13:25:35,460 [WARN] ModelIntegratedComponent:63 - No mode defined for component null
2025-07-19 13:25:35,461 [WARN] ModelIntegratedComponent:63 - No mode defined for component null
2025-07-19 13:25:35,461 [WARN] ModelIntegratedComponent:63 - No mode defined for component null
2025-07-19 13:25:35,462 [WARN] ModelIntegratedComponent:63 - No mode defined for component null
2025-07-19 13:25:35,462 [WARN] ModelIntegratedComponent:63 - No mode defined for component null
2025-07-19 13:25:35,462 [WARN] ModelIntegratedComponent:63 - No mode defined for component null
2025-07-19 13:25:35,462 [WARN] ModelIntegratedComponent:63 - No mode defined for component null
2025-07-19 13:25:35,462 [WARN] ModelIntegratedComponent:63 - No mode defined for component null
2025-07-19 13:25:35,462 [WARN] ModelIntegratedComponent:63 - No mode defined for component null
2025-07-19 13:25:35,462 [WARN] ModelIntegratedComponent:63 - No mode defined for component null
2025-07-19 13:25:35,463 [WARN] ModelIntegratedComponent:63 - No mode defined for component null
2025-07-19 13:25:35,463 [WARN] ModelIntegratedComponent:63 - No mode defined for component null
2025-07-19 13:25:35,463 [WARN] ModelIntegratedComponent:63 - No mode defined for component null
2025-07-19 13:25:35,463 [WARN] ModelIntegratedComponent:63 - No mode defined for component null
2025-07-19 13:25:35,463 [WARN] ModelIntegratedComponent:63 - No mode defined for component null
2025-07-19 13:25:35,464 [WARN] ModelIntegratedComponent:63 - No mode defined for component null
2025-07-19 13:25:35,464 [WARN] ModelIntegratedComponent:63 - No mode defined for component null
2025-07-19 13:25:35,465 [WARN] ModelIntegratedComponent:63 - No mode defined for component null
2025-07-19 13:25:35,465 [WARN] ModelIntegratedComponent:63 - No mode defined for component null
2025-07-19 13:25:35,466 [WARN] ModelIntegratedComponent:63 - No mode defined for component null
2025-07-19 13:25:35,466 [WARN] ModelIntegratedComponent:63 - No mode defined for component null
2025-07-19 13:25:35,466 [WARN] ModelIntegratedComponent:63 - No mode defined for component null
2025-07-19 13:25:35,466 [WARN] ModelIntegratedComponent:63 - No mode defined for component null
2025-07-19 13:25:35,467 [WARN] ModelIntegratedComponent:63 - No mode defined for component null
2025-07-19 13:25:35,468 [WARN] ModelIntegratedComponent:63 - No mode defined for component null
2025-07-19 13:25:35,468 [WARN] ModelIntegratedComponent:63 - No mode defined for component null
2025-07-19 13:25:35,468 [WARN] ModelIntegratedComponent:63 - No mode defined for component null
2025-07-19 13:25:35,468 [WARN] ModelIntegratedComponent:63 - No mode defined for component null
2025-07-19 13:25:35,468 [WARN] ModelIntegratedComponent:63 - No mode defined for component null
2025-07-19 13:25:35,468 [WARN] ModelIntegratedComponent:63 - No mode defined for component null
2025-07-19 13:25:35,469 [WARN] ModelIntegratedComponent:63 - No mode defined for component null
2025-07-19 13:25:35,469 [WARN] ModelIntegratedComponent:63 - No mode defined for component null
2025-07-19 13:25:35,469 [WARN] ModelIntegratedComponent:63 - No mode defined for component null
2025-07-19 13:25:35,469 [WARN] ModelIntegratedComponent:63 - No mode defined for component null
2025-07-19 13:25:35,469 [WARN] ModelPack:524 - Component already loaded: STMicroelectronics:HAL Drivers:0.0.0:STMicroelectronics:Device:STMicro_Driver:XSPI:HAL::0.0.1:HAL_XSPI
2025-07-19 13:25:35,824 [INFO] ThirdPartyModel:298 - Start build external matchings
2025-07-19 13:25:36,554 [INFO] ThirdPartyModel:316 - End build external matchings
2025-07-19 13:25:36,570 [INFO] ImportTextPane:234 - (OptionalMessage_ERROR) IP (RCC) : Invalid parameter (48MHZClocksFreq_Value)
2025-07-19 13:25:36,571 [INFO] ImportTextPane:234 - (OptionalMessage_ERROR) IP (RCC) : Invalid parameter (EthernetFreq_Value)
2025-07-19 13:25:36,572 [INFO] ImportTextPane:234 - (OptionalMessage_ERROR) IP (RCC) : Parameter (FLatency) has Id (AdvancedSettings) currently not set
2025-07-19 13:25:36,572 [INFO] ImportTextPane:234 - (OptionalMessage_ERROR) IP (RCC) : Invalid parameter (FamilyName)
2025-07-19 13:25:36,572 [INFO] ImportTextPane:234 - (OptionalMessage_ERROR) IP (RCC) : Invalid parameter (I2SClocksFreq_Value)
2025-07-19 13:25:36,573 [INFO] ImportTextPane:234 - (OptionalMessage_ERROR) IP (RCC) : Parameter (SDIOFreq_Value) has invalid value (168000000)
2025-07-19 13:25:36,573 [INFO] ImportTextPane:234 - (OptionalMessage_ERROR) IP (RCC) : Parameter (USBFreq_Value) has invalid value (168000000)
2025-07-19 13:25:36,573 [INFO] ImportTextPane:234 - (OptionalMessage_ERROR) IP (RCC) : Invalid parameter (VCOInputMFreq_Value)
2025-07-19 13:25:36,574 [INFO] ImportTextPane:234 - (OptionalMessage_ERROR) IP (RCC) : Invalid parameter (VcooutputI2S)
2025-07-19 13:25:37,234 [INFO] ApiDb:581 - Connected to CubeFinder SQLite database (C:\Users\aliya\.stmcufinder\plugins\mcufinder\mcu\cube-finder-db.db)
2025-07-19 13:25:37,343 [INFO] ApiDb:668 - CubeFinder database Data Model version=2.1
2025-07-19 13:25:37,343 [INFO] ApiDb:669 - CubeFinder database Configuration version=3.0.39
2025-07-19 13:25:37,343 [INFO] ApiDb:670 - CubeFinder database generation date=2025-06-24 (1750757100)
2025-07-19 13:25:37,343 [INFO] ApiDb:671 - CubeFinder database FW Pack versions=[FP-ATR-ASTRA1_V2.0.0, FP-SNS-FLIGHT1_V5.1.0, FP-SNS-MOTENV1_V5.0.0, FP-SNS-MOTENVWB1_V1.4.0, FP-SNS-SMARTAG2_V1.2.0, FP-SNS-STBOX1_V2.0.0, STM32Cube_FW_C0_V1.4.0, STM32Cube_FW_F4_V1.28.2, STM32Cube_FW_F7_V1.17.3, STM32Cube_FW_G0_V1.6.2, STM32Cube_FW_G4_V1.6.1, STM32Cube_FW_H5_V1.5.0, STM32Cube_FW_H7RS_V1.2.0, STM32Cube_FW_H7_V1.12.1, STM32Cube_FW_L0_V1.12.2, STM32Cube_FW_L4_V1.18.1, STM32Cube_FW_L5_V1.5.1, STM32Cube_FW_N6_V1.2.0, STM32Cube_FW_U0_V1.3.0, STM32Cube_FW_U3_V1.2.0, STM32Cube_FW_U5_V1.8.0, STM32Cube_FW_WB0_V1.3.0, STM32Cube_FW_WBA_V1.7.0, STM32Cube_FW_WB_V1.23.0, STM32Cube_FW_WL3_V1.2.0, STM32Cube_FW_WL_V1.3.1, X-CUBE-ALGOBUILD_V1.4.0, X-CUBE-ALS_V1.0.2, X-CUBE-AZRTOS-F4_V1.1.0, X-CUBE-AZRTOS-F7_V1.1.0, X-CUBE-AZRTOS-G0_V1.1.0, X-CUBE-AZRTOS-G4_V2.0.0, X-CUBE-AZRTOS-H7RS_V1.1.0, X-CUBE-AZRTOS-H7_V3.3.0, X-CUBE-AZRTOS-L4_V2.0.0, X-CUBE-AZRTOS-L5_V2.0.0, X-CUBE-AZRTOS-WB_V2.0.0, X-CUBE-AZRTOS-WL_V2.0.0, X-CUBE-BLE1_V7.1.0, X-CUBE-BLE2_V3.3.0, X-CUBE-BLEMGR_V4.0.0, X-CUBE-EEPRMA1_V5.1.0, X-CUBE-FREERTOS_V1.3.1, X-CUBE-GNSS1_V6.0.0, X-CUBE-MEMS1_V11.3.0, X-CUBE-NFC4_V3.0.0, X-CUBE-NFC7_V2.0.0, X-CUBE-SFXS2LP1_V4.0.0, X-CUBE-SUBG2_V5.0.0, X-CUBE-TOF1_V3.4.3]
2025-07-19 13:25:37,594 [INFO] DbBoardsSqlite:226 - include board P-NUCLEO-WB55-NUCLEO as a kit item of type 'Nucleo-64'
2025-07-19 13:25:37,594 [INFO] DbBoardsSqlite:226 - include board P-NUCLEO-WB55-USBDONGLE as a kit item of type 'Nucleo USB Dongle'
2025-07-19 13:25:37,594 [INFO] DbBoardsSqlite:226 - include board STEVAL-IDP005V1 as a kit item of type 'Evaluation Board'
2025-07-19 13:25:37,594 [INFO] DbBoardsSqlite:226 - include board STEVAL-IDP005V2 as a kit item of type 'Evaluation Board'
2025-07-19 13:25:38,248 [INFO] ApiDb:240 - Found 880 in-development CPN: [B-G473E-ZEST1S, B-WB1M-WPAN1, B-WBA5M-WPAN, B-WL5M-SUBG1, NUCLEO-C031C6, NUCLEO-C051C8, NUCLEO-C071RB, NUCLEO-C092RC, NUCLEO-H503RB, NUCLEO-H533RE, NUCLEO-H563ZI, NUCLEO-H7S3L8, NUCLEO-N657X0-Q, NUCLEO-U031R8, NUCLEO-U083RC, NUCLEO-U385RG-Q, NUCLEO-U545RE-Q, NUCLEO-U5A5ZJ-Q, NUCLEO-WB05KZ, NUCLEO-WB07CC, NUCLEO-WB09KE, NUCLEO-WBA52CG, NUCLEO-WBA55CG, NUCLEO-WL33CC1, NUCLEO-WL33CC2, STEVAL-PROTEUS1, STEVAL-SMARTAG2, STEVAL-STWINBX1, STM320518-EVAL, STM32C0116-DK, STM32C011D6Y3TR, STM32C011D6Y6TR, STM32C011F4P3, STM32C011F4P6, STM32C011F4U3, STM32C011F4U6TR, STM32C011F6P3, STM32C011F6P6, STM32C011F6U3, STM32C011F6U6TR, STM32C011J4M3, STM32C011J4M6, STM32C011J6M3, STM32C011J6M6, STM32C0316-DK, STM32C031C4T3, STM32C031C4T6, STM32C031C4U3, STM32C031C4U6, STM32C031C6T3, STM32C031C6T6, STM32C031C6U3, STM32C031C6U6, STM32C031F4P3, STM32C031F4P6, STM32C031F6P3, STM32C031F6P6, STM32C031G4U3, STM32C031G4U6, STM32C031G6U3, STM32C031G6U6, STM32C031K4T3, STM32C031K4T6, STM32C031K4U3, STM32C031K4U6, STM32C031K6T3, STM32C031K6T6, STM32C031K6U3, STM32C031K6U6, STM32C051C6T6, STM32C051C6U6, STM32C051C8T6, STM32C051C8U6, STM32C051D8Y6TR, STM32C051F6P6, STM32C051F8P6, STM32C051G6U6, STM32C051G8U6, STM32C051K6T6, STM32C051K6U6, STM32C051K8T6, STM32C071C8T6, STM32C071C8T6N, STM32C071C8U6, STM32C071C8U6N, STM32C071CBT6, STM32C071CBT6N, STM32C071CBU6, STM32C071CBU6N, STM32C071F8P6, STM32C071F8P6N, STM32C071FBP6, STM32C071FBP6N, STM32C071FBY6TR, STM32C071G8U6, STM32C071G8U6N, STM32C071GBU6, STM32C071GBU6N, STM32C071K8T6, STM32C071K8T6N, STM32C071K8U6, STM32C071K8U6N, STM32C071KBT6, STM32C071KBT6N, STM32C071KBU6, STM32C071KBU6N, STM32C071R8T6, STM32C071R8T6N, STM32C071RBI6N, STM32C071RBT6, STM32C071RBT6N, STM32C091CBT6, STM32C091CBU6, STM32C091CCT6, STM32C091CCU6, STM32C091ECY6TR, STM32C091FBP6, STM32C091FCP6, STM32C091GBU6, STM32C091GCU6, STM32C091KBT6, STM32C091KBU6, STM32C091KCT6, STM32C091KCU6, STM32C091RBT6, STM32C091RCI6, STM32C091RCT6, STM32C092CBT6, STM32C092CBU6, STM32C092CCT6, STM32C092CCU6, STM32C092ECY6TR, STM32C092FBP6, STM32C092FCP6, STM32C092GBU6, STM32C092GCU6, STM32C092KBT6, STM32C092KBU6, STM32C092KCT6, STM32C092KCU6, STM32C092RBT6, STM32C092RCI6, STM32C092RCT6, STM32G071K8TXN, STM32G071K8UXN, STM32G081GBU6N, STM32G081KBT6N, STM32G081KBUXN, STM32G0B1CCT6N, STM32G0B1KCT6, STM32G0B1NEY6TR, STM32G0B1RCT6N, STM32G0C1CCT6, STM32G0C1CCT6N, STM32G0C1CCU6N, STM32G0C1CET6N, STM32G0C1CEU6N, STM32G0C1KCT6, STM32G0C1NEY6TR, STM32G0C1RCI6N, STM32G0C1RCT6N, STM32G0C1REI6N, STM32G0C1RET6N, STM32G0C1VCI6, STM32G0C1VEI6, STM32G411C6T3, STM32G411C6T6, STM32G411C6U3, STM32G411C6U6, STM32G411C8T3, STM32G411C8T6, STM32G411C8U3, STM32G411C8U6, STM32G411CBT3, STM32G411CBT6, STM32G411CBU3, STM32G411CBU6, STM32G411K6T3, STM32G411K6T6, STM32G411K6U3, STM32G411K6U6, STM32G411K8T3, STM32G411K8T6, STM32G411K8U3, STM32G411K8U6, STM32G411KBT3, STM32G411KBT6, STM32G411KBU3, STM32G411KBU6, STM32G411M6T3, STM32G411M6T6, STM32G411M8T3, STM32G411M8T6, STM32G411MBT3, STM32G411MBT6, STM32G411R6T3, STM32G411R6T6, STM32G411R8T3, STM32G411R8T6, STM32G411RBT3, STM32G411RBT6, STM32G414CBT3, STM32G414CBT6, STM32G414CBU3, STM32G414CBU6, STM32G414CCT3, STM32G414CCT6, STM32G414CCU3, STM32G414CCU6, STM32G414MBT3, STM32G414MBT6, STM32G414MCT3, STM32G414MCT6, STM32G414RBT3, STM32G414RBT6, STM32G414RCT3, STM32G414RCT6, STM32G414VBT3, STM32G414VBT6, STM32G414VCT3, STM32G414VCT6, STM32G431CBT3Z, STM32G431RBT3Z, STM32G471CCT6, STM32G471CCU6, STM32G471CET3, STM32G471CET6, STM32G471CEU3, STM32G471CEU6, STM32G471MCT6, STM32G471MET3, STM32G471MET6, STM32G471MEY6TR, STM32G471QCT6, STM32G471QET3, STM32G471RCT6, STM32G471RET3, STM32G471RET6, STM32G471VCH6, STM32G471VCI6, STM32G471VCT6, STM32G471VEH3, STM32G471VEH6, STM32G471VEI3, STM32G471VEI6, STM32G471VET3, STM32G471VET6, STM32G473QET3Z, STM32G473RET3Z, STM32G474CCT6, STM32G491RET3Z, STM32H503CBT6, STM32H503CBU6, STM32H503EBY6TR, STM32H503KBU6, STM32H503RBT6, STM32H523CCT6, STM32H523CCU6, STM32H523CET6, STM32H523CEU6, STM32H523HEY6TR, STM32H523RCT6, STM32H523RET6, STM32H523VCI6, STM32H523VCT6, STM32H523VEI6, STM32H523VET6, STM32H523ZCJ6, STM32H523ZCT6, STM32H523ZEJ6, STM32H523ZET6, STM32H533CET6, STM32H533CEU6, STM32H533HEY6TR, STM32H533RET6, STM32H533VEI6, STM32H533VET6, STM32H533ZEJ6, STM32H533ZET6, STM32H562AGI6, STM32H562AII6, STM32H562IGK6, STM32H562IGT6, STM32H562IIK6, STM32H562IIT6, STM32H562RGT6, STM32H562RGV6, STM32H562RIT6, STM32H562RIV6, STM32H562VGT6, STM32H562VIT6, STM32H562ZGT6, STM32H562ZIT6, STM32H563AGI6, STM32H563AII3Q, STM32H563AII6, STM32H563IGK6, STM32H563IGT6, STM32H563IIK3Q, STM32H563IIK6, STM32H563IIT3Q, STM32H563IIT6, STM32H563MIY3QTR, STM32H563RGT6, STM32H563RGV6, STM32H563RIT6, STM32H563RIV6, STM32H563VGT6, STM32H563VIT3Q, STM32H563VIT6, STM32H563ZGT6, STM32H563ZIT3Q, STM32H563ZIT6, STM32H573AII3Q, STM32H573AII6, STM32H573I-DK, STM32H573IIK3Q, STM32H573IIK6, STM32H573IIT3Q, STM32H573IIT6, STM32H573MIY3QTR, STM32H573RIT6, STM32H573RIV6, STM32H573VIT3Q, STM32H573VIT6, STM32H573ZIT3Q, STM32H573ZIT6, STM32H7R3A8I6, STM32H7R3I8K6, STM32H7R3I8T6, STM32H7R3L8H6, STM32H7R3L8H6H, STM32H7R3R8V6, STM32H7R3V8H6, STM32H7R3V8T6, STM32H7R3V8Y6TR, STM32H7R3Z8J6, STM32H7R3Z8T6, STM32H7R7A8I6, STM32H7R7I8K6, STM32H7R7I8T6, STM32H7R7L8H6, STM32H7R7L8H6H, STM32H7R7Z8J6, STM32H7S3A8I6, STM32H7S3I8K6, STM32H7S3I8T6, STM32H7S3L8H6, STM32H7S3L8H6H, STM32H7S3R8V6, STM32H7S3V8H6, STM32H7S3V8T6, STM32H7S3V8Y6TR, STM32H7S3Z8J6, STM32H7S3Z8T6, STM32H7S78-DK, STM32H7S7A8I6, STM32H7S7I8K6, STM32H7S7I8T6, STM32H7S7L8H6, STM32H7S7L8H6H, STM32H7S7Z8J6, STM32L4R5QGI6STR, STM32MP131AAE3, STM32MP131AAF3, STM32MP131AAG3, STM32MP131CAE3, STM32MP131CAF3, STM32MP131CAG3, STM32MP131DAE7, STM32MP131DAF7, STM32MP131DAG7, STM32MP131FAE7, STM32MP131FAF7, STM32MP131FAG7, STM32MP133AAE3, STM32MP133AAF3, STM32MP133AAG3, STM32MP133CAE3, STM32MP133CAF3, STM32MP133CAG3, STM32MP133DAE7, STM32MP133DAF7, STM32MP133DAG7, STM32MP133FAE7, STM32MP133FAF7, STM32MP133FAG7, STM32MP135AAE3, STM32MP135AAF3, STM32MP135AAG3, STM32MP135CAE3, STM32MP135CAF3, STM32MP135CAG3, STM32MP135DAE7, STM32MP135DAF7, STM32MP135DAG7, STM32MP135F-DK, STM32MP135FAE7, STM32MP135FAF7, STM32MP135FAF7T, STM32MP135FAF7U, STM32MP135FAG7, STM32MP211AAL3, STM32MP211AAM3, STM32MP211AAN3, STM32MP211AAO3, STM32MP211CAL3, STM32MP211CAM3, STM32MP211CAN3, STM32MP211CAO3, STM32MP211DAL3, STM32MP211DAM3, STM32MP211DAN3, STM32MP211DAO3, STM32MP211FAL3, STM32MP211FAM3, STM32MP211FAN3, STM32MP211FAO3, STM32MP213AAL3, STM32MP213AAM3, STM32MP213AAN3, STM32MP213AAO3, STM32MP213CAL3, STM32MP213CAM3, STM32MP213CAN3, STM32MP213CAO3, STM32MP213DAL3, STM32MP213DAM3, STM32MP213DAN3, STM32MP213DAO3, STM32MP213FAL3, STM32MP213FAM3, STM32MP213FAN3, STM32MP213FAO3, STM32MP215AAL3, STM32MP215AAM3, STM32MP215AAN3, STM32MP215AAO3, STM32MP215CAL3, STM32MP215CAM3, STM32MP215CAN3, STM32MP215CAO3, STM32MP215DAL3, STM32MP215DAM3, STM32MP215DAN3, STM32MP215DAO3, STM32MP215F-DK, STM32MP215FAL3, STM32MP215FAM3, STM32MP215FAN3, STM32MP215FAO3, STM32MP231AAJ3, STM32MP231AAK3, STM32MP231AAL3, STM32MP231CAJ3, STM32MP231CAK3, STM32MP231CAL3, STM32MP231DAJ3, STM32MP231DAK3, STM32MP231DAL3, STM32MP231FAJ3, STM32MP231FAK3, STM32MP231FAL3, STM32MP233AAJ3, STM32MP233AAK3, STM32MP233AAL3, STM32MP233CAJ3, STM32MP233CAK3, STM32MP233CAL3, STM32MP233DAJ3, STM32MP233DAK3, STM32MP233DAL3, STM32MP233FAJ3, STM32MP233FAK3, STM32MP233FAL3, STM32MP235AAJ3, STM32MP235AAK3, STM32MP235AAL3, STM32MP235CAJ3, STM32MP235CAK3, STM32MP235CAL3, STM32MP235DAJ3, STM32MP235DAK3, STM32MP235DAL3, STM32MP235FAJ3, STM32MP235FAK3, STM32MP235FAL3, STM32MP251AAI3, STM32MP251AAK3, STM32MP251AAL3, STM32MP251CAI3, STM32MP251CAK3, STM32MP251CAL3, STM32MP251DAI3, STM32MP251DAK3, STM32MP251DAL3, STM32MP251FAI3, STM32MP251FAK3, STM32MP251FAL3, STM32MP253AAI3, STM32MP253AAK3, STM32MP253AAL3, STM32MP253CAI3, STM32MP253CAK3, STM32MP253CAL3, STM32MP253DAI3, STM32MP253DAK3, STM32MP253DAL3, STM32MP253FAI3, STM32MP253FAK3, STM32MP253FAL3, STM32MP255AAI3, STM32MP255AAK3, STM32MP255AAL3, STM32MP255CAI3, STM32MP255CAK3, STM32MP255CAL3, STM32MP255DAI3, STM32MP255DAK3, STM32MP255DAL3, STM32MP255FAI3, STM32MP255FAK3, STM32MP255FAL3, STM32MP257AAI3, STM32MP257AAK3, STM32MP257AAL3, STM32MP257CAI3, STM32MP257CAK3, STM32MP257CAL3, STM32MP257DAI3, STM32MP257DAK3, STM32MP257DAL3, STM32MP257F-DK, STM32MP257F-EV1, STM32MP257FAI3, STM32MP257FAK3, STM32MP257FAL3, STM32N645A0H3Q, STM32N645B0H3Q, STM32N645I0H3Q, STM32N645L0H3Q, STM32N645X0H3Q, STM32N645Z0H3Q, STM32N647A0H3Q, STM32N647B0H3Q, STM32N647I0H3Q, STM32N647L0H3Q, STM32N647X0H3Q, STM32N647Z0H3Q, STM32N655A0H3Q, STM32N655B0H3Q, STM32N655I0H3Q, STM32N655L0H3Q, STM32N655X0H3Q, STM32N655Z0H3Q, STM32N6570-DK, STM32N657A0H3Q, STM32N657B0H3Q, STM32N657I0H3Q, STM32N657L0H3Q, STM32N657X0H3Q, STM32N657Z0H3Q, STM32U031C6T6, STM32U031C6U6, STM32U031C8T6, STM32U031C8U6, STM32U031F4P6, STM32U031F6P6, STM32U031F8P6, STM32U031G6Y6TR, STM32U031G8Y6TR, STM32U031K4U6, STM32U031K6U6, STM32U031K8U6, STM32U031R6I6, STM32U031R6T6, STM32U031R8I6, STM32U031R8T6, STM32U073C8T6, STM32U073C8U6, STM32U073CBT6, STM32U073CBU6, STM32U073CCT6, STM32U073CCU6, STM32U073H8Y6TR, STM32U073HBY6TR, STM32U073HCY6TR, STM32U073K8U6, STM32U073KBU6, STM32U073KCU6, STM32U073M8I6, STM32U073M8T6, STM32U073MBI6, STM32U073MBT6, STM32U073MCI6, STM32U073MCT6, STM32U073R8I6, STM32U073R8T6, STM32U073RBI6, STM32U073RBT6, STM32U073RCI6, STM32U073RCT6, STM32U083C-DK, STM32U083CCT6, STM32U083CCU6, STM32U083HCY6TR, STM32U083KCU6, STM32U083MCI6, STM32U083MCT6, STM32U083RCI6, STM32U083RCT6, STM32U375CET6, STM32U375CET6Q, STM32U375CEU6, STM32U375CEU6Q, STM32U375CEY6QTR, STM32U375CGT6, STM32U375CGT6Q, STM32U375CGU6, STM32U375CGU6Q, STM32U375CGY6QTR, STM32U375KEU6, STM32U375KGU6, STM32U375REI6, STM32U375REI6Q, STM32U375RET6, STM32U375RET6Q, STM32U375REY6GTR, STM32U375REY6QTR, STM32U375RGI6, STM32U375RGI6Q, STM32U375RGT6, STM32U375RGT6Q, STM32U375RGY6GTR, STM32U375RGY6QTR, STM32U375VEI6, STM32U375VEI6Q, STM32U375VET6, STM32U375VET6Q, STM32U375VGI6, STM32U375VGI6Q, STM32U375VGT6, STM32U375VGT6Q, STM32U385CGT6, STM32U385CGT6Q, STM32U385CGU6, STM32U385CGU6Q, STM32U385CGY6QTR, STM32U385KGU6, STM32U385RGI6, STM32U385RGI6Q, STM32U385RGT6, STM32U385RGT6Q, STM32U385RGY6GTR, STM32U385RGY6QTR, STM32U385VGI6, STM32U385VGI6Q, STM32U385VGT6, STM32U385VGT6Q, STM32U535CBT6, STM32U535CBT6Q, STM32U535CBU6, STM32U535CBU6Q, STM32U535CCT6, STM32U535CCT6Q, STM32U535CCU6, STM32U535CCU6Q, STM32U535CET6, STM32U535CET6Q, STM32U535CEU6, STM32U535CEU6Q, STM32U535JEY6QTR, STM32U535NCY6QTR, STM32U535NEY6QTR, STM32U535RBI6, STM32U535RBI6Q, STM32U535RBT6, STM32U535RBT6Q, STM32U535RCI6, STM32U535RCI6Q, STM32U535RCT6, STM32U535RCT6Q, STM32U535REI6, STM32U535REI6Q, STM32U535RET6, STM32U535RET6Q, STM32U535VCI6, STM32U535VCI6Q, STM32U535VCT6, STM32U535VCT6Q, STM32U535VEI6, STM32U535VEI6Q, STM32U535VET6, STM32U535VET6Q, STM32U545CET6, STM32U545CET6Q, STM32U545CEU6, STM32U545CEU6Q, STM32U545JEY6QTR, STM32U545NEY6QTR, STM32U545REI6, STM32U545REI6Q, STM32U545RET6, STM32U545RET6Q, STM32U545VEI6, STM32U545VEI6Q, STM32U545VET6, STM32U545VET6Q, STM32U595AIH6, STM32U595AIH6Q, STM32U595AJH6, STM32U595AJH6Q, STM32U595QII6, STM32U595QII6Q, STM32U595QJI6, STM32U595QJI6Q, STM32U595RIT6, STM32U595RIT6Q, STM32U595RJT6, STM32U595RJT6Q, STM32U595VIT6, STM32U595VIT6Q, STM32U595VJT6, STM32U595VJT6Q, STM32U595ZIT6, STM32U595ZIT6Q, STM32U595ZIY6QTR, STM32U595ZJT6, STM32U595ZJT6Q, STM32U595ZJY6QTR, STM32U599BJY6QTR, STM32U599NIH6Q, STM32U599NJH6Q, STM32U599VIT6Q, STM32U599VJT6, STM32U599VJT6Q, STM32U599ZIT6Q, STM32U599ZIY6QTR, STM32U599ZJT6Q, STM32U599ZJY6QTR, STM32U5A5AJH6, STM32U5A5AJH6Q, STM32U5A5QII3Q , STM32U5A5QJI6, STM32U5A5QJI6Q, STM32U5A5RJT6, STM32U5A5RJT6Q, STM32U5A5VJT6, STM32U5A5VJT6Q, STM32U5A5ZJT6, STM32U5A5ZJT6Q, STM32U5A5ZJY6QTR, STM32U5A9BJY6QTR, STM32U5A9J-DK, STM32U5A9NJH6Q, STM32U5A9VJT6Q, STM32U5A9ZJT6Q, STM32U5A9ZJY6QTR, STM32U5F7VIT6, STM32U5F7VIT6Q, STM32U5F7VJT6, STM32U5F7VJT6Q, STM32U5F9BJY6QTR, STM32U5F9NJH6Q, STM32U5F9VIT6Q, STM32U5F9VJT6Q, STM32U5F9ZIJ6QTR, STM32U5F9ZIT6Q, STM32U5F9ZJJ6QTR, STM32U5F9ZJT6Q, STM32U5G7VJT6, STM32U5G7VJT6Q, STM32U5G9BJY6QTR, STM32U5G9J-DK1, STM32U5G9J-DK2, STM32U5G9NJH6Q, STM32U5G9VJT6Q, STM32U5G9ZJJ6QTR, STM32U5G9ZJT6Q, STM32WB05KZV6TR, STM32WB05KZV7TR, STM32WB05TZF6TR, STM32WB05TZF7TR, STM32WB06CCF6TR, STM32WB06CCF7TR, STM32WB06CCV6TR, STM32WB06CCV7TR, STM32WB06KCV6TR, STM32WB06KCV7TR, STM32WB07CCF6TR, STM32WB07CCF7TR, STM32WB07CCV6TR, STM32WB07CCV7TR, STM32WB07KCV6TR, STM32WB07KCV7TR, STM32WB09KEV6TR, STM32WB09KEV7TR, STM32WB09TEF6TR, STM32WB09TEF7TR, STM32WB1MMCH6, STM32WBA50KGU6, STM32WBA50KGU6TR, STM32WBA52CEU6, STM32WBA52CEU6TR, STM32WBA52CEU7, STM32WBA52CEU7TR, STM32WBA52CGU6, STM32WBA52CGU6TR, STM32WBA52CGU6U, STM32WBA52CGU7, STM32WBA52CGU7TR, STM32WBA52KEU6, STM32WBA52KEU6TR, STM32WBA52KGU6, STM32WBA52KGU6TR, STM32WBA54CEU6, STM32WBA54CEU6TR, STM32WBA54CEU7, STM32WBA54CEU7TR, STM32WBA54CGU6, STM32WBA54CGU6TR, STM32WBA54CGU7, STM32WBA54CGU7TR, STM32WBA54KEU6, STM32WBA54KEU6TR, STM32WBA54KEU7, STM32WBA54KEU7TR, STM32WBA54KGU6, STM32WBA54KGU6TR, STM32WBA54KGU7, STM32WBA54KGU7TR, STM32WBA55CEU6, STM32WBA55CEU6TR, STM32WBA55CEU7, STM32WBA55CEU7TR, STM32WBA55CGU6, STM32WBA55CGU6TR, STM32WBA55CGU6U, STM32WBA55CGU7, STM32WBA55CGU7TR, STM32WBA55G-DK1, STM32WBA55HEF6, STM32WBA55HEF7, STM32WBA55HGF6, STM32WBA55HGF7, STM32WBA55UEI6, STM32WBA55UEI6TR, STM32WBA55UEI7, STM32WBA55UEI7TR, STM32WBA55UGI6, STM32WBA55UGI6TR, STM32WBA55UGI7, STM32WBA55UGI7TR, STM32WBA5MMGH6TR, STM32WBA62MGF6, STM32WBA62MIF6, STM32WBA65MGF7, STM32WBA65MIF6, STM32WBA65MIF7, STM32WL30K8V6, STM32WL30KBV6, STM32WL31C8V6, STM32WL31CBV6, STM32WL31K8V6, STM32WL31KBV6, STM32WL33C8V6, STM32WL33C8V6X, STM32WL33CBV6, STM32WL33CBV6X, STM32WL33CCV6, STM32WL33CCV6A, STM32WL33CCV6X, STM32WL33K8V7, STM32WL33K8V7X, STM32WL33KBV7 , STM32WL33KBV7X, STM32WL33KCV7, STM32WL33KCV7X, STM32WL5MOCH6, STM32WL5MOCH6TR]
2025-07-19 13:25:38,572 [INFO] BoardInfo:889 - No configuration file found for board P-NUCLEO-WB55
2025-07-19 13:25:38,574 [INFO] DbBoards:161 - Kit is not supported: P-NUCLEO-WB55
2025-07-19 13:25:38,583 [INFO] BoardInfo:889 - No configuration file found for board STEVAL-BFA001V1B
2025-07-19 13:25:38,584 [INFO] DbBoards:161 - Kit is not supported: STEVAL-BFA001V1B
2025-07-19 13:25:38,585 [INFO] BoardInfo:889 - No configuration file found for board STEVAL-BFA001V2B
2025-07-19 13:25:38,587 [INFO] DbBoards:161 - Kit is not supported: STEVAL-BFA001V2B
2025-07-19 13:25:38,960 [INFO] DbBoards:168 - Found 212 boards, 209 are supported
2025-07-19 13:25:38,960 [INFO] DbBoards:169 - Found 212 boards, 43 of them is supported for  Bsp
2025-07-19 13:25:38,964 [INFO] ApiDb:668 - CubeFinder database Data Model version=2.1
2025-07-19 13:25:38,964 [INFO] ApiDb:669 - CubeFinder database Configuration version=3.0.39
2025-07-19 13:25:38,964 [INFO] ApiDb:670 - CubeFinder database generation date=2025-06-24 (1750757100)
2025-07-19 13:25:38,964 [INFO] ApiDb:671 - CubeFinder database FW Pack versions=[FP-ATR-ASTRA1_V2.0.0, FP-SNS-FLIGHT1_V5.1.0, FP-SNS-MOTENV1_V5.0.0, FP-SNS-MOTENVWB1_V1.4.0, FP-SNS-SMARTAG2_V1.2.0, FP-SNS-STBOX1_V2.0.0, STM32Cube_FW_C0_V1.4.0, STM32Cube_FW_F4_V1.28.2, STM32Cube_FW_F7_V1.17.3, STM32Cube_FW_G0_V1.6.2, STM32Cube_FW_G4_V1.6.1, STM32Cube_FW_H5_V1.5.0, STM32Cube_FW_H7RS_V1.2.0, STM32Cube_FW_H7_V1.12.1, STM32Cube_FW_L0_V1.12.2, STM32Cube_FW_L4_V1.18.1, STM32Cube_FW_L5_V1.5.1, STM32Cube_FW_N6_V1.2.0, STM32Cube_FW_U0_V1.3.0, STM32Cube_FW_U3_V1.2.0, STM32Cube_FW_U5_V1.8.0, STM32Cube_FW_WB0_V1.3.0, STM32Cube_FW_WBA_V1.7.0, STM32Cube_FW_WB_V1.23.0, STM32Cube_FW_WL3_V1.2.0, STM32Cube_FW_WL_V1.3.1, X-CUBE-ALGOBUILD_V1.4.0, X-CUBE-ALS_V1.0.2, X-CUBE-AZRTOS-F4_V1.1.0, X-CUBE-AZRTOS-F7_V1.1.0, X-CUBE-AZRTOS-G0_V1.1.0, X-CUBE-AZRTOS-G4_V2.0.0, X-CUBE-AZRTOS-H7RS_V1.1.0, X-CUBE-AZRTOS-H7_V3.3.0, X-CUBE-AZRTOS-L4_V2.0.0, X-CUBE-AZRTOS-L5_V2.0.0, X-CUBE-AZRTOS-WB_V2.0.0, X-CUBE-AZRTOS-WL_V2.0.0, X-CUBE-BLE1_V7.1.0, X-CUBE-BLE2_V3.3.0, X-CUBE-BLEMGR_V4.0.0, X-CUBE-EEPRMA1_V5.1.0, X-CUBE-FREERTOS_V1.3.1, X-CUBE-GNSS1_V6.0.0, X-CUBE-MEMS1_V11.3.0, X-CUBE-NFC4_V3.0.0, X-CUBE-NFC7_V2.0.0, X-CUBE-SFXS2LP1_V4.0.0, X-CUBE-SUBG2_V5.0.0, X-CUBE-TOF1_V3.4.3]
2025-07-19 13:25:41,831 [INFO] ApiDb:240 - Found 880 in-development CPN: [B-G473E-ZEST1S, B-WB1M-WPAN1, B-WBA5M-WPAN, B-WL5M-SUBG1, NUCLEO-C031C6, NUCLEO-C051C8, NUCLEO-C071RB, NUCLEO-C092RC, NUCLEO-H503RB, NUCLEO-H533RE, NUCLEO-H563ZI, NUCLEO-H7S3L8, NUCLEO-N657X0-Q, NUCLEO-U031R8, NUCLEO-U083RC, NUCLEO-U385RG-Q, NUCLEO-U545RE-Q, NUCLEO-U5A5ZJ-Q, NUCLEO-WB05KZ, NUCLEO-WB07CC, NUCLEO-WB09KE, NUCLEO-WBA52CG, NUCLEO-WBA55CG, NUCLEO-WL33CC1, NUCLEO-WL33CC2, STEVAL-PROTEUS1, STEVAL-SMARTAG2, STEVAL-STWINBX1, STM320518-EVAL, STM32C0116-DK, STM32C011D6Y3TR, STM32C011D6Y6TR, STM32C011F4P3, STM32C011F4P6, STM32C011F4U3, STM32C011F4U6TR, STM32C011F6P3, STM32C011F6P6, STM32C011F6U3, STM32C011F6U6TR, STM32C011J4M3, STM32C011J4M6, STM32C011J6M3, STM32C011J6M6, STM32C0316-DK, STM32C031C4T3, STM32C031C4T6, STM32C031C4U3, STM32C031C4U6, STM32C031C6T3, STM32C031C6T6, STM32C031C6U3, STM32C031C6U6, STM32C031F4P3, STM32C031F4P6, STM32C031F6P3, STM32C031F6P6, STM32C031G4U3, STM32C031G4U6, STM32C031G6U3, STM32C031G6U6, STM32C031K4T3, STM32C031K4T6, STM32C031K4U3, STM32C031K4U6, STM32C031K6T3, STM32C031K6T6, STM32C031K6U3, STM32C031K6U6, STM32C051C6T6, STM32C051C6U6, STM32C051C8T6, STM32C051C8U6, STM32C051D8Y6TR, STM32C051F6P6, STM32C051F8P6, STM32C051G6U6, STM32C051G8U6, STM32C051K6T6, STM32C051K6U6, STM32C051K8T6, STM32C071C8T6, STM32C071C8T6N, STM32C071C8U6, STM32C071C8U6N, STM32C071CBT6, STM32C071CBT6N, STM32C071CBU6, STM32C071CBU6N, STM32C071F8P6, STM32C071F8P6N, STM32C071FBP6, STM32C071FBP6N, STM32C071FBY6TR, STM32C071G8U6, STM32C071G8U6N, STM32C071GBU6, STM32C071GBU6N, STM32C071K8T6, STM32C071K8T6N, STM32C071K8U6, STM32C071K8U6N, STM32C071KBT6, STM32C071KBT6N, STM32C071KBU6, STM32C071KBU6N, STM32C071R8T6, STM32C071R8T6N, STM32C071RBI6N, STM32C071RBT6, STM32C071RBT6N, STM32C091CBT6, STM32C091CBU6, STM32C091CCT6, STM32C091CCU6, STM32C091ECY6TR, STM32C091FBP6, STM32C091FCP6, STM32C091GBU6, STM32C091GCU6, STM32C091KBT6, STM32C091KBU6, STM32C091KCT6, STM32C091KCU6, STM32C091RBT6, STM32C091RCI6, STM32C091RCT6, STM32C092CBT6, STM32C092CBU6, STM32C092CCT6, STM32C092CCU6, STM32C092ECY6TR, STM32C092FBP6, STM32C092FCP6, STM32C092GBU6, STM32C092GCU6, STM32C092KBT6, STM32C092KBU6, STM32C092KCT6, STM32C092KCU6, STM32C092RBT6, STM32C092RCI6, STM32C092RCT6, STM32G071K8TXN, STM32G071K8UXN, STM32G081GBU6N, STM32G081KBT6N, STM32G081KBUXN, STM32G0B1CCT6N, STM32G0B1KCT6, STM32G0B1NEY6TR, STM32G0B1RCT6N, STM32G0C1CCT6, STM32G0C1CCT6N, STM32G0C1CCU6N, STM32G0C1CET6N, STM32G0C1CEU6N, STM32G0C1KCT6, STM32G0C1NEY6TR, STM32G0C1RCI6N, STM32G0C1RCT6N, STM32G0C1REI6N, STM32G0C1RET6N, STM32G0C1VCI6, STM32G0C1VEI6, STM32G411C6T3, STM32G411C6T6, STM32G411C6U3, STM32G411C6U6, STM32G411C8T3, STM32G411C8T6, STM32G411C8U3, STM32G411C8U6, STM32G411CBT3, STM32G411CBT6, STM32G411CBU3, STM32G411CBU6, STM32G411K6T3, STM32G411K6T6, STM32G411K6U3, STM32G411K6U6, STM32G411K8T3, STM32G411K8T6, STM32G411K8U3, STM32G411K8U6, STM32G411KBT3, STM32G411KBT6, STM32G411KBU3, STM32G411KBU6, STM32G411M6T3, STM32G411M6T6, STM32G411M8T3, STM32G411M8T6, STM32G411MBT3, STM32G411MBT6, STM32G411R6T3, STM32G411R6T6, STM32G411R8T3, STM32G411R8T6, STM32G411RBT3, STM32G411RBT6, STM32G414CBT3, STM32G414CBT6, STM32G414CBU3, STM32G414CBU6, STM32G414CCT3, STM32G414CCT6, STM32G414CCU3, STM32G414CCU6, STM32G414MBT3, STM32G414MBT6, STM32G414MCT3, STM32G414MCT6, STM32G414RBT3, STM32G414RBT6, STM32G414RCT3, STM32G414RCT6, STM32G414VBT3, STM32G414VBT6, STM32G414VCT3, STM32G414VCT6, STM32G431CBT3Z, STM32G431RBT3Z, STM32G471CCT6, STM32G471CCU6, STM32G471CET3, STM32G471CET6, STM32G471CEU3, STM32G471CEU6, STM32G471MCT6, STM32G471MET3, STM32G471MET6, STM32G471MEY6TR, STM32G471QCT6, STM32G471QET3, STM32G471RCT6, STM32G471RET3, STM32G471RET6, STM32G471VCH6, STM32G471VCI6, STM32G471VCT6, STM32G471VEH3, STM32G471VEH6, STM32G471VEI3, STM32G471VEI6, STM32G471VET3, STM32G471VET6, STM32G473QET3Z, STM32G473RET3Z, STM32G474CCT6, STM32G491RET3Z, STM32H503CBT6, STM32H503CBU6, STM32H503EBY6TR, STM32H503KBU6, STM32H503RBT6, STM32H523CCT6, STM32H523CCU6, STM32H523CET6, STM32H523CEU6, STM32H523HEY6TR, STM32H523RCT6, STM32H523RET6, STM32H523VCI6, STM32H523VCT6, STM32H523VEI6, STM32H523VET6, STM32H523ZCJ6, STM32H523ZCT6, STM32H523ZEJ6, STM32H523ZET6, STM32H533CET6, STM32H533CEU6, STM32H533HEY6TR, STM32H533RET6, STM32H533VEI6, STM32H533VET6, STM32H533ZEJ6, STM32H533ZET6, STM32H562AGI6, STM32H562AII6, STM32H562IGK6, STM32H562IGT6, STM32H562IIK6, STM32H562IIT6, STM32H562RGT6, STM32H562RGV6, STM32H562RIT6, STM32H562RIV6, STM32H562VGT6, STM32H562VIT6, STM32H562ZGT6, STM32H562ZIT6, STM32H563AGI6, STM32H563AII3Q, STM32H563AII6, STM32H563IGK6, STM32H563IGT6, STM32H563IIK3Q, STM32H563IIK6, STM32H563IIT3Q, STM32H563IIT6, STM32H563MIY3QTR, STM32H563RGT6, STM32H563RGV6, STM32H563RIT6, STM32H563RIV6, STM32H563VGT6, STM32H563VIT3Q, STM32H563VIT6, STM32H563ZGT6, STM32H563ZIT3Q, STM32H563ZIT6, STM32H573AII3Q, STM32H573AII6, STM32H573I-DK, STM32H573IIK3Q, STM32H573IIK6, STM32H573IIT3Q, STM32H573IIT6, STM32H573MIY3QTR, STM32H573RIT6, STM32H573RIV6, STM32H573VIT3Q, STM32H573VIT6, STM32H573ZIT3Q, STM32H573ZIT6, STM32H7R3A8I6, STM32H7R3I8K6, STM32H7R3I8T6, STM32H7R3L8H6, STM32H7R3L8H6H, STM32H7R3R8V6, STM32H7R3V8H6, STM32H7R3V8T6, STM32H7R3V8Y6TR, STM32H7R3Z8J6, STM32H7R3Z8T6, STM32H7R7A8I6, STM32H7R7I8K6, STM32H7R7I8T6, STM32H7R7L8H6, STM32H7R7L8H6H, STM32H7R7Z8J6, STM32H7S3A8I6, STM32H7S3I8K6, STM32H7S3I8T6, STM32H7S3L8H6, STM32H7S3L8H6H, STM32H7S3R8V6, STM32H7S3V8H6, STM32H7S3V8T6, STM32H7S3V8Y6TR, STM32H7S3Z8J6, STM32H7S3Z8T6, STM32H7S78-DK, STM32H7S7A8I6, STM32H7S7I8K6, STM32H7S7I8T6, STM32H7S7L8H6, STM32H7S7L8H6H, STM32H7S7Z8J6, STM32L4R5QGI6STR, STM32MP131AAE3, STM32MP131AAF3, STM32MP131AAG3, STM32MP131CAE3, STM32MP131CAF3, STM32MP131CAG3, STM32MP131DAE7, STM32MP131DAF7, STM32MP131DAG7, STM32MP131FAE7, STM32MP131FAF7, STM32MP131FAG7, STM32MP133AAE3, STM32MP133AAF3, STM32MP133AAG3, STM32MP133CAE3, STM32MP133CAF3, STM32MP133CAG3, STM32MP133DAE7, STM32MP133DAF7, STM32MP133DAG7, STM32MP133FAE7, STM32MP133FAF7, STM32MP133FAG7, STM32MP135AAE3, STM32MP135AAF3, STM32MP135AAG3, STM32MP135CAE3, STM32MP135CAF3, STM32MP135CAG3, STM32MP135DAE7, STM32MP135DAF7, STM32MP135DAG7, STM32MP135F-DK, STM32MP135FAE7, STM32MP135FAF7, STM32MP135FAF7T, STM32MP135FAF7U, STM32MP135FAG7, STM32MP211AAL3, STM32MP211AAM3, STM32MP211AAN3, STM32MP211AAO3, STM32MP211CAL3, STM32MP211CAM3, STM32MP211CAN3, STM32MP211CAO3, STM32MP211DAL3, STM32MP211DAM3, STM32MP211DAN3, STM32MP211DAO3, STM32MP211FAL3, STM32MP211FAM3, STM32MP211FAN3, STM32MP211FAO3, STM32MP213AAL3, STM32MP213AAM3, STM32MP213AAN3, STM32MP213AAO3, STM32MP213CAL3, STM32MP213CAM3, STM32MP213CAN3, STM32MP213CAO3, STM32MP213DAL3, STM32MP213DAM3, STM32MP213DAN3, STM32MP213DAO3, STM32MP213FAL3, STM32MP213FAM3, STM32MP213FAN3, STM32MP213FAO3, STM32MP215AAL3, STM32MP215AAM3, STM32MP215AAN3, STM32MP215AAO3, STM32MP215CAL3, STM32MP215CAM3, STM32MP215CAN3, STM32MP215CAO3, STM32MP215DAL3, STM32MP215DAM3, STM32MP215DAN3, STM32MP215DAO3, STM32MP215F-DK, STM32MP215FAL3, STM32MP215FAM3, STM32MP215FAN3, STM32MP215FAO3, STM32MP231AAJ3, STM32MP231AAK3, STM32MP231AAL3, STM32MP231CAJ3, STM32MP231CAK3, STM32MP231CAL3, STM32MP231DAJ3, STM32MP231DAK3, STM32MP231DAL3, STM32MP231FAJ3, STM32MP231FAK3, STM32MP231FAL3, STM32MP233AAJ3, STM32MP233AAK3, STM32MP233AAL3, STM32MP233CAJ3, STM32MP233CAK3, STM32MP233CAL3, STM32MP233DAJ3, STM32MP233DAK3, STM32MP233DAL3, STM32MP233FAJ3, STM32MP233FAK3, STM32MP233FAL3, STM32MP235AAJ3, STM32MP235AAK3, STM32MP235AAL3, STM32MP235CAJ3, STM32MP235CAK3, STM32MP235CAL3, STM32MP235DAJ3, STM32MP235DAK3, STM32MP235DAL3, STM32MP235FAJ3, STM32MP235FAK3, STM32MP235FAL3, STM32MP251AAI3, STM32MP251AAK3, STM32MP251AAL3, STM32MP251CAI3, STM32MP251CAK3, STM32MP251CAL3, STM32MP251DAI3, STM32MP251DAK3, STM32MP251DAL3, STM32MP251FAI3, STM32MP251FAK3, STM32MP251FAL3, STM32MP253AAI3, STM32MP253AAK3, STM32MP253AAL3, STM32MP253CAI3, STM32MP253CAK3, STM32MP253CAL3, STM32MP253DAI3, STM32MP253DAK3, STM32MP253DAL3, STM32MP253FAI3, STM32MP253FAK3, STM32MP253FAL3, STM32MP255AAI3, STM32MP255AAK3, STM32MP255AAL3, STM32MP255CAI3, STM32MP255CAK3, STM32MP255CAL3, STM32MP255DAI3, STM32MP255DAK3, STM32MP255DAL3, STM32MP255FAI3, STM32MP255FAK3, STM32MP255FAL3, STM32MP257AAI3, STM32MP257AAK3, STM32MP257AAL3, STM32MP257CAI3, STM32MP257CAK3, STM32MP257CAL3, STM32MP257DAI3, STM32MP257DAK3, STM32MP257DAL3, STM32MP257F-DK, STM32MP257F-EV1, STM32MP257FAI3, STM32MP257FAK3, STM32MP257FAL3, STM32N645A0H3Q, STM32N645B0H3Q, STM32N645I0H3Q, STM32N645L0H3Q, STM32N645X0H3Q, STM32N645Z0H3Q, STM32N647A0H3Q, STM32N647B0H3Q, STM32N647I0H3Q, STM32N647L0H3Q, STM32N647X0H3Q, STM32N647Z0H3Q, STM32N655A0H3Q, STM32N655B0H3Q, STM32N655I0H3Q, STM32N655L0H3Q, STM32N655X0H3Q, STM32N655Z0H3Q, STM32N6570-DK, STM32N657A0H3Q, STM32N657B0H3Q, STM32N657I0H3Q, STM32N657L0H3Q, STM32N657X0H3Q, STM32N657Z0H3Q, STM32U031C6T6, STM32U031C6U6, STM32U031C8T6, STM32U031C8U6, STM32U031F4P6, STM32U031F6P6, STM32U031F8P6, STM32U031G6Y6TR, STM32U031G8Y6TR, STM32U031K4U6, STM32U031K6U6, STM32U031K8U6, STM32U031R6I6, STM32U031R6T6, STM32U031R8I6, STM32U031R8T6, STM32U073C8T6, STM32U073C8U6, STM32U073CBT6, STM32U073CBU6, STM32U073CCT6, STM32U073CCU6, STM32U073H8Y6TR, STM32U073HBY6TR, STM32U073HCY6TR, STM32U073K8U6, STM32U073KBU6, STM32U073KCU6, STM32U073M8I6, STM32U073M8T6, STM32U073MBI6, STM32U073MBT6, STM32U073MCI6, STM32U073MCT6, STM32U073R8I6, STM32U073R8T6, STM32U073RBI6, STM32U073RBT6, STM32U073RCI6, STM32U073RCT6, STM32U083C-DK, STM32U083CCT6, STM32U083CCU6, STM32U083HCY6TR, STM32U083KCU6, STM32U083MCI6, STM32U083MCT6, STM32U083RCI6, STM32U083RCT6, STM32U375CET6, STM32U375CET6Q, STM32U375CEU6, STM32U375CEU6Q, STM32U375CEY6QTR, STM32U375CGT6, STM32U375CGT6Q, STM32U375CGU6, STM32U375CGU6Q, STM32U375CGY6QTR, STM32U375KEU6, STM32U375KGU6, STM32U375REI6, STM32U375REI6Q, STM32U375RET6, STM32U375RET6Q, STM32U375REY6GTR, STM32U375REY6QTR, STM32U375RGI6, STM32U375RGI6Q, STM32U375RGT6, STM32U375RGT6Q, STM32U375RGY6GTR, STM32U375RGY6QTR, STM32U375VEI6, STM32U375VEI6Q, STM32U375VET6, STM32U375VET6Q, STM32U375VGI6, STM32U375VGI6Q, STM32U375VGT6, STM32U375VGT6Q, STM32U385CGT6, STM32U385CGT6Q, STM32U385CGU6, STM32U385CGU6Q, STM32U385CGY6QTR, STM32U385KGU6, STM32U385RGI6, STM32U385RGI6Q, STM32U385RGT6, STM32U385RGT6Q, STM32U385RGY6GTR, STM32U385RGY6QTR, STM32U385VGI6, STM32U385VGI6Q, STM32U385VGT6, STM32U385VGT6Q, STM32U535CBT6, STM32U535CBT6Q, STM32U535CBU6, STM32U535CBU6Q, STM32U535CCT6, STM32U535CCT6Q, STM32U535CCU6, STM32U535CCU6Q, STM32U535CET6, STM32U535CET6Q, STM32U535CEU6, STM32U535CEU6Q, STM32U535JEY6QTR, STM32U535NCY6QTR, STM32U535NEY6QTR, STM32U535RBI6, STM32U535RBI6Q, STM32U535RBT6, STM32U535RBT6Q, STM32U535RCI6, STM32U535RCI6Q, STM32U535RCT6, STM32U535RCT6Q, STM32U535REI6, STM32U535REI6Q, STM32U535RET6, STM32U535RET6Q, STM32U535VCI6, STM32U535VCI6Q, STM32U535VCT6, STM32U535VCT6Q, STM32U535VEI6, STM32U535VEI6Q, STM32U535VET6, STM32U535VET6Q, STM32U545CET6, STM32U545CET6Q, STM32U545CEU6, STM32U545CEU6Q, STM32U545JEY6QTR, STM32U545NEY6QTR, STM32U545REI6, STM32U545REI6Q, STM32U545RET6, STM32U545RET6Q, STM32U545VEI6, STM32U545VEI6Q, STM32U545VET6, STM32U545VET6Q, STM32U595AIH6, STM32U595AIH6Q, STM32U595AJH6, STM32U595AJH6Q, STM32U595QII6, STM32U595QII6Q, STM32U595QJI6, STM32U595QJI6Q, STM32U595RIT6, STM32U595RIT6Q, STM32U595RJT6, STM32U595RJT6Q, STM32U595VIT6, STM32U595VIT6Q, STM32U595VJT6, STM32U595VJT6Q, STM32U595ZIT6, STM32U595ZIT6Q, STM32U595ZIY6QTR, STM32U595ZJT6, STM32U595ZJT6Q, STM32U595ZJY6QTR, STM32U599BJY6QTR, STM32U599NIH6Q, STM32U599NJH6Q, STM32U599VIT6Q, STM32U599VJT6, STM32U599VJT6Q, STM32U599ZIT6Q, STM32U599ZIY6QTR, STM32U599ZJT6Q, STM32U599ZJY6QTR, STM32U5A5AJH6, STM32U5A5AJH6Q, STM32U5A5QII3Q , STM32U5A5QJI6, STM32U5A5QJI6Q, STM32U5A5RJT6, STM32U5A5RJT6Q, STM32U5A5VJT6, STM32U5A5VJT6Q, STM32U5A5ZJT6, STM32U5A5ZJT6Q, STM32U5A5ZJY6QTR, STM32U5A9BJY6QTR, STM32U5A9J-DK, STM32U5A9NJH6Q, STM32U5A9VJT6Q, STM32U5A9ZJT6Q, STM32U5A9ZJY6QTR, STM32U5F7VIT6, STM32U5F7VIT6Q, STM32U5F7VJT6, STM32U5F7VJT6Q, STM32U5F9BJY6QTR, STM32U5F9NJH6Q, STM32U5F9VIT6Q, STM32U5F9VJT6Q, STM32U5F9ZIJ6QTR, STM32U5F9ZIT6Q, STM32U5F9ZJJ6QTR, STM32U5F9ZJT6Q, STM32U5G7VJT6, STM32U5G7VJT6Q, STM32U5G9BJY6QTR, STM32U5G9J-DK1, STM32U5G9J-DK2, STM32U5G9NJH6Q, STM32U5G9VJT6Q, STM32U5G9ZJJ6QTR, STM32U5G9ZJT6Q, STM32WB05KZV6TR, STM32WB05KZV7TR, STM32WB05TZF6TR, STM32WB05TZF7TR, STM32WB06CCF6TR, STM32WB06CCF7TR, STM32WB06CCV6TR, STM32WB06CCV7TR, STM32WB06KCV6TR, STM32WB06KCV7TR, STM32WB07CCF6TR, STM32WB07CCF7TR, STM32WB07CCV6TR, STM32WB07CCV7TR, STM32WB07KCV6TR, STM32WB07KCV7TR, STM32WB09KEV6TR, STM32WB09KEV7TR, STM32WB09TEF6TR, STM32WB09TEF7TR, STM32WB1MMCH6, STM32WBA50KGU6, STM32WBA50KGU6TR, STM32WBA52CEU6, STM32WBA52CEU6TR, STM32WBA52CEU7, STM32WBA52CEU7TR, STM32WBA52CGU6, STM32WBA52CGU6TR, STM32WBA52CGU6U, STM32WBA52CGU7, STM32WBA52CGU7TR, STM32WBA52KEU6, STM32WBA52KEU6TR, STM32WBA52KGU6, STM32WBA52KGU6TR, STM32WBA54CEU6, STM32WBA54CEU6TR, STM32WBA54CEU7, STM32WBA54CEU7TR, STM32WBA54CGU6, STM32WBA54CGU6TR, STM32WBA54CGU7, STM32WBA54CGU7TR, STM32WBA54KEU6, STM32WBA54KEU6TR, STM32WBA54KEU7, STM32WBA54KEU7TR, STM32WBA54KGU6, STM32WBA54KGU6TR, STM32WBA54KGU7, STM32WBA54KGU7TR, STM32WBA55CEU6, STM32WBA55CEU6TR, STM32WBA55CEU7, STM32WBA55CEU7TR, STM32WBA55CGU6, STM32WBA55CGU6TR, STM32WBA55CGU6U, STM32WBA55CGU7, STM32WBA55CGU7TR, STM32WBA55G-DK1, STM32WBA55HEF6, STM32WBA55HEF7, STM32WBA55HGF6, STM32WBA55HGF7, STM32WBA55UEI6, STM32WBA55UEI6TR, STM32WBA55UEI7, STM32WBA55UEI7TR, STM32WBA55UGI6, STM32WBA55UGI6TR, STM32WBA55UGI7, STM32WBA55UGI7TR, STM32WBA5MMGH6TR, STM32WBA62MGF6, STM32WBA62MIF6, STM32WBA65MGF7, STM32WBA65MIF6, STM32WBA65MIF7, STM32WL30K8V6, STM32WL30KBV6, STM32WL31C8V6, STM32WL31CBV6, STM32WL31K8V6, STM32WL31KBV6, STM32WL33C8V6, STM32WL33C8V6X, STM32WL33CBV6, STM32WL33CBV6X, STM32WL33CCV6, STM32WL33CCV6A, STM32WL33CCV6X, STM32WL33K8V7, STM32WL33K8V7X, STM32WL33KBV7 , STM32WL33KBV7X, STM32WL33KCV7, STM32WL33KCV7X, STM32WL5MOCH6, STM32WL5MOCH6TR]
2025-07-19 13:25:41,843 [INFO] DbMcus:218 - Found 4801 MCUs, 4801 are supported
2025-07-19 13:25:41,844 [INFO] ApiDb:423 - Load user favorites file C:\Users\aliya/.stm32cubeide/favorites.mcus.txt: 0 item(s)
2025-07-19 13:25:41,845 [INFO] ApiDb:427 - User favorites MCUs=[]
2025-07-19 13:25:41,846 [INFO] DbMcus:224 - Set 0 / 0 favorites MCUs
2025-07-19 13:25:43,449 [INFO] ApiDb:423 - Load user favorites file C:\Users\aliya/.stm32cubeide/favorites.boards.txt: 1 item(s)
2025-07-19 13:25:43,449 [INFO] ApiDb:427 - User favorites Boards=[NUCLEO-F446RE]
2025-07-19 13:25:43,449 [INFO] DbBoards:198 - Set 1 / 1 favorites Boards
2025-07-19 13:25:43,493 [INFO] UtilMem:75 - End LoadConfig() Used Memory: 571083800 Bytes (770703360)
2025-07-19 13:25:43,681 [WARN] ThirdParty:833 - waiting for thirdparty lock release [change project]
2025-07-19 13:25:43,681 [INFO] ThirdParty:835 - entering critical section [change project]
2025-07-19 13:25:43,681 [INFO] ThirdParty:1030 - CMSIS Pack Vendor :STMicroelectronics X-CUBE-PM33A1 1.0.0
2025-07-19 13:25:43,681 [INFO] ThirdParty:1030 - CMSIS Pack Vendor :STMicroelectronics USBPD 4.1
2025-07-19 13:25:43,683 [INFO] ThirdParty:1030 - CMSIS Pack Vendor :STMicroelectronics X-CUBE-AZRTOS-H7 3.3.0
2025-07-19 13:25:43,683 [INFO] ThirdParty:1030 - CMSIS Pack Vendor :STMicroelectronics X-CUBE-NFC9 1.0.0
2025-07-19 13:25:43,683 [INFO] ThirdParty:1030 - CMSIS Pack Vendor :wolfSSL I-CUBE-wolfSSL 5.8.0
2025-07-19 13:25:43,683 [INFO] ThirdParty:1030 - CMSIS Pack Vendor :STMicroelectronics USB_HOST 2.0.0
2025-07-19 13:25:43,683 [INFO] ThirdParty:1030 - CMSIS Pack Vendor :STMicroelectronics FP-SNS-MOTENVWB1 1.4.0
2025-07-19 13:25:43,683 [INFO] ThirdParty:1030 - CMSIS Pack Vendor :STMicroelectronics X-CUBE-AZRTOS-F4 1.1.0
2025-07-19 13:25:43,683 [INFO] ThirdParty:1030 - CMSIS Pack Vendor :STMicroelectronics LIBJPEG 8.0.0
2025-07-19 13:25:43,683 [INFO] ThirdParty:1030 - CMSIS Pack Vendor :STMicroelectronics FP-ATR-ASTRA1 2.0.2
2025-07-19 13:25:43,683 [INFO] ThirdParty:1030 - CMSIS Pack Vendor :STMicroelectronics X-CUBE-BLE1 7.1.0
2025-07-19 13:25:43,683 [INFO] ThirdParty:1030 - CMSIS Pack Vendor :Avnet-IotConnect X-CUBE-IoTC-DA16k-PMOD 1.0.0
2025-07-19 13:25:43,683 [INFO] ThirdParty:1030 - CMSIS Pack Vendor :STMicroelectronics X-CUBE-SMBUS 2.1.0
2025-07-19 13:25:43,683 [INFO] ThirdParty:1030 - CMSIS Pack Vendor :wolfSSL I-CUBE-wolfMQTT 1.19.2
2025-07-19 13:25:43,683 [INFO] ThirdParty:1030 - CMSIS Pack Vendor :STMicroelectronics USB_DEVICE 3.0.0
2025-07-19 13:25:43,683 [INFO] ThirdParty:1030 - CMSIS Pack Vendor :STMicroelectronics X-CUBE-ISPU 2.1.0
2025-07-19 13:25:43,683 [INFO] ThirdParty:1030 - CMSIS Pack Vendor :STMicroelectronics X-CUBE-EEPRMA1 5.2.0
2025-07-19 13:25:43,683 [INFO] ThirdParty:1030 - CMSIS Pack Vendor :STMicroelectronics X-CUBE-AZRTOS-WB 2.0.0
2025-07-19 13:25:43,683 [INFO] ThirdParty:1030 - CMSIS Pack Vendor :STMicroelectronics X-CUBE-ST60 1.0.0
2025-07-19 13:25:43,683 [INFO] ThirdParty:1030 - CMSIS Pack Vendor :STMicroelectronics X-CUBE-GNSS1 7.0.1
2025-07-19 13:25:43,683 [INFO] ThirdParty:1030 - CMSIS Pack Vendor :STMicroelectronics X-CUBE-NFC12 1.0.0
2025-07-19 13:25:43,683 [INFO] ThirdParty:1030 - CMSIS Pack Vendor :STMicroelectronics X-CUBE-AZRTOS-F7 1.1.0
2025-07-19 13:25:43,683 [INFO] ThirdParty:1030 - CMSIS Pack Vendor :STMicroelectronics X-CUBE-AZRTOS-L5 2.0.0
2025-07-19 13:25:43,683 [INFO] ThirdParty:1030 - CMSIS Pack Vendor :STMicroelectronics X-CUBE-TOUCHGFX 4.25.0
2025-07-19 13:25:43,683 [INFO] ThirdParty:1030 - CMSIS Pack Vendor :STMicroelectronics USB_DEVICE 2.0.0
2025-07-19 13:25:43,683 [INFO] ThirdParty:1030 - CMSIS Pack Vendor :STMicroelectronics X-CUBE-NFC6 3.1.0
2025-07-19 13:25:43,683 [INFO] ThirdParty:1030 - CMSIS Pack Vendor :STMicroelectronics X-CUBE-AI 10.1.0
2025-07-19 13:25:43,683 [INFO] ThirdParty:1030 - CMSIS Pack Vendor :STMicroelectronics FP-SNS-STBOX1 2.0.0
2025-07-19 13:25:43,683 [INFO] ThirdParty:1030 - CMSIS Pack Vendor :STMicroelectronics FreeRTOS 0.0.1
2025-07-19 13:25:43,683 [INFO] ThirdParty:1030 - CMSIS Pack Vendor :STMicroelectronics X-CUBE-AZRTOS-G0 1.1.0
2025-07-19 13:25:43,683 [INFO] ThirdParty:1030 - CMSIS Pack Vendor :STMicroelectronics X-CUBE-SAFEA1 1.2.2
2025-07-19 13:25:43,683 [INFO] ThirdParty:1030 - CMSIS Pack Vendor :STMicroelectronics X-CUBE-NFC4 3.0.0
2025-07-19 13:25:43,683 [INFO] ThirdParty:1030 - CMSIS Pack Vendor :STMicroelectronics X-CUBE-SUBG2 5.0.0
2025-07-19 13:25:43,683 [INFO] ThirdParty:1030 - CMSIS Pack Vendor :STMicroelectronics X-CUBE-AZRTOS-H7RS 1.1.0
2025-07-19 13:25:43,683 [INFO] ThirdParty:1030 - CMSIS Pack Vendor :STMicroelectronics STM32_WPAN 1.0.0
2025-07-19 13:25:43,683 [INFO] ThirdParty:1030 - CMSIS Pack Vendor :EmbeddedOffice I-CUBE-FS-RTOS 1.0.1
2025-07-19 13:25:43,683 [INFO] ThirdParty:1030 - CMSIS Pack Vendor :STMicroelectronics lwIP 2.0.3
2025-07-19 13:25:43,683 [INFO] ThirdParty:1030 - CMSIS Pack Vendor :Cesanta I-CUBE-Mongoose 7.13.0
2025-07-19 13:25:43,683 [INFO] ThirdParty:1030 - CMSIS Pack Vendor :STMicroelectronics USB_HOST 1.0.0
2025-07-19 13:25:43,683 [INFO] ThirdParty:1030 - CMSIS Pack Vendor :Infineon AIROC-Wi-Fi-Bluetooth-STM32 1.7.0
2025-07-19 13:25:43,685 [INFO] ThirdParty:1030 - CMSIS Pack Vendor :STMicroelectronics X-CUBE-AZRTOS-G4 2.0.0
2025-07-19 13:25:43,685 [INFO] ThirdParty:1030 - CMSIS Pack Vendor :STMicroelectronics X-CUBE-WB05N 2.0.0
2025-07-19 13:25:43,685 [INFO] ThirdParty:1030 - CMSIS Pack Vendor :STMicroelectronics PDM2PCM 3.1.0
2025-07-19 13:25:43,685 [INFO] ThirdParty:1030 - CMSIS Pack Vendor :STMicroelectronics PDM2PCM 3.3.0
2025-07-19 13:25:43,685 [INFO] ThirdParty:1030 - CMSIS Pack Vendor :wolfSSL I-CUBE-wolfTPM 3.8.0
2025-07-19 13:25:43,685 [INFO] ThirdParty:1030 - CMSIS Pack Vendor :STMicroelectronics X-CUBE-AZRTOS-H7 3.4.0
2025-07-19 13:25:43,685 [INFO] ThirdParty:1030 - CMSIS Pack Vendor :STMicroelectronics X-CUBE-DISPLAY 3.0.0
2025-07-19 13:25:43,685 [INFO] ThirdParty:1030 - CMSIS Pack Vendor :wolfSSL I-CUBE-wolfSSH 1.4.20
2025-07-19 13:25:43,685 [INFO] ThirdParty:1030 - CMSIS Pack Vendor :STMicroelectronics X-CUBE-NFC7 2.0.0
2025-07-19 13:25:43,685 [INFO] ThirdParty:1030 - CMSIS Pack Vendor :STMicroelectronics X-CUBE-TCPP 4.2.0
2025-07-19 13:25:43,685 [INFO] ThirdParty:1030 - CMSIS Pack Vendor :RealThread X-CUBE-RT-Thread_Nano 4.1.1
2025-07-19 13:25:43,685 [INFO] ThirdParty:1030 - CMSIS Pack Vendor :STMicroelectronics FP-ATR-SIGFOX1 3.2.0
2025-07-19 13:25:43,685 [INFO] ThirdParty:1030 - CMSIS Pack Vendor :STMicroelectronics X-CUBE-NFC10 1.0.0
2025-07-19 13:25:43,685 [INFO] ThirdParty:1030 - CMSIS Pack Vendor :STMicroelectronics X-CUBE-BLEMGR 4.0.0
2025-07-19 13:25:43,685 [INFO] ThirdParty:1030 - CMSIS Pack Vendor :STMicroelectronics X-CUBE-EEPRMA1 5.1.0
2025-07-19 13:25:43,685 [INFO] ThirdParty:1030 - CMSIS Pack Vendor :STMicroelectronics X-CUBE-FREERTOS 1.3.1
2025-07-19 13:25:43,685 [INFO] ThirdParty:1030 - CMSIS Pack Vendor :STMicroelectronics HAL Drivers 0.0.0
2025-07-19 13:25:43,685 [INFO] ThirdParty:1030 - CMSIS Pack Vendor :STMicroelectronics MBEDTLS 2.16.2
2025-07-19 13:25:43,685 [INFO] ThirdParty:1030 - CMSIS Pack Vendor :STMicroelectronics X-CUBE-IPS 3.1.0
2025-07-19 13:25:43,685 [INFO] ThirdParty:1030 - CMSIS Pack Vendor :STMicroelectronics X-CUBE-ALS 1.0.2
2025-07-19 13:25:43,685 [INFO] ThirdParty:1030 - CMSIS Pack Vendor :emotas I-CUBE-CANOPEN 1.3.0
2025-07-19 13:25:43,685 [INFO] ThirdParty:1030 - CMSIS Pack Vendor :STMicroelectronics MBEDTLS 2.14.1
2025-07-19 13:25:43,685 [INFO] ThirdParty:1030 - CMSIS Pack Vendor :ITTIA_DB I-CUBE-ITTIADB 8.9.0
2025-07-19 13:25:43,685 [INFO] ThirdParty:1030 - CMSIS Pack Vendor :portGmbH I-Cube-SoM-uGOAL 1.1.0
2025-07-19 13:25:43,685 [INFO] ThirdParty:1030 - CMSIS Pack Vendor :quantropi X-CUBE-qispace-sdk-base 2.0.0
2025-07-19 13:25:43,686 [INFO] ThirdParty:1030 - CMSIS Pack Vendor :STMicroelectronics X-CUBE-ST67W61 1.0.0
2025-07-19 13:25:43,686 [INFO] ThirdParty:1030 - CMSIS Pack Vendor :STMicroelectronics FP-SNS-STAIOTCFT 1.0.0
2025-07-19 13:25:43,686 [INFO] ThirdParty:1030 - CMSIS Pack Vendor :STMicroelectronics ThreadX 1.0.0
2025-07-19 13:25:43,686 [INFO] ThirdParty:1030 - CMSIS Pack Vendor :STMicroelectronics FP-SNS-SMARTAG2 1.2.0
2025-07-19 13:25:43,686 [INFO] ThirdParty:1030 - CMSIS Pack Vendor :STMicroelectronics FP-SNS-FLIGHT1 5.1.0
2025-07-19 13:25:43,686 [INFO] ThirdParty:1030 - CMSIS Pack Vendor :STMicroelectronics X-CUBE-AZRTOS-WL 2.0.0
2025-07-19 13:25:43,686 [INFO] ThirdParty:1030 - CMSIS Pack Vendor :SEGGER I-CUBE-embOS 1.3.1
2025-07-19 13:25:43,686 [INFO] ThirdParty:1030 - CMSIS Pack Vendor :STMicroelectronics X-CUBE-ALGOBUILD 1.4.0
2025-07-19 13:25:43,686 [INFO] ThirdParty:1030 - CMSIS Pack Vendor :STMicroelectronics X-CUBE-DPower 1.3.0
2025-07-19 13:25:43,686 [INFO] ThirdParty:1030 - CMSIS Pack Vendor :STMicroelectronics X-CUBE-MEMS1 11.3.0
2025-07-19 13:25:43,686 [INFO] ThirdParty:1030 - CMSIS Pack Vendor :STMicroelectronics FP-SNS-MOTENV1 5.0.0
2025-07-19 13:25:43,686 [INFO] ThirdParty:1030 - CMSIS Pack Vendor :STMicroelectronics USB_DEVICE 1.0.0
2025-07-19 13:25:43,686 [INFO] ThirdParty:1030 - CMSIS Pack Vendor :STMicroelectronics X-CUBE-AZRTOS-L4 2.0.0
2025-07-19 13:25:43,686 [INFO] ThirdParty:1030 - CMSIS Pack Vendor :STMicroelectronics ThreadX 0.0.2
2025-07-19 13:25:43,686 [INFO] ThirdParty:1030 - CMSIS Pack Vendor :WES I-CUBE-Cesium 1.3.0
2025-07-19 13:25:43,686 [INFO] ThirdParty:1030 - CMSIS Pack Vendor :STMicroelectronics lwIP 2.1.2
2025-07-19 13:25:43,686 [INFO] ThirdParty:1030 - CMSIS Pack Vendor :STMicroelectronics X-CUBE-SFXS2LP1 4.0.0
2025-07-19 13:25:43,686 [INFO] ThirdParty:1030 - CMSIS Pack Vendor :STMicroelectronics X-CUBE-BLE2 3.3.0
2025-07-19 13:25:43,686 [INFO] ThirdParty:1030 - CMSIS Pack Vendor :STMicroelectronics X-CUBE-TOF1 3.4.3
2025-07-19 13:25:43,686 [INFO] ThirdParty:1030 - CMSIS Pack Vendor :STMicroelectronics PDM2PCM 3.2.0
2025-07-19 13:25:43,686 [INFO] ThirdParty:841 - exiting critical section [change project]
2025-07-19 13:25:44,545 [INFO] PinOutPanel:1589 - setPackage(No Configuration,No Configuration)
2025-07-19 13:25:44,551 [INFO] PinOutPanel:1589 - setPackage(STM32F446RETx,LQFP64)
2025-07-19 13:25:50,275 [INFO] UtilMem:75 - Before build in PCC Used Memory: 495976448 Bytes (865075200)
2025-07-19 13:25:51,234 [INFO] UtilMem:75 - After build in PCC Used Memory: 723517440 Bytes (865075200)
2025-07-19 13:25:51,286 [INFO] IPUIPlugin:80 - create IPUIPlugin
2025-07-19 13:25:51,286 [INFO] IPUIPlugin:80 - create IPUIPlugin
2025-07-19 13:25:51,286 [INFO] IPUIPlugin:80 - create IPUIPlugin
2025-07-19 13:25:51,286 [INFO] IPUIPlugin:80 - create IPUIPlugin
2025-07-19 13:25:51,286 [INFO] IPUIPlugin:80 - create IPUIPlugin
2025-07-19 13:25:51,287 [INFO] IPUIPlugin:80 - create IPUIPlugin
2025-07-19 13:25:51,287 [INFO] IPUIPlugin:80 - create IPUIPlugin
2025-07-19 13:25:51,287 [INFO] IPUIPlugin:80 - create IPUIPlugin
2025-07-19 13:25:51,287 [INFO] IPUIPlugin:80 - create IPUIPlugin
2025-07-19 13:25:51,287 [INFO] IPUIPlugin:80 - create IPUIPlugin
2025-07-19 13:25:51,288 [INFO] IPUIPlugin:80 - create IPUIPlugin
2025-07-19 13:25:51,288 [INFO] IPUIPlugin:80 - create IPUIPlugin
2025-07-19 13:25:51,288 [INFO] IPUIPlugin:80 - create IPUIPlugin
2025-07-19 13:25:51,288 [INFO] IPUIPlugin:80 - create IPUIPlugin
2025-07-19 13:25:51,288 [INFO] IPUIPlugin:80 - create IPUIPlugin
2025-07-19 13:25:51,289 [INFO] IPUIPlugin:80 - create IPUIPlugin
2025-07-19 13:25:51,289 [INFO] IPUIPlugin:80 - create IPUIPlugin
2025-07-19 13:25:51,289 [INFO] IPUIPlugin:80 - create IPUIPlugin
2025-07-19 13:25:51,289 [INFO] IPUIPlugin:80 - create IPUIPlugin
2025-07-19 13:25:51,289 [INFO] IPUIPlugin:80 - create IPUIPlugin
2025-07-19 13:25:51,290 [INFO] IPUIPlugin:80 - create IPUIPlugin
2025-07-19 13:25:51,290 [INFO] IPUIPlugin:80 - create IPUIPlugin
2025-07-19 13:25:51,291 [INFO] IPUIPlugin:80 - create IPUIPlugin
2025-07-19 13:25:51,291 [INFO] IPUIPlugin:80 - create IPUIPlugin
2025-07-19 13:25:51,291 [INFO] IPUIPlugin:80 - create IPUIPlugin
2025-07-19 13:25:51,291 [INFO] IPUIPlugin:80 - create IPUIPlugin
2025-07-19 13:25:51,291 [INFO] IPUIPlugin:80 - create IPUIPlugin
2025-07-19 13:25:51,293 [INFO] IPUIPlugin:80 - create IPUIPlugin
2025-07-19 13:25:51,293 [INFO] IPUIPlugin:80 - create IPUIPlugin
2025-07-19 13:25:51,294 [INFO] IPUIPlugin:80 - create IPUIPlugin
2025-07-19 13:25:51,294 [INFO] IPUIPlugin:80 - create IPUIPlugin
2025-07-19 13:25:51,294 [INFO] IPUIPlugin:80 - create IPUIPlugin
2025-07-19 13:25:51,295 [INFO] IPUIPlugin:80 - create IPUIPlugin
2025-07-19 13:25:51,295 [INFO] IPUIPlugin:80 - create IPUIPlugin
2025-07-19 13:25:51,296 [INFO] IPUIPlugin:80 - create IPUIPlugin
2025-07-19 13:25:51,296 [INFO] IPUIPlugin:80 - create IPUIPlugin
2025-07-19 13:25:51,296 [INFO] IPUIPlugin:80 - create IPUIPlugin
2025-07-19 13:25:51,297 [INFO] IPUIPlugin:80 - create IPUIPlugin
2025-07-19 13:25:51,297 [INFO] IPUIPlugin:80 - create IPUIPlugin
2025-07-19 13:25:51,298 [INFO] IPUIPlugin:80 - create IPUIPlugin
2025-07-19 13:25:51,299 [INFO] IPUIPlugin:80 - create IPUIPlugin
2025-07-19 13:25:51,299 [INFO] IPUIPlugin:80 - create IPUIPlugin
2025-07-19 13:25:51,300 [INFO] IPUIPlugin:80 - create IPUIPlugin
2025-07-19 13:25:51,300 [INFO] IPUIPlugin:80 - create IPUIPlugin
2025-07-19 13:25:51,301 [INFO] IPUIPlugin:80 - create IPUIPlugin
2025-07-19 13:25:51,301 [INFO] IPUIPlugin:80 - create IPUIPlugin
2025-07-19 13:25:51,301 [INFO] IPUIPlugin:80 - create IPUIPlugin
2025-07-19 13:25:51,303 [INFO] IPUIPlugin:80 - create IPUIPlugin
2025-07-19 13:25:51,303 [INFO] IPUIPlugin:80 - create IPUIPlugin
2025-07-19 13:25:51,304 [INFO] IPUIPlugin:80 - create IPUIPlugin
2025-07-19 13:25:51,304 [INFO] IPUIPlugin:80 - create IPUIPlugin
2025-07-19 13:25:51,305 [INFO] IPUIPlugin:80 - create IPUIPlugin
2025-07-19 13:25:51,305 [INFO] IPUIPlugin:80 - create IPUIPlugin
2025-07-19 13:25:51,305 [INFO] IPUIPlugin:80 - create IPUIPlugin
2025-07-19 13:25:51,306 [INFO] IPUIPlugin:80 - create IPUIPlugin
2025-07-19 13:25:51,306 [INFO] IPUIPlugin:80 - create IPUIPlugin
2025-07-19 13:25:51,306 [INFO] IPUIPlugin:80 - create IPUIPlugin
2025-07-19 13:25:51,307 [INFO] IPUIPlugin:80 - create IPUIPlugin
2025-07-19 13:25:51,309 [INFO] IPUIPlugin:80 - create IPUIPlugin
2025-07-19 13:25:51,309 [INFO] IPUIPlugin:80 - create IPUIPlugin
2025-07-19 13:25:51,367 [INFO] ApiDbMcu:532 - Load IP Config File for PDM2PCM
2025-07-19 13:25:51,375 [WARN] IP:2250 - I2C_Coeff_DF not found: check if there is a RefParameter without a condition.
2025-07-19 13:25:51,376 [WARN] IP:2250 - Analog_Filter not found: check if there is a RefParameter without a condition.
2025-07-19 13:25:51,677 [INFO] CADModel:165 - CPN selected for project levelSTM32F446RET6
2025-07-19 13:25:51,677 [INFO] CADModel:114 - Register for checkConnection events
2025-07-19 13:25:51,717 [INFO] OpenFileManager:386 - Restore cursor
2025-07-19 13:25:52,378 [WARN] IP:2250 - I2C_Coeff_DF not found: check if there is a RefParameter without a condition.
2025-07-19 13:25:52,381 [WARN] IP:2250 - Analog_Filter not found: check if there is a RefParameter without a condition.
2025-07-19 13:25:52,389 [WARN] IP:2250 - I2C_Coeff_DF not found: check if there is a RefParameter without a condition.
2025-07-19 13:25:52,390 [WARN] IP:2250 - Analog_Filter not found: check if there is a RefParameter without a condition.
2025-07-19 13:26:25,173 [INFO] RtosManager:1018 - Current active RTOS is FREERTOS [Cortex-M4NS]
2025-07-19 13:26:25,484 [INFO] ApiDbMcu:532 - Load IP Config File for FREERTOS
2025-07-19 13:26:26,232 [WARN] FreeRTOS:563 - Case being investigated as it may cause exception (when called to early by set config state
2025-07-19 13:26:26,551 [ERROR] RtosPanel:558 - Can not restore the selected Tab for FREERTOS(A reason can be that the tab is no more available.)
2025-07-19 13:26:26,658 [ERROR] RtosPanel:558 - Can not restore the selected Tab for FREERTOS(A reason can be that the tab is no more available.)
2025-07-19 13:26:31,797 [INFO] UtilMem:75 - End SaveConfig() Used Memory: 729808896 Bytes (1028653056)
2025-07-19 13:26:32,821 [INFO] UtilMem:75 - End SaveConfig() Used Memory: 753926144 Bytes (1028653056)
2025-07-19 13:26:33,986 [INFO] UtilMem:75 - End SaveConfig() Used Memory: 887621632 Bytes (1028653056)
2025-07-19 13:26:55,100 [INFO] BlockDiagram:2775 - set Specific Code input for plugin: FREERTOS
2025-07-19 13:26:55,101 [INFO] BlockDiagram:2775 - set Specific Code input for plugin: TIM1_8
2025-07-19 13:26:55,102 [INFO] BlockDiagram:2775 - set Specific Code input for plugin: SYS
2025-07-19 13:26:55,102 [INFO] BlockDiagram:2775 - set Specific Code input for plugin: RCC
2025-07-19 13:26:55,103 [INFO] BlockDiagram:2775 - set Specific Code input for plugin: I2C
2025-07-19 13:26:55,103 [INFO] BlockDiagram:2775 - set Specific Code input for plugin: NVIC
2025-07-19 13:26:55,103 [INFO] BlockDiagram:2775 - set Specific Code input for plugin: USART
2025-07-19 13:26:55,105 [INFO] BlockDiagram:2775 - set Specific Code input for plugin: GPIO
2025-07-19 13:26:55,111 [INFO] CodeGenerator:892 - code generatio: config db path: C:\ST\STM32CubeIDE_1.18.1\STM32CubeIDE\plugins\com.st.stm32cube.common.mx_6.15.0.202507011659\\db\
2025-07-19 13:26:55,152 [WARN] IP:2250 - I2C_Coeff_DF not found: check if there is a RefParameter without a condition.
2025-07-19 13:26:55,153 [WARN] IP:2250 - Analog_Filter not found: check if there is a RefParameter without a condition.
2025-07-19 13:26:55,478 [INFO] CodeEngine:265 - oldGeneratedFile, C:\Users\aliya\proje\KontrolOrtakCalisma\kontrol 3\MXTmpFiles\license.tmp_save
2025-07-19 13:26:56,188 [INFO] CodeEngine:289 - Generated code: C:\Users\aliya\proje\KontrolOrtakCalisma\kontrol 3\MXTmpFiles\license.tmp
2025-07-19 13:26:56,344 [INFO] CodeEngine:265 - oldGeneratedFile, C:\Users\aliya\proje\KontrolOrtakCalisma\kontrol 3\MXTmpFiles\gpio.tmp_save
2025-07-19 13:26:56,762 [INFO] CodeEngine:289 - Generated code: C:\Users\aliya\proje\KontrolOrtakCalisma\kontrol 3\MXTmpFiles\gpio.tmp
2025-07-19 13:26:57,111 [INFO] Middleware:1452 - No code input for Bsp Dependency
2025-07-19 13:26:57,121 [INFO] CodeEngine:265 - oldGeneratedFile, C:\Users\aliya\proje\KontrolOrtakCalisma\kontrol 3\MXTmpFiles\rtos_inc.tmp_save
2025-07-19 13:26:57,234 [INFO] CodeEngine:289 - Generated code: C:\Users\aliya\proje\KontrolOrtakCalisma\kontrol 3\MXTmpFiles\rtos_inc.tmp
2025-07-19 13:26:57,240 [INFO] CodeEngine:265 - oldGeneratedFile, C:\Users\aliya\proje\KontrolOrtakCalisma\kontrol 3\MXTmpFiles\rtos_kernelInit.tmp_save
2025-07-19 13:26:57,348 [INFO] CodeEngine:289 - Generated code: C:\Users\aliya\proje\KontrolOrtakCalisma\kontrol 3\MXTmpFiles\rtos_kernelInit.tmp
2025-07-19 13:26:57,354 [INFO] CodeEngine:265 - oldGeneratedFile, C:\Users\aliya\proje\KontrolOrtakCalisma\kontrol 3\MXTmpFiles\rtos_kernelStart.tmp_save
2025-07-19 13:26:57,434 [INFO] CodeEngine:289 - Generated code: C:\Users\aliya\proje\KontrolOrtakCalisma\kontrol 3\MXTmpFiles\rtos_kernelStart.tmp
2025-07-19 13:26:57,491 [INFO] CodeEngine:265 - oldGeneratedFile, C:\Users\aliya\proje\KontrolOrtakCalisma\kontrol 3\MXTmpFiles\rtos_typedefs.tmp_save
2025-07-19 13:26:57,568 [INFO] CodeEngine:289 - Generated code: C:\Users\aliya\proje\KontrolOrtakCalisma\kontrol 3\MXTmpFiles\rtos_typedefs.tmp
2025-07-19 13:26:57,574 [INFO] CodeEngine:265 - oldGeneratedFile, C:\Users\aliya\proje\KontrolOrtakCalisma\kontrol 3\MXTmpFiles\rtos_vars.tmp_save
2025-07-19 13:26:57,653 [INFO] CodeEngine:289 - Generated code: C:\Users\aliya\proje\KontrolOrtakCalisma\kontrol 3\MXTmpFiles\rtos_vars.tmp
2025-07-19 13:26:57,661 [INFO] CodeEngine:265 - oldGeneratedFile, C:\Users\aliya\proje\KontrolOrtakCalisma\kontrol 3\MXTmpFiles\rtos_pfp.tmp_save
2025-07-19 13:26:57,738 [INFO] CodeEngine:289 - Generated code: C:\Users\aliya\proje\KontrolOrtakCalisma\kontrol 3\MXTmpFiles\rtos_pfp.tmp
2025-07-19 13:26:57,742 [INFO] CodeEngine:265 - oldGeneratedFile, C:\Users\aliya\proje\KontrolOrtakCalisma\kontrol 3\MXTmpFiles\rtos_obj_creat.tmp_save
2025-07-19 13:26:57,816 [INFO] CodeEngine:289 - Generated code: C:\Users\aliya\proje\KontrolOrtakCalisma\kontrol 3\MXTmpFiles\rtos_obj_creat.tmp
2025-07-19 13:26:57,824 [INFO] CodeEngine:265 - oldGeneratedFile, C:\Users\aliya\proje\KontrolOrtakCalisma\kontrol 3\MXTmpFiles\rtos_default_thread.tmp_save
2025-07-19 13:26:57,882 [INFO] CodeEngine:289 - Generated code: C:\Users\aliya\proje\KontrolOrtakCalisma\kontrol 3\MXTmpFiles\rtos_default_thread.tmp
2025-07-19 13:26:57,888 [INFO] CodeEngine:265 - oldGeneratedFile, C:\Users\aliya\proje\KontrolOrtakCalisma\kontrol 3\MXTmpFiles\rtos_threads.tmp_save
2025-07-19 13:26:57,956 [INFO] CodeEngine:289 - Generated code: C:\Users\aliya\proje\KontrolOrtakCalisma\kontrol 3\MXTmpFiles\rtos_threads.tmp
2025-07-19 13:26:57,976 [INFO] Middleware:1452 - No code input for Bsp Dependency
2025-07-19 13:26:57,984 [INFO] CodeEngine:265 - oldGeneratedFile, C:\Users\aliya\proje\KontrolOrtakCalisma\kontrol 3\MXTmpFiles\rtos_inc.tmp_save
2025-07-19 13:26:58,046 [INFO] CodeEngine:289 - Generated code: C:\Users\aliya\proje\KontrolOrtakCalisma\kontrol 3\MXTmpFiles\rtos_inc.tmp
2025-07-19 13:26:58,053 [INFO] CodeEngine:265 - oldGeneratedFile, C:\Users\aliya\proje\KontrolOrtakCalisma\kontrol 3\MXTmpFiles\rtos_kernelInit.tmp_save
2025-07-19 13:26:58,112 [INFO] CodeEngine:289 - Generated code: C:\Users\aliya\proje\KontrolOrtakCalisma\kontrol 3\MXTmpFiles\rtos_kernelInit.tmp
2025-07-19 13:26:58,120 [INFO] CodeEngine:265 - oldGeneratedFile, C:\Users\aliya\proje\KontrolOrtakCalisma\kontrol 3\MXTmpFiles\rtos_kernelStart.tmp_save
2025-07-19 13:26:58,179 [INFO] CodeEngine:289 - Generated code: C:\Users\aliya\proje\KontrolOrtakCalisma\kontrol 3\MXTmpFiles\rtos_kernelStart.tmp
2025-07-19 13:26:58,185 [INFO] CodeEngine:265 - oldGeneratedFile, C:\Users\aliya\proje\KontrolOrtakCalisma\kontrol 3\MXTmpFiles\rtos_typedefs.tmp_save
2025-07-19 13:26:58,245 [INFO] CodeEngine:289 - Generated code: C:\Users\aliya\proje\KontrolOrtakCalisma\kontrol 3\MXTmpFiles\rtos_typedefs.tmp
2025-07-19 13:26:58,251 [INFO] CodeEngine:265 - oldGeneratedFile, C:\Users\aliya\proje\KontrolOrtakCalisma\kontrol 3\MXTmpFiles\rtos_vars.tmp_save
2025-07-19 13:26:58,310 [INFO] CodeEngine:289 - Generated code: C:\Users\aliya\proje\KontrolOrtakCalisma\kontrol 3\MXTmpFiles\rtos_vars.tmp
2025-07-19 13:26:58,317 [INFO] CodeEngine:265 - oldGeneratedFile, C:\Users\aliya\proje\KontrolOrtakCalisma\kontrol 3\MXTmpFiles\rtos_pfp.tmp_save
2025-07-19 13:26:58,386 [INFO] CodeEngine:289 - Generated code: C:\Users\aliya\proje\KontrolOrtakCalisma\kontrol 3\MXTmpFiles\rtos_pfp.tmp
2025-07-19 13:26:58,400 [INFO] CodeEngine:265 - oldGeneratedFile, C:\Users\aliya\proje\KontrolOrtakCalisma\kontrol 3\MXTmpFiles\rtos_obj_creat.tmp_save
2025-07-19 13:26:58,485 [INFO] CodeEngine:289 - Generated code: C:\Users\aliya\proje\KontrolOrtakCalisma\kontrol 3\MXTmpFiles\rtos_obj_creat.tmp
2025-07-19 13:26:58,492 [INFO] CodeEngine:265 - oldGeneratedFile, C:\Users\aliya\proje\KontrolOrtakCalisma\kontrol 3\MXTmpFiles\rtos_default_thread.tmp_save
2025-07-19 13:26:58,564 [INFO] CodeEngine:289 - Generated code: C:\Users\aliya\proje\KontrolOrtakCalisma\kontrol 3\MXTmpFiles\rtos_default_thread.tmp
2025-07-19 13:26:58,570 [INFO] CodeEngine:265 - oldGeneratedFile, C:\Users\aliya\proje\KontrolOrtakCalisma\kontrol 3\MXTmpFiles\rtos_threads.tmp_save
2025-07-19 13:26:58,626 [INFO] CodeEngine:289 - Generated code: C:\Users\aliya\proje\KontrolOrtakCalisma\kontrol 3\MXTmpFiles\rtos_threads.tmp
2025-07-19 13:26:58,682 [INFO] CodeEngine:265 - oldGeneratedFile, C:\Users\aliya\proje\KontrolOrtakCalisma\kontrol 3\Core\Inc\FreeRTOSConfig.h_save
2025-07-19 13:26:58,822 [INFO] CodeEngine:289 - Generated code: C:\Users\aliya\proje\KontrolOrtakCalisma\kontrol 3\Core\Inc\FreeRTOSConfig.h
2025-07-19 13:26:58,855 [INFO] CodeEngine:265 - oldGeneratedFile, C:\Users\aliya\proje\KontrolOrtakCalisma\kontrol 3\Core\Src\freertos.c_save
2025-07-19 13:26:59,060 [INFO] CodeEngine:289 - Generated code: C:\Users\aliya\proje\KontrolOrtakCalisma\kontrol 3\Core\Src\freertos.c
2025-07-19 13:26:59,166 [INFO] CodeEngine:265 - oldGeneratedFile, C:\Users\aliya\proje\KontrolOrtakCalisma\kontrol 3\Core\Src\stm32f4xx_it.c_save
2025-07-19 13:26:59,322 [INFO] CodeEngine:289 - Generated code: C:\Users\aliya\proje\KontrolOrtakCalisma\kontrol 3\Core\Src\stm32f4xx_it.c
2025-07-19 13:26:59,338 [INFO] CodeEngine:265 - oldGeneratedFile, C:\Users\aliya\proje\KontrolOrtakCalisma\kontrol 3\Core\Inc\stm32f4xx_it.h_save
2025-07-19 13:26:59,416 [INFO] CodeEngine:289 - Generated code: C:\Users\aliya\proje\KontrolOrtakCalisma\kontrol 3\Core\Inc\stm32f4xx_it.h
2025-07-19 13:26:59,432 [INFO] CodeEngine:265 - oldGeneratedFile, C:\Users\aliya\proje\KontrolOrtakCalisma\kontrol 3\Core\Src\stm32f4xx_hal_msp.c_save
2025-07-19 13:26:59,557 [INFO] CodeEngine:289 - Generated code: C:\Users\aliya\proje\KontrolOrtakCalisma\kontrol 3\Core\Src\stm32f4xx_hal_msp.c
2025-07-19 13:26:59,573 [INFO] CodeEngine:265 - oldGeneratedFile, C:\Users\aliya\proje\KontrolOrtakCalisma\kontrol 3\MXTmpFiles\system.tmp_save
2025-07-19 13:26:59,619 [INFO] CodeEngine:289 - Generated code: C:\Users\aliya\proje\KontrolOrtakCalisma\kontrol 3\MXTmpFiles\system.tmp
2025-07-19 13:26:59,635 [INFO] CodeEngine:321 - oldGeneratedFile, C:\Users\aliya\proje\KontrolOrtakCalisma\kontrol 3\Core\Inc\stm32f4xx_hal_conf.h_save
2025-07-19 13:26:59,713 [INFO] CodeEngine:345 - Generated code: C:\Users\aliya\proje\KontrolOrtakCalisma\kontrol 3\Core\Inc\stm32f4xx_hal_conf.h
2025-07-19 13:26:59,742 [WARN] IPConfigManager:3238 - Warning: the RefConfig PLL2P_FOR_MCO is not available in your config.xml file
2025-07-19 13:26:59,753 [INFO] ApiDbMcu:532 - Load IP Config File for I2C2
2025-07-19 13:26:59,772 [INFO] ApiDbMcu:532 - Load IP Config File for TIM1
2025-07-19 13:26:59,777 [INFO] ApiDbMcu:532 - Load IP Config File for USART2
2025-07-19 13:26:59,785 [INFO] ApiDbMcu:532 - Load IP Config File for RCC
2025-07-19 13:26:59,792 [WARN] IPConfigManager:3811 - IP not found : TIM
2025-07-19 13:26:59,794 [WARN] CodeGenerator:4259 - IP not found : null
2025-07-19 13:26:59,830 [INFO] CodeEngine:265 - oldGeneratedFile, C:\Users\aliya\proje\KontrolOrtakCalisma\kontrol 3\Core\Inc\main.h_save
2025-07-19 13:26:59,951 [INFO] CodeEngine:289 - Generated code: C:\Users\aliya\proje\KontrolOrtakCalisma\kontrol 3\Core\Inc\main.h
2025-07-19 13:26:59,961 [INFO] CodeEngine:265 - oldGeneratedFile, C:\Users\aliya\proje\KontrolOrtakCalisma\kontrol 3\Core\Src\main.c_save
2025-07-19 13:27:00,150 [INFO] CodeEngine:289 - Generated code: C:\Users\aliya\proje\KontrolOrtakCalisma\kontrol 3\Core\Src\main.c
2025-07-19 13:27:01,122 [INFO] ProjectBuilder:3606 - Time for Copy HAL[1] : 649mS.
2025-07-19 13:27:01,150 [INFO] ProjectBuilder:5216 - Project Generator version: 4.7.0-B52
2025-07-19 13:27:01,477 [INFO] ConfigFileManager:1595 - The Die is : DIE421
2025-07-19 13:27:01,482 [INFO] ApiDbMcu:532 - Load IP Config File for FATFS
2025-07-19 13:27:01,484 [INFO] ApiDbMcu:532 - Load IP Config File for LIBJPEG
2025-07-19 13:27:01,493 [INFO] ApiDbMcu:532 - Load IP Config File for MBEDTLS
2025-07-19 13:27:01,512 [INFO] ApiDbMcu:532 - Load IP Config File for USB_DEVICE
2025-07-19 13:27:01,522 [INFO] ApiDbMcu:532 - Load IP Config File for USB_HOST
2025-07-19 13:27:02,342 [INFO] LogOutputStream:77 - [STDOUT_REDIRECT] 
2025-07-19 13:27:03,644 [INFO] ProjectBuilder:5496 - Time for Generating toolchain IDE Files: 2494mS.
2025-07-19 13:27:03,646 [INFO] ProjectBuilder:3463 - Time for Copy CMSIS : 1mS.
2025-07-19 13:27:03,659 [INFO] ProjectBuilder:3463 - Time for Copy CMSIS : 0mS.
2025-07-19 13:43:15,993 [INFO] TasksAndQueuesTab:757 - Dynamic
2025-07-19 13:43:15,993 [WARN] TasksAndQueuesTab:763 - 128 128
2025-07-19 13:43:15,993 [WARN] TasksAndQueuesTab:775 - max value is: 3840.0
2025-07-19 13:43:19,678 [INFO] EditThreadDialog:704 - RAM SIZE (in KB): 128
2025-07-19 13:43:19,678 [INFO] EditThreadDialog:706 - RAM SIZE (in words): 32768
2025-07-19 13:43:26,587 [INFO] TasksAndQueuesTab:757 - Dynamic
2025-07-19 13:43:26,587 [WARN] TasksAndQueuesTab:763 - 128 128
2025-07-19 13:43:26,587 [WARN] TasksAndQueuesTab:775 - max value is: 3840.0
2025-07-19 13:43:26,764 [ERROR] RtosPanel:558 - Can not restore the selected Tab for FREERTOS(A reason can be that the tab is no more available.)
2025-07-19 13:43:28,219 [INFO] TasksAndQueuesTab:757 - Dynamic
2025-07-19 13:43:28,219 [WARN] TasksAndQueuesTab:763 - 128 128
2025-07-19 13:43:28,219 [WARN] TasksAndQueuesTab:775 - max value is: 3840.0
2025-07-19 13:43:29,060 [INFO] EditThreadDialog:704 - RAM SIZE (in KB): 128
2025-07-19 13:43:29,060 [INFO] EditThreadDialog:706 - RAM SIZE (in words): 32768
2025-07-19 13:43:42,207 [INFO] TasksAndQueuesTab:757 - Dynamic
2025-07-19 13:43:42,207 [WARN] TasksAndQueuesTab:763 - 128 128
2025-07-19 13:43:42,222 [WARN] TasksAndQueuesTab:775 - max value is: 3840.0
2025-07-19 13:43:42,222 [INFO] TasksAndQueuesTab:757 - Dynamic
2025-07-19 13:43:42,222 [WARN] TasksAndQueuesTab:763 - 128 128
2025-07-19 13:43:42,222 [WARN] TasksAndQueuesTab:775 - max value is: 3840.0
2025-07-19 13:43:49,977 [INFO] UtilMem:75 - End SaveConfig() Used Memory: 891915736 Bytes (1073741824)
2025-07-19 13:43:50,608 [INFO] UtilMem:75 - End SaveConfig() Used Memory: 914984408 Bytes (1073741824)
2025-07-19 13:43:51,376 [INFO] UtilMem:75 - End SaveConfig() Used Memory: 724497152 Bytes (1073741824)
2025-07-19 13:45:32,903 [INFO] UtilMem:75 - End SaveConfig() Used Memory: 755911632 Bytes (1073741824)
2025-07-19 13:45:42,537 [INFO] UtilMem:75 - End SaveConfig() Used Memory: 335775808 Bytes (1073741824)
2025-07-19 13:45:43,512 [INFO] UtilMem:75 - End SaveConfig() Used Memory: 359366720 Bytes (1073741824)
2025-07-19 13:45:44,048 [INFO] UtilMem:75 - End SaveConfig() Used Memory: 446398528 Bytes (1073741824)
2025-07-19 13:45:53,995 [INFO] BlockDiagram:2775 - set Specific Code input for plugin: FREERTOS
2025-07-19 13:45:53,995 [INFO] BlockDiagram:2775 - set Specific Code input for plugin: TIM1_8
2025-07-19 13:45:53,995 [INFO] BlockDiagram:2775 - set Specific Code input for plugin: SYS
2025-07-19 13:45:53,995 [INFO] BlockDiagram:2775 - set Specific Code input for plugin: RCC
2025-07-19 13:45:53,995 [INFO] BlockDiagram:2775 - set Specific Code input for plugin: I2C
2025-07-19 13:45:53,995 [INFO] BlockDiagram:2775 - set Specific Code input for plugin: NVIC
2025-07-19 13:45:53,995 [INFO] BlockDiagram:2775 - set Specific Code input for plugin: USART
2025-07-19 13:45:53,995 [INFO] BlockDiagram:2775 - set Specific Code input for plugin: GPIO
2025-07-19 13:45:53,995 [INFO] CodeGenerator:892 - code generatio: config db path: C:\ST\STM32CubeIDE_1.18.1\STM32CubeIDE\plugins\com.st.stm32cube.common.mx_6.15.0.202507011659\\db\
2025-07-19 13:45:54,011 [WARN] IP:2250 - I2C_Coeff_DF not found: check if there is a RefParameter without a condition.
2025-07-19 13:45:54,011 [WARN] IP:2250 - Analog_Filter not found: check if there is a RefParameter without a condition.
2025-07-19 13:45:54,120 [INFO] CodeEngine:265 - oldGeneratedFile, C:\Users\aliya\proje\KontrolOrtakCalisma\kontrol 3\MXTmpFiles\license.tmp_save
2025-07-19 13:45:54,338 [INFO] CodeEngine:289 - Generated code: C:\Users\aliya\proje\KontrolOrtakCalisma\kontrol 3\MXTmpFiles\license.tmp
2025-07-19 13:45:54,400 [INFO] CodeEngine:265 - oldGeneratedFile, C:\Users\aliya\proje\KontrolOrtakCalisma\kontrol 3\MXTmpFiles\gpio.tmp_save
2025-07-19 13:45:54,541 [INFO] CodeEngine:289 - Generated code: C:\Users\aliya\proje\KontrolOrtakCalisma\kontrol 3\MXTmpFiles\gpio.tmp
2025-07-19 13:45:54,740 [INFO] Middleware:1452 - No code input for Bsp Dependency
2025-07-19 13:45:54,749 [INFO] CodeEngine:265 - oldGeneratedFile, C:\Users\aliya\proje\KontrolOrtakCalisma\kontrol 3\MXTmpFiles\rtos_inc.tmp_save
2025-07-19 13:45:54,830 [INFO] CodeEngine:289 - Generated code: C:\Users\aliya\proje\KontrolOrtakCalisma\kontrol 3\MXTmpFiles\rtos_inc.tmp
2025-07-19 13:45:54,837 [INFO] CodeEngine:265 - oldGeneratedFile, C:\Users\aliya\proje\KontrolOrtakCalisma\kontrol 3\MXTmpFiles\rtos_kernelInit.tmp_save
2025-07-19 13:45:54,916 [INFO] CodeEngine:289 - Generated code: C:\Users\aliya\proje\KontrolOrtakCalisma\kontrol 3\MXTmpFiles\rtos_kernelInit.tmp
2025-07-19 13:45:54,922 [INFO] CodeEngine:265 - oldGeneratedFile, C:\Users\aliya\proje\KontrolOrtakCalisma\kontrol 3\MXTmpFiles\rtos_kernelStart.tmp_save
2025-07-19 13:45:55,000 [INFO] CodeEngine:289 - Generated code: C:\Users\aliya\proje\KontrolOrtakCalisma\kontrol 3\MXTmpFiles\rtos_kernelStart.tmp
2025-07-19 13:45:55,005 [INFO] CodeEngine:265 - oldGeneratedFile, C:\Users\aliya\proje\KontrolOrtakCalisma\kontrol 3\MXTmpFiles\rtos_typedefs.tmp_save
2025-07-19 13:45:55,119 [INFO] CodeEngine:289 - Generated code: C:\Users\aliya\proje\KontrolOrtakCalisma\kontrol 3\MXTmpFiles\rtos_typedefs.tmp
2025-07-19 13:45:55,137 [INFO] CodeEngine:265 - oldGeneratedFile, C:\Users\aliya\proje\KontrolOrtakCalisma\kontrol 3\MXTmpFiles\rtos_vars.tmp_save
2025-07-19 13:45:55,288 [INFO] CodeEngine:289 - Generated code: C:\Users\aliya\proje\KontrolOrtakCalisma\kontrol 3\MXTmpFiles\rtos_vars.tmp
2025-07-19 13:45:55,294 [INFO] CodeEngine:265 - oldGeneratedFile, C:\Users\aliya\proje\KontrolOrtakCalisma\kontrol 3\MXTmpFiles\rtos_pfp.tmp_save
2025-07-19 13:45:55,362 [INFO] CodeEngine:289 - Generated code: C:\Users\aliya\proje\KontrolOrtakCalisma\kontrol 3\MXTmpFiles\rtos_pfp.tmp
2025-07-19 13:45:55,385 [INFO] CodeEngine:265 - oldGeneratedFile, C:\Users\aliya\proje\KontrolOrtakCalisma\kontrol 3\MXTmpFiles\rtos_obj_creat.tmp_save
2025-07-19 13:45:55,478 [INFO] CodeEngine:289 - Generated code: C:\Users\aliya\proje\KontrolOrtakCalisma\kontrol 3\MXTmpFiles\rtos_obj_creat.tmp
2025-07-19 13:45:55,485 [INFO] CodeEngine:265 - oldGeneratedFile, C:\Users\aliya\proje\KontrolOrtakCalisma\kontrol 3\MXTmpFiles\rtos_default_thread.tmp_save
2025-07-19 13:45:55,650 [INFO] CodeEngine:289 - Generated code: C:\Users\aliya\proje\KontrolOrtakCalisma\kontrol 3\MXTmpFiles\rtos_default_thread.tmp
2025-07-19 13:45:55,664 [INFO] CodeEngine:265 - oldGeneratedFile, C:\Users\aliya\proje\KontrolOrtakCalisma\kontrol 3\MXTmpFiles\rtos_threads.tmp_save
2025-07-19 13:45:56,001 [INFO] CodeEngine:289 - Generated code: C:\Users\aliya\proje\KontrolOrtakCalisma\kontrol 3\MXTmpFiles\rtos_threads.tmp
2025-07-19 13:45:56,108 [INFO] Middleware:1452 - No code input for Bsp Dependency
2025-07-19 13:45:56,152 [INFO] CodeEngine:265 - oldGeneratedFile, C:\Users\aliya\proje\KontrolOrtakCalisma\kontrol 3\MXTmpFiles\rtos_inc.tmp_save
2025-07-19 13:45:56,284 [INFO] CodeEngine:289 - Generated code: C:\Users\aliya\proje\KontrolOrtakCalisma\kontrol 3\MXTmpFiles\rtos_inc.tmp
2025-07-19 13:45:56,291 [INFO] CodeEngine:265 - oldGeneratedFile, C:\Users\aliya\proje\KontrolOrtakCalisma\kontrol 3\MXTmpFiles\rtos_kernelInit.tmp_save
2025-07-19 13:45:56,346 [INFO] CodeEngine:289 - Generated code: C:\Users\aliya\proje\KontrolOrtakCalisma\kontrol 3\MXTmpFiles\rtos_kernelInit.tmp
2025-07-19 13:45:56,352 [INFO] CodeEngine:265 - oldGeneratedFile, C:\Users\aliya\proje\KontrolOrtakCalisma\kontrol 3\MXTmpFiles\rtos_kernelStart.tmp_save
2025-07-19 13:45:56,418 [INFO] CodeEngine:289 - Generated code: C:\Users\aliya\proje\KontrolOrtakCalisma\kontrol 3\MXTmpFiles\rtos_kernelStart.tmp
2025-07-19 13:45:56,424 [INFO] CodeEngine:265 - oldGeneratedFile, C:\Users\aliya\proje\KontrolOrtakCalisma\kontrol 3\MXTmpFiles\rtos_typedefs.tmp_save
2025-07-19 13:45:56,479 [INFO] CodeEngine:289 - Generated code: C:\Users\aliya\proje\KontrolOrtakCalisma\kontrol 3\MXTmpFiles\rtos_typedefs.tmp
2025-07-19 13:45:56,486 [INFO] CodeEngine:265 - oldGeneratedFile, C:\Users\aliya\proje\KontrolOrtakCalisma\kontrol 3\MXTmpFiles\rtos_vars.tmp_save
2025-07-19 13:45:56,541 [INFO] CodeEngine:289 - Generated code: C:\Users\aliya\proje\KontrolOrtakCalisma\kontrol 3\MXTmpFiles\rtos_vars.tmp
2025-07-19 13:45:56,548 [INFO] CodeEngine:265 - oldGeneratedFile, C:\Users\aliya\proje\KontrolOrtakCalisma\kontrol 3\MXTmpFiles\rtos_pfp.tmp_save
2025-07-19 13:45:56,600 [INFO] CodeEngine:289 - Generated code: C:\Users\aliya\proje\KontrolOrtakCalisma\kontrol 3\MXTmpFiles\rtos_pfp.tmp
2025-07-19 13:45:56,606 [INFO] CodeEngine:265 - oldGeneratedFile, C:\Users\aliya\proje\KontrolOrtakCalisma\kontrol 3\MXTmpFiles\rtos_obj_creat.tmp_save
2025-07-19 13:45:56,667 [INFO] CodeEngine:289 - Generated code: C:\Users\aliya\proje\KontrolOrtakCalisma\kontrol 3\MXTmpFiles\rtos_obj_creat.tmp
2025-07-19 13:45:56,673 [INFO] CodeEngine:265 - oldGeneratedFile, C:\Users\aliya\proje\KontrolOrtakCalisma\kontrol 3\MXTmpFiles\rtos_default_thread.tmp_save
2025-07-19 13:45:56,727 [INFO] CodeEngine:289 - Generated code: C:\Users\aliya\proje\KontrolOrtakCalisma\kontrol 3\MXTmpFiles\rtos_default_thread.tmp
2025-07-19 13:45:56,734 [INFO] CodeEngine:265 - oldGeneratedFile, C:\Users\aliya\proje\KontrolOrtakCalisma\kontrol 3\MXTmpFiles\rtos_threads.tmp_save
2025-07-19 13:45:56,787 [INFO] CodeEngine:289 - Generated code: C:\Users\aliya\proje\KontrolOrtakCalisma\kontrol 3\MXTmpFiles\rtos_threads.tmp
2025-07-19 13:45:56,793 [INFO] CodeEngine:265 - oldGeneratedFile, C:\Users\aliya\proje\KontrolOrtakCalisma\kontrol 3\Core\Inc\FreeRTOSConfig.h_save
2025-07-19 13:45:56,866 [INFO] CodeEngine:289 - Generated code: C:\Users\aliya\proje\KontrolOrtakCalisma\kontrol 3\Core\Inc\FreeRTOSConfig.h
2025-07-19 13:45:56,873 [INFO] CodeEngine:265 - oldGeneratedFile, C:\Users\aliya\proje\KontrolOrtakCalisma\kontrol 3\Core\Src\freertos.c_save
2025-07-19 13:45:56,931 [INFO] CodeEngine:289 - Generated code: C:\Users\aliya\proje\KontrolOrtakCalisma\kontrol 3\Core\Src\freertos.c
2025-07-19 13:45:56,947 [INFO] CodeEngine:265 - oldGeneratedFile, C:\Users\aliya\proje\KontrolOrtakCalisma\kontrol 3\Core\Src\stm32f4xx_it.c_save
2025-07-19 13:45:57,255 [INFO] CodeEngine:289 - Generated code: C:\Users\aliya\proje\KontrolOrtakCalisma\kontrol 3\Core\Src\stm32f4xx_it.c
2025-07-19 13:45:57,260 [INFO] CodeEngine:265 - oldGeneratedFile, C:\Users\aliya\proje\KontrolOrtakCalisma\kontrol 3\Core\Inc\stm32f4xx_it.h_save
2025-07-19 13:45:57,317 [INFO] CodeEngine:289 - Generated code: C:\Users\aliya\proje\KontrolOrtakCalisma\kontrol 3\Core\Inc\stm32f4xx_it.h
2025-07-19 13:45:57,331 [INFO] CodeEngine:265 - oldGeneratedFile, C:\Users\aliya\proje\KontrolOrtakCalisma\kontrol 3\Core\Src\stm32f4xx_hal_msp.c_save
2025-07-19 13:45:57,432 [INFO] CodeEngine:289 - Generated code: C:\Users\aliya\proje\KontrolOrtakCalisma\kontrol 3\Core\Src\stm32f4xx_hal_msp.c
2025-07-19 13:45:57,437 [INFO] CodeEngine:265 - oldGeneratedFile, C:\Users\aliya\proje\KontrolOrtakCalisma\kontrol 3\MXTmpFiles\system.tmp_save
2025-07-19 13:45:57,491 [INFO] CodeEngine:289 - Generated code: C:\Users\aliya\proje\KontrolOrtakCalisma\kontrol 3\MXTmpFiles\system.tmp
2025-07-19 13:45:57,502 [INFO] CodeEngine:321 - oldGeneratedFile, C:\Users\aliya\proje\KontrolOrtakCalisma\kontrol 3\Core\Inc\stm32f4xx_hal_conf.h_save
2025-07-19 13:45:57,561 [INFO] CodeEngine:345 - Generated code: C:\Users\aliya\proje\KontrolOrtakCalisma\kontrol 3\Core\Inc\stm32f4xx_hal_conf.h
2025-07-19 13:45:57,577 [WARN] IPConfigManager:3238 - Warning: the RefConfig PLL2P_FOR_MCO is not available in your config.xml file
2025-07-19 13:45:57,583 [WARN] IPConfigManager:3811 - IP not found : TIM
2025-07-19 13:45:57,583 [WARN] CodeGenerator:4259 - IP not found : null
2025-07-19 13:45:57,592 [INFO] CodeEngine:265 - oldGeneratedFile, C:\Users\aliya\proje\KontrolOrtakCalisma\kontrol 3\Core\Inc\main.h_save
2025-07-19 13:45:57,667 [INFO] CodeEngine:289 - Generated code: C:\Users\aliya\proje\KontrolOrtakCalisma\kontrol 3\Core\Inc\main.h
2025-07-19 13:45:57,673 [INFO] CodeEngine:265 - oldGeneratedFile, C:\Users\aliya\proje\KontrolOrtakCalisma\kontrol 3\Core\Src\main.c_save
2025-07-19 13:45:57,795 [INFO] CodeEngine:289 - Generated code: C:\Users\aliya\proje\KontrolOrtakCalisma\kontrol 3\Core\Src\main.c
2025-07-19 13:45:58,433 [INFO] ProjectBuilder:3606 - Time for Copy HAL[1] : 238mS.
2025-07-19 13:45:58,433 [INFO] ProjectBuilder:5216 - Project Generator version: 4.7.0-B52
2025-07-19 13:45:58,511 [INFO] ConfigFileManager:1595 - The Die is : DIE421
2025-07-19 13:46:00,951 [INFO] ProjectBuilder:5496 - Time for Generating toolchain IDE Files: 2518mS.
2025-07-19 13:46:00,952 [INFO] ProjectBuilder:3463 - Time for Copy CMSIS : 0mS.
2025-07-19 13:46:00,979 [INFO] ProjectBuilder:3463 - Time for Copy CMSIS : 0mS.
2025-07-19 13:46:09,566 [ERROR] RtosPanel:558 - Can not restore the selected Tab for FREERTOS(A reason can be that the tab is no more available.)
2025-07-19 13:46:36,967 [INFO] UtilMem:75 - End SaveConfig() Used Memory: 773364864 Bytes (1073741824)
2025-07-19 13:46:37,793 [INFO] UtilMem:75 - End SaveConfig() Used Memory: 796959872 Bytes (1073741824)
2025-07-19 13:46:38,541 [INFO] UtilMem:75 - End SaveConfig() Used Memory: 865639552 Bytes (1073741824)
2025-07-19 14:22:46,203 [INFO] WebApp:194 - Connection lost
2025-07-19 14:25:25,048 [INFO] WebApp:191 - Connection restablished
2025-07-19 14:40:01,088 [INFO] Activator:176 - 


2025-07-19 14:40:01,091 [INFO] Activator:177 - !SESSION log4j initialized
2025-07-19 14:40:10,484 [INFO] LogOutputStream:77 - [STDOUT_REDIRECT] 
2025-07-19 14:40:23,144 [INFO] ApplicationProperties:184 - Using Application install path: C:\ST\STM32CubeIDE_1.18.1\STM32CubeIDE\plugins\com.st.stm32cube.common.mx_6.15.0.202507011659
2025-07-19 14:40:23,179 [INFO] DbMcusXml:78 - Set database path to: C:\ST\STM32CubeIDE_1.18.1\STM32CubeIDE\plugins\com.st.stm32cube.common.mx_6.15.0.202507011659\\db\/mcu/
2025-07-19 14:40:23,180 [INFO] ApiDb:274 - Set plugin database path to: C:\ST\STM32CubeIDE_1.18.1\STM32CubeIDE\plugins\com.st.stm32cube.common.mx_6.15.0.202507011659\\db\/plugins/boardmanager/
2025-07-19 14:40:23,180 [WARN] ApiDb:259 - Overriding images path with different value:  => C:\ST\STM32CubeIDE_1.18.1\STM32CubeIDE\plugins\com.st.stm32cube.common.mx_6.15.0.202507011659\\db\/plugins/mcufinder/images/
2025-07-19 14:40:23,216 [INFO] ApiDb:250 - Set database path to: C:\Users\aliya\.stmcufinder\plugins\mcufinder//mcu/
2025-07-19 14:40:23,218 [INFO] DbMcusAds:125 - Set database path to: C:\Users\aliya\.stmcufinder\plugins\mcufinder//mcu/
2025-07-19 14:40:23,236 [INFO] CrossReferenceDbSqlite:203 - Set database path to: C:\Users\aliya\.stmcufinder\plugins\mcufinder//mcu/cs/
2025-07-19 14:40:23,737 [INFO] RulesReader:64 - Compatibility file has been processed (317 Rules)
2025-07-19 14:40:23,946 [INFO] DbMcusXml:78 - Set database path to: C:\ST\STM32CubeIDE_1.18.1\STM32CubeIDE\plugins\com.st.stm32cube.common.mx_6.15.0.202507011659\\db\/mcu/
2025-07-19 14:40:23,946 [INFO] ApiDb:274 - Set plugin database path to: C:\ST\STM32CubeIDE_1.18.1\STM32CubeIDE\plugins\com.st.stm32cube.common.mx_6.15.0.202507011659\\db\/plugins/boardmanager/
2025-07-19 14:40:23,946 [INFO] ApiDb:261 - Set plugin images path to: C:\ST\STM32CubeIDE_1.18.1\STM32CubeIDE\plugins\com.st.stm32cube.common.mx_6.15.0.202507011659\\db\/plugins/mcufinder/images/
2025-07-19 14:40:23,946 [WARN] DbFile:41 - Overriding database path with different value: C:\Users\aliya\.stmcufinder\plugins\mcufinder/ => C:\Users\aliya\.stmcufinder\plugins\mcufinder
2025-07-19 14:40:23,946 [INFO] ApiDb:250 - Set database path to: C:\Users\aliya\.stmcufinder\plugins\mcufinder//mcu/
2025-07-19 14:40:23,946 [WARN] DbFile:41 - Overriding database path with different value: C:\Users\aliya\.stmcufinder\plugins\mcufinder/ => C:\Users\aliya\.stmcufinder\plugins\mcufinder
2025-07-19 14:40:23,947 [INFO] DbMcusAds:125 - Set database path to: C:\Users\aliya\.stmcufinder\plugins\mcufinder//mcu/
2025-07-19 14:40:23,947 [WARN] DbFile:41 - Overriding database path with different value: C:\Users\aliya\.stmcufinder\plugins\mcufinder/ => C:\Users\aliya\.stmcufinder\plugins\mcufinder
2025-07-19 14:40:23,947 [WARN] DbFile:41 - Overriding database path with different value: C:\Users\aliya\.stmcufinder\plugins\mcufinder/ => C:\Users\aliya\.stmcufinder\plugins\mcufinder
2025-07-19 14:40:23,947 [INFO] CrossReferenceDbSqlite:203 - Set database path to: C:\Users\aliya\.stmcufinder\plugins\mcufinder//mcu/cs/
2025-07-19 14:40:24,040 [INFO] MainPanel:274 - HeapMemory: 268435456
2025-07-19 14:40:24,114 [INFO] DbMcusXml:78 - Set database path to: C:\ST\STM32CubeIDE_1.18.1\STM32CubeIDE\plugins\com.st.stm32cube.common.mx_6.15.0.202507011659\\db\/mcu/
2025-07-19 14:40:24,114 [INFO] ApiDb:274 - Set plugin database path to: C:\ST\STM32CubeIDE_1.18.1\STM32CubeIDE\plugins\com.st.stm32cube.common.mx_6.15.0.202507011659\\db\/plugins/boardmanager/
2025-07-19 14:40:24,114 [INFO] ApiDb:261 - Set plugin images path to: C:\ST\STM32CubeIDE_1.18.1\STM32CubeIDE\plugins\com.st.stm32cube.common.mx_6.15.0.202507011659\\db\/plugins/mcufinder/images/
2025-07-19 14:40:24,114 [WARN] DbFile:41 - Overriding database path with different value: C:\Users\aliya\.stmcufinder\plugins\mcufinder/ => C:\Users\aliya\.stmcufinder\plugins\mcufinder
2025-07-19 14:40:24,115 [INFO] ApiDb:250 - Set database path to: C:\Users\aliya\.stmcufinder\plugins\mcufinder//mcu/
2025-07-19 14:40:24,115 [WARN] DbFile:41 - Overriding database path with different value: C:\Users\aliya\.stmcufinder\plugins\mcufinder/ => C:\Users\aliya\.stmcufinder\plugins\mcufinder
2025-07-19 14:40:24,115 [INFO] DbMcusAds:125 - Set database path to: C:\Users\aliya\.stmcufinder\plugins\mcufinder//mcu/
2025-07-19 14:40:24,115 [WARN] DbFile:41 - Overriding database path with different value: C:\Users\aliya\.stmcufinder\plugins\mcufinder/ => C:\Users\aliya\.stmcufinder\plugins\mcufinder
2025-07-19 14:40:24,115 [WARN] DbFile:41 - Overriding database path with different value: C:\Users\aliya\.stmcufinder\plugins\mcufinder/ => C:\Users\aliya\.stmcufinder\plugins\mcufinder
2025-07-19 14:40:24,115 [INFO] CrossReferenceDbSqlite:203 - Set database path to: C:\Users\aliya\.stmcufinder\plugins\mcufinder//mcu/cs/
2025-07-19 14:40:24,129 [INFO] ApplicationProperties:184 - Using Application install path: C:\ST\STM32CubeIDE_1.18.1\STM32CubeIDE\plugins\com.st.stm32cube.common.mx_6.15.0.202507011659
2025-07-19 14:40:24,130 [INFO] PluginManage:196 - Search for loadable plugins [exclusion list=, ]
2025-07-19 14:40:24,131 [INFO] PluginManage:310 - Check plugin analytics
2025-07-19 14:40:24,357 [INFO] AnalyticsPlugin:253 - Accepted Software Licenses: 
2025-07-19 14:40:24,357 [INFO] AnalyticsPlugin:255 - Accepted CMSIS Pack Licenses: 
2025-07-19 14:40:24,357 [INFO] AnalyticsPlugin:257 - Accepted Firmware Licenses: 
2025-07-19 14:40:24,359 [INFO] PluginManage:359 - Loaded plugin analytics (category:tool,tabindex:-1)
2025-07-19 14:40:24,360 [INFO] PluginManage:310 - Check plugin cadmodel
2025-07-19 14:40:24,363 [INFO] CADModel:105 - Init CAD model plugin
2025-07-19 14:40:24,363 [INFO] PluginManage:359 - Loaded plugin cadmodel (category:power,tabindex:5)
2025-07-19 14:40:24,364 [INFO] PluginManage:310 - Check plugin clock
2025-07-19 14:40:24,372 [INFO] PluginManage:359 - Loaded plugin clock (category:base,tabindex:2)
2025-07-19 14:40:24,372 [INFO] PluginManage:310 - Check plugin ddr
2025-07-19 14:40:24,374 [INFO] PluginManage:359 - Loaded plugin ddr (category:tool,tabindex:6)
2025-07-19 14:40:24,375 [INFO] PluginManage:310 - Check plugin filemanager
2025-07-19 14:40:24,531 [INFO] PluginManage:359 - Loaded plugin filemanager (category:base,tabindex:10)
2025-07-19 14:40:24,532 [INFO] PluginManage:310 - Check plugin ipmanager
2025-07-19 14:40:24,541 [INFO] PluginManage:359 - Loaded plugin ipmanager (category:base,tabindex:5)
2025-07-19 14:40:24,541 [INFO] PluginManage:310 - Check plugin lpbam
2025-07-19 14:40:24,555 [INFO] PluginManage:359 - Loaded plugin lpbam (category:base,tabindex:0)
2025-07-19 14:40:24,556 [INFO] PluginManage:310 - Check plugin memorymap
2025-07-19 14:40:24,571 [INFO] PluginManage:359 - Loaded plugin memorymap (category:base,tabindex:4)
2025-07-19 14:40:24,572 [INFO] PluginManage:310 - Check plugin pinoutandconfiguration
2025-07-19 14:40:24,584 [INFO] PluginManage:359 - Loaded plugin pinoutandconfiguration (category:base,tabindex:1)
2025-07-19 14:40:24,585 [INFO] PluginManage:310 - Check plugin pinoutconfig
2025-07-19 14:40:24,705 [WARN] SupportedApi:132 - Cannot load RTOS API schema: s4s-elt-must-match.1: The content of 'definitions' must match (annotation?, (simpleType | complexType)?, (unique | key | keyref)*)). A problem was found starting at: attribute.
2025-07-19 14:40:24,871 [INFO] PluginManage:359 - Loaded plugin pinoutconfig (category:base,tabindex:0)
2025-07-19 14:40:24,872 [INFO] PluginManage:310 - Check plugin power
2025-07-19 14:40:24,882 [INFO] PluginManage:359 - Loaded plugin power (category:power,tabindex:4)
2025-07-19 14:40:24,883 [INFO] PluginManage:310 - Check plugin projectmanager
2025-07-19 14:40:24,903 [INFO] PluginManage:359 - Loaded plugin projectmanager (category:projectmanager,tabindex:4)
2025-07-19 14:40:24,903 [INFO] PluginManage:310 - Check plugin rif
2025-07-19 14:40:24,911 [INFO] PluginManage:359 - Loaded plugin rif (category:base,tabindex:3)
2025-07-19 14:40:24,911 [INFO] PluginManage:310 - Check plugin thirdparty
2025-07-19 14:40:25,041 [INFO] PluginManage:359 - Loaded plugin thirdparty (category:base,tabindex:-1)
2025-07-19 14:40:25,041 [WARN] IntegrityCheckThread:84 - waiting for thirdparty lock release [integrity check]
2025-07-19 14:40:25,041 [INFO] PluginManage:310 - Check plugin tools
2025-07-19 14:40:25,041 [INFO] IntegrityCheckThread:86 - entering critical section [integrity check]
2025-07-19 14:40:25,042 [INFO] ThirdPartyUpdaterWithRetryManager:70 - Updater plugin not ready yet. [1/15]
2025-07-19 14:40:25,043 [INFO] PluginManage:359 - Loaded plugin tools (category:base,tabindex:7)
2025-07-19 14:40:25,044 [INFO] PluginManage:310 - Check plugin tutovideos
2025-07-19 14:40:25,248 [INFO] PluginManage:359 - Loaded plugin tutovideos (category:base,tabindex:-1)
2025-07-19 14:40:25,248 [INFO] PluginManage:310 - Check plugin updater
2025-07-19 14:40:25,328 [INFO] PluginManage:359 - Loaded plugin updater (category:base,tabindex:12)
2025-07-19 14:40:25,329 [INFO] PluginManage:310 - Check plugin userauth
2025-07-19 14:40:25,345 [INFO] UserAuth:118 - Init User Auth plugin
2025-07-19 14:40:25,350 [INFO] PluginManage:359 - Loaded plugin userauth (category:base,tabindex:14)
2025-07-19 14:40:25,353 [INFO] PluginManage:283 - PluginManage : Loaded plugins [18]
2025-07-19 14:40:25,854 [INFO] PinOutPanel:1589 - setPackage(No Configuration,No Configuration)
2025-07-19 14:40:25,960 [INFO] CADModel:165 - CPN selected for project level
2025-07-19 14:40:25,960 [INFO] CADModel:114 - Register for checkConnection events
2025-07-19 14:40:25,981 [INFO] IPUIPlugin:80 - create IPUIPlugin
2025-07-19 14:40:25,981 [INFO] PluginManager:220 - loadIPPluginJar : add adc
2025-07-19 14:40:25,987 [INFO] IPUIPlugin:80 - create IPUIPlugin
2025-07-19 14:40:25,987 [INFO] PluginManager:220 - loadIPPluginJar : add aes
2025-07-19 14:40:25,992 [INFO] IPUIPlugin:80 - create IPUIPlugin
2025-07-19 14:40:25,992 [INFO] PluginManager:220 - loadIPPluginJar : add can
2025-07-19 14:40:25,995 [INFO] IPUIPlugin:80 - create IPUIPlugin
2025-07-19 14:40:25,995 [INFO] PluginManager:220 - loadIPPluginJar : add comp
2025-07-19 14:40:25,999 [INFO] IPUIPlugin:80 - create IPUIPlugin
2025-07-19 14:40:25,999 [INFO] PluginManager:220 - loadIPPluginJar : add cryp
2025-07-19 14:40:26,004 [INFO] IPUIPlugin:80 - create IPUIPlugin
2025-07-19 14:40:26,004 [INFO] PluginManager:220 - loadIPPluginJar : add ddr_ctrl_phy
2025-07-19 14:40:26,007 [INFO] IPUIPlugin:80 - create IPUIPlugin
2025-07-19 14:40:26,007 [INFO] PluginManager:220 - loadIPPluginJar : add dfsdm
2025-07-19 14:40:26,015 [INFO] IPUIPlugin:80 - create IPUIPlugin
2025-07-19 14:40:26,016 [INFO] PluginManager:220 - loadIPPluginJar : add dma
2025-07-19 14:40:26,021 [INFO] IPUIPlugin:80 - create IPUIPlugin
2025-07-19 14:40:26,021 [INFO] PluginManager:220 - loadIPPluginJar : add dma3
2025-07-19 14:40:26,026 [INFO] IPUIPlugin:80 - create IPUIPlugin
2025-07-19 14:40:26,026 [INFO] PluginManager:220 - loadIPPluginJar : add extmemmanager
2025-07-19 14:40:26,028 [INFO] IPUIPlugin:80 - create IPUIPlugin
2025-07-19 14:40:26,029 [INFO] PluginManager:220 - loadIPPluginJar : add fatfs
2025-07-19 14:40:26,034 [INFO] IPUIPlugin:80 - create IPUIPlugin
2025-07-19 14:40:26,035 [INFO] PluginManager:220 - loadIPPluginJar : add fmc
2025-07-19 14:40:26,043 [INFO] IPUIPlugin:80 - create IPUIPlugin
2025-07-19 14:40:26,044 [INFO] PluginManager:220 - loadIPPluginJar : add freertos
2025-07-19 14:40:26,046 [INFO] IPUIPlugin:80 - create IPUIPlugin
2025-07-19 14:40:26,046 [INFO] PluginManager:220 - loadIPPluginJar : add genericplugin
2025-07-19 14:40:26,050 [INFO] IPUIPlugin:80 - create IPUIPlugin
2025-07-19 14:40:26,050 [INFO] PluginManager:220 - loadIPPluginJar : add gfxmmu
2025-07-19 14:40:26,056 [INFO] IPUIPlugin:80 - create IPUIPlugin
2025-07-19 14:40:26,057 [INFO] PluginManager:220 - loadIPPluginJar : add gic
2025-07-19 14:40:26,061 [INFO] IPUIPlugin:80 - create IPUIPlugin
2025-07-19 14:40:26,061 [INFO] PluginManager:220 - loadIPPluginJar : add gpio
2025-07-19 14:40:26,066 [INFO] IPUIPlugin:80 - create IPUIPlugin
2025-07-19 14:40:26,066 [INFO] PluginManager:220 - loadIPPluginJar : add gtzc
2025-07-19 14:40:26,070 [INFO] IPUIPlugin:80 - create IPUIPlugin
2025-07-19 14:40:26,070 [INFO] PluginManager:220 - loadIPPluginJar : add hash
2025-07-19 14:40:26,074 [INFO] IPUIPlugin:80 - create IPUIPlugin
2025-07-19 14:40:26,074 [INFO] PluginManager:220 - loadIPPluginJar : add i2c
2025-07-19 14:40:26,078 [INFO] IPUIPlugin:80 - create IPUIPlugin
2025-07-19 14:40:26,078 [INFO] PluginManager:220 - loadIPPluginJar : add i2s
2025-07-19 14:40:26,083 [INFO] IPUIPlugin:80 - create IPUIPlugin
2025-07-19 14:40:26,083 [INFO] PluginManager:220 - loadIPPluginJar : add i3c
2025-07-19 14:40:26,088 [INFO] IPUIPlugin:80 - create IPUIPlugin
2025-07-19 14:40:26,089 [INFO] PluginManager:220 - loadIPPluginJar : add ipddr
2025-07-19 14:40:26,097 [INFO] IPUIPlugin:80 - create IPUIPlugin
2025-07-19 14:40:26,098 [INFO] PluginManager:220 - loadIPPluginJar : add linkedlist
2025-07-19 14:40:26,101 [INFO] IPUIPlugin:80 - create IPUIPlugin
2025-07-19 14:40:26,101 [INFO] PluginManager:220 - loadIPPluginJar : add lorawan
2025-07-19 14:40:26,103 [INFO] IPUIPlugin:80 - create IPUIPlugin
2025-07-19 14:40:26,104 [INFO] PluginManager:220 - loadIPPluginJar : add ltdc
2025-07-19 14:40:26,110 [INFO] IPUIPlugin:80 - create IPUIPlugin
2025-07-19 14:40:26,111 [INFO] PluginManager:220 - loadIPPluginJar : add mdma
2025-07-19 14:40:26,114 [INFO] IPUIPlugin:80 - create IPUIPlugin
2025-07-19 14:40:26,115 [INFO] PluginManager:220 - loadIPPluginJar : add nvic
2025-07-19 14:40:26,118 [INFO] IPUIPlugin:80 - create IPUIPlugin
2025-07-19 14:40:26,119 [INFO] PluginManager:220 - loadIPPluginJar : add opamp
2025-07-19 14:40:26,124 [INFO] IPUIPlugin:80 - create IPUIPlugin
2025-07-19 14:40:26,124 [INFO] PluginManager:220 - loadIPPluginJar : add openamp
2025-07-19 14:40:26,130 [INFO] IPUIPlugin:80 - create IPUIPlugin
2025-07-19 14:40:26,130 [INFO] PluginManager:220 - loadIPPluginJar : add pdm2pcm
2025-07-19 14:40:26,138 [INFO] IPUIPlugin:80 - create IPUIPlugin
2025-07-19 14:40:26,141 [INFO] PluginManager:220 - loadIPPluginJar : add plateformsettings
2025-07-19 14:40:26,143 [INFO] IPUIPlugin:80 - create IPUIPlugin
2025-07-19 14:40:26,143 [INFO] PluginManager:220 - loadIPPluginJar : add quadspi
2025-07-19 14:40:26,145 [INFO] IPUIPlugin:80 - create IPUIPlugin
2025-07-19 14:40:26,146 [INFO] PluginManager:220 - loadIPPluginJar : add radio
2025-07-19 14:40:26,149 [INFO] IPUIPlugin:80 - create IPUIPlugin
2025-07-19 14:40:26,150 [INFO] PluginManager:220 - loadIPPluginJar : add resmgrutility
2025-07-19 14:40:26,153 [INFO] IPUIPlugin:80 - create IPUIPlugin
2025-07-19 14:40:26,153 [INFO] PluginManager:220 - loadIPPluginJar : add sai
2025-07-19 14:40:26,156 [INFO] IPUIPlugin:80 - create IPUIPlugin
2025-07-19 14:40:26,156 [INFO] PluginManager:220 - loadIPPluginJar : add spi
2025-07-19 14:40:26,164 [INFO] IPUIPlugin:80 - create IPUIPlugin
2025-07-19 14:40:26,164 [INFO] PluginManager:220 - loadIPPluginJar : add stm32_wpan
2025-07-19 14:40:26,166 [INFO] IPUIPlugin:80 - create IPUIPlugin
2025-07-19 14:40:26,166 [INFO] PluginManager:220 - loadIPPluginJar : add tim
2025-07-19 14:40:26,171 [INFO] IPUIPlugin:80 - create IPUIPlugin
2025-07-19 14:40:26,217 [INFO] PluginManager:220 - loadIPPluginJar : add touchsensing
2025-07-19 14:40:26,222 [INFO] IPUIPlugin:80 - create IPUIPlugin
2025-07-19 14:40:26,222 [INFO] PluginManager:220 - loadIPPluginJar : add tracer_emb
2025-07-19 14:40:26,224 [INFO] IPUIPlugin:80 - create IPUIPlugin
2025-07-19 14:40:26,224 [INFO] PluginManager:220 - loadIPPluginJar : add ts
2025-07-19 14:40:26,225 [INFO] IPUIPlugin:80 - create IPUIPlugin
2025-07-19 14:40:26,225 [INFO] PluginManager:220 - loadIPPluginJar : add tsc
2025-07-19 14:40:26,227 [INFO] IPUIPlugin:80 - create IPUIPlugin
2025-07-19 14:40:26,227 [INFO] PluginManager:220 - loadIPPluginJar : add ucpd
2025-07-19 14:40:26,231 [INFO] IPUIPlugin:80 - create IPUIPlugin
2025-07-19 14:40:26,231 [INFO] PluginManager:220 - loadIPPluginJar : add usart
2025-07-19 14:40:26,236 [INFO] IPUIPlugin:80 - create IPUIPlugin
2025-07-19 14:40:26,236 [INFO] PluginManager:220 - loadIPPluginJar : add usbx
2025-07-19 14:40:26,461 [FATAL] Updater:351 - Updater called before beeing initialized
2025-07-19 14:40:26,560 [INFO] RulesReader:64 - Compatibility file has been processed (317 Rules)
2025-07-19 14:40:26,633 [INFO] RulesReader:64 - Compatibility file has been processed (317 Rules)
2025-07-19 14:40:26,669 [INFO] CADModel:165 - CPN selected for project level
2025-07-19 14:40:26,670 [INFO] CADModel:114 - Register for checkConnection events
2025-07-19 14:40:26,671 [FATAL] Updater:351 - Updater called before beeing initialized
2025-07-19 14:40:26,671 [ERROR] CADModel:125 - Updater not yet initialized, retry later 
2025-07-19 14:40:27,207 [FATAL] Updater:351 - Updater called before beeing initialized
2025-07-19 14:40:27,210 [INFO] CADModel:165 - CPN selected for project level
2025-07-19 14:40:27,210 [INFO] CADModel:114 - Register for checkConnection events
2025-07-19 14:40:27,211 [FATAL] Updater:351 - Updater called before beeing initialized
2025-07-19 14:40:27,211 [ERROR] CADModel:125 - Updater not yet initialized, retry later 
2025-07-19 14:40:27,216 [FATAL] Updater:351 - Updater called before beeing initialized
2025-07-19 14:40:27,419 [FATAL] Updater:351 - Updater called before beeing initialized
2025-07-19 14:40:27,423 [INFO] DbMcusAds:53 - JSON generation date=Tue Jul 08 11:14:27 TRT 2025 (1751962467633)
2025-07-19 14:40:27,423 [FATAL] Updater:351 - Updater called before beeing initialized
2025-07-19 14:40:27,457 [WARN] DetailPanel:346 - Failed to get advertising image, set to default
2025-07-19 14:40:27,595 [FATAL] Updater:351 - Updater called before beeing initialized
2025-07-19 14:40:27,596 [FATAL] Updater:351 - Updater called before beeing initialized
2025-07-19 14:40:27,596 [FATAL] Updater:351 - Updater called before beeing initialized
2025-07-19 14:40:27,596 [WARN] DetailPanel:346 - Failed to get advertising image, set to default
2025-07-19 14:40:27,597 [FATAL] Updater:351 - Updater called before beeing initialized
2025-07-19 14:40:27,640 [ERROR] Updater:1198 - MainUpdater not yet initialized. External WinMGr cannot be set.
2025-07-19 14:40:27,643 [INFO] Updater:1134 - Updater Version found : 6.15.0
2025-07-19 14:40:27,664 [INFO] ApplicationProperties:184 - Using Application install path: C:\ST\STM32CubeIDE_1.18.1\STM32CubeIDE\plugins\com.st.stm32cube.common.mx_6.15.0.202507011659
2025-07-19 14:40:28,042 [INFO] ThirdPartyUpdaterWithRetryManager:70 - Updater plugin not ready yet. [2/15]
2025-07-19 14:40:29,236 [ERROR] LogOutputStream:75 - [STDERR_REDIRECT] Jul 19, 2025 2:40:29 PM java.util.prefs.WindowsPreferences <init>
2025-07-19 14:40:29,238 [ERROR] LogOutputStream:75 - [STDERR_REDIRECT] WARNING: Could not open/create prefs root node Software\JavaSoft\Prefs at root 0xffffffff80000002. Windows RegCreateKeyEx(...) returned error code 5.
2025-07-19 14:40:29,239 [ERROR] LogOutputStream:75 - [STDERR_REDIRECT] 
2025-07-19 14:40:29,793 [INFO] MainUpdater:2872 - connection check result : 10
2025-07-19 14:40:29,793 [INFO] MainUpdater:289 - Updater Check For Update Now.
2025-07-19 14:40:29,793 [INFO] MicroXplorer:498 - Change Database Version : DB.6.0.150
2025-07-19 14:40:29,807 [INFO] McuFinderGlobals:63 - Set McuFinder mode to 2 (CubeIDE integrated)
2025-07-19 14:40:29,809 [INFO] UserAuth:487 - Internet connection configuration mode: 1
2025-07-19 14:40:29,863 [INFO] JxBrowserEngine:152 - Initiate JxBrowser Engine with user profile folder
2025-07-19 14:40:30,204 [INFO] CheckServerUpdateThread:120 - End of CheckServer Thread
2025-07-19 14:40:30,771 [INFO] WebApp:169 - Instantiating new browser for Auth
2025-07-19 14:40:31,471 [WARN] PackLoader:240 - Cannot read IP mode file for STMicroelectronics.FP-SNS-MOTENVWB1.1.4.0
2025-07-19 14:40:31,484 [WARN] PackLoader:240 - Cannot read IP mode file for STMicroelectronics.FP-ATR-ASTRA1.2.0.2
2025-07-19 14:40:31,505 [WARN] PackLoader:240 - Cannot read IP mode file for STMicroelectronics.X-CUBE-SMBUS.2.1.0
2025-07-19 14:40:31,516 [WARN] PackLoader:240 - Cannot read IP mode file for STMicroelectronics.X-CUBE-ST60.1.0.0
2025-07-19 14:40:31,566 [WARN] PackLoader:240 - Cannot read IP mode file for STMicroelectronics.X-CUBE-AZRTOS-F7.1.1.0
2025-07-19 14:40:31,639 [WARN] PackLoader:240 - Cannot read IP mode file for Infineon.AIROC-Wi-Fi-Bluetooth-STM32.1.7.0
2025-07-19 14:40:31,767 [WARN] PackLoader:240 - Cannot read IP mode file for STMicroelectronics.X-CUBE-AZRTOS-H7.3.4.0
2025-07-19 14:40:31,799 [WARN] PackLoader:240 - Cannot read IP mode file for STMicroelectronics.X-CUBE-DISPLAY.3.0.0
2025-07-19 14:40:31,820 [WARN] PackLoader:240 - Cannot read IP mode file for STMicroelectronics.X-CUBE-NFC10.1.0.0
2025-07-19 14:40:31,850 [WARN] PackLoader:240 - Cannot read IP mode file for STMicroelectronics.X-CUBE-BLEMGR.4.0.0
2025-07-19 14:40:31,882 [WARN] PackLoader:240 - Cannot read IP mode file for emotas.I-CUBE-CANOPEN.1.3.0
2025-07-19 14:40:31,912 [WARN] ConditionMgr:438 - getConditionDescription Invalid condition id : Cortex-A Device cause : null
2025-07-19 14:40:31,961 [WARN] ConditionMgr:1044 - genDependencies : Invalid condition id : Cortex-A Device cause : null
2025-07-19 14:40:31,962 [WARN] ConditionMgr:1044 - genDependencies : Invalid condition id : Cortex-A Device cause : null
2025-07-19 14:40:31,962 [WARN] ConditionMgr:1044 - genDependencies : Invalid condition id : Cortex-A Device cause : null
2025-07-19 14:40:31,968 [WARN] PackLoader:240 - Cannot read IP mode file for STMicroelectronics.FP-SNS-SMARTAG2.1.2.0
2025-07-19 14:40:31,975 [WARN] PackLoader:240 - Cannot read IP mode file for STMicroelectronics.FP-SNS-FLIGHT1.5.1.0
2025-07-19 14:40:31,990 [INFO] LogOutputStream:77 - [STDOUT_REDIRECT] 1 : Invalid condition id : UX_CORESTACK_Condition cause : null
2025-07-19 14:40:31,991 [INFO] LogOutputStream:77 - [STDOUT_REDIRECT] 1 : Invalid condition id : UX_CORESTACK_Condition cause : null
2025-07-19 14:40:31,994 [INFO] LogOutputStream:77 - [STDOUT_REDIRECT] 1 : Invalid condition id : UX_CORESTACK_Condition cause : null
2025-07-19 14:40:31,996 [INFO] LogOutputStream:77 - [STDOUT_REDIRECT] 1 : Invalid condition id : UX_CORESTACK_Condition cause : null
2025-07-19 14:40:31,998 [INFO] LogOutputStream:77 - [STDOUT_REDIRECT] 1 : Invalid condition id : UX_CORESTACK_Condition cause : null
2025-07-19 14:40:32,005 [WARN] PackLoader:240 - Cannot read IP mode file for STMicroelectronics.X-CUBE-AZRTOS-WL.2.0.0
2025-07-19 14:40:32,017 [WARN] PackLoader:240 - Cannot read IP mode file for STMicroelectronics.FP-SNS-MOTENV1.5.0.0
2025-07-19 14:40:32,048 [WARN] PackLoader:240 - Cannot read IP mode file for WES.I-CUBE-Cesium.1.3.0
2025-07-19 14:40:32,062 [WARN] PackLoader:240 - Cannot read IP mode file for STMicroelectronics.X-CUBE-BLE2.3.3.0
2025-07-19 14:40:32,078 [WARN] PackLoader:240 - Cannot read IP mode file for STMicroelectronics.X-CUBE-NFC9.1.0.0
2025-07-19 14:40:32,091 [WARN] PackLoader:240 - Cannot read IP mode file for wolfSSL.I-CUBE-wolfSSL.5.8.0
2025-07-19 14:40:32,100 [WARN] PackLoader:240 - Cannot read IP mode file for STMicroelectronics.X-CUBE-BLE1.7.1.0
2025-07-19 14:40:32,105 [WARN] PackLoader:240 - Cannot read IP mode file for wolfSSL.I-CUBE-wolfMQTT.1.19.2
2025-07-19 14:40:32,115 [WARN] PackLoader:240 - Cannot read IP mode file for STMicroelectronics.X-CUBE-EEPRMA1.5.2.0
2025-07-19 14:40:32,123 [WARN] PackLoader:240 - Cannot read IP mode file for STMicroelectronics.X-CUBE-AI.10.1.0
2025-07-19 14:40:32,161 [WARN] PackLoader:240 - Cannot read IP mode file for STMicroelectronics.X-CUBE-AZRTOS-G0.1.1.0
2025-07-19 14:40:32,179 [WARN] PackLoader:240 - Cannot read IP mode file for STMicroelectronics.X-CUBE-SAFEA1.1.2.2
2025-07-19 14:40:32,189 [WARN] PackLoader:240 - Cannot read IP mode file for STMicroelectronics.X-CUBE-NFC4.3.0.0
2025-07-19 14:40:32,224 [WARN] PackLoader:240 - Cannot read IP mode file for EmbeddedOffice.I-CUBE-FS-RTOS.1.0.1
2025-07-19 14:40:32,236 [WARN] PackLoader:240 - Cannot read IP mode file for STMicroelectronics.X-CUBE-WB05N.2.0.0
2025-07-19 14:40:32,243 [WARN] PackLoader:240 - Cannot read IP mode file for wolfSSL.I-CUBE-wolfTPM.3.8.0
2025-07-19 14:40:32,251 [WARN] PackLoader:240 - Cannot read IP mode file for STMicroelectronics.X-CUBE-TCPP.4.2.0
2025-07-19 14:40:32,272 [WARN] PackLoader:240 - Cannot read IP mode file for RealThread.X-CUBE-RT-Thread_Nano.4.1.1
2025-07-19 14:40:32,279 [WARN] PackLoader:240 - Cannot read IP mode file for STMicroelectronics.FP-ATR-SIGFOX1.3.2.0
2025-07-19 14:40:32,288 [WARN] PackLoader:240 - Cannot read IP mode file for STMicroelectronics.X-CUBE-EEPRMA1.5.1.0
2025-07-19 14:40:32,299 [WARN] PackLoader:240 - Cannot read IP mode file for ITTIA_DB.I-CUBE-ITTIADB.8.9.0
2025-07-19 14:40:32,320 [WARN] PackLoader:240 - Cannot read IP mode file for STMicroelectronics.X-CUBE-ST67W61.1.0.0
2025-07-19 14:40:32,399 [WARN] PackLoader:240 - Cannot read IP mode file for SEGGER.I-CUBE-embOS.1.3.1
2025-07-19 14:40:32,494 [INFO] WebApp:463 - Apply proxy settings
2025-07-19 14:40:32,494 [INFO] WebApp:548 - Chromium requires no authentication
2025-07-19 14:40:32,506 [INFO] WebApp:491 - Direct internet connection detected
2025-07-19 14:40:32,507 [WARN] PackLoader:240 - Cannot read IP mode file for STMicroelectronics.X-CUBE-ALGOBUILD.1.4.0
2025-07-19 14:40:32,570 [INFO] WebApp:900 - Register for checkConnection events
2025-07-19 14:40:32,570 [INFO] WebApp:463 - Apply proxy settings
2025-07-19 14:40:32,570 [INFO] WebApp:548 - Chromium requires no authentication
2025-07-19 14:40:32,573 [INFO] WebApp:491 - Direct internet connection detected
2025-07-19 14:40:32,704 [WARN] PackLoader:240 - Cannot read IP mode file for STMicroelectronics.X-CUBE-MEMS1.11.3.0
2025-07-19 14:40:33,290 [INFO] WebApp:191 - Connection restablished
2025-07-19 14:40:33,420 [WARN] PackLoader:240 - Cannot read IP mode file for STMicroelectronics.X-CUBE-PM33A1.1.0.0
2025-07-19 14:40:33,504 [WARN] PackLoader:240 - Cannot read IP mode file for STMicroelectronics.X-CUBE-AZRTOS-F4.1.1.0
2025-07-19 14:40:33,530 [WARN] PackLoader:240 - Cannot read IP mode file for Avnet-IotConnect.X-CUBE-IoTC-DA16k-PMOD.1.0.0
2025-07-19 14:40:33,546 [WARN] PackLoader:240 - Cannot read IP mode file for STMicroelectronics.X-CUBE-ISPU.2.1.0
2025-07-19 14:40:33,574 [WARN] PackLoader:240 - Cannot read IP mode file for STMicroelectronics.X-CUBE-NFC12.1.0.0
2025-07-19 14:40:33,595 [INFO] WebApp:225 - Starting web application
2025-07-19 14:40:33,596 [INFO] WebApp:593 - Web application path used C:\ST\STM32CubeIDE_1.18.1\STM32CubeIDE\plugins\com.st.stm32cube.common.mx_6.15.0.202507011659\db\plugins\mcufinder\reactClient1\index.html
2025-07-19 14:40:33,646 [WARN] PackLoader:240 - Cannot read IP mode file for STMicroelectronics.X-CUBE-AZRTOS-L5.2.0.0
2025-07-19 14:40:33,689 [WARN] PackLoader:240 - Cannot read IP mode file for STMicroelectronics.X-CUBE-NFC6.3.1.0
2025-07-19 14:40:33,717 [WARN] PackLoader:240 - Cannot read IP mode file for STMicroelectronics.X-CUBE-FREERTOS.1.3.1
2025-07-19 14:40:33,736 [WARN] PackLoader:240 - Cannot read IP mode file for STMicroelectronics.FP-SNS-STAIOTCFT.1.0.0
2025-07-19 14:40:33,758 [WARN] PackLoader:240 - Cannot read IP mode file for STMicroelectronics.X-CUBE-DPower.1.3.0
2025-07-19 14:40:33,840 [WARN] ConditionMgr:438 - getConditionDescription Invalid condition id : LAN8742 Phy interface Condition cause : null
2025-07-19 14:40:33,844 [WARN] PackLoader:240 - Cannot read IP mode file for STMicroelectronics.X-CUBE-AZRTOS-L4.2.0.0
2025-07-19 14:40:33,850 [WARN] ConditionMgr:1044 - genDependencies : Invalid condition id : LAN8742 Phy interface Condition cause : null
2025-07-19 14:40:33,851 [WARN] ConditionMgr:1044 - genDependencies : Invalid condition id : LAN8742 Phy interface Condition cause : null
2025-07-19 14:40:33,854 [WARN] ConditionMgr:1044 - genDependencies : Invalid condition id : LAN8742 Phy interface Condition cause : null
2025-07-19 14:40:33,886 [WARN] PackLoader:240 - Cannot read IP mode file for STMicroelectronics.X-CUBE-SFXS2LP1.4.0.0
2025-07-19 14:40:33,970 [WARN] PackLoader:240 - Cannot read IP mode file for STMicroelectronics.X-CUBE-AZRTOS-H7.3.3.0
2025-07-19 14:40:34,029 [WARN] ConditionMgr:438 - getConditionDescription Invalid condition id : UX DEVICE CLASS RTOS Condition cause : null
2025-07-19 14:40:34,029 [WARN] ConditionMgr:438 - getConditionDescription Invalid condition id : UX DEVICE CLASS RTOS Condition cause : null
2025-07-19 14:40:34,039 [WARN] PackLoader:240 - Cannot read IP mode file for STMicroelectronics.X-CUBE-AZRTOS-WB.2.0.0
2025-07-19 14:40:34,042 [WARN] ConditionMgr:1044 - genDependencies : Invalid condition id : UX DEVICE CLASS RTOS Condition cause : null
2025-07-19 14:40:34,043 [WARN] ConditionMgr:1044 - genDependencies : Invalid condition id : UX DEVICE CLASS RTOS Condition cause : null
2025-07-19 14:40:34,045 [WARN] ConditionMgr:1044 - genDependencies : Invalid condition id : UX DEVICE CLASS RTOS Condition cause : null
2025-07-19 14:40:34,046 [WARN] ConditionMgr:1044 - genDependencies : Invalid condition id : UX DEVICE CLASS RTOS Condition cause : null
2025-07-19 14:40:34,046 [WARN] ConditionMgr:1044 - genDependencies : Invalid condition id : UX DEVICE CLASS RTOS Condition cause : null
2025-07-19 14:40:34,069 [WARN] PackLoader:240 - Cannot read IP mode file for STMicroelectronics.X-CUBE-GNSS1.7.0.1
2025-07-19 14:40:34,088 [WARN] PackLoader:240 - Cannot read IP mode file for STMicroelectronics.X-CUBE-TOUCHGFX.4.25.0
2025-07-19 14:40:34,112 [WARN] PackLoader:240 - Cannot read IP mode file for STMicroelectronics.FP-SNS-STBOX1.2.0.0
2025-07-19 14:40:34,163 [WARN] PackLoader:240 - Cannot read IP mode file for STMicroelectronics.X-CUBE-SUBG2.5.0.0
2025-07-19 14:40:34,298 [WARN] PackLoader:240 - Cannot read IP mode file for STMicroelectronics.X-CUBE-AZRTOS-H7RS.1.1.0
2025-07-19 14:40:34,331 [WARN] PackLoader:240 - Cannot read IP mode file for Cesanta.I-CUBE-Mongoose.7.13.0
2025-07-19 14:40:34,394 [WARN] PackLoader:240 - Cannot read IP mode file for STMicroelectronics.X-CUBE-AZRTOS-G4.2.0.0
2025-07-19 14:40:34,420 [WARN] PackLoader:240 - Cannot read IP mode file for wolfSSL.I-CUBE-wolfSSH.1.4.20
2025-07-19 14:40:34,441 [WARN] PackLoader:240 - Cannot read IP mode file for STMicroelectronics.X-CUBE-NFC7.2.0.0
2025-07-19 14:40:34,504 [WARN] PackLoader:240 - Cannot read IP mode file for STMicroelectronics.X-CUBE-IPS.3.1.0
2025-07-19 14:40:34,553 [WARN] PackLoader:240 - Cannot read IP mode file for STMicroelectronics.X-CUBE-ALS.1.0.2
2025-07-19 14:40:34,576 [WARN] PackLoader:240 - Cannot read IP mode file for portGmbH.I-Cube-SoM-uGOAL.1.1.0
2025-07-19 14:40:34,625 [WARN] PackLoader:240 - Cannot read IP mode file for STMicroelectronics.X-CUBE-TOF1.3.4.3
2025-07-19 14:40:34,682 [INFO] ThirdParty:978 - Integrity check success = true
2025-07-19 14:40:34,683 [INFO] IntegrityCheckThread:100 - exiting critical section [integrity check]
2025-07-19 14:40:34,683 [INFO] IntegrityCheckThread:103 - End integrity checks thread
2025-07-19 14:40:35,732 [INFO] UserAuth:487 - Internet connection configuration mode: 1
2025-07-19 14:40:50,737 [INFO] McuFinderGlobals:63 - Set McuFinder mode to 2 (CubeIDE integrated)
2025-07-19 14:40:50,739 [INFO] MainUpdater:2872 - connection check result : 10
2025-07-19 14:40:50,741 [INFO] McuFinderGlobals:76 - Set McuFinderConnectedMode to true
2025-07-19 14:40:51,234 [INFO] ServerAccessManage:452 - Complete download http(s) 200
2025-07-19 14:40:51,239 [INFO] ServerAccessManage:509 - Download File mcusAds.json._tmp_
2025-07-19 14:40:51,421 [INFO] LoadUrlFilesThread:156 - End of LoadUrlFiles Thread
2025-07-19 14:40:51,878 [INFO] ServerAccessManage:452 - Complete download http(s) 200
2025-07-19 14:40:51,881 [INFO] ServerAccessManage:509 - Download File cube-finder-db.zip
2025-07-19 14:40:54,884 [INFO] FileExtend:248 - Unzip File : cube-finder-db.zip
2025-07-19 14:40:54,884 [INFO] FileExtend:263 - Standard Zip Deflate
2025-07-19 14:40:55,843 [INFO] LoadUrlFilesThread:156 - End of LoadUrlFiles Thread
2025-07-19 14:40:56,457 [INFO] ServerAccessManage:452 - Complete download http(s) 200
2025-07-19 14:40:56,458 [INFO] ServerAccessManage:509 - Download File crdb.zip
2025-07-19 14:40:56,801 [INFO] FileExtend:248 - Unzip File : crdb.zip
2025-07-19 14:40:56,802 [INFO] FileExtend:263 - Standard Zip Deflate
2025-07-19 14:40:56,946 [INFO] LoadUrlFilesThread:156 - End of LoadUrlFiles Thread
2025-07-19 14:40:57,155 [INFO] ServerAccessManage:452 - Complete download http(s) 200
2025-07-19 14:40:57,155 [INFO] ServerAccessManage:509 - Download File tutoVideoDB.zip
2025-07-19 14:40:57,171 [INFO] FileExtend:248 - Unzip File : tutoVideoDB.zip
2025-07-19 14:40:57,172 [INFO] FileExtend:263 - Standard Zip Deflate
2025-07-19 14:40:57,307 [INFO] LoadUrlFilesThread:156 - End of LoadUrlFiles Thread
2025-07-19 14:40:57,317 [WARN] DbFile:41 - Overriding database path with different value: C:\Users\aliya\.stmcufinder\plugins\mcufinder/ => C:\Users\aliya\.stmcufinder\plugins\mcufinder
2025-07-19 14:40:57,450 [INFO] ServerAccessManage:452 - Complete download http(s) 200
2025-07-19 14:40:57,453 [INFO] ServerAccessManage:509 - Download File api_config.json
2025-07-19 14:40:57,569 [INFO] LoadUrlFilesThread:156 - End of LoadUrlFiles Thread
2025-07-19 14:40:57,572 [INFO] DbMcusAds:53 - JSON generation date=Tue Jul 08 11:14:23 TRT 2025 (1751962463562)
2025-07-19 14:40:57,627 [INFO] LoadUrlFilesThread:185 - End of LoadServerUrlFiles without Thread
2025-07-19 14:40:57,629 [INFO] TargetSelectorAdapter:259 - Refresh data is successful
2025-07-19 14:40:58,199 [INFO] ApiDb:581 - Connected to CubeFinder SQLite database (C:\Users\aliya\.stmcufinder\plugins\mcufinder\mcu\cube-finder-db.db)
2025-07-19 14:40:58,538 [INFO] ApiDb:668 - CubeFinder database Data Model version=2.1
2025-07-19 14:40:58,540 [INFO] ApiDb:669 - CubeFinder database Configuration version=3.0.39
2025-07-19 14:40:58,546 [INFO] ApiDb:670 - CubeFinder database generation date=2025-06-24 (1750757100)
2025-07-19 14:40:58,547 [INFO] ApiDb:671 - CubeFinder database FW Pack versions=[FP-ATR-ASTRA1_V2.0.0, FP-SNS-FLIGHT1_V5.1.0, FP-SNS-MOTENV1_V5.0.0, FP-SNS-MOTENVWB1_V1.4.0, FP-SNS-SMARTAG2_V1.2.0, FP-SNS-STBOX1_V2.0.0, STM32Cube_FW_C0_V1.4.0, STM32Cube_FW_F4_V1.28.2, STM32Cube_FW_F7_V1.17.3, STM32Cube_FW_G0_V1.6.2, STM32Cube_FW_G4_V1.6.1, STM32Cube_FW_H5_V1.5.0, STM32Cube_FW_H7RS_V1.2.0, STM32Cube_FW_H7_V1.12.1, STM32Cube_FW_L0_V1.12.2, STM32Cube_FW_L4_V1.18.1, STM32Cube_FW_L5_V1.5.1, STM32Cube_FW_N6_V1.2.0, STM32Cube_FW_U0_V1.3.0, STM32Cube_FW_U3_V1.2.0, STM32Cube_FW_U5_V1.8.0, STM32Cube_FW_WB0_V1.3.0, STM32Cube_FW_WBA_V1.7.0, STM32Cube_FW_WB_V1.23.0, STM32Cube_FW_WL3_V1.2.0, STM32Cube_FW_WL_V1.3.1, X-CUBE-ALGOBUILD_V1.4.0, X-CUBE-ALS_V1.0.2, X-CUBE-AZRTOS-F4_V1.1.0, X-CUBE-AZRTOS-F7_V1.1.0, X-CUBE-AZRTOS-G0_V1.1.0, X-CUBE-AZRTOS-G4_V2.0.0, X-CUBE-AZRTOS-H7RS_V1.1.0, X-CUBE-AZRTOS-H7_V3.3.0, X-CUBE-AZRTOS-L4_V2.0.0, X-CUBE-AZRTOS-L5_V2.0.0, X-CUBE-AZRTOS-WB_V2.0.0, X-CUBE-AZRTOS-WL_V2.0.0, X-CUBE-BLE1_V7.1.0, X-CUBE-BLE2_V3.3.0, X-CUBE-BLEMGR_V4.0.0, X-CUBE-EEPRMA1_V5.1.0, X-CUBE-FREERTOS_V1.3.1, X-CUBE-GNSS1_V6.0.0, X-CUBE-MEMS1_V11.3.0, X-CUBE-NFC4_V3.0.0, X-CUBE-NFC7_V2.0.0, X-CUBE-SFXS2LP1_V4.0.0, X-CUBE-SUBG2_V5.0.0, X-CUBE-TOF1_V3.4.3]
2025-07-19 14:41:04,005 [INFO] ApiDb:240 - Found 880 in-development CPN: [B-G473E-ZEST1S, B-WB1M-WPAN1, B-WBA5M-WPAN, B-WL5M-SUBG1, NUCLEO-C031C6, NUCLEO-C051C8, NUCLEO-C071RB, NUCLEO-C092RC, NUCLEO-H503RB, NUCLEO-H533RE, NUCLEO-H563ZI, NUCLEO-H7S3L8, NUCLEO-N657X0-Q, NUCLEO-U031R8, NUCLEO-U083RC, NUCLEO-U385RG-Q, NUCLEO-U545RE-Q, NUCLEO-U5A5ZJ-Q, NUCLEO-WB05KZ, NUCLEO-WB07CC, NUCLEO-WB09KE, NUCLEO-WBA52CG, NUCLEO-WBA55CG, NUCLEO-WL33CC1, NUCLEO-WL33CC2, STEVAL-PROTEUS1, STEVAL-SMARTAG2, STEVAL-STWINBX1, STM320518-EVAL, STM32C0116-DK, STM32C011D6Y3TR, STM32C011D6Y6TR, STM32C011F4P3, STM32C011F4P6, STM32C011F4U3, STM32C011F4U6TR, STM32C011F6P3, STM32C011F6P6, STM32C011F6U3, STM32C011F6U6TR, STM32C011J4M3, STM32C011J4M6, STM32C011J6M3, STM32C011J6M6, STM32C0316-DK, STM32C031C4T3, STM32C031C4T6, STM32C031C4U3, STM32C031C4U6, STM32C031C6T3, STM32C031C6T6, STM32C031C6U3, STM32C031C6U6, STM32C031F4P3, STM32C031F4P6, STM32C031F6P3, STM32C031F6P6, STM32C031G4U3, STM32C031G4U6, STM32C031G6U3, STM32C031G6U6, STM32C031K4T3, STM32C031K4T6, STM32C031K4U3, STM32C031K4U6, STM32C031K6T3, STM32C031K6T6, STM32C031K6U3, STM32C031K6U6, STM32C051C6T6, STM32C051C6U6, STM32C051C8T6, STM32C051C8U6, STM32C051D8Y6TR, STM32C051F6P6, STM32C051F8P6, STM32C051G6U6, STM32C051G8U6, STM32C051K6T6, STM32C051K6U6, STM32C051K8T6, STM32C071C8T6, STM32C071C8T6N, STM32C071C8U6, STM32C071C8U6N, STM32C071CBT6, STM32C071CBT6N, STM32C071CBU6, STM32C071CBU6N, STM32C071F8P6, STM32C071F8P6N, STM32C071FBP6, STM32C071FBP6N, STM32C071FBY6TR, STM32C071G8U6, STM32C071G8U6N, STM32C071GBU6, STM32C071GBU6N, STM32C071K8T6, STM32C071K8T6N, STM32C071K8U6, STM32C071K8U6N, STM32C071KBT6, STM32C071KBT6N, STM32C071KBU6, STM32C071KBU6N, STM32C071R8T6, STM32C071R8T6N, STM32C071RBI6N, STM32C071RBT6, STM32C071RBT6N, STM32C091CBT6, STM32C091CBU6, STM32C091CCT6, STM32C091CCU6, STM32C091ECY6TR, STM32C091FBP6, STM32C091FCP6, STM32C091GBU6, STM32C091GCU6, STM32C091KBT6, STM32C091KBU6, STM32C091KCT6, STM32C091KCU6, STM32C091RBT6, STM32C091RCI6, STM32C091RCT6, STM32C092CBT6, STM32C092CBU6, STM32C092CCT6, STM32C092CCU6, STM32C092ECY6TR, STM32C092FBP6, STM32C092FCP6, STM32C092GBU6, STM32C092GCU6, STM32C092KBT6, STM32C092KBU6, STM32C092KCT6, STM32C092KCU6, STM32C092RBT6, STM32C092RCI6, STM32C092RCT6, STM32G071K8TXN, STM32G071K8UXN, STM32G081GBU6N, STM32G081KBT6N, STM32G081KBUXN, STM32G0B1CCT6N, STM32G0B1KCT6, STM32G0B1NEY6TR, STM32G0B1RCT6N, STM32G0C1CCT6, STM32G0C1CCT6N, STM32G0C1CCU6N, STM32G0C1CET6N, STM32G0C1CEU6N, STM32G0C1KCT6, STM32G0C1NEY6TR, STM32G0C1RCI6N, STM32G0C1RCT6N, STM32G0C1REI6N, STM32G0C1RET6N, STM32G0C1VCI6, STM32G0C1VEI6, STM32G411C6T3, STM32G411C6T6, STM32G411C6U3, STM32G411C6U6, STM32G411C8T3, STM32G411C8T6, STM32G411C8U3, STM32G411C8U6, STM32G411CBT3, STM32G411CBT6, STM32G411CBU3, STM32G411CBU6, STM32G411K6T3, STM32G411K6T6, STM32G411K6U3, STM32G411K6U6, STM32G411K8T3, STM32G411K8T6, STM32G411K8U3, STM32G411K8U6, STM32G411KBT3, STM32G411KBT6, STM32G411KBU3, STM32G411KBU6, STM32G411M6T3, STM32G411M6T6, STM32G411M8T3, STM32G411M8T6, STM32G411MBT3, STM32G411MBT6, STM32G411R6T3, STM32G411R6T6, STM32G411R8T3, STM32G411R8T6, STM32G411RBT3, STM32G411RBT6, STM32G414CBT3, STM32G414CBT6, STM32G414CBU3, STM32G414CBU6, STM32G414CCT3, STM32G414CCT6, STM32G414CCU3, STM32G414CCU6, STM32G414MBT3, STM32G414MBT6, STM32G414MCT3, STM32G414MCT6, STM32G414RBT3, STM32G414RBT6, STM32G414RCT3, STM32G414RCT6, STM32G414VBT3, STM32G414VBT6, STM32G414VCT3, STM32G414VCT6, STM32G431CBT3Z, STM32G431RBT3Z, STM32G471CCT6, STM32G471CCU6, STM32G471CET3, STM32G471CET6, STM32G471CEU3, STM32G471CEU6, STM32G471MCT6, STM32G471MET3, STM32G471MET6, STM32G471MEY6TR, STM32G471QCT6, STM32G471QET3, STM32G471RCT6, STM32G471RET3, STM32G471RET6, STM32G471VCH6, STM32G471VCI6, STM32G471VCT6, STM32G471VEH3, STM32G471VEH6, STM32G471VEI3, STM32G471VEI6, STM32G471VET3, STM32G471VET6, STM32G473QET3Z, STM32G473RET3Z, STM32G474CCT6, STM32G491RET3Z, STM32H503CBT6, STM32H503CBU6, STM32H503EBY6TR, STM32H503KBU6, STM32H503RBT6, STM32H523CCT6, STM32H523CCU6, STM32H523CET6, STM32H523CEU6, STM32H523HEY6TR, STM32H523RCT6, STM32H523RET6, STM32H523VCI6, STM32H523VCT6, STM32H523VEI6, STM32H523VET6, STM32H523ZCJ6, STM32H523ZCT6, STM32H523ZEJ6, STM32H523ZET6, STM32H533CET6, STM32H533CEU6, STM32H533HEY6TR, STM32H533RET6, STM32H533VEI6, STM32H533VET6, STM32H533ZEJ6, STM32H533ZET6, STM32H562AGI6, STM32H562AII6, STM32H562IGK6, STM32H562IGT6, STM32H562IIK6, STM32H562IIT6, STM32H562RGT6, STM32H562RGV6, STM32H562RIT6, STM32H562RIV6, STM32H562VGT6, STM32H562VIT6, STM32H562ZGT6, STM32H562ZIT6, STM32H563AGI6, STM32H563AII3Q, STM32H563AII6, STM32H563IGK6, STM32H563IGT6, STM32H563IIK3Q, STM32H563IIK6, STM32H563IIT3Q, STM32H563IIT6, STM32H563MIY3QTR, STM32H563RGT6, STM32H563RGV6, STM32H563RIT6, STM32H563RIV6, STM32H563VGT6, STM32H563VIT3Q, STM32H563VIT6, STM32H563ZGT6, STM32H563ZIT3Q, STM32H563ZIT6, STM32H573AII3Q, STM32H573AII6, STM32H573I-DK, STM32H573IIK3Q, STM32H573IIK6, STM32H573IIT3Q, STM32H573IIT6, STM32H573MIY3QTR, STM32H573RIT6, STM32H573RIV6, STM32H573VIT3Q, STM32H573VIT6, STM32H573ZIT3Q, STM32H573ZIT6, STM32H7R3A8I6, STM32H7R3I8K6, STM32H7R3I8T6, STM32H7R3L8H6, STM32H7R3L8H6H, STM32H7R3R8V6, STM32H7R3V8H6, STM32H7R3V8T6, STM32H7R3V8Y6TR, STM32H7R3Z8J6, STM32H7R3Z8T6, STM32H7R7A8I6, STM32H7R7I8K6, STM32H7R7I8T6, STM32H7R7L8H6, STM32H7R7L8H6H, STM32H7R7Z8J6, STM32H7S3A8I6, STM32H7S3I8K6, STM32H7S3I8T6, STM32H7S3L8H6, STM32H7S3L8H6H, STM32H7S3R8V6, STM32H7S3V8H6, STM32H7S3V8T6, STM32H7S3V8Y6TR, STM32H7S3Z8J6, STM32H7S3Z8T6, STM32H7S78-DK, STM32H7S7A8I6, STM32H7S7I8K6, STM32H7S7I8T6, STM32H7S7L8H6, STM32H7S7L8H6H, STM32H7S7Z8J6, STM32L4R5QGI6STR, STM32MP131AAE3, STM32MP131AAF3, STM32MP131AAG3, STM32MP131CAE3, STM32MP131CAF3, STM32MP131CAG3, STM32MP131DAE7, STM32MP131DAF7, STM32MP131DAG7, STM32MP131FAE7, STM32MP131FAF7, STM32MP131FAG7, STM32MP133AAE3, STM32MP133AAF3, STM32MP133AAG3, STM32MP133CAE3, STM32MP133CAF3, STM32MP133CAG3, STM32MP133DAE7, STM32MP133DAF7, STM32MP133DAG7, STM32MP133FAE7, STM32MP133FAF7, STM32MP133FAG7, STM32MP135AAE3, STM32MP135AAF3, STM32MP135AAG3, STM32MP135CAE3, STM32MP135CAF3, STM32MP135CAG3, STM32MP135DAE7, STM32MP135DAF7, STM32MP135DAG7, STM32MP135F-DK, STM32MP135FAE7, STM32MP135FAF7, STM32MP135FAF7T, STM32MP135FAF7U, STM32MP135FAG7, STM32MP211AAL3, STM32MP211AAM3, STM32MP211AAN3, STM32MP211AAO3, STM32MP211CAL3, STM32MP211CAM3, STM32MP211CAN3, STM32MP211CAO3, STM32MP211DAL3, STM32MP211DAM3, STM32MP211DAN3, STM32MP211DAO3, STM32MP211FAL3, STM32MP211FAM3, STM32MP211FAN3, STM32MP211FAO3, STM32MP213AAL3, STM32MP213AAM3, STM32MP213AAN3, STM32MP213AAO3, STM32MP213CAL3, STM32MP213CAM3, STM32MP213CAN3, STM32MP213CAO3, STM32MP213DAL3, STM32MP213DAM3, STM32MP213DAN3, STM32MP213DAO3, STM32MP213FAL3, STM32MP213FAM3, STM32MP213FAN3, STM32MP213FAO3, STM32MP215AAL3, STM32MP215AAM3, STM32MP215AAN3, STM32MP215AAO3, STM32MP215CAL3, STM32MP215CAM3, STM32MP215CAN3, STM32MP215CAO3, STM32MP215DAL3, STM32MP215DAM3, STM32MP215DAN3, STM32MP215DAO3, STM32MP215F-DK, STM32MP215FAL3, STM32MP215FAM3, STM32MP215FAN3, STM32MP215FAO3, STM32MP231AAJ3, STM32MP231AAK3, STM32MP231AAL3, STM32MP231CAJ3, STM32MP231CAK3, STM32MP231CAL3, STM32MP231DAJ3, STM32MP231DAK3, STM32MP231DAL3, STM32MP231FAJ3, STM32MP231FAK3, STM32MP231FAL3, STM32MP233AAJ3, STM32MP233AAK3, STM32MP233AAL3, STM32MP233CAJ3, STM32MP233CAK3, STM32MP233CAL3, STM32MP233DAJ3, STM32MP233DAK3, STM32MP233DAL3, STM32MP233FAJ3, STM32MP233FAK3, STM32MP233FAL3, STM32MP235AAJ3, STM32MP235AAK3, STM32MP235AAL3, STM32MP235CAJ3, STM32MP235CAK3, STM32MP235CAL3, STM32MP235DAJ3, STM32MP235DAK3, STM32MP235DAL3, STM32MP235FAJ3, STM32MP235FAK3, STM32MP235FAL3, STM32MP251AAI3, STM32MP251AAK3, STM32MP251AAL3, STM32MP251CAI3, STM32MP251CAK3, STM32MP251CAL3, STM32MP251DAI3, STM32MP251DAK3, STM32MP251DAL3, STM32MP251FAI3, STM32MP251FAK3, STM32MP251FAL3, STM32MP253AAI3, STM32MP253AAK3, STM32MP253AAL3, STM32MP253CAI3, STM32MP253CAK3, STM32MP253CAL3, STM32MP253DAI3, STM32MP253DAK3, STM32MP253DAL3, STM32MP253FAI3, STM32MP253FAK3, STM32MP253FAL3, STM32MP255AAI3, STM32MP255AAK3, STM32MP255AAL3, STM32MP255CAI3, STM32MP255CAK3, STM32MP255CAL3, STM32MP255DAI3, STM32MP255DAK3, STM32MP255DAL3, STM32MP255FAI3, STM32MP255FAK3, STM32MP255FAL3, STM32MP257AAI3, STM32MP257AAK3, STM32MP257AAL3, STM32MP257CAI3, STM32MP257CAK3, STM32MP257CAL3, STM32MP257DAI3, STM32MP257DAK3, STM32MP257DAL3, STM32MP257F-DK, STM32MP257F-EV1, STM32MP257FAI3, STM32MP257FAK3, STM32MP257FAL3, STM32N645A0H3Q, STM32N645B0H3Q, STM32N645I0H3Q, STM32N645L0H3Q, STM32N645X0H3Q, STM32N645Z0H3Q, STM32N647A0H3Q, STM32N647B0H3Q, STM32N647I0H3Q, STM32N647L0H3Q, STM32N647X0H3Q, STM32N647Z0H3Q, STM32N655A0H3Q, STM32N655B0H3Q, STM32N655I0H3Q, STM32N655L0H3Q, STM32N655X0H3Q, STM32N655Z0H3Q, STM32N6570-DK, STM32N657A0H3Q, STM32N657B0H3Q, STM32N657I0H3Q, STM32N657L0H3Q, STM32N657X0H3Q, STM32N657Z0H3Q, STM32U031C6T6, STM32U031C6U6, STM32U031C8T6, STM32U031C8U6, STM32U031F4P6, STM32U031F6P6, STM32U031F8P6, STM32U031G6Y6TR, STM32U031G8Y6TR, STM32U031K4U6, STM32U031K6U6, STM32U031K8U6, STM32U031R6I6, STM32U031R6T6, STM32U031R8I6, STM32U031R8T6, STM32U073C8T6, STM32U073C8U6, STM32U073CBT6, STM32U073CBU6, STM32U073CCT6, STM32U073CCU6, STM32U073H8Y6TR, STM32U073HBY6TR, STM32U073HCY6TR, STM32U073K8U6, STM32U073KBU6, STM32U073KCU6, STM32U073M8I6, STM32U073M8T6, STM32U073MBI6, STM32U073MBT6, STM32U073MCI6, STM32U073MCT6, STM32U073R8I6, STM32U073R8T6, STM32U073RBI6, STM32U073RBT6, STM32U073RCI6, STM32U073RCT6, STM32U083C-DK, STM32U083CCT6, STM32U083CCU6, STM32U083HCY6TR, STM32U083KCU6, STM32U083MCI6, STM32U083MCT6, STM32U083RCI6, STM32U083RCT6, STM32U375CET6, STM32U375CET6Q, STM32U375CEU6, STM32U375CEU6Q, STM32U375CEY6QTR, STM32U375CGT6, STM32U375CGT6Q, STM32U375CGU6, STM32U375CGU6Q, STM32U375CGY6QTR, STM32U375KEU6, STM32U375KGU6, STM32U375REI6, STM32U375REI6Q, STM32U375RET6, STM32U375RET6Q, STM32U375REY6GTR, STM32U375REY6QTR, STM32U375RGI6, STM32U375RGI6Q, STM32U375RGT6, STM32U375RGT6Q, STM32U375RGY6GTR, STM32U375RGY6QTR, STM32U375VEI6, STM32U375VEI6Q, STM32U375VET6, STM32U375VET6Q, STM32U375VGI6, STM32U375VGI6Q, STM32U375VGT6, STM32U375VGT6Q, STM32U385CGT6, STM32U385CGT6Q, STM32U385CGU6, STM32U385CGU6Q, STM32U385CGY6QTR, STM32U385KGU6, STM32U385RGI6, STM32U385RGI6Q, STM32U385RGT6, STM32U385RGT6Q, STM32U385RGY6GTR, STM32U385RGY6QTR, STM32U385VGI6, STM32U385VGI6Q, STM32U385VGT6, STM32U385VGT6Q, STM32U535CBT6, STM32U535CBT6Q, STM32U535CBU6, STM32U535CBU6Q, STM32U535CCT6, STM32U535CCT6Q, STM32U535CCU6, STM32U535CCU6Q, STM32U535CET6, STM32U535CET6Q, STM32U535CEU6, STM32U535CEU6Q, STM32U535JEY6QTR, STM32U535NCY6QTR, STM32U535NEY6QTR, STM32U535RBI6, STM32U535RBI6Q, STM32U535RBT6, STM32U535RBT6Q, STM32U535RCI6, STM32U535RCI6Q, STM32U535RCT6, STM32U535RCT6Q, STM32U535REI6, STM32U535REI6Q, STM32U535RET6, STM32U535RET6Q, STM32U535VCI6, STM32U535VCI6Q, STM32U535VCT6, STM32U535VCT6Q, STM32U535VEI6, STM32U535VEI6Q, STM32U535VET6, STM32U535VET6Q, STM32U545CET6, STM32U545CET6Q, STM32U545CEU6, STM32U545CEU6Q, STM32U545JEY6QTR, STM32U545NEY6QTR, STM32U545REI6, STM32U545REI6Q, STM32U545RET6, STM32U545RET6Q, STM32U545VEI6, STM32U545VEI6Q, STM32U545VET6, STM32U545VET6Q, STM32U595AIH6, STM32U595AIH6Q, STM32U595AJH6, STM32U595AJH6Q, STM32U595QII6, STM32U595QII6Q, STM32U595QJI6, STM32U595QJI6Q, STM32U595RIT6, STM32U595RIT6Q, STM32U595RJT6, STM32U595RJT6Q, STM32U595VIT6, STM32U595VIT6Q, STM32U595VJT6, STM32U595VJT6Q, STM32U595ZIT6, STM32U595ZIT6Q, STM32U595ZIY6QTR, STM32U595ZJT6, STM32U595ZJT6Q, STM32U595ZJY6QTR, STM32U599BJY6QTR, STM32U599NIH6Q, STM32U599NJH6Q, STM32U599VIT6Q, STM32U599VJT6, STM32U599VJT6Q, STM32U599ZIT6Q, STM32U599ZIY6QTR, STM32U599ZJT6Q, STM32U599ZJY6QTR, STM32U5A5AJH6, STM32U5A5AJH6Q, STM32U5A5QII3Q , STM32U5A5QJI6, STM32U5A5QJI6Q, STM32U5A5RJT6, STM32U5A5RJT6Q, STM32U5A5VJT6, STM32U5A5VJT6Q, STM32U5A5ZJT6, STM32U5A5ZJT6Q, STM32U5A5ZJY6QTR, STM32U5A9BJY6QTR, STM32U5A9J-DK, STM32U5A9NJH6Q, STM32U5A9VJT6Q, STM32U5A9ZJT6Q, STM32U5A9ZJY6QTR, STM32U5F7VIT6, STM32U5F7VIT6Q, STM32U5F7VJT6, STM32U5F7VJT6Q, STM32U5F9BJY6QTR, STM32U5F9NJH6Q, STM32U5F9VIT6Q, STM32U5F9VJT6Q, STM32U5F9ZIJ6QTR, STM32U5F9ZIT6Q, STM32U5F9ZJJ6QTR, STM32U5F9ZJT6Q, STM32U5G7VJT6, STM32U5G7VJT6Q, STM32U5G9BJY6QTR, STM32U5G9J-DK1, STM32U5G9J-DK2, STM32U5G9NJH6Q, STM32U5G9VJT6Q, STM32U5G9ZJJ6QTR, STM32U5G9ZJT6Q, STM32WB05KZV6TR, STM32WB05KZV7TR, STM32WB05TZF6TR, STM32WB05TZF7TR, STM32WB06CCF6TR, STM32WB06CCF7TR, STM32WB06CCV6TR, STM32WB06CCV7TR, STM32WB06KCV6TR, STM32WB06KCV7TR, STM32WB07CCF6TR, STM32WB07CCF7TR, STM32WB07CCV6TR, STM32WB07CCV7TR, STM32WB07KCV6TR, STM32WB07KCV7TR, STM32WB09KEV6TR, STM32WB09KEV7TR, STM32WB09TEF6TR, STM32WB09TEF7TR, STM32WB1MMCH6, STM32WBA50KGU6, STM32WBA50KGU6TR, STM32WBA52CEU6, STM32WBA52CEU6TR, STM32WBA52CEU7, STM32WBA52CEU7TR, STM32WBA52CGU6, STM32WBA52CGU6TR, STM32WBA52CGU6U, STM32WBA52CGU7, STM32WBA52CGU7TR, STM32WBA52KEU6, STM32WBA52KEU6TR, STM32WBA52KGU6, STM32WBA52KGU6TR, STM32WBA54CEU6, STM32WBA54CEU6TR, STM32WBA54CEU7, STM32WBA54CEU7TR, STM32WBA54CGU6, STM32WBA54CGU6TR, STM32WBA54CGU7, STM32WBA54CGU7TR, STM32WBA54KEU6, STM32WBA54KEU6TR, STM32WBA54KEU7, STM32WBA54KEU7TR, STM32WBA54KGU6, STM32WBA54KGU6TR, STM32WBA54KGU7, STM32WBA54KGU7TR, STM32WBA55CEU6, STM32WBA55CEU6TR, STM32WBA55CEU7, STM32WBA55CEU7TR, STM32WBA55CGU6, STM32WBA55CGU6TR, STM32WBA55CGU6U, STM32WBA55CGU7, STM32WBA55CGU7TR, STM32WBA55G-DK1, STM32WBA55HEF6, STM32WBA55HEF7, STM32WBA55HGF6, STM32WBA55HGF7, STM32WBA55UEI6, STM32WBA55UEI6TR, STM32WBA55UEI7, STM32WBA55UEI7TR, STM32WBA55UGI6, STM32WBA55UGI6TR, STM32WBA55UGI7, STM32WBA55UGI7TR, STM32WBA5MMGH6TR, STM32WBA62MGF6, STM32WBA62MIF6, STM32WBA65MGF7, STM32WBA65MIF6, STM32WBA65MIF7, STM32WL30K8V6, STM32WL30KBV6, STM32WL31C8V6, STM32WL31CBV6, STM32WL31K8V6, STM32WL31KBV6, STM32WL33C8V6, STM32WL33C8V6X, STM32WL33CBV6, STM32WL33CBV6X, STM32WL33CCV6, STM32WL33CCV6A, STM32WL33CCV6X, STM32WL33K8V7, STM32WL33K8V7X, STM32WL33KBV7 , STM32WL33KBV7X, STM32WL33KCV7, STM32WL33KCV7X, STM32WL5MOCH6, STM32WL5MOCH6TR]
2025-07-19 14:41:04,005 [INFO] DbMcus:218 - Found 4801 MCUs, 4801 are supported
2025-07-19 14:41:04,005 [INFO] ApiDb:423 - Load user favorites file C:\Users\aliya/.stm32cubeide/favorites.mcus.txt: 0 item(s)
2025-07-19 14:41:04,005 [INFO] ApiDb:427 - User favorites MCUs=[]
2025-07-19 14:41:04,005 [INFO] DbMcus:224 - Set 0 / 0 favorites MCUs
2025-07-19 14:41:04,881 [INFO] ApiDb:668 - CubeFinder database Data Model version=2.1
2025-07-19 14:41:04,881 [INFO] ApiDb:669 - CubeFinder database Configuration version=3.0.39
2025-07-19 14:41:04,881 [INFO] ApiDb:670 - CubeFinder database generation date=2025-06-24 (1750757100)
2025-07-19 14:41:04,881 [INFO] ApiDb:671 - CubeFinder database FW Pack versions=[FP-ATR-ASTRA1_V2.0.0, FP-SNS-FLIGHT1_V5.1.0, FP-SNS-MOTENV1_V5.0.0, FP-SNS-MOTENVWB1_V1.4.0, FP-SNS-SMARTAG2_V1.2.0, FP-SNS-STBOX1_V2.0.0, STM32Cube_FW_C0_V1.4.0, STM32Cube_FW_F4_V1.28.2, STM32Cube_FW_F7_V1.17.3, STM32Cube_FW_G0_V1.6.2, STM32Cube_FW_G4_V1.6.1, STM32Cube_FW_H5_V1.5.0, STM32Cube_FW_H7RS_V1.2.0, STM32Cube_FW_H7_V1.12.1, STM32Cube_FW_L0_V1.12.2, STM32Cube_FW_L4_V1.18.1, STM32Cube_FW_L5_V1.5.1, STM32Cube_FW_N6_V1.2.0, STM32Cube_FW_U0_V1.3.0, STM32Cube_FW_U3_V1.2.0, STM32Cube_FW_U5_V1.8.0, STM32Cube_FW_WB0_V1.3.0, STM32Cube_FW_WBA_V1.7.0, STM32Cube_FW_WB_V1.23.0, STM32Cube_FW_WL3_V1.2.0, STM32Cube_FW_WL_V1.3.1, X-CUBE-ALGOBUILD_V1.4.0, X-CUBE-ALS_V1.0.2, X-CUBE-AZRTOS-F4_V1.1.0, X-CUBE-AZRTOS-F7_V1.1.0, X-CUBE-AZRTOS-G0_V1.1.0, X-CUBE-AZRTOS-G4_V2.0.0, X-CUBE-AZRTOS-H7RS_V1.1.0, X-CUBE-AZRTOS-H7_V3.3.0, X-CUBE-AZRTOS-L4_V2.0.0, X-CUBE-AZRTOS-L5_V2.0.0, X-CUBE-AZRTOS-WB_V2.0.0, X-CUBE-AZRTOS-WL_V2.0.0, X-CUBE-BLE1_V7.1.0, X-CUBE-BLE2_V3.3.0, X-CUBE-BLEMGR_V4.0.0, X-CUBE-EEPRMA1_V5.1.0, X-CUBE-FREERTOS_V1.3.1, X-CUBE-GNSS1_V6.0.0, X-CUBE-MEMS1_V11.3.0, X-CUBE-NFC4_V3.0.0, X-CUBE-NFC7_V2.0.0, X-CUBE-SFXS2LP1_V4.0.0, X-CUBE-SUBG2_V5.0.0, X-CUBE-TOF1_V3.4.3]
2025-07-19 14:41:04,992 [INFO] DbBoardsSqlite:226 - include board P-NUCLEO-WB55-NUCLEO as a kit item of type 'Nucleo-64'
2025-07-19 14:41:04,992 [INFO] DbBoardsSqlite:226 - include board P-NUCLEO-WB55-USBDONGLE as a kit item of type 'Nucleo USB Dongle'
2025-07-19 14:41:04,993 [INFO] DbBoardsSqlite:226 - include board STEVAL-IDP005V1 as a kit item of type 'Evaluation Board'
2025-07-19 14:41:04,993 [INFO] DbBoardsSqlite:226 - include board STEVAL-IDP005V2 as a kit item of type 'Evaluation Board'
2025-07-19 14:41:05,166 [INFO] ApiDb:240 - Found 880 in-development CPN: [B-G473E-ZEST1S, B-WB1M-WPAN1, B-WBA5M-WPAN, B-WL5M-SUBG1, NUCLEO-C031C6, NUCLEO-C051C8, NUCLEO-C071RB, NUCLEO-C092RC, NUCLEO-H503RB, NUCLEO-H533RE, NUCLEO-H563ZI, NUCLEO-H7S3L8, NUCLEO-N657X0-Q, NUCLEO-U031R8, NUCLEO-U083RC, NUCLEO-U385RG-Q, NUCLEO-U545RE-Q, NUCLEO-U5A5ZJ-Q, NUCLEO-WB05KZ, NUCLEO-WB07CC, NUCLEO-WB09KE, NUCLEO-WBA52CG, NUCLEO-WBA55CG, NUCLEO-WL33CC1, NUCLEO-WL33CC2, STEVAL-PROTEUS1, STEVAL-SMARTAG2, STEVAL-STWINBX1, STM320518-EVAL, STM32C0116-DK, STM32C011D6Y3TR, STM32C011D6Y6TR, STM32C011F4P3, STM32C011F4P6, STM32C011F4U3, STM32C011F4U6TR, STM32C011F6P3, STM32C011F6P6, STM32C011F6U3, STM32C011F6U6TR, STM32C011J4M3, STM32C011J4M6, STM32C011J6M3, STM32C011J6M6, STM32C0316-DK, STM32C031C4T3, STM32C031C4T6, STM32C031C4U3, STM32C031C4U6, STM32C031C6T3, STM32C031C6T6, STM32C031C6U3, STM32C031C6U6, STM32C031F4P3, STM32C031F4P6, STM32C031F6P3, STM32C031F6P6, STM32C031G4U3, STM32C031G4U6, STM32C031G6U3, STM32C031G6U6, STM32C031K4T3, STM32C031K4T6, STM32C031K4U3, STM32C031K4U6, STM32C031K6T3, STM32C031K6T6, STM32C031K6U3, STM32C031K6U6, STM32C051C6T6, STM32C051C6U6, STM32C051C8T6, STM32C051C8U6, STM32C051D8Y6TR, STM32C051F6P6, STM32C051F8P6, STM32C051G6U6, STM32C051G8U6, STM32C051K6T6, STM32C051K6U6, STM32C051K8T6, STM32C071C8T6, STM32C071C8T6N, STM32C071C8U6, STM32C071C8U6N, STM32C071CBT6, STM32C071CBT6N, STM32C071CBU6, STM32C071CBU6N, STM32C071F8P6, STM32C071F8P6N, STM32C071FBP6, STM32C071FBP6N, STM32C071FBY6TR, STM32C071G8U6, STM32C071G8U6N, STM32C071GBU6, STM32C071GBU6N, STM32C071K8T6, STM32C071K8T6N, STM32C071K8U6, STM32C071K8U6N, STM32C071KBT6, STM32C071KBT6N, STM32C071KBU6, STM32C071KBU6N, STM32C071R8T6, STM32C071R8T6N, STM32C071RBI6N, STM32C071RBT6, STM32C071RBT6N, STM32C091CBT6, STM32C091CBU6, STM32C091CCT6, STM32C091CCU6, STM32C091ECY6TR, STM32C091FBP6, STM32C091FCP6, STM32C091GBU6, STM32C091GCU6, STM32C091KBT6, STM32C091KBU6, STM32C091KCT6, STM32C091KCU6, STM32C091RBT6, STM32C091RCI6, STM32C091RCT6, STM32C092CBT6, STM32C092CBU6, STM32C092CCT6, STM32C092CCU6, STM32C092ECY6TR, STM32C092FBP6, STM32C092FCP6, STM32C092GBU6, STM32C092GCU6, STM32C092KBT6, STM32C092KBU6, STM32C092KCT6, STM32C092KCU6, STM32C092RBT6, STM32C092RCI6, STM32C092RCT6, STM32G071K8TXN, STM32G071K8UXN, STM32G081GBU6N, STM32G081KBT6N, STM32G081KBUXN, STM32G0B1CCT6N, STM32G0B1KCT6, STM32G0B1NEY6TR, STM32G0B1RCT6N, STM32G0C1CCT6, STM32G0C1CCT6N, STM32G0C1CCU6N, STM32G0C1CET6N, STM32G0C1CEU6N, STM32G0C1KCT6, STM32G0C1NEY6TR, STM32G0C1RCI6N, STM32G0C1RCT6N, STM32G0C1REI6N, STM32G0C1RET6N, STM32G0C1VCI6, STM32G0C1VEI6, STM32G411C6T3, STM32G411C6T6, STM32G411C6U3, STM32G411C6U6, STM32G411C8T3, STM32G411C8T6, STM32G411C8U3, STM32G411C8U6, STM32G411CBT3, STM32G411CBT6, STM32G411CBU3, STM32G411CBU6, STM32G411K6T3, STM32G411K6T6, STM32G411K6U3, STM32G411K6U6, STM32G411K8T3, STM32G411K8T6, STM32G411K8U3, STM32G411K8U6, STM32G411KBT3, STM32G411KBT6, STM32G411KBU3, STM32G411KBU6, STM32G411M6T3, STM32G411M6T6, STM32G411M8T3, STM32G411M8T6, STM32G411MBT3, STM32G411MBT6, STM32G411R6T3, STM32G411R6T6, STM32G411R8T3, STM32G411R8T6, STM32G411RBT3, STM32G411RBT6, STM32G414CBT3, STM32G414CBT6, STM32G414CBU3, STM32G414CBU6, STM32G414CCT3, STM32G414CCT6, STM32G414CCU3, STM32G414CCU6, STM32G414MBT3, STM32G414MBT6, STM32G414MCT3, STM32G414MCT6, STM32G414RBT3, STM32G414RBT6, STM32G414RCT3, STM32G414RCT6, STM32G414VBT3, STM32G414VBT6, STM32G414VCT3, STM32G414VCT6, STM32G431CBT3Z, STM32G431RBT3Z, STM32G471CCT6, STM32G471CCU6, STM32G471CET3, STM32G471CET6, STM32G471CEU3, STM32G471CEU6, STM32G471MCT6, STM32G471MET3, STM32G471MET6, STM32G471MEY6TR, STM32G471QCT6, STM32G471QET3, STM32G471RCT6, STM32G471RET3, STM32G471RET6, STM32G471VCH6, STM32G471VCI6, STM32G471VCT6, STM32G471VEH3, STM32G471VEH6, STM32G471VEI3, STM32G471VEI6, STM32G471VET3, STM32G471VET6, STM32G473QET3Z, STM32G473RET3Z, STM32G474CCT6, STM32G491RET3Z, STM32H503CBT6, STM32H503CBU6, STM32H503EBY6TR, STM32H503KBU6, STM32H503RBT6, STM32H523CCT6, STM32H523CCU6, STM32H523CET6, STM32H523CEU6, STM32H523HEY6TR, STM32H523RCT6, STM32H523RET6, STM32H523VCI6, STM32H523VCT6, STM32H523VEI6, STM32H523VET6, STM32H523ZCJ6, STM32H523ZCT6, STM32H523ZEJ6, STM32H523ZET6, STM32H533CET6, STM32H533CEU6, STM32H533HEY6TR, STM32H533RET6, STM32H533VEI6, STM32H533VET6, STM32H533ZEJ6, STM32H533ZET6, STM32H562AGI6, STM32H562AII6, STM32H562IGK6, STM32H562IGT6, STM32H562IIK6, STM32H562IIT6, STM32H562RGT6, STM32H562RGV6, STM32H562RIT6, STM32H562RIV6, STM32H562VGT6, STM32H562VIT6, STM32H562ZGT6, STM32H562ZIT6, STM32H563AGI6, STM32H563AII3Q, STM32H563AII6, STM32H563IGK6, STM32H563IGT6, STM32H563IIK3Q, STM32H563IIK6, STM32H563IIT3Q, STM32H563IIT6, STM32H563MIY3QTR, STM32H563RGT6, STM32H563RGV6, STM32H563RIT6, STM32H563RIV6, STM32H563VGT6, STM32H563VIT3Q, STM32H563VIT6, STM32H563ZGT6, STM32H563ZIT3Q, STM32H563ZIT6, STM32H573AII3Q, STM32H573AII6, STM32H573I-DK, STM32H573IIK3Q, STM32H573IIK6, STM32H573IIT3Q, STM32H573IIT6, STM32H573MIY3QTR, STM32H573RIT6, STM32H573RIV6, STM32H573VIT3Q, STM32H573VIT6, STM32H573ZIT3Q, STM32H573ZIT6, STM32H7R3A8I6, STM32H7R3I8K6, STM32H7R3I8T6, STM32H7R3L8H6, STM32H7R3L8H6H, STM32H7R3R8V6, STM32H7R3V8H6, STM32H7R3V8T6, STM32H7R3V8Y6TR, STM32H7R3Z8J6, STM32H7R3Z8T6, STM32H7R7A8I6, STM32H7R7I8K6, STM32H7R7I8T6, STM32H7R7L8H6, STM32H7R7L8H6H, STM32H7R7Z8J6, STM32H7S3A8I6, STM32H7S3I8K6, STM32H7S3I8T6, STM32H7S3L8H6, STM32H7S3L8H6H, STM32H7S3R8V6, STM32H7S3V8H6, STM32H7S3V8T6, STM32H7S3V8Y6TR, STM32H7S3Z8J6, STM32H7S3Z8T6, STM32H7S78-DK, STM32H7S7A8I6, STM32H7S7I8K6, STM32H7S7I8T6, STM32H7S7L8H6, STM32H7S7L8H6H, STM32H7S7Z8J6, STM32L4R5QGI6STR, STM32MP131AAE3, STM32MP131AAF3, STM32MP131AAG3, STM32MP131CAE3, STM32MP131CAF3, STM32MP131CAG3, STM32MP131DAE7, STM32MP131DAF7, STM32MP131DAG7, STM32MP131FAE7, STM32MP131FAF7, STM32MP131FAG7, STM32MP133AAE3, STM32MP133AAF3, STM32MP133AAG3, STM32MP133CAE3, STM32MP133CAF3, STM32MP133CAG3, STM32MP133DAE7, STM32MP133DAF7, STM32MP133DAG7, STM32MP133FAE7, STM32MP133FAF7, STM32MP133FAG7, STM32MP135AAE3, STM32MP135AAF3, STM32MP135AAG3, STM32MP135CAE3, STM32MP135CAF3, STM32MP135CAG3, STM32MP135DAE7, STM32MP135DAF7, STM32MP135DAG7, STM32MP135F-DK, STM32MP135FAE7, STM32MP135FAF7, STM32MP135FAF7T, STM32MP135FAF7U, STM32MP135FAG7, STM32MP211AAL3, STM32MP211AAM3, STM32MP211AAN3, STM32MP211AAO3, STM32MP211CAL3, STM32MP211CAM3, STM32MP211CAN3, STM32MP211CAO3, STM32MP211DAL3, STM32MP211DAM3, STM32MP211DAN3, STM32MP211DAO3, STM32MP211FAL3, STM32MP211FAM3, STM32MP211FAN3, STM32MP211FAO3, STM32MP213AAL3, STM32MP213AAM3, STM32MP213AAN3, STM32MP213AAO3, STM32MP213CAL3, STM32MP213CAM3, STM32MP213CAN3, STM32MP213CAO3, STM32MP213DAL3, STM32MP213DAM3, STM32MP213DAN3, STM32MP213DAO3, STM32MP213FAL3, STM32MP213FAM3, STM32MP213FAN3, STM32MP213FAO3, STM32MP215AAL3, STM32MP215AAM3, STM32MP215AAN3, STM32MP215AAO3, STM32MP215CAL3, STM32MP215CAM3, STM32MP215CAN3, STM32MP215CAO3, STM32MP215DAL3, STM32MP215DAM3, STM32MP215DAN3, STM32MP215DAO3, STM32MP215F-DK, STM32MP215FAL3, STM32MP215FAM3, STM32MP215FAN3, STM32MP215FAO3, STM32MP231AAJ3, STM32MP231AAK3, STM32MP231AAL3, STM32MP231CAJ3, STM32MP231CAK3, STM32MP231CAL3, STM32MP231DAJ3, STM32MP231DAK3, STM32MP231DAL3, STM32MP231FAJ3, STM32MP231FAK3, STM32MP231FAL3, STM32MP233AAJ3, STM32MP233AAK3, STM32MP233AAL3, STM32MP233CAJ3, STM32MP233CAK3, STM32MP233CAL3, STM32MP233DAJ3, STM32MP233DAK3, STM32MP233DAL3, STM32MP233FAJ3, STM32MP233FAK3, STM32MP233FAL3, STM32MP235AAJ3, STM32MP235AAK3, STM32MP235AAL3, STM32MP235CAJ3, STM32MP235CAK3, STM32MP235CAL3, STM32MP235DAJ3, STM32MP235DAK3, STM32MP235DAL3, STM32MP235FAJ3, STM32MP235FAK3, STM32MP235FAL3, STM32MP251AAI3, STM32MP251AAK3, STM32MP251AAL3, STM32MP251CAI3, STM32MP251CAK3, STM32MP251CAL3, STM32MP251DAI3, STM32MP251DAK3, STM32MP251DAL3, STM32MP251FAI3, STM32MP251FAK3, STM32MP251FAL3, STM32MP253AAI3, STM32MP253AAK3, STM32MP253AAL3, STM32MP253CAI3, STM32MP253CAK3, STM32MP253CAL3, STM32MP253DAI3, STM32MP253DAK3, STM32MP253DAL3, STM32MP253FAI3, STM32MP253FAK3, STM32MP253FAL3, STM32MP255AAI3, STM32MP255AAK3, STM32MP255AAL3, STM32MP255CAI3, STM32MP255CAK3, STM32MP255CAL3, STM32MP255DAI3, STM32MP255DAK3, STM32MP255DAL3, STM32MP255FAI3, STM32MP255FAK3, STM32MP255FAL3, STM32MP257AAI3, STM32MP257AAK3, STM32MP257AAL3, STM32MP257CAI3, STM32MP257CAK3, STM32MP257CAL3, STM32MP257DAI3, STM32MP257DAK3, STM32MP257DAL3, STM32MP257F-DK, STM32MP257F-EV1, STM32MP257FAI3, STM32MP257FAK3, STM32MP257FAL3, STM32N645A0H3Q, STM32N645B0H3Q, STM32N645I0H3Q, STM32N645L0H3Q, STM32N645X0H3Q, STM32N645Z0H3Q, STM32N647A0H3Q, STM32N647B0H3Q, STM32N647I0H3Q, STM32N647L0H3Q, STM32N647X0H3Q, STM32N647Z0H3Q, STM32N655A0H3Q, STM32N655B0H3Q, STM32N655I0H3Q, STM32N655L0H3Q, STM32N655X0H3Q, STM32N655Z0H3Q, STM32N6570-DK, STM32N657A0H3Q, STM32N657B0H3Q, STM32N657I0H3Q, STM32N657L0H3Q, STM32N657X0H3Q, STM32N657Z0H3Q, STM32U031C6T6, STM32U031C6U6, STM32U031C8T6, STM32U031C8U6, STM32U031F4P6, STM32U031F6P6, STM32U031F8P6, STM32U031G6Y6TR, STM32U031G8Y6TR, STM32U031K4U6, STM32U031K6U6, STM32U031K8U6, STM32U031R6I6, STM32U031R6T6, STM32U031R8I6, STM32U031R8T6, STM32U073C8T6, STM32U073C8U6, STM32U073CBT6, STM32U073CBU6, STM32U073CCT6, STM32U073CCU6, STM32U073H8Y6TR, STM32U073HBY6TR, STM32U073HCY6TR, STM32U073K8U6, STM32U073KBU6, STM32U073KCU6, STM32U073M8I6, STM32U073M8T6, STM32U073MBI6, STM32U073MBT6, STM32U073MCI6, STM32U073MCT6, STM32U073R8I6, STM32U073R8T6, STM32U073RBI6, STM32U073RBT6, STM32U073RCI6, STM32U073RCT6, STM32U083C-DK, STM32U083CCT6, STM32U083CCU6, STM32U083HCY6TR, STM32U083KCU6, STM32U083MCI6, STM32U083MCT6, STM32U083RCI6, STM32U083RCT6, STM32U375CET6, STM32U375CET6Q, STM32U375CEU6, STM32U375CEU6Q, STM32U375CEY6QTR, STM32U375CGT6, STM32U375CGT6Q, STM32U375CGU6, STM32U375CGU6Q, STM32U375CGY6QTR, STM32U375KEU6, STM32U375KGU6, STM32U375REI6, STM32U375REI6Q, STM32U375RET6, STM32U375RET6Q, STM32U375REY6GTR, STM32U375REY6QTR, STM32U375RGI6, STM32U375RGI6Q, STM32U375RGT6, STM32U375RGT6Q, STM32U375RGY6GTR, STM32U375RGY6QTR, STM32U375VEI6, STM32U375VEI6Q, STM32U375VET6, STM32U375VET6Q, STM32U375VGI6, STM32U375VGI6Q, STM32U375VGT6, STM32U375VGT6Q, STM32U385CGT6, STM32U385CGT6Q, STM32U385CGU6, STM32U385CGU6Q, STM32U385CGY6QTR, STM32U385KGU6, STM32U385RGI6, STM32U385RGI6Q, STM32U385RGT6, STM32U385RGT6Q, STM32U385RGY6GTR, STM32U385RGY6QTR, STM32U385VGI6, STM32U385VGI6Q, STM32U385VGT6, STM32U385VGT6Q, STM32U535CBT6, STM32U535CBT6Q, STM32U535CBU6, STM32U535CBU6Q, STM32U535CCT6, STM32U535CCT6Q, STM32U535CCU6, STM32U535CCU6Q, STM32U535CET6, STM32U535CET6Q, STM32U535CEU6, STM32U535CEU6Q, STM32U535JEY6QTR, STM32U535NCY6QTR, STM32U535NEY6QTR, STM32U535RBI6, STM32U535RBI6Q, STM32U535RBT6, STM32U535RBT6Q, STM32U535RCI6, STM32U535RCI6Q, STM32U535RCT6, STM32U535RCT6Q, STM32U535REI6, STM32U535REI6Q, STM32U535RET6, STM32U535RET6Q, STM32U535VCI6, STM32U535VCI6Q, STM32U535VCT6, STM32U535VCT6Q, STM32U535VEI6, STM32U535VEI6Q, STM32U535VET6, STM32U535VET6Q, STM32U545CET6, STM32U545CET6Q, STM32U545CEU6, STM32U545CEU6Q, STM32U545JEY6QTR, STM32U545NEY6QTR, STM32U545REI6, STM32U545REI6Q, STM32U545RET6, STM32U545RET6Q, STM32U545VEI6, STM32U545VEI6Q, STM32U545VET6, STM32U545VET6Q, STM32U595AIH6, STM32U595AIH6Q, STM32U595AJH6, STM32U595AJH6Q, STM32U595QII6, STM32U595QII6Q, STM32U595QJI6, STM32U595QJI6Q, STM32U595RIT6, STM32U595RIT6Q, STM32U595RJT6, STM32U595RJT6Q, STM32U595VIT6, STM32U595VIT6Q, STM32U595VJT6, STM32U595VJT6Q, STM32U595ZIT6, STM32U595ZIT6Q, STM32U595ZIY6QTR, STM32U595ZJT6, STM32U595ZJT6Q, STM32U595ZJY6QTR, STM32U599BJY6QTR, STM32U599NIH6Q, STM32U599NJH6Q, STM32U599VIT6Q, STM32U599VJT6, STM32U599VJT6Q, STM32U599ZIT6Q, STM32U599ZIY6QTR, STM32U599ZJT6Q, STM32U599ZJY6QTR, STM32U5A5AJH6, STM32U5A5AJH6Q, STM32U5A5QII3Q , STM32U5A5QJI6, STM32U5A5QJI6Q, STM32U5A5RJT6, STM32U5A5RJT6Q, STM32U5A5VJT6, STM32U5A5VJT6Q, STM32U5A5ZJT6, STM32U5A5ZJT6Q, STM32U5A5ZJY6QTR, STM32U5A9BJY6QTR, STM32U5A9J-DK, STM32U5A9NJH6Q, STM32U5A9VJT6Q, STM32U5A9ZJT6Q, STM32U5A9ZJY6QTR, STM32U5F7VIT6, STM32U5F7VIT6Q, STM32U5F7VJT6, STM32U5F7VJT6Q, STM32U5F9BJY6QTR, STM32U5F9NJH6Q, STM32U5F9VIT6Q, STM32U5F9VJT6Q, STM32U5F9ZIJ6QTR, STM32U5F9ZIT6Q, STM32U5F9ZJJ6QTR, STM32U5F9ZJT6Q, STM32U5G7VJT6, STM32U5G7VJT6Q, STM32U5G9BJY6QTR, STM32U5G9J-DK1, STM32U5G9J-DK2, STM32U5G9NJH6Q, STM32U5G9VJT6Q, STM32U5G9ZJJ6QTR, STM32U5G9ZJT6Q, STM32WB05KZV6TR, STM32WB05KZV7TR, STM32WB05TZF6TR, STM32WB05TZF7TR, STM32WB06CCF6TR, STM32WB06CCF7TR, STM32WB06CCV6TR, STM32WB06CCV7TR, STM32WB06KCV6TR, STM32WB06KCV7TR, STM32WB07CCF6TR, STM32WB07CCF7TR, STM32WB07CCV6TR, STM32WB07CCV7TR, STM32WB07KCV6TR, STM32WB07KCV7TR, STM32WB09KEV6TR, STM32WB09KEV7TR, STM32WB09TEF6TR, STM32WB09TEF7TR, STM32WB1MMCH6, STM32WBA50KGU6, STM32WBA50KGU6TR, STM32WBA52CEU6, STM32WBA52CEU6TR, STM32WBA52CEU7, STM32WBA52CEU7TR, STM32WBA52CGU6, STM32WBA52CGU6TR, STM32WBA52CGU6U, STM32WBA52CGU7, STM32WBA52CGU7TR, STM32WBA52KEU6, STM32WBA52KEU6TR, STM32WBA52KGU6, STM32WBA52KGU6TR, STM32WBA54CEU6, STM32WBA54CEU6TR, STM32WBA54CEU7, STM32WBA54CEU7TR, STM32WBA54CGU6, STM32WBA54CGU6TR, STM32WBA54CGU7, STM32WBA54CGU7TR, STM32WBA54KEU6, STM32WBA54KEU6TR, STM32WBA54KEU7, STM32WBA54KEU7TR, STM32WBA54KGU6, STM32WBA54KGU6TR, STM32WBA54KGU7, STM32WBA54KGU7TR, STM32WBA55CEU6, STM32WBA55CEU6TR, STM32WBA55CEU7, STM32WBA55CEU7TR, STM32WBA55CGU6, STM32WBA55CGU6TR, STM32WBA55CGU6U, STM32WBA55CGU7, STM32WBA55CGU7TR, STM32WBA55G-DK1, STM32WBA55HEF6, STM32WBA55HEF7, STM32WBA55HGF6, STM32WBA55HGF7, STM32WBA55UEI6, STM32WBA55UEI6TR, STM32WBA55UEI7, STM32WBA55UEI7TR, STM32WBA55UGI6, STM32WBA55UGI6TR, STM32WBA55UGI7, STM32WBA55UGI7TR, STM32WBA5MMGH6TR, STM32WBA62MGF6, STM32WBA62MIF6, STM32WBA65MGF7, STM32WBA65MIF6, STM32WBA65MIF7, STM32WL30K8V6, STM32WL30KBV6, STM32WL31C8V6, STM32WL31CBV6, STM32WL31K8V6, STM32WL31KBV6, STM32WL33C8V6, STM32WL33C8V6X, STM32WL33CBV6, STM32WL33CBV6X, STM32WL33CCV6, STM32WL33CCV6A, STM32WL33CCV6X, STM32WL33K8V7, STM32WL33K8V7X, STM32WL33KBV7 , STM32WL33KBV7X, STM32WL33KCV7, STM32WL33KCV7X, STM32WL5MOCH6, STM32WL5MOCH6TR]
2025-07-19 14:41:05,793 [INFO] BoardInfo:889 - No configuration file found for board P-NUCLEO-WB55
2025-07-19 14:41:05,796 [INFO] DbBoards:161 - Kit is not supported: P-NUCLEO-WB55
2025-07-19 14:41:05,815 [INFO] BoardInfo:889 - No configuration file found for board STEVAL-BFA001V1B
2025-07-19 14:41:05,817 [INFO] DbBoards:161 - Kit is not supported: STEVAL-BFA001V1B
2025-07-19 14:41:05,820 [INFO] BoardInfo:889 - No configuration file found for board STEVAL-BFA001V2B
2025-07-19 14:41:05,823 [INFO] DbBoards:161 - Kit is not supported: STEVAL-BFA001V2B
2025-07-19 14:41:07,030 [INFO] DbBoards:168 - Found 212 boards, 209 are supported
2025-07-19 14:41:07,030 [INFO] DbBoards:169 - Found 212 boards, 43 of them is supported for  Bsp
2025-07-19 14:41:07,041 [INFO] ApiDb:423 - Load user favorites file C:\Users\aliya/.stm32cubeide/favorites.boards.txt: 1 item(s)
2025-07-19 14:41:07,041 [INFO] ApiDb:427 - User favorites Boards=[NUCLEO-F446RE]
2025-07-19 14:41:07,041 [INFO] DbBoards:198 - Set 1 / 1 favorites Boards
2025-07-19 14:41:07,046 [INFO] ApiDb:668 - CubeFinder database Data Model version=2.1
2025-07-19 14:41:07,046 [INFO] ApiDb:669 - CubeFinder database Configuration version=3.0.39
2025-07-19 14:41:07,046 [INFO] ApiDb:670 - CubeFinder database generation date=2025-06-24 (1750757100)
2025-07-19 14:41:07,046 [INFO] ApiDb:671 - CubeFinder database FW Pack versions=[FP-ATR-ASTRA1_V2.0.0, FP-SNS-FLIGHT1_V5.1.0, FP-SNS-MOTENV1_V5.0.0, FP-SNS-MOTENVWB1_V1.4.0, FP-SNS-SMARTAG2_V1.2.0, FP-SNS-STBOX1_V2.0.0, STM32Cube_FW_C0_V1.4.0, STM32Cube_FW_F4_V1.28.2, STM32Cube_FW_F7_V1.17.3, STM32Cube_FW_G0_V1.6.2, STM32Cube_FW_G4_V1.6.1, STM32Cube_FW_H5_V1.5.0, STM32Cube_FW_H7RS_V1.2.0, STM32Cube_FW_H7_V1.12.1, STM32Cube_FW_L0_V1.12.2, STM32Cube_FW_L4_V1.18.1, STM32Cube_FW_L5_V1.5.1, STM32Cube_FW_N6_V1.2.0, STM32Cube_FW_U0_V1.3.0, STM32Cube_FW_U3_V1.2.0, STM32Cube_FW_U5_V1.8.0, STM32Cube_FW_WB0_V1.3.0, STM32Cube_FW_WBA_V1.7.0, STM32Cube_FW_WB_V1.23.0, STM32Cube_FW_WL3_V1.2.0, STM32Cube_FW_WL_V1.3.1, X-CUBE-ALGOBUILD_V1.4.0, X-CUBE-ALS_V1.0.2, X-CUBE-AZRTOS-F4_V1.1.0, X-CUBE-AZRTOS-F7_V1.1.0, X-CUBE-AZRTOS-G0_V1.1.0, X-CUBE-AZRTOS-G4_V2.0.0, X-CUBE-AZRTOS-H7RS_V1.1.0, X-CUBE-AZRTOS-H7_V3.3.0, X-CUBE-AZRTOS-L4_V2.0.0, X-CUBE-AZRTOS-L5_V2.0.0, X-CUBE-AZRTOS-WB_V2.0.0, X-CUBE-AZRTOS-WL_V2.0.0, X-CUBE-BLE1_V7.1.0, X-CUBE-BLE2_V3.3.0, X-CUBE-BLEMGR_V4.0.0, X-CUBE-EEPRMA1_V5.1.0, X-CUBE-FREERTOS_V1.3.1, X-CUBE-GNSS1_V6.0.0, X-CUBE-MEMS1_V11.3.0, X-CUBE-NFC4_V3.0.0, X-CUBE-NFC7_V2.0.0, X-CUBE-SFXS2LP1_V4.0.0, X-CUBE-SUBG2_V5.0.0, X-CUBE-TOF1_V3.4.3]
2025-07-19 14:41:07,716 [ERROR] DbExamplesSqlite:437 - Missing JSON key: board_cpn
2025-07-19 14:41:07,716 [ERROR] DbExamplesSqlite:437 - Missing JSON key: board_cpn
2025-07-19 14:41:07,716 [ERROR] DbExamplesSqlite:437 - Missing JSON key: board_cpn
2025-07-19 14:41:07,716 [ERROR] DbExamplesSqlite:437 - Missing JSON key: board_cpn
2025-07-19 14:41:08,029 [ERROR] DbExamplesSqlite:437 - Missing JSON key: board_cpn
2025-07-19 14:41:08,029 [ERROR] DbExamplesSqlite:437 - Missing JSON key: board_cpn
2025-07-19 14:41:08,029 [ERROR] DbExamplesSqlite:437 - Missing JSON key: board_cpn
2025-07-19 14:41:08,029 [ERROR] DbExamplesSqlite:437 - Missing JSON key: board_cpn
2025-07-19 14:41:08,029 [ERROR] DbExamplesSqlite:437 - Missing JSON key: board_cpn
2025-07-19 14:41:08,029 [ERROR] DbExamplesSqlite:437 - Missing JSON key: board_cpn
2025-07-19 14:41:08,029 [ERROR] DbExamplesSqlite:437 - Missing JSON key: board_cpn
2025-07-19 14:41:08,029 [ERROR] DbExamplesSqlite:437 - Missing JSON key: board_cpn
2025-07-19 14:41:08,029 [ERROR] DbExamplesSqlite:437 - Missing JSON key: board_cpn
2025-07-19 14:41:08,249 [ERROR] DbExamplesSqlite:437 - Missing JSON key: board_cpn
2025-07-19 14:41:08,294 [INFO] DbExamplesSqlite:395 - Ignored 33 examples not supported by CubeIDE
2025-07-19 14:41:08,295 [INFO] DbExamplesSqlite:396 - Found 10854 examples active
2025-07-19 14:41:08,295 [INFO] DbExamplesSqlite:397 - Found 0 examples obsolete
2025-07-19 14:41:08,295 [INFO] DbExamplesSqlite:398 - Found 0 examples under development
2025-07-19 14:41:08,295 [INFO] DbExamplesSqlite:399 - Found 65 examples not building
2025-07-19 14:41:08,297 [INFO] DbExamples:125 - Found 10886 examples
2025-07-19 14:41:08,337 [INFO] DbExamples:222 - Found 133 boards with related examples
2025-07-19 14:41:08,339 [INFO] DbExamples:235 - Found 110 MCUs with related examples
2025-07-19 14:41:08,380 [INFO] ApiDb:414 - User favorites file not found: C:\Users\aliya/.stm32cubeide/favorites.examples.txt
2025-07-19 14:41:08,380 [INFO] DbExamples:250 - Set 0 / 0 favorites Examples
2025-07-19 14:41:08,668 [INFO] McuFinderGlobals:76 - Set McuFinderConnectedMode to true
2025-07-19 14:41:08,684 [INFO] MultiScanPanel:200 - Auto-refresh data requested => check proxy status ongoing
2025-07-19 14:41:08,684 [INFO] FinderPluginLoader:96 - Searching for filters in installed packs
2025-07-19 14:41:14,751 [INFO] LoadUrlFilesThread:185 - End of LoadServerUrlFiles without Thread
2025-07-19 14:41:15,537 [INFO] DetailPanel:341 - Set advertising image to C:/Users/aliya/STM32Cube/Repository/\en.2400x1350px.jpeg
2025-07-19 14:41:26,561 [INFO] MultiScanPanel:200 - Auto-refresh data requested => check proxy status ongoing
2025-07-19 14:41:26,963 [INFO] LoadUrlFilesThread:185 - End of LoadServerUrlFiles without Thread
2025-07-19 14:41:26,963 [INFO] DetailPanel:341 - Set advertising image to C:/Users/aliya/STM32Cube/Repository/\en.2400x1350px.jpeg
2025-07-19 14:41:27,008 [INFO] DbBoards:642 - Loading board mini-images...
2025-07-19 14:41:31,185 [ERROR] DbBoards:659 - Image file not found for board STM32MP215F-DK: C:\Users\aliya\.stmcufinder\plugins\mcufinder//mcu//boards_images/STM32MP215F-DK.jpg
2025-07-19 14:41:31,426 [INFO] DbBoards:665 - Loaded 211 board mini-images
2025-07-19 14:41:40,007 [INFO] MainUpdater:2872 - connection check result : 10
2025-07-19 14:41:40,007 [INFO] MainUpdater:2872 - connection check result : 10
2025-07-19 14:41:40,024 [INFO] MicroXplorer:468 - Change Database Path : 
2025-07-19 14:41:40,025 [INFO] MicroXplorer:498 - Change Database Version : DB.6.0.150
2025-07-19 14:41:40,042 [WARN] ThirdParty:871 - waiting for thirdparty lock release [close project]
2025-07-19 14:41:40,042 [INFO] ThirdParty:873 - entering critical section [close project]
2025-07-19 14:41:40,043 [INFO] ThirdParty:883 - exiting critical section [close project]
2025-07-19 14:41:40,050 [INFO] PinOutPanel:1589 - setPackage(No Configuration,No Configuration)
2025-07-19 14:41:40,054 [INFO] UtilMem:75 - Begin LoadConfig() Used Memory: 871056968 Bytes (1073741824)
2025-07-19 14:41:40,070 [INFO] OpenFileManager:355 - Change cursor
2025-07-19 14:41:40,236 [INFO] ProjectFactory:514 - No CPN specified for board NUCLEO-F446RE => set CPN to STM32F446RET6
2025-07-19 14:41:40,239 [INFO] Mcu:2029 - Initializing MCU STM32F446R(C-E)Tx STM32F446RETx STM32F446RET6
2025-07-19 14:41:45,071 [INFO] Context:786 - Trying to add GPIOservice into a context  which must be forbidden
2025-07-19 14:41:47,542 [INFO] Rule:233 - rule 117617 - U5Cobra4M][GTZC] default value MPCBB3 and MPCBB5 - Not Secured memory - MPCBB1 is applicable
2025-07-19 14:41:47,542 [INFO] Rule:233 - rule 117617 - U5Cobra4M][GTZC] default value MPCBB3 and MPCBB5 - Not Secured memory - MPCBB1 is applicable
2025-07-19 14:41:47,543 [INFO] Rule:233 - rule 117617 - U5Cobra4M][GTZC] default value MPCBB3 and MPCBB5 - Not Secured memory - MPCBB2 is applicable
2025-07-19 14:41:47,543 [INFO] Rule:233 - rule 117617 - U5Cobra4M][GTZC] default value MPCBB3 and MPCBB5 - Not Secured memory - MPCBB2 is applicable
2025-07-19 14:41:47,543 [INFO] Rule:233 - rule 117617 - U5Cobra4M][GTZC] default value MPCBB3 and MPCBB5 - Not Secured memory - MPCBB3 is applicable
2025-07-19 14:41:47,543 [INFO] Rule:233 - rule 117617 - U5Cobra4M][GTZC] default value MPCBB3 and MPCBB5 - Not Secured memory - MPCBB3 is applicable
2025-07-19 14:41:47,543 [INFO] Rule:233 - rule 117617 - U5Cobra4M][GTZC] default value MPCBB3 and MPCBB5 - Not Secured memory - MPCBB4 is applicable
2025-07-19 14:41:47,543 [INFO] Rule:233 - rule 117617 - U5Cobra4M][GTZC] default value MPCBB3 and MPCBB5 - Not Secured memory - MPCBB4 is applicable
2025-07-19 14:41:47,543 [INFO] Rule:233 - rule 117617 - U5Cobra4M][GTZC] default value MPCBB3 and MPCBB5 - Secured memory - MPCBB1 is applicable
2025-07-19 14:41:47,543 [INFO] Rule:233 - rule 117617 - U5Cobra4M][GTZC] default value MPCBB3 and MPCBB5 - Secured memory - MPCBB2 is applicable
2025-07-19 14:41:47,543 [INFO] Rule:233 - rule 117617 - U5Cobra4M][GTZC] default value MPCBB3 and MPCBB5 - Secured memory - MPCBB3 is applicable
2025-07-19 14:41:47,543 [INFO] Rule:233 - rule 117617 - U5Cobra4M][GTZC] default value MPCBB3 and MPCBB5 - Secured memory - MPCBB4 is applicable
2025-07-19 14:41:47,543 [INFO] Rule:233 - rule 117617 - U5Cobra4M][GTZC] default value MPCBB3 and MPCBB5 - Privileged memory - MPCBB1 is applicable
2025-07-19 14:41:47,543 [INFO] Rule:233 - rule 117617 - U5Cobra4M][GTZC] default value MPCBB3 and MPCBB5 - Privileged memory - MPCBB2 is applicable
2025-07-19 14:41:47,543 [INFO] Rule:233 - rule 117617 - U5Cobra4M][GTZC] default value MPCBB3 and MPCBB5 - Privileged memory - MPCBB3 is applicable
2025-07-19 14:41:47,543 [INFO] Rule:233 - rule 117617 - U5Cobra4M][GTZC] default value MPCBB3 and MPCBB5 - Privileged memory - MPCBB4 is applicable
2025-07-19 14:41:47,543 [INFO] Rule:233 - rule 117617 - U5Cobra4M][GTZC] default value MPCBB3 and MPCBB5 - Not Privileged memory - MPCBB1 is applicable
2025-07-19 14:41:47,543 [INFO] Rule:233 - rule 117617 - U5Cobra4M][GTZC] default value MPCBB3 and MPCBB5 - Not Privileged memory - MPCBB2 is applicable
2025-07-19 14:41:47,543 [INFO] Rule:233 - rule 117617 - U5Cobra4M][GTZC] default value MPCBB3 and MPCBB5 - Not Privileged memory - MPCBB3 is applicable
2025-07-19 14:41:47,544 [INFO] Rule:233 - rule 117617 - U5Cobra4M][GTZC] default value MPCBB3 and MPCBB5 - Not Privileged memory - MPCBB4 is applicable
2025-07-19 14:41:47,544 [INFO] Rule:233 - rule 117617 - U5Cobra4M][GTZC] default value MPCBB3 and MPCBB5 - Privileged memory - MPCBB1 is applicable
2025-07-19 14:41:47,544 [INFO] Rule:233 - rule 117617 - U5Cobra4M][GTZC] default value MPCBB3 and MPCBB5 - Privileged memory - MPCBB2 is applicable
2025-07-19 14:41:47,544 [INFO] Rule:233 - rule 117617 - U5Cobra4M][GTZC] default value MPCBB3 and MPCBB5 - Privileged memory - MPCBB3 is applicable
2025-07-19 14:41:47,544 [INFO] Rule:233 - rule 117617 - U5Cobra4M][GTZC] default value MPCBB3 and MPCBB5 - Privileged memory - MPCBB4 is applicable
2025-07-19 14:41:47,544 [INFO] Rule:233 - rule 117617 - U5Cobra4M][GTZC] default value MPCBB3 and MPCBB5 - Privileged memory - MPCBB1 is applicable
2025-07-19 14:41:47,544 [INFO] Rule:233 - rule 117617 - U5Cobra4M][GTZC] default value MPCBB3 and MPCBB5 - Privileged memory - MPCBB2 is applicable
2025-07-19 14:41:47,544 [INFO] Rule:233 - rule 117617 - U5Cobra4M][GTZC] default value MPCBB3 and MPCBB5 - Privileged memory - MPCBB3 is applicable
2025-07-19 14:41:47,544 [INFO] Rule:233 - rule 117617 - U5Cobra4M][GTZC] default value MPCBB3 and MPCBB5 - Privileged memory - MPCBB4 is applicable
2025-07-19 14:41:47,544 [INFO] Rule:233 - rule 117617 - U5Cobra4M][GTZC] default value MPCBB3 and MPCBB5 - Not Privileged memory - MPCBB1 is applicable
2025-07-19 14:41:47,544 [INFO] Rule:233 - rule 117617 - U5Cobra4M][GTZC] default value MPCBB3 and MPCBB5 - Not Privileged memory - MPCBB2 is applicable
2025-07-19 14:41:47,544 [INFO] Rule:233 - rule 117617 - U5Cobra4M][GTZC] default value MPCBB3 and MPCBB5 - Not Privileged memory - MPCBB3 is applicable
2025-07-19 14:41:47,544 [INFO] Rule:233 - rule 117617 - U5Cobra4M][GTZC] default value MPCBB3 and MPCBB5 - Not Privileged memory - MPCBB4 is applicable
2025-07-19 14:41:47,544 [INFO] Rule:233 - rule 117617 - U5Cobra4M][GTZC] default value MPCBB3 and MPCBB5 - Privileged memory - MPCBB1 is applicable
2025-07-19 14:41:47,544 [INFO] Rule:233 - rule 117617 - U5Cobra4M][GTZC] default value MPCBB3 and MPCBB5 - Privileged memory - MPCBB2 is applicable
2025-07-19 14:41:47,544 [INFO] Rule:233 - rule 117617 - U5Cobra4M][GTZC] default value MPCBB3 and MPCBB5 - Privileged memory - MPCBB3 is applicable
2025-07-19 14:41:47,544 [INFO] Rule:233 - rule 117617 - U5Cobra4M][GTZC] default value MPCBB3 and MPCBB5 - Privileged memory - MPCBB4 is applicable
2025-07-19 14:41:47,544 [INFO] Rule:233 - rule Rename SubGHz_Phy SUBGHZ_APPLICATION SUBGHZ_PINGPONG to SUBGHZ_ADV_APPLICATION is applicable
2025-07-19 14:41:47,545 [INFO] Rule:233 - rule Rename Enabled to IBEACON is applicable
2025-07-19 14:41:47,545 [INFO] Rule:233 - rule GTZC_S instance for project manager is applicable
2025-07-19 14:41:47,545 [INFO] Rule:233 - rule GTZC_S instance for context M33S is applicable
2025-07-19 14:41:47,545 [INFO] Rule:233 - rule GTZC_S instance value for IP GTZC is applicable
2025-07-19 14:41:47,545 [INFO] Rule:233 - rule GTZC_S instance for mcu.IP is applicable
2025-07-19 14:41:47,545 [INFO] Rule:233 - rule GTZC_S instance for VP is applicable
2025-07-19 14:41:47,545 [INFO] Rule:233 - rule GTZC_S instance for signal is applicable
2025-07-19 14:41:47,545 [INFO] Rule:233 - rule GTZC_S instance for mcu.Pin is applicable
2025-07-19 14:41:47,545 [INFO] Rule:233 - rule GTZC_S instance for VP is applicable
2025-07-19 14:41:47,545 [INFO] Rule:233 - rule GTZC_S instance for signal is applicable
2025-07-19 14:41:47,545 [INFO] Rule:233 - rule GTZC_S instance for mcu is applicable
2025-07-19 14:41:47,545 [INFO] Rule:233 - rule GTZC_S instance for mcu.Pin is applicable
2025-07-19 14:41:47,545 [INFO] Rule:233 - rule GTZC_S instance value for IP GTZC is applicable
2025-07-19 14:41:47,545 [INFO] Rule:233 - rule GTZC_S instance for project manager is applicable
2025-07-19 14:41:47,545 [INFO] Rule:233 - rule GTZC_S instance for context M33S is applicable
2025-07-19 14:41:47,545 [INFO] Rule:233 - rule GTZC_S instance for VP is applicable
2025-07-19 14:41:47,545 [INFO] Rule:233 - rule GTZC_S instance for signal is applicable
2025-07-19 14:41:47,546 [INFO] Rule:233 - rule SPDIFRX instance for mcu is applicable
2025-07-19 14:41:47,546 [INFO] Rule:233 - rule Rename Tracer Mode is applicable
2025-07-19 14:41:47,546 [INFO] Rule:233 - rule SPDIFRX instance value for IP SPDIFRX is applicable
2025-07-19 14:41:47,546 [INFO] Rule:233 - rule SPDIFRX instance for signal is applicable
2025-07-19 14:41:47,546 [INFO] Rule:233 - rule SPDIFRX instance for project manager is applicable
2025-07-19 14:41:47,546 [INFO] Rule:233 - rule SPDIFRX instance for project manager is applicable
2025-07-19 14:41:47,546 [INFO] Rule:233 - rule ADC Scan  fix with FW F7 is applicable
2025-07-19 14:41:47,546 [INFO] Rule:233 - rule ADC Scan  fix with FW F7 is applicable
2025-07-19 14:41:47,546 [INFO] Rule:233 - rule WakeUp0 Mode is applicable
2025-07-19 14:41:47,546 [INFO] Rule:233 - rule WakeUp0 SIGNAL is applicable
2025-07-19 14:41:47,546 [INFO] Rule:233 - rule WakeUp1 Mode is applicable
2025-07-19 14:41:47,546 [INFO] Rule:233 - rule WakeUp1 SIGNAL is applicable
2025-07-19 14:41:47,546 [INFO] Rule:233 - rule WakeUp2 Mode is applicable
2025-07-19 14:41:47,546 [INFO] Rule:233 - rule WakeUp2 SIGNAL is applicable
2025-07-19 14:41:47,546 [INFO] Rule:233 - rule WakeUp4 Mode is applicable
2025-07-19 14:41:47,547 [INFO] Rule:233 - rule WakeUp4 SIGNAL is applicable
2025-07-19 14:41:47,547 [INFO] Rule:233 - rule WakeUp5 Mode is applicable
2025-07-19 14:41:47,547 [INFO] Rule:233 - rule WakeUp5 SIGNAL is applicable
2025-07-19 14:41:47,547 [INFO] Rule:233 - rule Add RTC Activate Clock Source is applicable
2025-07-19 14:41:47,547 [INFO] Rule:233 - rule Add RTC Activate Calendar 1 is applicable
2025-07-19 14:41:47,547 [INFO] Rule:233 - rule Add RTC Activate Calendar 2 is applicable
2025-07-19 14:41:47,547 [INFO] Rule:233 - rule Add RTC Activate Calendar 3 is applicable
2025-07-19 14:41:47,547 [INFO] Rule:233 - rule UART/USART TX Mode is applicable
2025-07-19 14:41:47,547 [INFO] Rule:233 - rule UART/USART RX Mode is applicable
2025-07-19 14:41:47,547 [INFO] Rule:233 - rule UART/USART RX TX Mode is applicable
2025-07-19 14:41:47,547 [INFO] Rule:233 - rule UART/USART PARITY NONE is applicable
2025-07-19 14:41:47,547 [INFO] Rule:233 - rule UART/USART PARITY EVEN is applicable
2025-07-19 14:41:47,547 [INFO] Rule:233 - rule UART/USART PARITY ODD is applicable
2025-07-19 14:41:47,547 [INFO] Rule:233 - rule USART StopBits 1 is applicable
2025-07-19 14:41:47,547 [INFO] Rule:233 - rule USART StopBits 2 is applicable
2025-07-19 14:41:47,547 [INFO] Rule:233 - rule USART StopBits 1.5 is applicable
2025-07-19 14:41:47,547 [INFO] Rule:233 - rule USART StopBits 0.5 is applicable
2025-07-19 14:41:47,548 [INFO] Rule:233 - rule UART/USART WORD LENGTH 7 is applicable
2025-07-19 14:41:47,548 [INFO] Rule:233 - rule UART/USART WORD LENGTH 8 is applicable
2025-07-19 14:41:47,548 [INFO] Rule:233 - rule UART/USART WORD LENGTH 9 is applicable
2025-07-19 14:41:47,548 [INFO] Rule:233 - rule Rename FMC NAND NCE signal is applicable
2025-07-19 14:41:47,548 [INFO] Rule:233 - rule Rename FMC NAND INT signal is applicable
2025-07-19 14:41:47,548 [INFO] Rule:233 - rule Change Default Value for LSE Drive Capability for WB family is applicable
2025-07-19 14:41:47,548 [INFO] Rule:233 - rule Change Default Value for ADC Clock Prescaler G0 family is applicable
2025-07-19 14:41:47,548 [INFO] Rule:233 - rule Change Default Value for ADC ExternalTrigConv L4 family is applicable
2025-07-19 14:41:47,548 [INFO] Rule:233 - rule Change Default Value for ADC ExternalTrigInjecConv L4 family is applicable
2025-07-19 14:41:47,548 [INFO] Rule:233 - rule Change Default Value for ADC ExternalTrigConv F3 family is applicable
2025-07-19 14:41:47,549 [INFO] Rule:233 - rule Change Default Value for ADC ExternalTrigInjecConv F3 family is applicable
2025-07-19 14:41:47,549 [INFO] Rule:233 - rule Change Default Value for ADC ExternalTrigConv Goldfish serie is applicable
2025-07-19 14:41:47,549 [INFO] Rule:233 - rule Change Default Value for ADC ExternalTrigInjecConv Goldfish serie is applicable
2025-07-19 14:41:47,549 [INFO] Rule:233 - rule Change Default Value for ADC ExternalTrigConv L0 family is applicable
2025-07-19 14:41:47,549 [INFO] Rule:233 - rule Change Default Value for ADC ExternalTrigConv F0 family is applicable
2025-07-19 14:41:47,551 [INFO] Rule:233 - rule Change Default Value for ADC ExternalTrigConvn L1 family is applicable
2025-07-19 14:41:47,551 [INFO] Rule:233 - rule Change Default Value for ADC ExternalTrigInjecConv L1 family is applicable
2025-07-19 14:41:47,551 [INFO] Rule:233 - rule Change Default Value for ADC ExternalTrigConv F1 family is applicable
2025-07-19 14:41:47,551 [INFO] Rule:233 - rule Change Default Value for ADC ExternalTrigInjecConv F1 family is applicable
2025-07-19 14:41:47,551 [INFO] Rule:233 - rule Change Default Value for ADC ExternalTrigConv F7 family is applicable
2025-07-19 14:41:47,552 [INFO] Rule:233 - rule Change Default Value for ADC ExternalTrigInjecConv F7 family is applicable
2025-07-19 14:41:47,552 [INFO] Rule:233 - rule Change Default Value for ADC ExternalTrigConv F4 and F2 family is applicable
2025-07-19 14:41:47,552 [INFO] Rule:233 - rule Change Default Value for ADC ExternalTrigInjecConv F4 and F2 family is applicable
2025-07-19 14:41:47,553 [INFO] Rule:233 - rule ADC SamplingTime fix with FW L0  is applicable
2025-07-19 14:41:47,553 [INFO] Rule:233 - rule ADC SamplingTime fix with FW L0  is applicable
2025-07-19 14:41:47,553 [INFO] Rule:233 - rule ADC SamplingTime fix with FW L0 is applicable
2025-07-19 14:41:47,553 [INFO] Rule:233 - rule ADC SamplingTime fix with FW L0 is applicable
2025-07-19 14:41:47,553 [INFO] Rule:233 - rule ADC SamplingTime fix with FW L0  is applicable
2025-07-19 14:41:47,553 [INFO] Rule:233 - rule ADC SamplingTime fix with FW L0 is applicable
2025-07-19 14:41:47,553 [INFO] Rule:233 - rule Rename USB_OE Signal is applicable
2025-07-19 14:41:47,553 [INFO] Rule:233 - rule Rename Activate_OE Mode is applicable
2025-07-19 14:41:47,554 [INFO] Rule:233 - rule Rename DIE462/DIE415 pin PC14/OSC32_IN -> PC14-OSC32_IN (PC14) is applicable
2025-07-19 14:41:47,554 [INFO] Rule:233 - rule Rename DIE462/DIE415 pin PC15/OSC32_OUT -> PC15-OSC32_OUT (PC15) is applicable
2025-07-19 14:41:47,554 [INFO] Rule:233 - rule Rename DIE462/DIE415 pin PH0/OSC_IN -> PH0-OSC_IN (PH0) is applicable
2025-07-19 14:41:47,554 [INFO] Rule:233 - rule Rename DIE462/DIE415 pin PH1/OSC_OUT -> PH1-OSC_OUT (PH1) is applicable
2025-07-19 14:41:47,554 [INFO] Rule:233 - rule Rename DIE462 pin PA13 -> PA13 (JTMS/SWDIO) is applicable
2025-07-19 14:41:47,554 [INFO] Rule:233 - rule Rename DIE415 pin PA13 -> PA13 (JTMS/SWDIO) is applicable
2025-07-19 14:41:47,554 [INFO] Rule:233 - rule Rename DIE462 pin PA14 -> PA14 (JTCK/SWCLK) is applicable
2025-07-19 14:41:47,554 [INFO] Rule:233 - rule Rename DIE415 pin PA14 -> PA14 (JTCK/SWCLK) is applicable
2025-07-19 14:41:47,554 [INFO] Rule:233 - rule Rename DIE462/DIE415 pin PA15 -> PA15 (JTDI) is applicable
2025-07-19 14:41:47,554 [INFO] Rule:233 - rule Rename DIE462 pin PB3 -> PB3 (JTD0/TRACESWO) is applicable
2025-07-19 14:41:47,554 [INFO] Rule:233 - rule Rename DIE415 pin PB3 -> PB3 (JTD0-TRACESWO) is applicable
2025-07-19 14:41:47,554 [INFO] Rule:233 - rule Rename DIE462/DIE415 pin PB4 -> PB4 (NJTRST) is applicable
2025-07-19 14:41:47,554 [INFO] Rule:233 - rule Rename DIE462 pin PH3/BOOT0 -> PH3-BOOT0 (BOOT0) is applicable
2025-07-19 14:41:47,555 [INFO] Rule:233 - rule Rename CRYP DataEncryptionTypesList to Algorithm is applicable
2025-07-19 14:41:47,556 [INFO] Rule:233 - rule Rename AES DataEncryptionTypesList to Algorithm is applicable
2025-07-19 14:41:47,556 [INFO] Rule:233 - rule Rename TDESECB to CRYP_TDES_ECB is applicable
2025-07-19 14:41:47,556 [INFO] Rule:233 - rule Rename TDESCBC to CRYP_TDES_CBC is applicable
2025-07-19 14:41:47,556 [INFO] Rule:233 - rule Rename DESECB to CRYP_DES_ECB is applicable
2025-07-19 14:41:47,556 [INFO] Rule:233 - rule Rename DESCBC to CRYP_DES_CBC is applicable
2025-07-19 14:41:47,556 [INFO] Rule:233 - rule Rename AESECB to CRYP_AES_ECB is applicable
2025-07-19 14:41:47,556 [INFO] Rule:233 - rule Rename AESCBC to CRYP_AES_CBC is applicable
2025-07-19 14:41:47,556 [INFO] Rule:233 - rule Rename AESCTR to CRYP_AES_CTR is applicable
2025-07-19 14:41:47,556 [INFO] Rule:233 - rule Rename AESGCM to CRYP_AES_GCM is applicable
2025-07-19 14:41:47,556 [INFO] Rule:233 - rule Rename AESCCM to CRYP_AES_CCM is applicable
2025-07-19 14:41:47,556 [INFO] Rule:233 - rule Rename CAN TimeSeg1 to BS1 is applicable
2025-07-19 14:41:47,556 [INFO] Rule:233 - rule Rename CAN TimeSeg2 to BS2 is applicable
2025-07-19 14:41:47,557 [INFO] Rule:233 - rule Rename CAN SyncJumpWidth to SJW is applicable
2025-07-19 14:41:47,558 [INFO] Rule:233 - rule TimeTriggeredMode to TTCM is applicable
2025-07-19 14:41:47,558 [INFO] Rule:233 - rule Rename CAN AutoBusOff to ABOM is applicable
2025-07-19 14:41:47,558 [INFO] Rule:233 - rule Rename CAN AutoWakeUp to AWUM is applicable
2025-07-19 14:41:47,558 [INFO] Rule:233 - rule Rename CAN AutoRetransmission to NART is applicable
2025-07-19 14:41:47,558 [INFO] Rule:233 - rule Rename CAN ReceiveFifoLocked to RFLM is applicable
2025-07-19 14:41:47,559 [INFO] Rule:233 - rule Rename CAN TransmitFifoPriority to TXFP is applicable
2025-07-19 14:41:47,559 [INFO] Rule:233 - rule Rename HRTIMER HRTIM_OUTPUTFAULTLEVEL_HIGH in HRTIMER HRTIM_OUTPUTFAULTLEVEL_HIGHZ is applicable
2025-07-19 14:41:47,559 [INFO] Rule:233 - rule Rename TIMER TIM_CLEARINPUTSOURCE_OCREFCLR in  TIMER TIM_CLEARINPUTSOURCE_NONE for F7 family is applicable
2025-07-19 14:41:47,559 [INFO] Rule:233 - rule FDCAN_R1 - Rename FDCAN mode Master into Classic is applicable
2025-07-19 14:41:47,559 [INFO] Rule:233 - rule FDCAN_R2 - Rename FDCAN mode Slave into Classic is applicable
2025-07-19 14:41:47,559 [INFO] Rule:233 - rule FDCAN1_R3 - if PA10.Mode=FullDuplex, add Pin PA12 is applicable
2025-07-19 14:41:47,559 [INFO] Rule:233 - rule FDCAN1_R3 - if PA9.Mode=FullDuplex, add Pin PA11 is applicable
2025-07-19 14:41:47,559 [INFO] Rule:233 - rule FDCAN1_R3 - Alternatepin_1 - if PE1.Mode=FullDuplex, add Pin PB9 is applicable
2025-07-19 14:41:47,559 [INFO] Rule:233 - rule FDCAN1_R3 - Alternatepin_1 - if PE0.Mode=FullDuplex, add Pin PB8 is applicable
2025-07-19 14:41:47,559 [INFO] Rule:233 - rule FDCAN1_R3 - Alternatepin_2 - if PD5.Mode=FullDuplex, add Pin PD1 is applicable
2025-07-19 14:41:47,560 [INFO] Rule:233 - rule FDCAN1_R3 - Alternatepin_2 - if PD4.Mode=FullDuplex, add Pin PD0 is applicable
2025-07-19 14:41:47,560 [INFO] Rule:233 - rule FDCAN1_R4 - Rename Mode FullDuplex into Enable FDCAN_TXFD for pin PA10 is applicable
2025-07-19 14:41:47,561 [INFO] Rule:233 - rule FDCAN1_R4 - Rename Mode FullDuplex into Enable FDCAN_TXFD for pin PA9 is applicable
2025-07-19 14:41:47,561 [INFO] Rule:233 - rule FDCAN1_R4 - Alternatepin_1 - Rename Mode FullDuplex into Enable FDCAN_TXFD for pin PE1 is applicable
2025-07-19 14:41:47,561 [INFO] Rule:233 - rule FDCAN1_R4 - Alternatepin_1 - Rename Mode FullDuplex into Enable FDCAN_TXFD for pin PE0 is applicable
2025-07-19 14:41:47,561 [INFO] Rule:233 - rule FDCAN1_R4 - Alternatepin_2 - Rename Mode FullDuplex into Enable FDCAN_TXFD for pin PD5 is applicable
2025-07-19 14:41:47,561 [INFO] Rule:233 - rule FDCAN1_R4 - Alternatepin_2 - Rename Mode FullDuplex into Enable FDCAN_TXFD for pin PD4 is applicable
2025-07-19 14:41:47,561 [INFO] Rule:233 - rule FDCAN2_R3 - if PD10.Mode=FullDuplex, add Pin PB13 is applicable
2025-07-19 14:41:47,561 [INFO] Rule:233 - rule FDCAN2_R3 - if PD9.Mode=FullDuplex, add Pin PB12 is applicable
2025-07-19 14:41:47,561 [INFO] Rule:233 - rule FDCAN2_R3 - Alternatepin_1 - if PB7.Mode=FullDuplex, add Pin PB6 is applicable
2025-07-19 14:41:47,561 [INFO] Rule:233 - rule FDCAN2_R3 - Alternatepin_1 - if PD9.Mode=FullDuplex, add Pin PB12 is applicable
2025-07-19 14:41:47,561 [INFO] Rule:233 - rule FDCAN2_R4 - Rename Mode FullDuplex into Enable FDCAN_TXFD for pin PD10 is applicable
2025-07-19 14:41:47,561 [INFO] Rule:233 - rule FDCAN2_R4 - Rename Mode FullDuplex into Enable FDCAN_TXFD for pin PD9 is applicable
2025-07-19 14:41:47,561 [INFO] Rule:233 - rule FDCAN2_R4 - Alternatepin_1 - Rename Mode FullDuplex into Enable FDCAN_TXFD for pin PB7 is applicable
2025-07-19 14:41:47,562 [INFO] Rule:233 - rule FDCAN2_R4 - Alternatepin_1 - Rename Mode FullDuplex into Enable FDCAN_TXFD for pin PD6 is applicable
2025-07-19 14:41:47,562 [INFO] Rule:233 - rule USART TxPinLevelInvertParam Mode is applicable
2025-07-19 14:41:47,562 [INFO] Rule:233 - rule USART RxPinLevelInvertParam Mode is applicable
2025-07-19 14:41:47,562 [INFO] Rule:233 - rule USART DataInvertParam Mode is applicable
2025-07-19 14:41:47,562 [INFO] Rule:233 - rule USART SwapParam Mode is applicable
2025-07-19 14:41:47,562 [INFO] Rule:233 - rule USART OverrunDisableParam Mode is applicable
2025-07-19 14:41:47,562 [INFO] Rule:233 - rule USART DMADisableonRxErrorParam Mode is applicable
2025-07-19 14:41:47,562 [INFO] Rule:233 - rule USART MSBFirstParam Mode is applicable
2025-07-19 14:41:47,562 [INFO] Rule:233 - rule Update MwName for USB_DEVICE is applicable
2025-07-19 14:41:47,562 [INFO] Rule:233 - rule Change PWR_Regulator_Voltage_Scale Default Value for RCC  H7 family is applicable
2025-07-19 14:41:47,562 [INFO] Rule:233 - rule UART/USART IPParameter rename Prescaler parameter to ClockPrescaler is applicable
2025-07-19 14:41:47,562 [INFO] Rule:233 - rule UART/USART Prescaler rename Prescaler parameter to ClockPrescaler is applicable
2025-07-19 14:41:47,562 [INFO] Rule:233 - rule TIM1CLockSelection is applicable
2025-07-19 14:41:47,562 [INFO] Rule:233 - rule TIM15CLockSelection is applicable
2025-07-19 14:41:47,562 [INFO] Rule:233 - rule align RCC SDMMC3CLockSelection default value on MP1 is applicable
2025-07-19 14:41:47,562 [INFO] Rule:233 - rule align RCC SDMMC12CLockSelection default value on MP1 is applicable
2025-07-19 14:41:47,563 [INFO] Rule:233 - rule align RCC QSPICLockSelection default value on MP1 is applicable
2025-07-19 14:41:47,563 [INFO] Rule:233 - rule align RCC QSPICLockSelection default value on MP1 is applicable
2025-07-19 14:41:47,563 [INFO] Rule:233 - rule align RCC SPI6CLockSelection default value on MP1 is applicable
2025-07-19 14:41:47,563 [INFO] Rule:233 - rule align RCC LPTIM23CLockSelection default value on MP1 is applicable
2025-07-19 14:41:47,563 [INFO] Rule:233 - rule align RCC LPTIM1CLockSelection default value on MP1 is applicable
2025-07-19 14:41:47,563 [INFO] Rule:233 - rule align RCC USART1CLockSelection default value on MP1 is applicable
2025-07-19 14:41:47,563 [INFO] Rule:233 - rule align RCC USART24CLockSelection default value on MP1 is applicable
2025-07-19 14:41:47,563 [INFO] Rule:233 - rule align RCC USART6CLockSelection default value on MP1 is applicable
2025-07-19 14:41:47,563 [INFO] Rule:233 - rule align RCC UART78CLockSelection default value on MP1 is applicable
2025-07-19 14:41:47,563 [INFO] Rule:233 - rule align RCC USART35CLockSelection default value on MP1 is applicable
2025-07-19 14:41:47,563 [INFO] Rule:233 - rule align RCC SPI45CLockSelection default value on MP1 is applicable
2025-07-19 14:41:47,563 [INFO] Rule:233 - rule align RCC I2C46CLockSelection BCLK value on MP1 is applicable
2025-07-19 14:41:47,563 [INFO] Rule:233 - rule align RCC SPI45CLockSelection default value on MP1 is applicable
2025-07-19 14:41:47,563 [INFO] Rule:233 - rule align RCC I2C12CLockSelection default value on MP1 is applicable
2025-07-19 14:41:47,563 [INFO] Rule:233 - rule align RCC I2C35CLockSelection default value on MP1 is applicable
2025-07-19 14:41:47,563 [INFO] Rule:233 - rule align RCC LPTIM45CLockSelection default value on MP1 is applicable
2025-07-19 14:41:47,563 [INFO] Rule:233 - rule Rename DCMI PIXCK signal is applicable
2025-07-19 14:41:47,563 [INFO] Rule:233 - rule Change Default Value for I2C46CLockSelection MP1 family is applicable
2025-07-19 14:41:47,564 [INFO] Rule:233 - rule Change Default Value for UART for G4, G0 and WB families is applicable
2025-07-19 14:41:47,564 [INFO] Rule:233 - rule Change Default Value for USART for G4, G0 and WB families is applicable
2025-07-19 14:41:47,564 [INFO] Rule:233 - rule Change Default Value for USART for G4 family is applicable
2025-07-19 14:41:47,564 [INFO] Rule:233 - rule Change USART1CLockSelection refparam name for MP1 is applicable
2025-07-19 14:41:47,564 [INFO] Rule:233 - rule Change USART2CLockSelection refparam name for MP1 is applicable
2025-07-19 14:41:47,564 [INFO] Rule:233 - rule Change USART3CLockSelection refparam name for MP1 is applicable
2025-07-19 14:41:47,564 [INFO] Rule:233 - rule Change UART4CLockSelection refparam name for MP1 is applicable
2025-07-19 14:41:47,564 [INFO] Rule:233 - rule Change UART5CLockSelection refparam name for MP1 is applicable
2025-07-19 14:41:47,564 [INFO] Rule:233 - rule Change LPUART1CLockSelection refparam name for MP1 is applicable
2025-07-19 14:41:47,564 [INFO] Rule:233 - rule Change LPTIM1CLockSelection refparam name for MP1 is applicable
2025-07-19 14:41:47,564 [INFO] Rule:233 - rule Change LPTIM2CLockSelection refparam name for MP1 is applicable
2025-07-19 14:41:47,564 [INFO] Rule:233 - rule Change RCC_MCO1Source refparam name for MP1 is applicable
2025-07-19 14:41:47,564 [INFO] Rule:233 - rule Change LSCOSource1 refparam name for MP1 is applicable
2025-07-19 14:41:47,564 [INFO] Rule:233 - rule Change SMPSCLockSelection refparam name for MP1 is applicable
2025-07-19 14:41:47,564 [INFO] Rule:233 - rule Change LPTIM3CLockSelection refparam name for MP1 is applicable
2025-07-19 14:41:47,564 [INFO] Rule:233 - rule Change MPCBB* Default Template Mode to Parameters is applicable
2025-07-19 14:41:47,565 [INFO] Rule:233 - rule Change MPCWM* or MPCBB* Secure Mode to Parameters is applicable
2025-07-19 14:41:47,566 [INFO] Rule:233 - rule Change MPCWM* or MPCBB* No Secure Mode to Parameters is applicable
2025-07-19 14:41:47,566 [INFO] Rule:233 - rule Change TZSC IP Secure Mode to Parameters is applicable
2025-07-19 14:41:47,567 [INFO] Rule:233 - rule Change TZSC IP No Secure Mode to Parameters is applicable
2025-07-19 14:41:47,567 [INFO] Rule:233 - rule Change TZSC IP Privilege Mode to Parameters is applicable
2025-07-19 14:41:47,567 [INFO] Rule:233 - rule Change TZSC IP No Privilege Mode to Parameters is applicable
2025-07-19 14:41:47,567 [INFO] Rule:233 - rule Change TZIC IT Secure Mode to Parameters is applicable
2025-07-19 14:41:47,567 [INFO] Rule:233 - rule Change TZIC IT No Secure Mode to Parameters is applicable
2025-07-19 14:41:47,567 [INFO] Rule:233 - rule Add MPCBB1_NonSecureArea_Start_Address value with referenced to MPCBB1_NonSecureArea_Start value is applicable
2025-07-19 14:41:47,567 [INFO] Rule:233 - rule Add MPCBB2_NonSecureArea_Start_Address value with referenced to MPCBB2_NonSecureArea_Start value is applicable
2025-07-19 14:41:47,567 [INFO] Rule:233 - rule Add MPCWM1_NonSecureArea*_Start_Address value with referenced to MPCWM1_NonSecureArea*_Start value is applicable
2025-07-19 14:41:47,567 [INFO] Rule:233 - rule Add MPCWM2_NonSecureArea*_Start_Address value with referenced to MPCWM2_NonSecureArea*_Start value is applicable
2025-07-19 14:41:47,567 [INFO] Rule:233 - rule Add MPCWM3_NonSecureArea_Start_Address value with referenced to MPCWM3_NonSecureArea_Start value is applicable
2025-07-19 14:41:47,568 [INFO] Rule:233 - rule Change Default Value for PLL1UserDefinedConfig is applicable
2025-07-19 14:41:47,568 [INFO] Rule:233 - rule Change GPIO_PuPd Default Value for USART in async mode is applicable
2025-07-19 14:41:47,568 [INFO] Rule:233 - rule Change SMPSDivider Default Value is applicable
2025-07-19 14:41:47,568 [INFO] Rule:233 - rule OPAMP is applicable
2025-07-19 14:41:47,568 [INFO] Rule:233 - rule LPUART IPParameter rename Prescaler parameter to ClockPrescaler for STM32H7 is applicable
2025-07-19 14:41:47,568 [INFO] Rule:233 - rule LPUART IPParameter rename Prescaler parameter to ClockPrescaler for STM32H7 is applicable
2025-07-19 14:41:47,568 [INFO] Rule:233 - rule LPUART IPParameter rename Prescaler parameter to ClockPrescaler for STM32WB is applicable
2025-07-19 14:41:47,568 [INFO] Rule:233 - rule LPUART IPParameter rename Prescaler parameter to ClockPrescaler for STM32WB is applicable
2025-07-19 14:41:47,568 [INFO] Rule:233 - rule LPUART IPParameter rename Prescaler parameter to ClockPrescaler for STM32G4 is applicable
2025-07-19 14:41:47,568 [INFO] Rule:233 - rule LPUART IPParameter rename Prescaler parameter to ClockPrescaler for STM32G4 is applicable
2025-07-19 14:41:47,568 [INFO] Rule:233 - rule LPUART IPParameter rename Prescaler parameter to ClockPrescaler for STM32L5 is applicable
2025-07-19 14:41:47,568 [INFO] Rule:233 - rule LPUART IPParameter rename Prescaler parameter to ClockPrescaler for STM32L5 is applicable
2025-07-19 14:41:47,568 [INFO] Rule:233 - rule LPUART IPParameter rename Prescaler parameter to ClockPrescaler for STM32G4 is applicable
2025-07-19 14:41:47,568 [INFO] Rule:233 - rule LPUART IPParameter rename Prescaler parameter to ClockPrescaler for STM32G4 is applicable
2025-07-19 14:41:47,568 [INFO] Rule:233 - rule USB device lib V2.5.3 for L0 rename USBD_SUPPORT_USER_STRING parameter to USBD_SUPPORT_USER_STRING_DESC4 is applicable
2025-07-19 14:41:47,569 [INFO] Rule:233 - rule I2SCLockSelection clock entry align is applicable
2025-07-19 14:41:47,569 [INFO] Rule:233 - rule Assign TIMx context if used as SYS timebase is applicable
2025-07-19 14:41:47,569 [INFO] Rule:233 - rule Change GPIO_Pu Default Value for I2C is applicable
2025-07-19 14:41:47,569 [INFO] Rule:233 - rule Change GPIO_Pu Default Value for SMBus is applicable
2025-07-19 14:41:47,569 [INFO] Rule:233 - rule change FDCAN default value is applicable
2025-07-19 14:41:47,569 [INFO] Rule:233 - rule Change mode sai is applicable
2025-07-19 14:41:47,570 [INFO] Rule:233 - rule **Change sai mode is applicable
2025-07-19 14:41:47,570 [INFO] Rule:233 - rule Rename STM32WPAN CFG_BLE_IRK to CFG_BLE_IR is applicable
2025-07-19 14:41:47,571 [INFO] Rule:233 - rule Rename STM32WPAN CFG_BLE_ERK to CFG_BLE_ER is applicable
2025-07-19 14:41:47,571 [INFO] Rule:233 - rule Rename STM32WPAN CFG_BLE_IRK_HEX to CFG_BLE_IR_HEX is applicable
2025-07-19 14:41:47,571 [INFO] Rule:233 - rule Rename STM32WPAN CFG_BLE_ERK_HEX to CFG_BLE_ER_HEX is applicable
2025-07-19 14:41:47,571 [INFO] Rule:233 - rule Adapt Old IOC before rework replace old CORTEX_M33/CORTEX_M55 attributes by the new one. is applicable
2025-07-19 14:41:47,571 [INFO] Rule:233 - rule Rename parametre of RCC RCC_APBDBG_DIV2 to RCC_TIMPRES_DIV2 is applicable
2025-07-19 14:41:47,571 [INFO] Rule:233 - rule Rename DIE493 pin PA10 [PA12] -> PA10 is applicable
2025-07-19 14:41:47,572 [INFO] Rule:233 - rule Rename DIE493 pin PA9 [PA11] -> PA9 is applicable
2025-07-19 14:41:47,572 [INFO] Rule:233 - rule Rename DIE492 PartNumber CPN STM32WBA5MJGHx -> STM32WBA5MMGHx is applicable
2025-07-19 14:41:47,572 [INFO] Rule:233 - rule Rename DIE492 PartNumber  Name STM32WBA5MJGHx -> STM32WBA5MMGHx is applicable
2025-07-19 14:41:47,572 [INFO] Rule:233 - rule Rename DIE492 PartNumber UserName STM32WBA5MJGHx -> STM32WBA5MMGHx is applicable
2025-07-19 14:41:47,573 [INFO] Rule:233 - rule Rename DIE492 PartNumber DeviceId STM32WBA5MJGHx -> STM32WBA5MMGHx is applicable
2025-07-19 14:41:47,573 [INFO] Rule:233 - rule Adapt Old IOC CSI. is applicable
2025-07-19 14:41:47,573 [INFO] Rule:233 - rule Adapt Old IOC DCMIPP. is applicable
2025-07-19 14:41:47,573 [INFO] Rule:233 - rule Adapt Old IOC DCMIPP Mode Parallel. is applicable
2025-07-19 14:41:47,573 [INFO] Rule:233 - rule Adapt Old IOC LTDC. is applicable
2025-07-19 14:41:47,573 [INFO] Rule:233 - rule Rename STM32MP2 RIF Peripheral LTDC RIF.RISUP.LTDC_L0L1.Privilege -> RIF.RISUP.LTDC_L1L2.Privilege is applicable
2025-07-19 14:41:47,574 [INFO] Rule:233 - rule Rename STM32MP2 RIF Peripheral LTDC RIF.RISUP.LTDC_L0L1.Privilege -> RIF.RISUP.LTDC_L1L2.Privilege is applicable
2025-07-19 14:41:47,574 [INFO] Rule:233 - rule Rename STM32MP2 RIF Peripheral LTDC RIF.RISUP.LTDC_L0L1.Lock -> RIF.RISUP.LTDC_L1L2.Lock is applicable
2025-07-19 14:41:47,575 [INFO] Rule:233 - rule Rename STM32MP2 RIF Peripheral LTDC RIF.RISUP.LTDC_L2.Lock -> RIF.RISUP.LTDC_L3.Lock is applicable
2025-07-19 14:41:47,575 [INFO] Rule:233 - rule Adapt the old IOC example for updating the SYS when it is misconfigured. is applicable
2025-07-19 14:41:47,575 [INFO] Rule:233 - rule Rename STM32C09 Mcu.Package LQFP64 -> LQFP48 is applicable
2025-07-19 14:41:47,575 [INFO] Rule:233 - rule Adapt the old IOC example for updating the SYS when it is misconfigured. is applicable
2025-07-19 14:41:47,575 [INFO] Rule:233 - rule Adapt the old IOC example for updating the SYS when it is misconfigured. is applicable
2025-07-19 14:41:47,636 [INFO] DbConfProperties:307 - Apply Compatibility (53/282 Rules)
2025-07-19 14:41:47,686 [INFO] ImportTextPane:234 - (OptionalMessage_ERROR) Unable to find key (Mcu.ThirdPartyNb) in loaded IOC file
2025-07-19 14:41:47,691 [INFO] ImportTextPane:234 - (OptionalMessage_ERROR) Pin12 (VP_RIF_VS_RIF1) cannot be retrieved for this MCU
2025-07-19 14:41:47,837 [INFO] RtosManager:558 - Registered RTOS mode: class=CMSIS, group=RTOS, mode=CMSIS_V1, owner=FREERTOS
2025-07-19 14:41:47,837 [INFO] RtosManager:558 - Registered RTOS mode: class=CMSIS, group=RTOS2, mode=CMSIS_V2, owner=FREERTOS
2025-07-19 14:41:47,838 [INFO] RtosManager:558 - Registered RTOS mode: class=RTOS, group=Core, mode=CMSIS_V1, owner=FREERTOS
2025-07-19 14:41:47,838 [INFO] RtosManager:558 - Registered RTOS mode: class=RTOS, group=Core, mode=CMSIS_V2, owner=FREERTOS
2025-07-19 14:41:47,838 [WARN] ModelIntegratedComponent:184 - Missing modes for component STMicroelectronics:FreeRTOS:0.0.1:STMicroelectronics:RTOS:FreeRTOS:Core:::10.2.0:
2025-07-19 14:41:47,878 [WARN] ModelIntegratedComponent:63 - No mode defined for component null
2025-07-19 14:41:47,878 [WARN] ModelIntegratedComponent:63 - No mode defined for component null
2025-07-19 14:41:47,878 [WARN] ModelIntegratedComponent:63 - No mode defined for component null
2025-07-19 14:41:47,878 [WARN] ModelIntegratedComponent:63 - No mode defined for component null
2025-07-19 14:41:47,878 [WARN] ModelIntegratedComponent:63 - No mode defined for component null
2025-07-19 14:41:47,879 [WARN] ModelIntegratedComponent:63 - No mode defined for component null
2025-07-19 14:41:47,879 [WARN] ModelIntegratedComponent:63 - No mode defined for component null
2025-07-19 14:41:47,880 [WARN] ModelIntegratedComponent:63 - No mode defined for component null
2025-07-19 14:41:47,880 [WARN] ModelIntegratedComponent:63 - No mode defined for component null
2025-07-19 14:41:47,880 [WARN] ModelIntegratedComponent:63 - No mode defined for component null
2025-07-19 14:41:47,880 [WARN] ModelIntegratedComponent:63 - No mode defined for component null
2025-07-19 14:41:47,880 [WARN] ModelIntegratedComponent:63 - No mode defined for component null
2025-07-19 14:41:47,880 [WARN] ModelIntegratedComponent:63 - No mode defined for component null
2025-07-19 14:41:47,881 [WARN] ModelIntegratedComponent:63 - No mode defined for component null
2025-07-19 14:41:47,881 [WARN] ModelIntegratedComponent:63 - No mode defined for component null
2025-07-19 14:41:47,882 [WARN] ModelIntegratedComponent:63 - No mode defined for component null
2025-07-19 14:41:47,882 [WARN] ModelIntegratedComponent:63 - No mode defined for component null
2025-07-19 14:41:47,882 [WARN] ModelIntegratedComponent:63 - No mode defined for component null
2025-07-19 14:41:47,882 [WARN] ModelIntegratedComponent:63 - No mode defined for component null
2025-07-19 14:41:47,882 [WARN] ModelIntegratedComponent:63 - No mode defined for component null
2025-07-19 14:41:47,882 [WARN] ModelIntegratedComponent:63 - No mode defined for component null
2025-07-19 14:41:47,883 [WARN] ModelIntegratedComponent:63 - No mode defined for component null
2025-07-19 14:41:47,883 [WARN] ModelIntegratedComponent:63 - No mode defined for component null
2025-07-19 14:41:47,883 [WARN] ModelIntegratedComponent:63 - No mode defined for component null
2025-07-19 14:41:47,883 [WARN] ModelIntegratedComponent:63 - No mode defined for component null
2025-07-19 14:41:47,883 [WARN] ModelIntegratedComponent:63 - No mode defined for component null
2025-07-19 14:41:47,883 [WARN] ModelIntegratedComponent:63 - No mode defined for component null
2025-07-19 14:41:47,883 [WARN] ModelIntegratedComponent:63 - No mode defined for component null
2025-07-19 14:41:47,883 [WARN] ModelIntegratedComponent:63 - No mode defined for component null
2025-07-19 14:41:47,883 [WARN] ModelIntegratedComponent:63 - No mode defined for component null
2025-07-19 14:41:47,883 [WARN] ModelIntegratedComponent:63 - No mode defined for component null
2025-07-19 14:41:47,883 [WARN] ModelIntegratedComponent:63 - No mode defined for component null
2025-07-19 14:41:47,883 [WARN] ModelIntegratedComponent:63 - No mode defined for component null
2025-07-19 14:41:47,883 [WARN] ModelIntegratedComponent:63 - No mode defined for component null
2025-07-19 14:41:47,883 [WARN] ModelIntegratedComponent:63 - No mode defined for component null
2025-07-19 14:41:47,884 [WARN] ModelPack:524 - Component already loaded: STMicroelectronics:HAL Drivers:0.0.0:STMicroelectronics:Device:STMicro_Driver:XSPI:HAL::0.0.1:HAL_XSPI
2025-07-19 14:41:48,091 [INFO] ThirdPartyModel:298 - Start build external matchings
2025-07-19 14:41:49,553 [INFO] ThirdPartyModel:316 - End build external matchings
2025-07-19 14:41:49,577 [INFO] ImportTextPane:234 - (OptionalMessage_ERROR) IP (RCC) : Invalid parameter (48MHZClocksFreq_Value)
2025-07-19 14:41:49,579 [INFO] ImportTextPane:234 - (OptionalMessage_ERROR) IP (RCC) : Invalid parameter (EthernetFreq_Value)
2025-07-19 14:41:49,587 [INFO] ImportTextPane:234 - (OptionalMessage_ERROR) IP (RCC) : Parameter (FLatency) has Id (AdvancedSettings) currently not set
2025-07-19 14:41:49,587 [INFO] ImportTextPane:234 - (OptionalMessage_ERROR) IP (RCC) : Invalid parameter (FamilyName)
2025-07-19 14:41:49,588 [INFO] ImportTextPane:234 - (OptionalMessage_ERROR) IP (RCC) : Invalid parameter (I2SClocksFreq_Value)
2025-07-19 14:41:49,593 [INFO] ImportTextPane:234 - (OptionalMessage_ERROR) IP (RCC) : Parameter (SDIOFreq_Value) has invalid value (168000000)
2025-07-19 14:41:49,594 [INFO] ImportTextPane:234 - (OptionalMessage_ERROR) IP (RCC) : Parameter (USBFreq_Value) has invalid value (168000000)
2025-07-19 14:41:49,605 [INFO] ImportTextPane:234 - (OptionalMessage_ERROR) IP (RCC) : Invalid parameter (VCOInputMFreq_Value)
2025-07-19 14:41:49,606 [INFO] ImportTextPane:234 - (OptionalMessage_ERROR) IP (RCC) : Invalid parameter (VcooutputI2S)
2025-07-19 14:41:50,937 [INFO] UtilMem:75 - End LoadConfig() Used Memory: 817980520 Bytes (1073741824)
2025-07-19 14:41:51,123 [WARN] ThirdParty:833 - waiting for thirdparty lock release [change project]
2025-07-19 14:41:51,123 [INFO] ThirdParty:835 - entering critical section [change project]
2025-07-19 14:41:51,124 [INFO] ThirdParty:1030 - CMSIS Pack Vendor :STMicroelectronics X-CUBE-PM33A1 1.0.0
2025-07-19 14:41:51,124 [INFO] ThirdParty:1030 - CMSIS Pack Vendor :STMicroelectronics USBPD 4.1
2025-07-19 14:41:51,124 [INFO] ThirdParty:1030 - CMSIS Pack Vendor :STMicroelectronics X-CUBE-AZRTOS-H7 3.3.0
2025-07-19 14:41:51,124 [INFO] ThirdParty:1030 - CMSIS Pack Vendor :STMicroelectronics X-CUBE-NFC9 1.0.0
2025-07-19 14:41:51,124 [INFO] ThirdParty:1030 - CMSIS Pack Vendor :wolfSSL I-CUBE-wolfSSL 5.8.0
2025-07-19 14:41:51,124 [INFO] ThirdParty:1030 - CMSIS Pack Vendor :STMicroelectronics USB_HOST 2.0.0
2025-07-19 14:41:51,124 [INFO] ThirdParty:1030 - CMSIS Pack Vendor :STMicroelectronics FP-SNS-MOTENVWB1 1.4.0
2025-07-19 14:41:51,124 [INFO] ThirdParty:1030 - CMSIS Pack Vendor :STMicroelectronics X-CUBE-AZRTOS-F4 1.1.0
2025-07-19 14:41:51,124 [INFO] ThirdParty:1030 - CMSIS Pack Vendor :STMicroelectronics LIBJPEG 8.0.0
2025-07-19 14:41:51,124 [INFO] ThirdParty:1030 - CMSIS Pack Vendor :STMicroelectronics FP-ATR-ASTRA1 2.0.2
2025-07-19 14:41:51,124 [INFO] ThirdParty:1030 - CMSIS Pack Vendor :STMicroelectronics X-CUBE-BLE1 7.1.0
2025-07-19 14:41:51,124 [INFO] ThirdParty:1030 - CMSIS Pack Vendor :Avnet-IotConnect X-CUBE-IoTC-DA16k-PMOD 1.0.0
2025-07-19 14:41:51,124 [INFO] ThirdParty:1030 - CMSIS Pack Vendor :STMicroelectronics X-CUBE-SMBUS 2.1.0
2025-07-19 14:41:51,124 [INFO] ThirdParty:1030 - CMSIS Pack Vendor :wolfSSL I-CUBE-wolfMQTT 1.19.2
2025-07-19 14:41:51,124 [INFO] ThirdParty:1030 - CMSIS Pack Vendor :STMicroelectronics USB_DEVICE 3.0.0
2025-07-19 14:41:51,124 [INFO] ThirdParty:1030 - CMSIS Pack Vendor :STMicroelectronics X-CUBE-ISPU 2.1.0
2025-07-19 14:41:51,124 [INFO] ThirdParty:1030 - CMSIS Pack Vendor :STMicroelectronics X-CUBE-EEPRMA1 5.2.0
2025-07-19 14:41:51,124 [INFO] ThirdParty:1030 - CMSIS Pack Vendor :STMicroelectronics X-CUBE-AZRTOS-WB 2.0.0
2025-07-19 14:41:51,124 [INFO] ThirdParty:1030 - CMSIS Pack Vendor :STMicroelectronics X-CUBE-ST60 1.0.0
2025-07-19 14:41:51,124 [INFO] ThirdParty:1030 - CMSIS Pack Vendor :STMicroelectronics X-CUBE-GNSS1 7.0.1
2025-07-19 14:41:51,124 [INFO] ThirdParty:1030 - CMSIS Pack Vendor :STMicroelectronics X-CUBE-NFC12 1.0.0
2025-07-19 14:41:51,124 [INFO] ThirdParty:1030 - CMSIS Pack Vendor :STMicroelectronics X-CUBE-AZRTOS-F7 1.1.0
2025-07-19 14:41:51,124 [INFO] ThirdParty:1030 - CMSIS Pack Vendor :STMicroelectronics X-CUBE-AZRTOS-L5 2.0.0
2025-07-19 14:41:51,124 [INFO] ThirdParty:1030 - CMSIS Pack Vendor :STMicroelectronics X-CUBE-TOUCHGFX 4.25.0
2025-07-19 14:41:51,124 [INFO] ThirdParty:1030 - CMSIS Pack Vendor :STMicroelectronics USB_DEVICE 2.0.0
2025-07-19 14:41:51,125 [INFO] ThirdParty:1030 - CMSIS Pack Vendor :STMicroelectronics X-CUBE-NFC6 3.1.0
2025-07-19 14:41:51,125 [INFO] ThirdParty:1030 - CMSIS Pack Vendor :STMicroelectronics X-CUBE-AI 10.1.0
2025-07-19 14:41:51,125 [INFO] ThirdParty:1030 - CMSIS Pack Vendor :STMicroelectronics FP-SNS-STBOX1 2.0.0
2025-07-19 14:41:51,125 [INFO] ThirdParty:1030 - CMSIS Pack Vendor :STMicroelectronics FreeRTOS 0.0.1
2025-07-19 14:41:51,125 [INFO] ThirdParty:1030 - CMSIS Pack Vendor :STMicroelectronics X-CUBE-AZRTOS-G0 1.1.0
2025-07-19 14:41:51,125 [INFO] ThirdParty:1030 - CMSIS Pack Vendor :STMicroelectronics X-CUBE-SAFEA1 1.2.2
2025-07-19 14:41:51,125 [INFO] ThirdParty:1030 - CMSIS Pack Vendor :STMicroelectronics X-CUBE-NFC4 3.0.0
2025-07-19 14:41:51,125 [INFO] ThirdParty:1030 - CMSIS Pack Vendor :STMicroelectronics X-CUBE-SUBG2 5.0.0
2025-07-19 14:41:51,125 [INFO] ThirdParty:1030 - CMSIS Pack Vendor :STMicroelectronics X-CUBE-AZRTOS-H7RS 1.1.0
2025-07-19 14:41:51,125 [INFO] ThirdParty:1030 - CMSIS Pack Vendor :STMicroelectronics STM32_WPAN 1.0.0
2025-07-19 14:41:51,125 [INFO] ThirdParty:1030 - CMSIS Pack Vendor :EmbeddedOffice I-CUBE-FS-RTOS 1.0.1
2025-07-19 14:41:51,125 [INFO] ThirdParty:1030 - CMSIS Pack Vendor :STMicroelectronics lwIP 2.0.3
2025-07-19 14:41:51,125 [INFO] ThirdParty:1030 - CMSIS Pack Vendor :Cesanta I-CUBE-Mongoose 7.13.0
2025-07-19 14:41:51,125 [INFO] ThirdParty:1030 - CMSIS Pack Vendor :STMicroelectronics USB_HOST 1.0.0
2025-07-19 14:41:51,125 [INFO] ThirdParty:1030 - CMSIS Pack Vendor :Infineon AIROC-Wi-Fi-Bluetooth-STM32 1.7.0
2025-07-19 14:41:51,125 [INFO] ThirdParty:1030 - CMSIS Pack Vendor :STMicroelectronics X-CUBE-AZRTOS-G4 2.0.0
2025-07-19 14:41:51,125 [INFO] ThirdParty:1030 - CMSIS Pack Vendor :STMicroelectronics X-CUBE-WB05N 2.0.0
2025-07-19 14:41:51,125 [INFO] ThirdParty:1030 - CMSIS Pack Vendor :STMicroelectronics PDM2PCM 3.1.0
2025-07-19 14:41:51,125 [INFO] ThirdParty:1030 - CMSIS Pack Vendor :STMicroelectronics PDM2PCM 3.3.0
2025-07-19 14:41:51,125 [INFO] ThirdParty:1030 - CMSIS Pack Vendor :wolfSSL I-CUBE-wolfTPM 3.8.0
2025-07-19 14:41:51,125 [INFO] ThirdParty:1030 - CMSIS Pack Vendor :STMicroelectronics X-CUBE-AZRTOS-H7 3.4.0
2025-07-19 14:41:51,125 [INFO] ThirdParty:1030 - CMSIS Pack Vendor :STMicroelectronics X-CUBE-DISPLAY 3.0.0
2025-07-19 14:41:51,126 [INFO] ThirdParty:1030 - CMSIS Pack Vendor :wolfSSL I-CUBE-wolfSSH 1.4.20
2025-07-19 14:41:51,126 [INFO] ThirdParty:1030 - CMSIS Pack Vendor :STMicroelectronics X-CUBE-NFC7 2.0.0
2025-07-19 14:41:51,126 [INFO] ThirdParty:1030 - CMSIS Pack Vendor :STMicroelectronics X-CUBE-TCPP 4.2.0
2025-07-19 14:41:51,126 [INFO] ThirdParty:1030 - CMSIS Pack Vendor :RealThread X-CUBE-RT-Thread_Nano 4.1.1
2025-07-19 14:41:51,127 [INFO] ThirdParty:1030 - CMSIS Pack Vendor :STMicroelectronics FP-ATR-SIGFOX1 3.2.0
2025-07-19 14:41:51,127 [INFO] ThirdParty:1030 - CMSIS Pack Vendor :STMicroelectronics X-CUBE-NFC10 1.0.0
2025-07-19 14:41:51,127 [INFO] ThirdParty:1030 - CMSIS Pack Vendor :STMicroelectronics X-CUBE-BLEMGR 4.0.0
2025-07-19 14:41:51,127 [INFO] ThirdParty:1030 - CMSIS Pack Vendor :STMicroelectronics X-CUBE-EEPRMA1 5.1.0
2025-07-19 14:41:51,127 [INFO] ThirdParty:1030 - CMSIS Pack Vendor :STMicroelectronics X-CUBE-FREERTOS 1.3.1
2025-07-19 14:41:51,127 [INFO] ThirdParty:1030 - CMSIS Pack Vendor :STMicroelectronics HAL Drivers 0.0.0
2025-07-19 14:41:51,127 [INFO] ThirdParty:1030 - CMSIS Pack Vendor :STMicroelectronics MBEDTLS 2.16.2
2025-07-19 14:41:51,127 [INFO] ThirdParty:1030 - CMSIS Pack Vendor :STMicroelectronics X-CUBE-IPS 3.1.0
2025-07-19 14:41:51,127 [INFO] ThirdParty:1030 - CMSIS Pack Vendor :STMicroelectronics X-CUBE-ALS 1.0.2
2025-07-19 14:41:51,127 [INFO] ThirdParty:1030 - CMSIS Pack Vendor :emotas I-CUBE-CANOPEN 1.3.0
2025-07-19 14:41:51,127 [INFO] ThirdParty:1030 - CMSIS Pack Vendor :STMicroelectronics MBEDTLS 2.14.1
2025-07-19 14:41:51,127 [INFO] ThirdParty:1030 - CMSIS Pack Vendor :ITTIA_DB I-CUBE-ITTIADB 8.9.0
2025-07-19 14:41:51,127 [INFO] ThirdParty:1030 - CMSIS Pack Vendor :portGmbH I-Cube-SoM-uGOAL 1.1.0
2025-07-19 14:41:51,127 [INFO] ThirdParty:1030 - CMSIS Pack Vendor :quantropi X-CUBE-qispace-sdk-base 2.0.0
2025-07-19 14:41:51,127 [INFO] ThirdParty:1030 - CMSIS Pack Vendor :STMicroelectronics X-CUBE-ST67W61 1.0.0
2025-07-19 14:41:51,128 [INFO] ThirdParty:1030 - CMSIS Pack Vendor :STMicroelectronics FP-SNS-STAIOTCFT 1.0.0
2025-07-19 14:41:51,128 [INFO] ThirdParty:1030 - CMSIS Pack Vendor :STMicroelectronics ThreadX 1.0.0
2025-07-19 14:41:51,128 [INFO] ThirdParty:1030 - CMSIS Pack Vendor :STMicroelectronics FP-SNS-SMARTAG2 1.2.0
2025-07-19 14:41:51,128 [INFO] ThirdParty:1030 - CMSIS Pack Vendor :STMicroelectronics FP-SNS-FLIGHT1 5.1.0
2025-07-19 14:41:51,128 [INFO] ThirdParty:1030 - CMSIS Pack Vendor :STMicroelectronics X-CUBE-AZRTOS-WL 2.0.0
2025-07-19 14:41:51,128 [INFO] ThirdParty:1030 - CMSIS Pack Vendor :SEGGER I-CUBE-embOS 1.3.1
2025-07-19 14:41:51,128 [INFO] ThirdParty:1030 - CMSIS Pack Vendor :STMicroelectronics X-CUBE-ALGOBUILD 1.4.0
2025-07-19 14:41:51,128 [INFO] ThirdParty:1030 - CMSIS Pack Vendor :STMicroelectronics X-CUBE-DPower 1.3.0
2025-07-19 14:41:51,128 [INFO] ThirdParty:1030 - CMSIS Pack Vendor :STMicroelectronics X-CUBE-MEMS1 11.3.0
2025-07-19 14:41:51,128 [INFO] ThirdParty:1030 - CMSIS Pack Vendor :STMicroelectronics FP-SNS-MOTENV1 5.0.0
2025-07-19 14:41:51,128 [INFO] ThirdParty:1030 - CMSIS Pack Vendor :STMicroelectronics USB_DEVICE 1.0.0
2025-07-19 14:41:51,128 [INFO] ThirdParty:1030 - CMSIS Pack Vendor :STMicroelectronics X-CUBE-AZRTOS-L4 2.0.0
2025-07-19 14:41:51,128 [INFO] ThirdParty:1030 - CMSIS Pack Vendor :STMicroelectronics ThreadX 0.0.2
2025-07-19 14:41:51,128 [INFO] ThirdParty:1030 - CMSIS Pack Vendor :WES I-CUBE-Cesium 1.3.0
2025-07-19 14:41:51,128 [INFO] ThirdParty:1030 - CMSIS Pack Vendor :STMicroelectronics lwIP 2.1.2
2025-07-19 14:41:51,128 [INFO] ThirdParty:1030 - CMSIS Pack Vendor :STMicroelectronics X-CUBE-SFXS2LP1 4.0.0
2025-07-19 14:41:51,128 [INFO] ThirdParty:1030 - CMSIS Pack Vendor :STMicroelectronics X-CUBE-BLE2 3.3.0
2025-07-19 14:41:51,128 [INFO] ThirdParty:1030 - CMSIS Pack Vendor :STMicroelectronics X-CUBE-TOF1 3.4.3
2025-07-19 14:41:51,129 [INFO] ThirdParty:1030 - CMSIS Pack Vendor :STMicroelectronics PDM2PCM 3.2.0
2025-07-19 14:41:51,129 [INFO] ThirdParty:841 - exiting critical section [change project]
2025-07-19 14:41:52,054 [INFO] PinOutPanel:1589 - setPackage(No Configuration,No Configuration)
2025-07-19 14:41:52,062 [INFO] PinOutPanel:1589 - setPackage(STM32F446RETx,LQFP64)
2025-07-19 14:41:54,252 [INFO] UtilMem:75 - Before build in PCC Used Memory: 839526768 Bytes (1073741824)
2025-07-19 14:41:57,826 [INFO] UtilMem:75 - After build in PCC Used Memory: 988564272 Bytes (1073741824)
2025-07-19 14:41:57,977 [INFO] IPUIPlugin:80 - create IPUIPlugin
2025-07-19 14:41:57,977 [INFO] IPUIPlugin:80 - create IPUIPlugin
2025-07-19 14:41:57,977 [INFO] IPUIPlugin:80 - create IPUIPlugin
2025-07-19 14:41:57,977 [INFO] IPUIPlugin:80 - create IPUIPlugin
2025-07-19 14:41:57,977 [INFO] IPUIPlugin:80 - create IPUIPlugin
2025-07-19 14:41:57,977 [INFO] IPUIPlugin:80 - create IPUIPlugin
2025-07-19 14:41:57,978 [INFO] IPUIPlugin:80 - create IPUIPlugin
2025-07-19 14:41:57,978 [INFO] IPUIPlugin:80 - create IPUIPlugin
2025-07-19 14:41:57,978 [INFO] IPUIPlugin:80 - create IPUIPlugin
2025-07-19 14:41:57,978 [INFO] IPUIPlugin:80 - create IPUIPlugin
2025-07-19 14:41:57,978 [INFO] IPUIPlugin:80 - create IPUIPlugin
2025-07-19 14:41:57,978 [INFO] IPUIPlugin:80 - create IPUIPlugin
2025-07-19 14:41:57,978 [INFO] IPUIPlugin:80 - create IPUIPlugin
2025-07-19 14:41:57,978 [INFO] IPUIPlugin:80 - create IPUIPlugin
2025-07-19 14:41:57,979 [INFO] IPUIPlugin:80 - create IPUIPlugin
2025-07-19 14:41:57,979 [INFO] IPUIPlugin:80 - create IPUIPlugin
2025-07-19 14:41:57,979 [INFO] IPUIPlugin:80 - create IPUIPlugin
2025-07-19 14:41:57,979 [INFO] IPUIPlugin:80 - create IPUIPlugin
2025-07-19 14:41:57,979 [INFO] IPUIPlugin:80 - create IPUIPlugin
2025-07-19 14:41:57,979 [INFO] IPUIPlugin:80 - create IPUIPlugin
2025-07-19 14:41:57,979 [INFO] IPUIPlugin:80 - create IPUIPlugin
2025-07-19 14:41:57,980 [INFO] IPUIPlugin:80 - create IPUIPlugin
2025-07-19 14:41:57,981 [INFO] IPUIPlugin:80 - create IPUIPlugin
2025-07-19 14:41:57,983 [INFO] IPUIPlugin:80 - create IPUIPlugin
2025-07-19 14:41:57,983 [INFO] IPUIPlugin:80 - create IPUIPlugin
2025-07-19 14:41:57,983 [INFO] IPUIPlugin:80 - create IPUIPlugin
2025-07-19 14:41:57,984 [INFO] IPUIPlugin:80 - create IPUIPlugin
2025-07-19 14:41:57,984 [INFO] IPUIPlugin:80 - create IPUIPlugin
2025-07-19 14:41:57,984 [INFO] IPUIPlugin:80 - create IPUIPlugin
2025-07-19 14:41:57,984 [INFO] IPUIPlugin:80 - create IPUIPlugin
2025-07-19 14:41:57,984 [INFO] IPUIPlugin:80 - create IPUIPlugin
2025-07-19 14:41:57,985 [INFO] IPUIPlugin:80 - create IPUIPlugin
2025-07-19 14:41:57,986 [INFO] IPUIPlugin:80 - create IPUIPlugin
2025-07-19 14:41:57,987 [INFO] IPUIPlugin:80 - create IPUIPlugin
2025-07-19 14:41:57,987 [INFO] IPUIPlugin:80 - create IPUIPlugin
2025-07-19 14:41:57,989 [INFO] IPUIPlugin:80 - create IPUIPlugin
2025-07-19 14:41:57,989 [INFO] IPUIPlugin:80 - create IPUIPlugin
2025-07-19 14:41:57,991 [INFO] IPUIPlugin:80 - create IPUIPlugin
2025-07-19 14:41:57,992 [INFO] IPUIPlugin:80 - create IPUIPlugin
2025-07-19 14:41:57,992 [INFO] IPUIPlugin:80 - create IPUIPlugin
2025-07-19 14:41:57,992 [INFO] IPUIPlugin:80 - create IPUIPlugin
2025-07-19 14:41:57,992 [INFO] IPUIPlugin:80 - create IPUIPlugin
2025-07-19 14:41:57,993 [INFO] IPUIPlugin:80 - create IPUIPlugin
2025-07-19 14:41:57,993 [INFO] IPUIPlugin:80 - create IPUIPlugin
2025-07-19 14:41:57,993 [INFO] IPUIPlugin:80 - create IPUIPlugin
2025-07-19 14:41:57,993 [INFO] IPUIPlugin:80 - create IPUIPlugin
2025-07-19 14:41:57,993 [INFO] IPUIPlugin:80 - create IPUIPlugin
2025-07-19 14:41:57,994 [INFO] IPUIPlugin:80 - create IPUIPlugin
2025-07-19 14:41:57,994 [INFO] IPUIPlugin:80 - create IPUIPlugin
2025-07-19 14:41:57,994 [INFO] IPUIPlugin:80 - create IPUIPlugin
2025-07-19 14:41:57,994 [INFO] IPUIPlugin:80 - create IPUIPlugin
2025-07-19 14:41:57,995 [INFO] IPUIPlugin:80 - create IPUIPlugin
2025-07-19 14:41:57,995 [INFO] IPUIPlugin:80 - create IPUIPlugin
2025-07-19 14:41:57,995 [INFO] IPUIPlugin:80 - create IPUIPlugin
2025-07-19 14:41:57,995 [INFO] IPUIPlugin:80 - create IPUIPlugin
2025-07-19 14:41:57,996 [INFO] IPUIPlugin:80 - create IPUIPlugin
2025-07-19 14:41:57,996 [INFO] IPUIPlugin:80 - create IPUIPlugin
2025-07-19 14:41:57,996 [INFO] IPUIPlugin:80 - create IPUIPlugin
2025-07-19 14:41:57,997 [INFO] IPUIPlugin:80 - create IPUIPlugin
2025-07-19 14:41:57,997 [INFO] IPUIPlugin:80 - create IPUIPlugin
2025-07-19 14:41:58,046 [INFO] ApiDbMcu:532 - Load IP Config File for PDM2PCM
2025-07-19 14:41:58,508 [INFO] CADModel:165 - CPN selected for project levelSTM32F446RET6
2025-07-19 14:41:58,508 [INFO] CADModel:114 - Register for checkConnection events
2025-07-19 14:41:58,588 [INFO] OpenFileManager:386 - Restore cursor
2025-07-19 14:42:01,846 [INFO] UtilMem:75 - End SaveConfig() Used Memory: 923272352 Bytes (1073741824)
2025-07-19 14:42:02,643 [INFO] UtilMem:75 - End SaveConfig() Used Memory: 958977952 Bytes (1073741824)
2025-07-19 14:42:04,612 [INFO] BlockDiagram:2775 - set Specific Code input for plugin: SYS
2025-07-19 14:42:04,612 [INFO] BlockDiagram:2775 - set Specific Code input for plugin: RCC
2025-07-19 14:42:04,612 [INFO] BlockDiagram:2775 - set Specific Code input for plugin: NVIC
2025-07-19 14:42:04,612 [INFO] BlockDiagram:2775 - set Specific Code input for plugin: USART
2025-07-19 14:42:04,614 [INFO] BlockDiagram:2775 - set Specific Code input for plugin: GPIO
2025-07-19 14:42:04,619 [INFO] CodeGenerator:892 - code generatio: config db path: C:\ST\STM32CubeIDE_1.18.1\STM32CubeIDE\plugins\com.st.stm32cube.common.mx_6.15.0.202507011659\\db\
2025-07-19 14:42:05,468 [INFO] CodeEngine:265 - oldGeneratedFile, C:\Users\aliya\proje\KontrolOrtakCalisma\kontrol4\MXTmpFiles\license.tmp_save
2025-07-19 14:42:08,145 [INFO] CodeEngine:289 - Generated code: C:\Users\aliya\proje\KontrolOrtakCalisma\kontrol4\MXTmpFiles\license.tmp
2025-07-19 14:42:08,439 [INFO] CodeEngine:265 - oldGeneratedFile, C:\Users\aliya\proje\KontrolOrtakCalisma\kontrol4\MXTmpFiles\gpio.tmp_save
2025-07-19 14:42:10,958 [INFO] CodeEngine:289 - Generated code: C:\Users\aliya\proje\KontrolOrtakCalisma\kontrol4\MXTmpFiles\gpio.tmp
2025-07-19 14:42:11,801 [INFO] CodeEngine:265 - oldGeneratedFile, C:\Users\aliya\proje\KontrolOrtakCalisma\kontrol4\Core\Src\stm32f4xx_it.c_save
2025-07-19 14:42:13,362 [INFO] CodeEngine:289 - Generated code: C:\Users\aliya\proje\KontrolOrtakCalisma\kontrol4\Core\Src\stm32f4xx_it.c
2025-07-19 14:42:13,407 [INFO] CodeEngine:265 - oldGeneratedFile, C:\Users\aliya\proje\KontrolOrtakCalisma\kontrol4\Core\Inc\stm32f4xx_it.h_save
2025-07-19 14:42:13,884 [INFO] CodeEngine:289 - Generated code: C:\Users\aliya\proje\KontrolOrtakCalisma\kontrol4\Core\Inc\stm32f4xx_it.h
2025-07-19 14:42:13,926 [INFO] CodeEngine:265 - oldGeneratedFile, C:\Users\aliya\proje\KontrolOrtakCalisma\kontrol4\Core\Src\stm32f4xx_hal_msp.c_save
2025-07-19 14:42:14,089 [INFO] CodeEngine:289 - Generated code: C:\Users\aliya\proje\KontrolOrtakCalisma\kontrol4\Core\Src\stm32f4xx_hal_msp.c
2025-07-19 14:42:14,099 [INFO] CodeEngine:265 - oldGeneratedFile, C:\Users\aliya\proje\KontrolOrtakCalisma\kontrol4\MXTmpFiles\system.tmp_save
2025-07-19 14:42:14,312 [INFO] CodeEngine:289 - Generated code: C:\Users\aliya\proje\KontrolOrtakCalisma\kontrol4\MXTmpFiles\system.tmp
2025-07-19 14:42:14,341 [INFO] CodeEngine:321 - oldGeneratedFile, C:\Users\aliya\proje\KontrolOrtakCalisma\kontrol4\Core\Inc\stm32f4xx_hal_conf.h_save
2025-07-19 14:42:14,613 [INFO] CodeEngine:345 - Generated code: C:\Users\aliya\proje\KontrolOrtakCalisma\kontrol4\Core\Inc\stm32f4xx_hal_conf.h
2025-07-19 14:42:14,810 [WARN] IPConfigManager:3238 - Warning: the RefConfig PLL2P_FOR_MCO is not available in your config.xml file
2025-07-19 14:42:14,886 [INFO] ApiDbMcu:532 - Load IP Config File for USART2
2025-07-19 14:42:14,944 [INFO] ApiDbMcu:532 - Load IP Config File for RCC
2025-07-19 14:42:15,063 [INFO] CodeEngine:265 - oldGeneratedFile, C:\Users\aliya\proje\KontrolOrtakCalisma\kontrol4\Core\Inc\main.h_save
2025-07-19 14:42:15,514 [INFO] CodeEngine:289 - Generated code: C:\Users\aliya\proje\KontrolOrtakCalisma\kontrol4\Core\Inc\main.h
2025-07-19 14:42:15,530 [INFO] CodeEngine:265 - oldGeneratedFile, C:\Users\aliya\proje\KontrolOrtakCalisma\kontrol4\Core\Src\main.c_save
2025-07-19 14:42:16,852 [INFO] CodeEngine:289 - Generated code: C:\Users\aliya\proje\KontrolOrtakCalisma\kontrol4\Core\Src\main.c
2025-07-19 14:42:18,158 [INFO] ProjectBuilder:3606 - Time for Copy HAL[1] : 374mS.
2025-07-19 14:42:18,175 [INFO] ProjectBuilder:5216 - Project Generator version: 4.7.0-B52
2025-07-19 14:42:18,368 [INFO] ConfigFileManager:1595 - The Die is : DIE421
2025-07-19 14:42:18,378 [INFO] ApiDbMcu:532 - Load IP Config File for FATFS
2025-07-19 14:42:18,383 [INFO] ApiDbMcu:532 - Load IP Config File for FREERTOS
2025-07-19 14:42:18,391 [INFO] ApiDbMcu:532 - Load IP Config File for LIBJPEG
2025-07-19 14:42:18,402 [INFO] ApiDbMcu:532 - Load IP Config File for MBEDTLS
2025-07-19 14:42:18,417 [INFO] ApiDbMcu:532 - Load IP Config File for USB_DEVICE
2025-07-19 14:42:18,426 [INFO] ApiDbMcu:532 - Load IP Config File for USB_HOST
2025-07-19 14:42:19,839 [INFO] LogOutputStream:77 - [STDOUT_REDIRECT] 
2025-07-19 14:42:27,990 [INFO] ProjectBuilder:5496 - Time for Generating toolchain IDE Files: 9814mS.
2025-07-19 14:42:27,994 [INFO] ProjectBuilder:3463 - Time for Copy CMSIS : 3mS.
2025-07-19 14:42:28,010 [INFO] ProjectBuilder:3463 - Time for Copy CMSIS : 0mS.
2025-07-19 14:42:30,447 [INFO] McuFinderGlobals:76 - Set McuFinderConnectedMode to true
2025-07-19 14:42:30,463 [INFO] ApiDb:448 - Save user favorites file C:\Users\aliya/.stm32cubeide/favorites.mcus.txt: 0 item(s)
2025-07-19 14:42:30,464 [INFO] ApiDb:452 - User favorites MCUs=[]
2025-07-19 14:42:30,471 [INFO] ApiDb:448 - Save user favorites file C:\Users\aliya/.stm32cubeide/favorites.boards.txt: 1 item(s)
2025-07-19 14:42:30,472 [INFO] ApiDb:452 - User favorites Boards=[NUCLEO-F446RE]
2025-07-19 14:43:16,692 [WARN] IP:2250 - I2C_Coeff_DF not found: check if there is a RefParameter without a condition.
2025-07-19 14:43:16,692 [WARN] IP:2250 - Analog_Filter not found: check if there is a RefParameter without a condition.
2025-07-19 14:43:16,945 [WARN] IP:2250 - I2C_Coeff_DF not found: check if there is a RefParameter without a condition.
2025-07-19 14:43:16,946 [WARN] IP:2250 - Analog_Filter not found: check if there is a RefParameter without a condition.
2025-07-19 14:43:16,947 [WARN] IP:2250 - I2C_Coeff_DF not found: check if there is a RefParameter without a condition.
2025-07-19 14:43:16,947 [WARN] IP:2250 - Analog_Filter not found: check if there is a RefParameter without a condition.
2025-07-19 14:43:17,064 [WARN] IP:2250 - I2C_Coeff_DF not found: check if there is a RefParameter without a condition.
2025-07-19 14:43:17,064 [WARN] IP:2250 - Analog_Filter not found: check if there is a RefParameter without a condition.
2025-07-19 14:43:17,066 [WARN] IP:2250 - I2C_Coeff_DF not found: check if there is a RefParameter without a condition.
2025-07-19 14:43:17,066 [WARN] IP:2250 - Analog_Filter not found: check if there is a RefParameter without a condition.
2025-07-19 14:43:23,139 [INFO] RtosManager:1018 - Current active RTOS is FREERTOS [Cortex-M4NS]
2025-07-19 14:43:23,609 [WARN] FreeRTOS:563 - Case being investigated as it may cause exception (when called to early by set config state
2025-07-19 14:43:23,895 [ERROR] RtosPanel:558 - Can not restore the selected Tab for FREERTOS(A reason can be that the tab is no more available.)
2025-07-19 14:43:23,992 [ERROR] RtosPanel:558 - Can not restore the selected Tab for FREERTOS(A reason can be that the tab is no more available.)
2025-07-19 14:43:27,143 [INFO] TasksAndQueuesTab:757 - Dynamic
2025-07-19 14:43:27,144 [WARN] TasksAndQueuesTab:763 - 128 128
2025-07-19 14:43:27,144 [WARN] TasksAndQueuesTab:775 - max value is: 3840.0
2025-07-19 14:43:30,266 [INFO] EditThreadDialog:704 - RAM SIZE (in KB): 128
2025-07-19 14:43:30,266 [INFO] EditThreadDialog:706 - RAM SIZE (in words): 32768
2025-07-19 14:43:36,642 [INFO] TasksAndQueuesTab:757 - Dynamic
2025-07-19 14:43:36,642 [WARN] TasksAndQueuesTab:763 - 128 128
2025-07-19 14:43:36,642 [WARN] TasksAndQueuesTab:775 - max value is: 3840.0
2025-07-19 14:43:36,849 [ERROR] RtosPanel:558 - Can not restore the selected Tab for FREERTOS(A reason can be that the tab is no more available.)
2025-07-19 14:43:38,752 [INFO] TasksAndQueuesTab:757 - Dynamic
2025-07-19 14:43:38,752 [WARN] TasksAndQueuesTab:763 - 128 128
2025-07-19 14:43:38,752 [WARN] TasksAndQueuesTab:775 - max value is: 3840.0
2025-07-19 14:43:40,103 [INFO] EditThreadDialog:704 - RAM SIZE (in KB): 128
2025-07-19 14:43:40,103 [INFO] EditThreadDialog:706 - RAM SIZE (in words): 32768
2025-07-19 14:43:49,805 [INFO] TasksAndQueuesTab:757 - Dynamic
2025-07-19 14:43:49,805 [WARN] TasksAndQueuesTab:763 - 128 128
2025-07-19 14:43:49,805 [WARN] TasksAndQueuesTab:775 - max value is: 3840.0
2025-07-19 14:43:49,805 [INFO] TasksAndQueuesTab:757 - Dynamic
2025-07-19 14:43:49,805 [WARN] TasksAndQueuesTab:763 - 128 128
2025-07-19 14:43:49,805 [WARN] TasksAndQueuesTab:775 - max value is: 3840.0
2025-07-19 14:44:09,786 [INFO] UtilMem:75 - End SaveConfig() Used Memory: 812559168 Bytes (1073741824)
2025-07-19 14:44:11,029 [INFO] UtilMem:75 - End SaveConfig() Used Memory: 848045752 Bytes (1073741824)
2025-07-19 14:44:12,462 [INFO] UtilMem:75 - End SaveConfig() Used Memory: 942060352 Bytes (1073741824)
2025-07-19 14:44:16,374 [INFO] BlockDiagram:2775 - set Specific Code input for plugin: FREERTOS
2025-07-19 14:44:16,374 [INFO] BlockDiagram:2775 - set Specific Code input for plugin: TIM1_8
2025-07-19 14:44:16,374 [INFO] BlockDiagram:2775 - set Specific Code input for plugin: SYS
2025-07-19 14:44:16,375 [INFO] BlockDiagram:2775 - set Specific Code input for plugin: RCC
2025-07-19 14:44:16,375 [INFO] BlockDiagram:2775 - set Specific Code input for plugin: I2C
2025-07-19 14:44:16,375 [INFO] BlockDiagram:2775 - set Specific Code input for plugin: NVIC
2025-07-19 14:44:16,375 [INFO] BlockDiagram:2775 - set Specific Code input for plugin: USART
2025-07-19 14:44:16,375 [INFO] BlockDiagram:2775 - set Specific Code input for plugin: GPIO
2025-07-19 14:44:16,380 [INFO] CodeGenerator:892 - code generatio: config db path: C:\ST\STM32CubeIDE_1.18.1\STM32CubeIDE\plugins\com.st.stm32cube.common.mx_6.15.0.202507011659\\db\
2025-07-19 14:44:16,407 [WARN] IP:2250 - I2C_Coeff_DF not found: check if there is a RefParameter without a condition.
2025-07-19 14:44:16,407 [WARN] IP:2250 - Analog_Filter not found: check if there is a RefParameter without a condition.
2025-07-19 14:44:16,577 [INFO] CodeEngine:265 - oldGeneratedFile, C:\Users\aliya\proje\KontrolOrtakCalisma\kontrol4\MXTmpFiles\license.tmp_save
2025-07-19 14:44:16,724 [INFO] CodeEngine:289 - Generated code: C:\Users\aliya\proje\KontrolOrtakCalisma\kontrol4\MXTmpFiles\license.tmp
2025-07-19 14:44:16,782 [INFO] CodeEngine:265 - oldGeneratedFile, C:\Users\aliya\proje\KontrolOrtakCalisma\kontrol4\MXTmpFiles\gpio.tmp_save
2025-07-19 14:44:16,940 [INFO] CodeEngine:289 - Generated code: C:\Users\aliya\proje\KontrolOrtakCalisma\kontrol4\MXTmpFiles\gpio.tmp
2025-07-19 14:44:17,264 [INFO] Middleware:1452 - No code input for Bsp Dependency
2025-07-19 14:44:17,281 [INFO] CodeEngine:265 - oldGeneratedFile, C:\Users\aliya\proje\KontrolOrtakCalisma\kontrol4\MXTmpFiles\rtos_inc.tmp_save
2025-07-19 14:44:17,359 [INFO] CodeEngine:289 - Generated code: C:\Users\aliya\proje\KontrolOrtakCalisma\kontrol4\MXTmpFiles\rtos_inc.tmp
2025-07-19 14:44:17,367 [INFO] CodeEngine:265 - oldGeneratedFile, C:\Users\aliya\proje\KontrolOrtakCalisma\kontrol4\MXTmpFiles\rtos_kernelInit.tmp_save
2025-07-19 14:44:17,568 [INFO] CodeEngine:289 - Generated code: C:\Users\aliya\proje\KontrolOrtakCalisma\kontrol4\MXTmpFiles\rtos_kernelInit.tmp
2025-07-19 14:44:17,588 [INFO] CodeEngine:265 - oldGeneratedFile, C:\Users\aliya\proje\KontrolOrtakCalisma\kontrol4\MXTmpFiles\rtos_kernelStart.tmp_save
2025-07-19 14:44:17,773 [INFO] CodeEngine:289 - Generated code: C:\Users\aliya\proje\KontrolOrtakCalisma\kontrol4\MXTmpFiles\rtos_kernelStart.tmp
2025-07-19 14:44:17,789 [INFO] CodeEngine:265 - oldGeneratedFile, C:\Users\aliya\proje\KontrolOrtakCalisma\kontrol4\MXTmpFiles\rtos_typedefs.tmp_save
2025-07-19 14:44:17,993 [INFO] CodeEngine:289 - Generated code: C:\Users\aliya\proje\KontrolOrtakCalisma\kontrol4\MXTmpFiles\rtos_typedefs.tmp
2025-07-19 14:44:18,017 [INFO] CodeEngine:265 - oldGeneratedFile, C:\Users\aliya\proje\KontrolOrtakCalisma\kontrol4\MXTmpFiles\rtos_vars.tmp_save
2025-07-19 14:44:18,288 [INFO] CodeEngine:289 - Generated code: C:\Users\aliya\proje\KontrolOrtakCalisma\kontrol4\MXTmpFiles\rtos_vars.tmp
2025-07-19 14:44:18,302 [INFO] CodeEngine:265 - oldGeneratedFile, C:\Users\aliya\proje\KontrolOrtakCalisma\kontrol4\MXTmpFiles\rtos_pfp.tmp_save
2025-07-19 14:44:18,396 [INFO] CodeEngine:289 - Generated code: C:\Users\aliya\proje\KontrolOrtakCalisma\kontrol4\MXTmpFiles\rtos_pfp.tmp
2025-07-19 14:44:18,406 [INFO] CodeEngine:265 - oldGeneratedFile, C:\Users\aliya\proje\KontrolOrtakCalisma\kontrol4\MXTmpFiles\rtos_obj_creat.tmp_save
2025-07-19 14:44:18,487 [INFO] CodeEngine:289 - Generated code: C:\Users\aliya\proje\KontrolOrtakCalisma\kontrol4\MXTmpFiles\rtos_obj_creat.tmp
2025-07-19 14:44:18,496 [INFO] CodeEngine:265 - oldGeneratedFile, C:\Users\aliya\proje\KontrolOrtakCalisma\kontrol4\MXTmpFiles\rtos_default_thread.tmp_save
2025-07-19 14:44:18,584 [INFO] CodeEngine:289 - Generated code: C:\Users\aliya\proje\KontrolOrtakCalisma\kontrol4\MXTmpFiles\rtos_default_thread.tmp
2025-07-19 14:44:18,591 [INFO] CodeEngine:265 - oldGeneratedFile, C:\Users\aliya\proje\KontrolOrtakCalisma\kontrol4\MXTmpFiles\rtos_threads.tmp_save
2025-07-19 14:44:18,669 [INFO] CodeEngine:289 - Generated code: C:\Users\aliya\proje\KontrolOrtakCalisma\kontrol4\MXTmpFiles\rtos_threads.tmp
2025-07-19 14:44:18,697 [INFO] Middleware:1452 - No code input for Bsp Dependency
2025-07-19 14:44:18,708 [INFO] CodeEngine:265 - oldGeneratedFile, C:\Users\aliya\proje\KontrolOrtakCalisma\kontrol4\MXTmpFiles\rtos_inc.tmp_save
2025-07-19 14:44:18,786 [INFO] CodeEngine:289 - Generated code: C:\Users\aliya\proje\KontrolOrtakCalisma\kontrol4\MXTmpFiles\rtos_inc.tmp
2025-07-19 14:44:18,795 [INFO] CodeEngine:265 - oldGeneratedFile, C:\Users\aliya\proje\KontrolOrtakCalisma\kontrol4\MXTmpFiles\rtos_kernelInit.tmp_save
2025-07-19 14:44:18,870 [INFO] CodeEngine:289 - Generated code: C:\Users\aliya\proje\KontrolOrtakCalisma\kontrol4\MXTmpFiles\rtos_kernelInit.tmp
2025-07-19 14:44:18,888 [INFO] CodeEngine:265 - oldGeneratedFile, C:\Users\aliya\proje\KontrolOrtakCalisma\kontrol4\MXTmpFiles\rtos_kernelStart.tmp_save
2025-07-19 14:44:19,114 [INFO] CodeEngine:289 - Generated code: C:\Users\aliya\proje\KontrolOrtakCalisma\kontrol4\MXTmpFiles\rtos_kernelStart.tmp
2025-07-19 14:44:19,148 [INFO] CodeEngine:265 - oldGeneratedFile, C:\Users\aliya\proje\KontrolOrtakCalisma\kontrol4\MXTmpFiles\rtos_typedefs.tmp_save
2025-07-19 14:44:19,348 [INFO] CodeEngine:289 - Generated code: C:\Users\aliya\proje\KontrolOrtakCalisma\kontrol4\MXTmpFiles\rtos_typedefs.tmp
2025-07-19 14:44:19,366 [INFO] CodeEngine:265 - oldGeneratedFile, C:\Users\aliya\proje\KontrolOrtakCalisma\kontrol4\MXTmpFiles\rtos_vars.tmp_save
2025-07-19 14:44:19,493 [INFO] CodeEngine:289 - Generated code: C:\Users\aliya\proje\KontrolOrtakCalisma\kontrol4\MXTmpFiles\rtos_vars.tmp
2025-07-19 14:44:19,507 [INFO] CodeEngine:265 - oldGeneratedFile, C:\Users\aliya\proje\KontrolOrtakCalisma\kontrol4\MXTmpFiles\rtos_pfp.tmp_save
2025-07-19 14:44:19,617 [INFO] CodeEngine:289 - Generated code: C:\Users\aliya\proje\KontrolOrtakCalisma\kontrol4\MXTmpFiles\rtos_pfp.tmp
2025-07-19 14:44:19,623 [INFO] CodeEngine:265 - oldGeneratedFile, C:\Users\aliya\proje\KontrolOrtakCalisma\kontrol4\MXTmpFiles\rtos_obj_creat.tmp_save
2025-07-19 14:44:19,691 [INFO] CodeEngine:289 - Generated code: C:\Users\aliya\proje\KontrolOrtakCalisma\kontrol4\MXTmpFiles\rtos_obj_creat.tmp
2025-07-19 14:44:19,698 [INFO] CodeEngine:265 - oldGeneratedFile, C:\Users\aliya\proje\KontrolOrtakCalisma\kontrol4\MXTmpFiles\rtos_default_thread.tmp_save
2025-07-19 14:44:19,766 [INFO] CodeEngine:289 - Generated code: C:\Users\aliya\proje\KontrolOrtakCalisma\kontrol4\MXTmpFiles\rtos_default_thread.tmp
2025-07-19 14:44:19,775 [INFO] CodeEngine:265 - oldGeneratedFile, C:\Users\aliya\proje\KontrolOrtakCalisma\kontrol4\MXTmpFiles\rtos_threads.tmp_save
2025-07-19 14:44:19,848 [INFO] CodeEngine:289 - Generated code: C:\Users\aliya\proje\KontrolOrtakCalisma\kontrol4\MXTmpFiles\rtos_threads.tmp
2025-07-19 14:44:19,856 [INFO] CodeEngine:265 - oldGeneratedFile, C:\Users\aliya\proje\KontrolOrtakCalisma\kontrol4\Core\Inc\FreeRTOSConfig.h_save
2025-07-19 14:44:19,951 [INFO] CodeEngine:289 - Generated code: C:\Users\aliya\proje\KontrolOrtakCalisma\kontrol4\Core\Inc\FreeRTOSConfig.h
2025-07-19 14:44:19,958 [INFO] CodeEngine:265 - oldGeneratedFile, C:\Users\aliya\proje\KontrolOrtakCalisma\kontrol4\Core\Src\freertos.c_save
2025-07-19 14:44:20,115 [INFO] CodeEngine:289 - Generated code: C:\Users\aliya\proje\KontrolOrtakCalisma\kontrol4\Core\Src\freertos.c
2025-07-19 14:44:20,146 [INFO] CodeEngine:265 - oldGeneratedFile, C:\Users\aliya\proje\KontrolOrtakCalisma\kontrol4\Core\Src\stm32f4xx_it.c_save
2025-07-19 14:44:20,373 [INFO] CodeEngine:289 - Generated code: C:\Users\aliya\proje\KontrolOrtakCalisma\kontrol4\Core\Src\stm32f4xx_it.c
2025-07-19 14:44:20,391 [INFO] CodeEngine:265 - oldGeneratedFile, C:\Users\aliya\proje\KontrolOrtakCalisma\kontrol4\Core\Inc\stm32f4xx_it.h_save
2025-07-19 14:44:20,910 [INFO] CodeEngine:289 - Generated code: C:\Users\aliya\proje\KontrolOrtakCalisma\kontrol4\Core\Inc\stm32f4xx_it.h
2025-07-19 14:44:20,946 [INFO] CodeEngine:265 - oldGeneratedFile, C:\Users\aliya\proje\KontrolOrtakCalisma\kontrol4\Core\Src\stm32f4xx_hal_msp.c_save
2025-07-19 14:44:21,079 [INFO] CodeEngine:289 - Generated code: C:\Users\aliya\proje\KontrolOrtakCalisma\kontrol4\Core\Src\stm32f4xx_hal_msp.c
2025-07-19 14:44:21,089 [INFO] CodeEngine:265 - oldGeneratedFile, C:\Users\aliya\proje\KontrolOrtakCalisma\kontrol4\MXTmpFiles\system.tmp_save
2025-07-19 14:44:21,157 [INFO] CodeEngine:289 - Generated code: C:\Users\aliya\proje\KontrolOrtakCalisma\kontrol4\MXTmpFiles\system.tmp
2025-07-19 14:44:21,169 [INFO] CodeEngine:321 - oldGeneratedFile, C:\Users\aliya\proje\KontrolOrtakCalisma\kontrol4\Core\Inc\stm32f4xx_hal_conf.h_save
2025-07-19 14:44:21,259 [INFO] CodeEngine:345 - Generated code: C:\Users\aliya\proje\KontrolOrtakCalisma\kontrol4\Core\Inc\stm32f4xx_hal_conf.h
2025-07-19 14:44:21,290 [WARN] IPConfigManager:3238 - Warning: the RefConfig PLL2P_FOR_MCO is not available in your config.xml file
2025-07-19 14:44:21,305 [INFO] ApiDbMcu:532 - Load IP Config File for I2C2
2025-07-19 14:44:21,323 [INFO] ApiDbMcu:532 - Load IP Config File for TIM1
2025-07-19 14:44:21,328 [WARN] IPConfigManager:3811 - IP not found : TIM
2025-07-19 14:44:21,329 [WARN] CodeGenerator:4259 - IP not found : null
2025-07-19 14:44:21,346 [INFO] CodeEngine:265 - oldGeneratedFile, C:\Users\aliya\proje\KontrolOrtakCalisma\kontrol4\Core\Inc\main.h_save
2025-07-19 14:44:21,428 [INFO] CodeEngine:289 - Generated code: C:\Users\aliya\proje\KontrolOrtakCalisma\kontrol4\Core\Inc\main.h
2025-07-19 14:44:21,439 [INFO] CodeEngine:265 - oldGeneratedFile, C:\Users\aliya\proje\KontrolOrtakCalisma\kontrol4\Core\Src\main.c_save
2025-07-19 14:44:21,581 [INFO] CodeEngine:289 - Generated code: C:\Users\aliya\proje\KontrolOrtakCalisma\kontrol4\Core\Src\main.c
2025-07-19 14:44:22,788 [INFO] ProjectBuilder:3606 - Time for Copy HAL[1] : 765mS.
2025-07-19 14:44:22,841 [INFO] ProjectBuilder:5216 - Project Generator version: 4.7.0-B52
2025-07-19 14:44:23,157 [INFO] ConfigFileManager:1595 - The Die is : DIE421
2025-07-19 14:44:27,884 [INFO] ProjectBuilder:5496 - Time for Generating toolchain IDE Files: 5044mS.
2025-07-19 14:44:27,884 [INFO] ProjectBuilder:3463 - Time for Copy CMSIS : 0mS.
2025-07-19 14:44:27,920 [INFO] ProjectBuilder:3463 - Time for Copy CMSIS : 0mS.
2025-07-19 15:49:16,038 [ERROR] LogOutputStream:75 - [STDERR_REDIRECT] 
2025-07-19 15:49:16,051 [ERROR] LogOutputStream:75 - [STDERR_REDIRECT] 
2025-07-19 15:51:46,682 [INFO] Activator:176 - 


2025-07-19 15:51:46,684 [INFO] Activator:177 - !SESSION log4j initialized
2025-07-19 15:51:53,991 [INFO] LogOutputStream:77 - [STDOUT_REDIRECT] 
2025-07-19 15:52:05,528 [INFO] ApplicationProperties:184 - Using Application install path: C:\ST\STM32CubeIDE_1.18.1\STM32CubeIDE\plugins\com.st.stm32cube.common.mx_6.15.0.202507011659
2025-07-19 15:52:05,548 [INFO] DbMcusXml:78 - Set database path to: C:\ST\STM32CubeIDE_1.18.1\STM32CubeIDE\plugins\com.st.stm32cube.common.mx_6.15.0.202507011659\\db\/mcu/
2025-07-19 15:52:05,549 [INFO] ApiDb:274 - Set plugin database path to: C:\ST\STM32CubeIDE_1.18.1\STM32CubeIDE\plugins\com.st.stm32cube.common.mx_6.15.0.202507011659\\db\/plugins/boardmanager/
2025-07-19 15:52:05,549 [WARN] ApiDb:259 - Overriding images path with different value:  => C:\ST\STM32CubeIDE_1.18.1\STM32CubeIDE\plugins\com.st.stm32cube.common.mx_6.15.0.202507011659\\db\/plugins/mcufinder/images/
2025-07-19 15:52:05,555 [INFO] ApiDb:250 - Set database path to: C:\Users\aliya\.stmcufinder\plugins\mcufinder//mcu/
2025-07-19 15:52:05,557 [INFO] DbMcusAds:125 - Set database path to: C:\Users\aliya\.stmcufinder\plugins\mcufinder//mcu/
2025-07-19 15:52:05,583 [INFO] CrossReferenceDbSqlite:203 - Set database path to: C:\Users\aliya\.stmcufinder\plugins\mcufinder//mcu/cs/
2025-07-19 15:52:05,735 [INFO] RulesReader:64 - Compatibility file has been processed (317 Rules)
2025-07-19 15:52:05,875 [INFO] DbMcusXml:78 - Set database path to: C:\ST\STM32CubeIDE_1.18.1\STM32CubeIDE\plugins\com.st.stm32cube.common.mx_6.15.0.202507011659\\db\/mcu/
2025-07-19 15:52:05,875 [INFO] ApiDb:274 - Set plugin database path to: C:\ST\STM32CubeIDE_1.18.1\STM32CubeIDE\plugins\com.st.stm32cube.common.mx_6.15.0.202507011659\\db\/plugins/boardmanager/
2025-07-19 15:52:05,875 [INFO] ApiDb:261 - Set plugin images path to: C:\ST\STM32CubeIDE_1.18.1\STM32CubeIDE\plugins\com.st.stm32cube.common.mx_6.15.0.202507011659\\db\/plugins/mcufinder/images/
2025-07-19 15:52:05,875 [WARN] DbFile:41 - Overriding database path with different value: C:\Users\aliya\.stmcufinder\plugins\mcufinder/ => C:\Users\aliya\.stmcufinder\plugins\mcufinder
2025-07-19 15:52:05,876 [INFO] ApiDb:250 - Set database path to: C:\Users\aliya\.stmcufinder\plugins\mcufinder//mcu/
2025-07-19 15:52:05,876 [WARN] DbFile:41 - Overriding database path with different value: C:\Users\aliya\.stmcufinder\plugins\mcufinder/ => C:\Users\aliya\.stmcufinder\plugins\mcufinder
2025-07-19 15:52:05,876 [INFO] DbMcusAds:125 - Set database path to: C:\Users\aliya\.stmcufinder\plugins\mcufinder//mcu/
2025-07-19 15:52:05,876 [WARN] DbFile:41 - Overriding database path with different value: C:\Users\aliya\.stmcufinder\plugins\mcufinder/ => C:\Users\aliya\.stmcufinder\plugins\mcufinder
2025-07-19 15:52:05,876 [WARN] DbFile:41 - Overriding database path with different value: C:\Users\aliya\.stmcufinder\plugins\mcufinder/ => C:\Users\aliya\.stmcufinder\plugins\mcufinder
2025-07-19 15:52:05,876 [INFO] CrossReferenceDbSqlite:203 - Set database path to: C:\Users\aliya\.stmcufinder\plugins\mcufinder//mcu/cs/
2025-07-19 15:52:05,989 [INFO] MainPanel:274 - HeapMemory: 271581184
2025-07-19 15:52:06,077 [INFO] DbMcusXml:78 - Set database path to: C:\ST\STM32CubeIDE_1.18.1\STM32CubeIDE\plugins\com.st.stm32cube.common.mx_6.15.0.202507011659\\db\/mcu/
2025-07-19 15:52:06,077 [INFO] ApiDb:274 - Set plugin database path to: C:\ST\STM32CubeIDE_1.18.1\STM32CubeIDE\plugins\com.st.stm32cube.common.mx_6.15.0.202507011659\\db\/plugins/boardmanager/
2025-07-19 15:52:06,077 [INFO] ApiDb:261 - Set plugin images path to: C:\ST\STM32CubeIDE_1.18.1\STM32CubeIDE\plugins\com.st.stm32cube.common.mx_6.15.0.202507011659\\db\/plugins/mcufinder/images/
2025-07-19 15:52:06,078 [WARN] DbFile:41 - Overriding database path with different value: C:\Users\aliya\.stmcufinder\plugins\mcufinder/ => C:\Users\aliya\.stmcufinder\plugins\mcufinder
2025-07-19 15:52:06,078 [INFO] ApiDb:250 - Set database path to: C:\Users\aliya\.stmcufinder\plugins\mcufinder//mcu/
2025-07-19 15:52:06,078 [WARN] DbFile:41 - Overriding database path with different value: C:\Users\aliya\.stmcufinder\plugins\mcufinder/ => C:\Users\aliya\.stmcufinder\plugins\mcufinder
2025-07-19 15:52:06,078 [INFO] DbMcusAds:125 - Set database path to: C:\Users\aliya\.stmcufinder\plugins\mcufinder//mcu/
2025-07-19 15:52:06,078 [WARN] DbFile:41 - Overriding database path with different value: C:\Users\aliya\.stmcufinder\plugins\mcufinder/ => C:\Users\aliya\.stmcufinder\plugins\mcufinder
2025-07-19 15:52:06,078 [WARN] DbFile:41 - Overriding database path with different value: C:\Users\aliya\.stmcufinder\plugins\mcufinder/ => C:\Users\aliya\.stmcufinder\plugins\mcufinder
2025-07-19 15:52:06,078 [INFO] CrossReferenceDbSqlite:203 - Set database path to: C:\Users\aliya\.stmcufinder\plugins\mcufinder//mcu/cs/
2025-07-19 15:52:06,094 [INFO] ApplicationProperties:184 - Using Application install path: C:\ST\STM32CubeIDE_1.18.1\STM32CubeIDE\plugins\com.st.stm32cube.common.mx_6.15.0.202507011659
2025-07-19 15:52:06,096 [INFO] PluginManage:196 - Search for loadable plugins [exclusion list=, ]
2025-07-19 15:52:06,097 [INFO] PluginManage:310 - Check plugin analytics
2025-07-19 15:52:06,428 [INFO] AnalyticsPlugin:253 - Accepted Software Licenses: 
2025-07-19 15:52:06,428 [INFO] AnalyticsPlugin:255 - Accepted CMSIS Pack Licenses: 
2025-07-19 15:52:06,428 [INFO] AnalyticsPlugin:257 - Accepted Firmware Licenses: 
2025-07-19 15:52:06,432 [INFO] PluginManage:359 - Loaded plugin analytics (category:tool,tabindex:-1)
2025-07-19 15:52:06,433 [INFO] PluginManage:310 - Check plugin cadmodel
2025-07-19 15:52:06,439 [INFO] CADModel:105 - Init CAD model plugin
2025-07-19 15:52:06,439 [INFO] PluginManage:359 - Loaded plugin cadmodel (category:power,tabindex:5)
2025-07-19 15:52:06,439 [INFO] PluginManage:310 - Check plugin clock
2025-07-19 15:52:06,448 [INFO] PluginManage:359 - Loaded plugin clock (category:base,tabindex:2)
2025-07-19 15:52:06,448 [INFO] PluginManage:310 - Check plugin ddr
2025-07-19 15:52:06,450 [INFO] PluginManage:359 - Loaded plugin ddr (category:tool,tabindex:6)
2025-07-19 15:52:06,450 [INFO] PluginManage:310 - Check plugin filemanager
2025-07-19 15:52:06,608 [INFO] PluginManage:359 - Loaded plugin filemanager (category:base,tabindex:10)
2025-07-19 15:52:06,608 [INFO] PluginManage:310 - Check plugin ipmanager
2025-07-19 15:52:06,618 [INFO] PluginManage:359 - Loaded plugin ipmanager (category:base,tabindex:5)
2025-07-19 15:52:06,618 [INFO] PluginManage:310 - Check plugin lpbam
2025-07-19 15:52:06,627 [INFO] PluginManage:359 - Loaded plugin lpbam (category:base,tabindex:0)
2025-07-19 15:52:06,627 [INFO] PluginManage:310 - Check plugin memorymap
2025-07-19 15:52:06,641 [INFO] PluginManage:359 - Loaded plugin memorymap (category:base,tabindex:4)
2025-07-19 15:52:06,642 [INFO] PluginManage:310 - Check plugin pinoutandconfiguration
2025-07-19 15:52:06,651 [INFO] PluginManage:359 - Loaded plugin pinoutandconfiguration (category:base,tabindex:1)
2025-07-19 15:52:06,651 [INFO] PluginManage:310 - Check plugin pinoutconfig
2025-07-19 15:52:06,753 [WARN] SupportedApi:132 - Cannot load RTOS API schema: s4s-elt-must-match.1: The content of 'definitions' must match (annotation?, (simpleType | complexType)?, (unique | key | keyref)*)). A problem was found starting at: attribute.
2025-07-19 15:52:06,887 [INFO] PluginManage:359 - Loaded plugin pinoutconfig (category:base,tabindex:0)
2025-07-19 15:52:06,887 [INFO] PluginManage:310 - Check plugin power
2025-07-19 15:52:06,899 [INFO] PluginManage:359 - Loaded plugin power (category:power,tabindex:4)
2025-07-19 15:52:06,899 [INFO] PluginManage:310 - Check plugin projectmanager
2025-07-19 15:52:06,922 [INFO] PluginManage:359 - Loaded plugin projectmanager (category:projectmanager,tabindex:4)
2025-07-19 15:52:06,922 [INFO] PluginManage:310 - Check plugin rif
2025-07-19 15:52:06,939 [INFO] PluginManage:359 - Loaded plugin rif (category:base,tabindex:3)
2025-07-19 15:52:06,939 [INFO] PluginManage:310 - Check plugin thirdparty
2025-07-19 15:52:07,135 [INFO] PluginManage:359 - Loaded plugin thirdparty (category:base,tabindex:-1)
2025-07-19 15:52:07,135 [WARN] IntegrityCheckThread:84 - waiting for thirdparty lock release [integrity check]
2025-07-19 15:52:07,135 [INFO] PluginManage:310 - Check plugin tools
2025-07-19 15:52:07,135 [INFO] IntegrityCheckThread:86 - entering critical section [integrity check]
2025-07-19 15:52:07,137 [INFO] ThirdPartyUpdaterWithRetryManager:70 - Updater plugin not ready yet. [1/15]
2025-07-19 15:52:07,139 [INFO] PluginManage:359 - Loaded plugin tools (category:base,tabindex:7)
2025-07-19 15:52:07,140 [INFO] PluginManage:310 - Check plugin tutovideos
2025-07-19 15:52:07,349 [INFO] PluginManage:359 - Loaded plugin tutovideos (category:base,tabindex:-1)
2025-07-19 15:52:07,349 [INFO] PluginManage:310 - Check plugin updater
2025-07-19 15:52:07,369 [INFO] PluginManage:359 - Loaded plugin updater (category:base,tabindex:12)
2025-07-19 15:52:07,369 [INFO] PluginManage:310 - Check plugin userauth
2025-07-19 15:52:07,373 [INFO] UserAuth:118 - Init User Auth plugin
2025-07-19 15:52:07,373 [INFO] PluginManage:359 - Loaded plugin userauth (category:base,tabindex:14)
2025-07-19 15:52:07,374 [INFO] PluginManage:283 - PluginManage : Loaded plugins [18]
2025-07-19 15:52:07,631 [INFO] PinOutPanel:1589 - setPackage(No Configuration,No Configuration)
2025-07-19 15:52:07,719 [INFO] CADModel:165 - CPN selected for project level
2025-07-19 15:52:07,719 [INFO] CADModel:114 - Register for checkConnection events
2025-07-19 15:52:07,737 [INFO] IPUIPlugin:80 - create IPUIPlugin
2025-07-19 15:52:07,737 [INFO] PluginManager:220 - loadIPPluginJar : add adc
2025-07-19 15:52:07,739 [INFO] IPUIPlugin:80 - create IPUIPlugin
2025-07-19 15:52:07,739 [INFO] PluginManager:220 - loadIPPluginJar : add aes
2025-07-19 15:52:07,743 [INFO] IPUIPlugin:80 - create IPUIPlugin
2025-07-19 15:52:07,743 [INFO] PluginManager:220 - loadIPPluginJar : add can
2025-07-19 15:52:07,744 [INFO] IPUIPlugin:80 - create IPUIPlugin
2025-07-19 15:52:07,744 [INFO] PluginManager:220 - loadIPPluginJar : add comp
2025-07-19 15:52:07,747 [INFO] IPUIPlugin:80 - create IPUIPlugin
2025-07-19 15:52:07,747 [INFO] PluginManager:220 - loadIPPluginJar : add cryp
2025-07-19 15:52:07,749 [INFO] IPUIPlugin:80 - create IPUIPlugin
2025-07-19 15:52:07,749 [INFO] PluginManager:220 - loadIPPluginJar : add ddr_ctrl_phy
2025-07-19 15:52:07,752 [INFO] IPUIPlugin:80 - create IPUIPlugin
2025-07-19 15:52:07,752 [INFO] PluginManager:220 - loadIPPluginJar : add dfsdm
2025-07-19 15:52:07,757 [INFO] IPUIPlugin:80 - create IPUIPlugin
2025-07-19 15:52:07,757 [INFO] PluginManager:220 - loadIPPluginJar : add dma
2025-07-19 15:52:07,760 [INFO] IPUIPlugin:80 - create IPUIPlugin
2025-07-19 15:52:07,760 [INFO] PluginManager:220 - loadIPPluginJar : add dma3
2025-07-19 15:52:07,763 [INFO] IPUIPlugin:80 - create IPUIPlugin
2025-07-19 15:52:07,763 [INFO] PluginManager:220 - loadIPPluginJar : add extmemmanager
2025-07-19 15:52:07,764 [INFO] IPUIPlugin:80 - create IPUIPlugin
2025-07-19 15:52:07,764 [INFO] PluginManager:220 - loadIPPluginJar : add fatfs
2025-07-19 15:52:07,768 [INFO] IPUIPlugin:80 - create IPUIPlugin
2025-07-19 15:52:07,768 [INFO] PluginManager:220 - loadIPPluginJar : add fmc
2025-07-19 15:52:07,773 [INFO] IPUIPlugin:80 - create IPUIPlugin
2025-07-19 15:52:07,773 [INFO] PluginManager:220 - loadIPPluginJar : add freertos
2025-07-19 15:52:07,775 [INFO] IPUIPlugin:80 - create IPUIPlugin
2025-07-19 15:52:07,775 [INFO] PluginManager:220 - loadIPPluginJar : add genericplugin
2025-07-19 15:52:07,777 [INFO] IPUIPlugin:80 - create IPUIPlugin
2025-07-19 15:52:07,777 [INFO] PluginManager:220 - loadIPPluginJar : add gfxmmu
2025-07-19 15:52:07,782 [INFO] IPUIPlugin:80 - create IPUIPlugin
2025-07-19 15:52:07,782 [INFO] PluginManager:220 - loadIPPluginJar : add gic
2025-07-19 15:52:07,786 [INFO] IPUIPlugin:80 - create IPUIPlugin
2025-07-19 15:52:07,786 [INFO] PluginManager:220 - loadIPPluginJar : add gpio
2025-07-19 15:52:07,789 [INFO] IPUIPlugin:80 - create IPUIPlugin
2025-07-19 15:52:07,789 [INFO] PluginManager:220 - loadIPPluginJar : add gtzc
2025-07-19 15:52:07,791 [INFO] IPUIPlugin:80 - create IPUIPlugin
2025-07-19 15:52:07,791 [INFO] PluginManager:220 - loadIPPluginJar : add hash
2025-07-19 15:52:07,795 [INFO] IPUIPlugin:80 - create IPUIPlugin
2025-07-19 15:52:07,795 [INFO] PluginManager:220 - loadIPPluginJar : add i2c
2025-07-19 15:52:07,799 [INFO] IPUIPlugin:80 - create IPUIPlugin
2025-07-19 15:52:07,799 [INFO] PluginManager:220 - loadIPPluginJar : add i2s
2025-07-19 15:52:07,803 [INFO] IPUIPlugin:80 - create IPUIPlugin
2025-07-19 15:52:07,803 [INFO] PluginManager:220 - loadIPPluginJar : add i3c
2025-07-19 15:52:07,806 [INFO] IPUIPlugin:80 - create IPUIPlugin
2025-07-19 15:52:07,806 [INFO] PluginManager:220 - loadIPPluginJar : add ipddr
2025-07-19 15:52:07,813 [INFO] IPUIPlugin:80 - create IPUIPlugin
2025-07-19 15:52:07,813 [INFO] PluginManager:220 - loadIPPluginJar : add linkedlist
2025-07-19 15:52:07,817 [INFO] IPUIPlugin:80 - create IPUIPlugin
2025-07-19 15:52:07,817 [INFO] PluginManager:220 - loadIPPluginJar : add lorawan
2025-07-19 15:52:07,818 [INFO] IPUIPlugin:80 - create IPUIPlugin
2025-07-19 15:52:07,820 [INFO] PluginManager:220 - loadIPPluginJar : add ltdc
2025-07-19 15:52:07,826 [INFO] IPUIPlugin:80 - create IPUIPlugin
2025-07-19 15:52:07,826 [INFO] PluginManager:220 - loadIPPluginJar : add mdma
2025-07-19 15:52:07,829 [INFO] IPUIPlugin:80 - create IPUIPlugin
2025-07-19 15:52:07,829 [INFO] PluginManager:220 - loadIPPluginJar : add nvic
2025-07-19 15:52:07,833 [INFO] IPUIPlugin:80 - create IPUIPlugin
2025-07-19 15:52:07,833 [INFO] PluginManager:220 - loadIPPluginJar : add opamp
2025-07-19 15:52:07,836 [INFO] IPUIPlugin:80 - create IPUIPlugin
2025-07-19 15:52:07,836 [INFO] PluginManager:220 - loadIPPluginJar : add openamp
2025-07-19 15:52:07,839 [INFO] IPUIPlugin:80 - create IPUIPlugin
2025-07-19 15:52:07,839 [INFO] PluginManager:220 - loadIPPluginJar : add pdm2pcm
2025-07-19 15:52:07,845 [INFO] IPUIPlugin:80 - create IPUIPlugin
2025-07-19 15:52:07,847 [INFO] PluginManager:220 - loadIPPluginJar : add plateformsettings
2025-07-19 15:52:07,848 [INFO] IPUIPlugin:80 - create IPUIPlugin
2025-07-19 15:52:07,849 [INFO] PluginManager:220 - loadIPPluginJar : add quadspi
2025-07-19 15:52:07,850 [INFO] IPUIPlugin:80 - create IPUIPlugin
2025-07-19 15:52:07,851 [INFO] PluginManager:220 - loadIPPluginJar : add radio
2025-07-19 15:52:07,854 [INFO] IPUIPlugin:80 - create IPUIPlugin
2025-07-19 15:52:07,854 [INFO] PluginManager:220 - loadIPPluginJar : add resmgrutility
2025-07-19 15:52:07,857 [INFO] IPUIPlugin:80 - create IPUIPlugin
2025-07-19 15:52:07,857 [INFO] PluginManager:220 - loadIPPluginJar : add sai
2025-07-19 15:52:07,860 [INFO] IPUIPlugin:80 - create IPUIPlugin
2025-07-19 15:52:07,860 [INFO] PluginManager:220 - loadIPPluginJar : add spi
2025-07-19 15:52:07,865 [INFO] IPUIPlugin:80 - create IPUIPlugin
2025-07-19 15:52:07,866 [INFO] PluginManager:220 - loadIPPluginJar : add stm32_wpan
2025-07-19 15:52:07,867 [INFO] IPUIPlugin:80 - create IPUIPlugin
2025-07-19 15:52:07,868 [INFO] PluginManager:220 - loadIPPluginJar : add tim
2025-07-19 15:52:07,871 [INFO] IPUIPlugin:80 - create IPUIPlugin
2025-07-19 15:52:07,871 [INFO] PluginManager:220 - loadIPPluginJar : add touchsensing
2025-07-19 15:52:07,873 [INFO] IPUIPlugin:80 - create IPUIPlugin
2025-07-19 15:52:07,873 [INFO] PluginManager:220 - loadIPPluginJar : add tracer_emb
2025-07-19 15:52:07,875 [INFO] IPUIPlugin:80 - create IPUIPlugin
2025-07-19 15:52:07,875 [INFO] PluginManager:220 - loadIPPluginJar : add ts
2025-07-19 15:52:07,877 [INFO] IPUIPlugin:80 - create IPUIPlugin
2025-07-19 15:52:07,877 [INFO] PluginManager:220 - loadIPPluginJar : add tsc
2025-07-19 15:52:07,879 [INFO] IPUIPlugin:80 - create IPUIPlugin
2025-07-19 15:52:07,879 [INFO] PluginManager:220 - loadIPPluginJar : add ucpd
2025-07-19 15:52:07,882 [INFO] IPUIPlugin:80 - create IPUIPlugin
2025-07-19 15:52:07,882 [INFO] PluginManager:220 - loadIPPluginJar : add usart
2025-07-19 15:52:07,885 [INFO] IPUIPlugin:80 - create IPUIPlugin
2025-07-19 15:52:07,885 [INFO] PluginManager:220 - loadIPPluginJar : add usbx
2025-07-19 15:52:08,145 [FATAL] Updater:351 - Updater called before beeing initialized
2025-07-19 15:52:08,197 [INFO] RulesReader:64 - Compatibility file has been processed (317 Rules)
2025-07-19 15:52:08,216 [INFO] RulesReader:64 - Compatibility file has been processed (317 Rules)
2025-07-19 15:52:08,231 [INFO] CADModel:165 - CPN selected for project level
2025-07-19 15:52:08,232 [INFO] CADModel:114 - Register for checkConnection events
2025-07-19 15:52:08,232 [FATAL] Updater:351 - Updater called before beeing initialized
2025-07-19 15:52:08,232 [ERROR] CADModel:125 - Updater not yet initialized, retry later 
2025-07-19 15:52:08,434 [FATAL] Updater:351 - Updater called before beeing initialized
2025-07-19 15:52:08,436 [INFO] CADModel:165 - CPN selected for project level
2025-07-19 15:52:08,436 [INFO] CADModel:114 - Register for checkConnection events
2025-07-19 15:52:08,436 [FATAL] Updater:351 - Updater called before beeing initialized
2025-07-19 15:52:08,436 [ERROR] CADModel:125 - Updater not yet initialized, retry later 
2025-07-19 15:52:08,439 [FATAL] Updater:351 - Updater called before beeing initialized
2025-07-19 15:52:08,554 [FATAL] Updater:351 - Updater called before beeing initialized
2025-07-19 15:52:08,557 [INFO] DbMcusAds:53 - JSON generation date=Tue Jul 08 11:14:23 TRT 2025 (1751962463562)
2025-07-19 15:52:08,557 [FATAL] Updater:351 - Updater called before beeing initialized
2025-07-19 15:52:08,589 [WARN] DetailPanel:346 - Failed to get advertising image, set to default
2025-07-19 15:52:08,685 [FATAL] Updater:351 - Updater called before beeing initialized
2025-07-19 15:52:08,687 [FATAL] Updater:351 - Updater called before beeing initialized
2025-07-19 15:52:08,687 [FATAL] Updater:351 - Updater called before beeing initialized
2025-07-19 15:52:08,687 [WARN] DetailPanel:346 - Failed to get advertising image, set to default
2025-07-19 15:52:08,688 [FATAL] Updater:351 - Updater called before beeing initialized
2025-07-19 15:52:08,730 [ERROR] Updater:1198 - MainUpdater not yet initialized. External WinMGr cannot be set.
2025-07-19 15:52:08,732 [INFO] Updater:1134 - Updater Version found : 6.15.0
2025-07-19 15:52:08,745 [INFO] ApplicationProperties:184 - Using Application install path: C:\ST\STM32CubeIDE_1.18.1\STM32CubeIDE\plugins\com.st.stm32cube.common.mx_6.15.0.202507011659
2025-07-19 15:52:10,138 [INFO] ThirdPartyUpdaterWithRetryManager:70 - Updater plugin not ready yet. [2/15]
2025-07-19 15:52:10,317 [ERROR] LogOutputStream:75 - [STDERR_REDIRECT] Jul 19, 2025 3:52:10 PM java.util.prefs.WindowsPreferences <init>
2025-07-19 15:52:10,320 [ERROR] LogOutputStream:75 - [STDERR_REDIRECT] WARNING: Could not open/create prefs root node Software\JavaSoft\Prefs at root 0xffffffff80000002. Windows RegCreateKeyEx(...) returned error code 5.
2025-07-19 15:52:10,321 [ERROR] LogOutputStream:75 - [STDERR_REDIRECT] 
2025-07-19 15:52:11,443 [INFO] MainUpdater:2872 - connection check result : 10
2025-07-19 15:52:11,444 [INFO] MainUpdater:289 - Updater Check For Update Now.
2025-07-19 15:52:11,444 [INFO] MicroXplorer:498 - Change Database Version : DB.6.0.150
2025-07-19 15:52:11,455 [INFO] McuFinderGlobals:63 - Set McuFinder mode to 2 (CubeIDE integrated)
2025-07-19 15:52:11,457 [INFO] UserAuth:487 - Internet connection configuration mode: 1
2025-07-19 15:52:11,498 [INFO] JxBrowserEngine:152 - Initiate JxBrowser Engine with user profile folder
2025-07-19 15:52:11,781 [INFO] CheckServerUpdateThread:120 - End of CheckServer Thread
2025-07-19 15:52:12,930 [INFO] WebApp:169 - Instantiating new browser for Auth
2025-07-19 15:52:13,535 [WARN] PackLoader:240 - Cannot read IP mode file for STMicroelectronics.FP-SNS-MOTENVWB1.1.4.0
2025-07-19 15:52:13,547 [WARN] PackLoader:240 - Cannot read IP mode file for STMicroelectronics.FP-ATR-ASTRA1.2.0.2
2025-07-19 15:52:13,559 [WARN] PackLoader:240 - Cannot read IP mode file for STMicroelectronics.X-CUBE-SMBUS.2.1.0
2025-07-19 15:52:13,565 [WARN] PackLoader:240 - Cannot read IP mode file for STMicroelectronics.X-CUBE-ST60.1.0.0
2025-07-19 15:52:13,642 [WARN] PackLoader:240 - Cannot read IP mode file for STMicroelectronics.X-CUBE-AZRTOS-F7.1.1.0
2025-07-19 15:52:13,693 [WARN] PackLoader:240 - Cannot read IP mode file for Infineon.AIROC-Wi-Fi-Bluetooth-STM32.1.7.0
2025-07-19 15:52:13,765 [WARN] PackLoader:240 - Cannot read IP mode file for STMicroelectronics.X-CUBE-AZRTOS-H7.3.4.0
2025-07-19 15:52:13,790 [WARN] PackLoader:240 - Cannot read IP mode file for STMicroelectronics.X-CUBE-DISPLAY.3.0.0
2025-07-19 15:52:13,822 [WARN] PackLoader:240 - Cannot read IP mode file for STMicroelectronics.X-CUBE-NFC10.1.0.0
2025-07-19 15:52:13,844 [WARN] PackLoader:240 - Cannot read IP mode file for STMicroelectronics.X-CUBE-BLEMGR.4.0.0
2025-07-19 15:52:13,875 [WARN] PackLoader:240 - Cannot read IP mode file for emotas.I-CUBE-CANOPEN.1.3.0
2025-07-19 15:52:13,882 [WARN] ConditionMgr:438 - getConditionDescription Invalid condition id : Cortex-A Device cause : null
2025-07-19 15:52:13,902 [WARN] ConditionMgr:1044 - genDependencies : Invalid condition id : Cortex-A Device cause : null
2025-07-19 15:52:13,902 [WARN] ConditionMgr:1044 - genDependencies : Invalid condition id : Cortex-A Device cause : null
2025-07-19 15:52:13,903 [WARN] ConditionMgr:1044 - genDependencies : Invalid condition id : Cortex-A Device cause : null
2025-07-19 15:52:13,920 [WARN] PackLoader:240 - Cannot read IP mode file for STMicroelectronics.FP-SNS-SMARTAG2.1.2.0
2025-07-19 15:52:13,930 [WARN] PackLoader:240 - Cannot read IP mode file for STMicroelectronics.FP-SNS-FLIGHT1.5.1.0
2025-07-19 15:52:13,948 [INFO] LogOutputStream:77 - [STDOUT_REDIRECT] 1 : Invalid condition id : UX_CORESTACK_Condition cause : null
2025-07-19 15:52:13,949 [INFO] LogOutputStream:77 - [STDOUT_REDIRECT] 1 : Invalid condition id : UX_CORESTACK_Condition cause : null
2025-07-19 15:52:13,952 [INFO] LogOutputStream:77 - [STDOUT_REDIRECT] 1 : Invalid condition id : UX_CORESTACK_Condition cause : null
2025-07-19 15:52:13,953 [INFO] LogOutputStream:77 - [STDOUT_REDIRECT] 1 : Invalid condition id : UX_CORESTACK_Condition cause : null
2025-07-19 15:52:13,955 [INFO] LogOutputStream:77 - [STDOUT_REDIRECT] 1 : Invalid condition id : UX_CORESTACK_Condition cause : null
2025-07-19 15:52:13,969 [WARN] PackLoader:240 - Cannot read IP mode file for STMicroelectronics.X-CUBE-AZRTOS-WL.2.0.0
2025-07-19 15:52:13,982 [WARN] PackLoader:240 - Cannot read IP mode file for STMicroelectronics.FP-SNS-MOTENV1.5.0.0
2025-07-19 15:52:13,997 [WARN] PackLoader:240 - Cannot read IP mode file for WES.I-CUBE-Cesium.1.3.0
2025-07-19 15:52:14,004 [WARN] PackLoader:240 - Cannot read IP mode file for STMicroelectronics.X-CUBE-BLE2.3.3.0
2025-07-19 15:52:14,027 [WARN] PackLoader:240 - Cannot read IP mode file for STMicroelectronics.X-CUBE-NFC9.1.0.0
2025-07-19 15:52:14,039 [WARN] PackLoader:240 - Cannot read IP mode file for wolfSSL.I-CUBE-wolfSSL.5.8.0
2025-07-19 15:52:14,046 [WARN] PackLoader:240 - Cannot read IP mode file for STMicroelectronics.X-CUBE-BLE1.7.1.0
2025-07-19 15:52:14,056 [WARN] PackLoader:240 - Cannot read IP mode file for wolfSSL.I-CUBE-wolfMQTT.1.19.2
2025-07-19 15:52:14,087 [WARN] PackLoader:240 - Cannot read IP mode file for STMicroelectronics.X-CUBE-EEPRMA1.5.2.0
2025-07-19 15:52:14,097 [WARN] PackLoader:240 - Cannot read IP mode file for STMicroelectronics.X-CUBE-AI.10.1.0
2025-07-19 15:52:14,141 [WARN] PackLoader:240 - Cannot read IP mode file for STMicroelectronics.X-CUBE-AZRTOS-G0.1.1.0
2025-07-19 15:52:14,156 [WARN] PackLoader:240 - Cannot read IP mode file for STMicroelectronics.X-CUBE-SAFEA1.1.2.2
2025-07-19 15:52:14,187 [WARN] PackLoader:240 - Cannot read IP mode file for STMicroelectronics.X-CUBE-NFC4.3.0.0
2025-07-19 15:52:14,208 [WARN] PackLoader:240 - Cannot read IP mode file for EmbeddedOffice.I-CUBE-FS-RTOS.1.0.1
2025-07-19 15:52:14,216 [WARN] PackLoader:240 - Cannot read IP mode file for STMicroelectronics.X-CUBE-WB05N.2.0.0
2025-07-19 15:52:14,222 [WARN] PackLoader:240 - Cannot read IP mode file for wolfSSL.I-CUBE-wolfTPM.3.8.0
2025-07-19 15:52:14,242 [WARN] PackLoader:240 - Cannot read IP mode file for STMicroelectronics.X-CUBE-TCPP.4.2.0
2025-07-19 15:52:14,258 [WARN] PackLoader:240 - Cannot read IP mode file for RealThread.X-CUBE-RT-Thread_Nano.4.1.1
2025-07-19 15:52:14,265 [WARN] PackLoader:240 - Cannot read IP mode file for STMicroelectronics.FP-ATR-SIGFOX1.3.2.0
2025-07-19 15:52:14,272 [WARN] PackLoader:240 - Cannot read IP mode file for STMicroelectronics.X-CUBE-EEPRMA1.5.1.0
2025-07-19 15:52:14,297 [WARN] PackLoader:240 - Cannot read IP mode file for ITTIA_DB.I-CUBE-ITTIADB.8.9.0
2025-07-19 15:52:14,310 [WARN] PackLoader:240 - Cannot read IP mode file for STMicroelectronics.X-CUBE-ST67W61.1.0.0
2025-07-19 15:52:14,373 [WARN] PackLoader:240 - Cannot read IP mode file for SEGGER.I-CUBE-embOS.1.3.1
2025-07-19 15:52:14,494 [INFO] WebApp:463 - Apply proxy settings
2025-07-19 15:52:14,495 [INFO] WebApp:548 - Chromium requires no authentication
2025-07-19 15:52:14,531 [INFO] WebApp:491 - Direct internet connection detected
2025-07-19 15:52:14,543 [WARN] PackLoader:240 - Cannot read IP mode file for STMicroelectronics.X-CUBE-ALGOBUILD.1.4.0
2025-07-19 15:52:14,650 [INFO] WebApp:900 - Register for checkConnection events
2025-07-19 15:52:14,651 [INFO] WebApp:463 - Apply proxy settings
2025-07-19 15:52:14,653 [INFO] WebApp:548 - Chromium requires no authentication
2025-07-19 15:52:14,657 [INFO] WebApp:491 - Direct internet connection detected
2025-07-19 15:52:14,814 [WARN] PackLoader:240 - Cannot read IP mode file for STMicroelectronics.X-CUBE-MEMS1.11.3.0
2025-07-19 15:52:15,737 [WARN] PackLoader:240 - Cannot read IP mode file for STMicroelectronics.X-CUBE-PM33A1.1.0.0
2025-07-19 15:52:15,813 [WARN] PackLoader:240 - Cannot read IP mode file for STMicroelectronics.X-CUBE-AZRTOS-F4.1.1.0
2025-07-19 15:52:15,837 [WARN] PackLoader:240 - Cannot read IP mode file for Avnet-IotConnect.X-CUBE-IoTC-DA16k-PMOD.1.0.0
2025-07-19 15:52:15,851 [WARN] PackLoader:240 - Cannot read IP mode file for STMicroelectronics.X-CUBE-ISPU.2.1.0
2025-07-19 15:52:15,877 [WARN] PackLoader:240 - Cannot read IP mode file for STMicroelectronics.X-CUBE-NFC12.1.0.0
2025-07-19 15:52:15,972 [WARN] PackLoader:240 - Cannot read IP mode file for STMicroelectronics.X-CUBE-AZRTOS-L5.2.0.0
2025-07-19 15:52:16,013 [WARN] PackLoader:240 - Cannot read IP mode file for STMicroelectronics.X-CUBE-NFC6.3.1.0
2025-07-19 15:52:16,044 [WARN] PackLoader:240 - Cannot read IP mode file for STMicroelectronics.X-CUBE-FREERTOS.1.3.1
2025-07-19 15:52:16,065 [WARN] PackLoader:240 - Cannot read IP mode file for STMicroelectronics.FP-SNS-STAIOTCFT.1.0.0
2025-07-19 15:52:16,082 [WARN] PackLoader:240 - Cannot read IP mode file for STMicroelectronics.X-CUBE-DPower.1.3.0
2025-07-19 15:52:16,162 [INFO] WebApp:225 - Starting web application
2025-07-19 15:52:16,164 [INFO] WebApp:593 - Web application path used C:\ST\STM32CubeIDE_1.18.1\STM32CubeIDE\plugins\com.st.stm32cube.common.mx_6.15.0.202507011659\db\plugins\mcufinder\reactClient1\index.html
2025-07-19 15:52:16,173 [WARN] ConditionMgr:438 - getConditionDescription Invalid condition id : LAN8742 Phy interface Condition cause : null
2025-07-19 15:52:16,177 [WARN] PackLoader:240 - Cannot read IP mode file for STMicroelectronics.X-CUBE-AZRTOS-L4.2.0.0
2025-07-19 15:52:16,182 [WARN] ConditionMgr:1044 - genDependencies : Invalid condition id : LAN8742 Phy interface Condition cause : null
2025-07-19 15:52:16,183 [WARN] ConditionMgr:1044 - genDependencies : Invalid condition id : LAN8742 Phy interface Condition cause : null
2025-07-19 15:52:16,185 [WARN] ConditionMgr:1044 - genDependencies : Invalid condition id : LAN8742 Phy interface Condition cause : null
2025-07-19 15:52:16,218 [WARN] PackLoader:240 - Cannot read IP mode file for STMicroelectronics.X-CUBE-SFXS2LP1.4.0.0
2025-07-19 15:52:16,303 [WARN] PackLoader:240 - Cannot read IP mode file for STMicroelectronics.X-CUBE-AZRTOS-H7.3.3.0
2025-07-19 15:52:16,378 [WARN] ConditionMgr:438 - getConditionDescription Invalid condition id : UX DEVICE CLASS RTOS Condition cause : null
2025-07-19 15:52:16,378 [WARN] ConditionMgr:438 - getConditionDescription Invalid condition id : UX DEVICE CLASS RTOS Condition cause : null
2025-07-19 15:52:16,389 [WARN] PackLoader:240 - Cannot read IP mode file for STMicroelectronics.X-CUBE-AZRTOS-WB.2.0.0
2025-07-19 15:52:16,392 [WARN] ConditionMgr:1044 - genDependencies : Invalid condition id : UX DEVICE CLASS RTOS Condition cause : null
2025-07-19 15:52:16,392 [WARN] ConditionMgr:1044 - genDependencies : Invalid condition id : UX DEVICE CLASS RTOS Condition cause : null
2025-07-19 15:52:16,392 [INFO] WebApp:191 - Connection restablished
2025-07-19 15:52:16,394 [WARN] ConditionMgr:1044 - genDependencies : Invalid condition id : UX DEVICE CLASS RTOS Condition cause : null
2025-07-19 15:52:16,396 [WARN] ConditionMgr:1044 - genDependencies : Invalid condition id : UX DEVICE CLASS RTOS Condition cause : null
2025-07-19 15:52:16,396 [WARN] ConditionMgr:1044 - genDependencies : Invalid condition id : UX DEVICE CLASS RTOS Condition cause : null
2025-07-19 15:52:16,761 [WARN] PackLoader:240 - Cannot read IP mode file for STMicroelectronics.X-CUBE-GNSS1.7.0.1
2025-07-19 15:52:16,796 [WARN] PackLoader:240 - Cannot read IP mode file for STMicroelectronics.X-CUBE-TOUCHGFX.4.25.0
2025-07-19 15:52:16,823 [WARN] PackLoader:240 - Cannot read IP mode file for STMicroelectronics.FP-SNS-STBOX1.2.0.0
2025-07-19 15:52:16,871 [WARN] PackLoader:240 - Cannot read IP mode file for STMicroelectronics.X-CUBE-SUBG2.5.0.0
2025-07-19 15:52:16,974 [WARN] PackLoader:240 - Cannot read IP mode file for STMicroelectronics.X-CUBE-AZRTOS-H7RS.1.1.0
2025-07-19 15:52:17,014 [WARN] PackLoader:240 - Cannot read IP mode file for Cesanta.I-CUBE-Mongoose.7.13.0
2025-07-19 15:52:17,087 [WARN] PackLoader:240 - Cannot read IP mode file for STMicroelectronics.X-CUBE-AZRTOS-G4.2.0.0
2025-07-19 15:52:17,111 [WARN] PackLoader:240 - Cannot read IP mode file for wolfSSL.I-CUBE-wolfSSH.1.4.20
2025-07-19 15:52:17,132 [WARN] PackLoader:240 - Cannot read IP mode file for STMicroelectronics.X-CUBE-NFC7.2.0.0
2025-07-19 15:52:17,191 [WARN] PackLoader:240 - Cannot read IP mode file for STMicroelectronics.X-CUBE-IPS.3.1.0
2025-07-19 15:52:17,240 [WARN] PackLoader:240 - Cannot read IP mode file for STMicroelectronics.X-CUBE-ALS.1.0.2
2025-07-19 15:52:17,272 [WARN] PackLoader:240 - Cannot read IP mode file for portGmbH.I-Cube-SoM-uGOAL.1.1.0
2025-07-19 15:52:17,320 [WARN] PackLoader:240 - Cannot read IP mode file for STMicroelectronics.X-CUBE-TOF1.3.4.3
2025-07-19 15:52:17,378 [INFO] ThirdParty:978 - Integrity check success = true
2025-07-19 15:52:17,379 [INFO] IntegrityCheckThread:100 - exiting critical section [integrity check]
2025-07-19 15:52:17,379 [INFO] IntegrityCheckThread:103 - End integrity checks thread
2025-07-19 15:52:17,803 [INFO] UserAuth:487 - Internet connection configuration mode: 1
2025-07-19 16:27:21,084 [INFO] McuFinderGlobals:63 - Set McuFinder mode to 2 (CubeIDE integrated)
2025-07-19 16:27:21,088 [INFO] MainUpdater:2872 - connection check result : 10
2025-07-19 16:27:21,089 [INFO] MainUpdater:2872 - connection check result : 10
2025-07-19 16:27:21,122 [INFO] MicroXplorer:468 - Change Database Path : 
2025-07-19 16:27:21,122 [INFO] MicroXplorer:498 - Change Database Version : DB.6.0.150
2025-07-19 16:27:21,127 [WARN] ThirdParty:871 - waiting for thirdparty lock release [close project]
2025-07-19 16:27:21,127 [INFO] ThirdParty:873 - entering critical section [close project]
2025-07-19 16:27:21,128 [INFO] ThirdParty:883 - exiting critical section [close project]
2025-07-19 16:27:21,129 [INFO] PinOutPanel:1589 - setPackage(No Configuration,No Configuration)
2025-07-19 16:27:21,131 [INFO] UtilMem:75 - Begin LoadConfig() Used Memory: 685955440 Bytes (848297984)
2025-07-19 16:27:21,132 [INFO] MicroXplorer:468 - Change Database Path : 
2025-07-19 16:27:21,132 [INFO] MicroXplorer:498 - Change Database Version : DB.6.0.150
2025-07-19 16:27:21,133 [INFO] OpenFileManager:355 - Change cursor
2025-07-19 16:27:21,187 [INFO] Mcu:2029 - Initializing MCU STM32F446R(C-E)Tx STM32F446RETx STM32F446RET6
2025-07-19 16:27:26,084 [INFO] Context:786 - Trying to add GPIOservice into a context  which must be forbidden
2025-07-19 16:27:27,296 [INFO] ImportTextPane:234 - (OptionalMessage_ERROR) Pin17 (VP_RIF_VS_RIF1) cannot be retrieved for this MCU
2025-07-19 16:27:27,536 [INFO] RtosManager:558 - Registered RTOS mode: class=CMSIS, group=RTOS, mode=CMSIS_V1, owner=FREERTOS
2025-07-19 16:27:27,537 [INFO] RtosManager:558 - Registered RTOS mode: class=CMSIS, group=RTOS2, mode=CMSIS_V2, owner=FREERTOS
2025-07-19 16:27:27,538 [INFO] RtosManager:558 - Registered RTOS mode: class=RTOS, group=Core, mode=CMSIS_V1, owner=FREERTOS
2025-07-19 16:27:27,538 [INFO] RtosManager:558 - Registered RTOS mode: class=RTOS, group=Core, mode=CMSIS_V2, owner=FREERTOS
2025-07-19 16:27:27,539 [WARN] ModelIntegratedComponent:184 - Missing modes for component STMicroelectronics:FreeRTOS:0.0.1:STMicroelectronics:RTOS:FreeRTOS:Core:::10.2.0:
2025-07-19 16:27:27,604 [WARN] ModelIntegratedComponent:63 - No mode defined for component null
2025-07-19 16:27:27,604 [WARN] ModelIntegratedComponent:63 - No mode defined for component null
2025-07-19 16:27:27,604 [WARN] ModelIntegratedComponent:63 - No mode defined for component null
2025-07-19 16:27:27,604 [WARN] ModelIntegratedComponent:63 - No mode defined for component null
2025-07-19 16:27:27,604 [WARN] ModelIntegratedComponent:63 - No mode defined for component null
2025-07-19 16:27:27,604 [WARN] ModelIntegratedComponent:63 - No mode defined for component null
2025-07-19 16:27:27,604 [WARN] ModelIntegratedComponent:63 - No mode defined for component null
2025-07-19 16:27:27,604 [WARN] ModelIntegratedComponent:63 - No mode defined for component null
2025-07-19 16:27:27,604 [WARN] ModelIntegratedComponent:63 - No mode defined for component null
2025-07-19 16:27:27,604 [WARN] ModelIntegratedComponent:63 - No mode defined for component null
2025-07-19 16:27:27,605 [WARN] ModelIntegratedComponent:63 - No mode defined for component null
2025-07-19 16:27:27,605 [WARN] ModelIntegratedComponent:63 - No mode defined for component null
2025-07-19 16:27:27,605 [WARN] ModelIntegratedComponent:63 - No mode defined for component null
2025-07-19 16:27:27,605 [WARN] ModelIntegratedComponent:63 - No mode defined for component null
2025-07-19 16:27:27,605 [WARN] ModelIntegratedComponent:63 - No mode defined for component null
2025-07-19 16:27:27,605 [WARN] ModelIntegratedComponent:63 - No mode defined for component null
2025-07-19 16:27:27,605 [WARN] ModelIntegratedComponent:63 - No mode defined for component null
2025-07-19 16:27:27,605 [WARN] ModelIntegratedComponent:63 - No mode defined for component null
2025-07-19 16:27:27,605 [WARN] ModelIntegratedComponent:63 - No mode defined for component null
2025-07-19 16:27:27,605 [WARN] ModelIntegratedComponent:63 - No mode defined for component null
2025-07-19 16:27:27,605 [WARN] ModelIntegratedComponent:63 - No mode defined for component null
2025-07-19 16:27:27,605 [WARN] ModelIntegratedComponent:63 - No mode defined for component null
2025-07-19 16:27:27,605 [WARN] ModelIntegratedComponent:63 - No mode defined for component null
2025-07-19 16:27:27,605 [WARN] ModelIntegratedComponent:63 - No mode defined for component null
2025-07-19 16:27:27,605 [WARN] ModelIntegratedComponent:63 - No mode defined for component null
2025-07-19 16:27:27,605 [WARN] ModelIntegratedComponent:63 - No mode defined for component null
2025-07-19 16:27:27,605 [WARN] ModelIntegratedComponent:63 - No mode defined for component null
2025-07-19 16:27:27,605 [WARN] ModelIntegratedComponent:63 - No mode defined for component null
2025-07-19 16:27:27,605 [WARN] ModelIntegratedComponent:63 - No mode defined for component null
2025-07-19 16:27:27,605 [WARN] ModelIntegratedComponent:63 - No mode defined for component null
2025-07-19 16:27:27,606 [WARN] ModelIntegratedComponent:63 - No mode defined for component null
2025-07-19 16:27:27,606 [WARN] ModelIntegratedComponent:63 - No mode defined for component null
2025-07-19 16:27:27,606 [WARN] ModelIntegratedComponent:63 - No mode defined for component null
2025-07-19 16:27:27,606 [WARN] ModelIntegratedComponent:63 - No mode defined for component null
2025-07-19 16:27:27,606 [WARN] ModelIntegratedComponent:63 - No mode defined for component null
2025-07-19 16:27:27,607 [WARN] ModelPack:524 - Component already loaded: STMicroelectronics:HAL Drivers:0.0.0:STMicroelectronics:Device:STMicro_Driver:XSPI:HAL::0.0.1:HAL_XSPI
2025-07-19 16:27:27,904 [INFO] ThirdPartyModel:298 - Start build external matchings
2025-07-19 16:27:28,391 [INFO] ThirdPartyModel:316 - End build external matchings
2025-07-19 16:27:28,405 [INFO] RtosManager:1018 - Current active RTOS is FREERTOS [Cortex-M4NS]
2025-07-19 16:27:28,414 [INFO] ImportTextPane:234 - (OptionalMessage_ERROR) IP (RCC) : Invalid parameter (48MHZClocksFreq_Value)
2025-07-19 16:27:28,414 [INFO] ImportTextPane:234 - (OptionalMessage_ERROR) IP (RCC) : Invalid parameter (EthernetFreq_Value)
2025-07-19 16:27:28,415 [INFO] ImportTextPane:234 - (OptionalMessage_ERROR) IP (RCC) : Parameter (FLatency) has Id (AdvancedSettings) currently not set
2025-07-19 16:27:28,416 [INFO] ImportTextPane:234 - (OptionalMessage_ERROR) IP (RCC) : Invalid parameter (FamilyName)
2025-07-19 16:27:28,417 [INFO] ImportTextPane:234 - (OptionalMessage_ERROR) IP (RCC) : Invalid parameter (I2SClocksFreq_Value)
2025-07-19 16:27:28,421 [INFO] ImportTextPane:234 - (OptionalMessage_ERROR) IP (RCC) : Parameter (SDIOFreq_Value) has invalid value (168000000)
2025-07-19 16:27:28,421 [INFO] ImportTextPane:234 - (OptionalMessage_ERROR) IP (RCC) : Parameter (USBFreq_Value) has invalid value (168000000)
2025-07-19 16:27:28,424 [INFO] ImportTextPane:234 - (OptionalMessage_ERROR) IP (RCC) : Invalid parameter (VCOInputMFreq_Value)
2025-07-19 16:27:28,425 [INFO] ImportTextPane:234 - (OptionalMessage_ERROR) IP (RCC) : Invalid parameter (VcooutputI2S)
2025-07-19 16:27:29,369 [INFO] ApiDb:581 - Connected to CubeFinder SQLite database (C:\Users\aliya\.stmcufinder\plugins\mcufinder\mcu\cube-finder-db.db)
2025-07-19 16:27:29,440 [INFO] ApiDb:668 - CubeFinder database Data Model version=2.1
2025-07-19 16:27:29,441 [INFO] ApiDb:669 - CubeFinder database Configuration version=3.0.39
2025-07-19 16:27:29,442 [INFO] ApiDb:670 - CubeFinder database generation date=2025-06-24 (1750757100)
2025-07-19 16:27:29,442 [INFO] ApiDb:671 - CubeFinder database FW Pack versions=[FP-ATR-ASTRA1_V2.0.0, FP-SNS-FLIGHT1_V5.1.0, FP-SNS-MOTENV1_V5.0.0, FP-SNS-MOTENVWB1_V1.4.0, FP-SNS-SMARTAG2_V1.2.0, FP-SNS-STBOX1_V2.0.0, STM32Cube_FW_C0_V1.4.0, STM32Cube_FW_F4_V1.28.2, STM32Cube_FW_F7_V1.17.3, STM32Cube_FW_G0_V1.6.2, STM32Cube_FW_G4_V1.6.1, STM32Cube_FW_H5_V1.5.0, STM32Cube_FW_H7RS_V1.2.0, STM32Cube_FW_H7_V1.12.1, STM32Cube_FW_L0_V1.12.2, STM32Cube_FW_L4_V1.18.1, STM32Cube_FW_L5_V1.5.1, STM32Cube_FW_N6_V1.2.0, STM32Cube_FW_U0_V1.3.0, STM32Cube_FW_U3_V1.2.0, STM32Cube_FW_U5_V1.8.0, STM32Cube_FW_WB0_V1.3.0, STM32Cube_FW_WBA_V1.7.0, STM32Cube_FW_WB_V1.23.0, STM32Cube_FW_WL3_V1.2.0, STM32Cube_FW_WL_V1.3.1, X-CUBE-ALGOBUILD_V1.4.0, X-CUBE-ALS_V1.0.2, X-CUBE-AZRTOS-F4_V1.1.0, X-CUBE-AZRTOS-F7_V1.1.0, X-CUBE-AZRTOS-G0_V1.1.0, X-CUBE-AZRTOS-G4_V2.0.0, X-CUBE-AZRTOS-H7RS_V1.1.0, X-CUBE-AZRTOS-H7_V3.3.0, X-CUBE-AZRTOS-L4_V2.0.0, X-CUBE-AZRTOS-L5_V2.0.0, X-CUBE-AZRTOS-WB_V2.0.0, X-CUBE-AZRTOS-WL_V2.0.0, X-CUBE-BLE1_V7.1.0, X-CUBE-BLE2_V3.3.0, X-CUBE-BLEMGR_V4.0.0, X-CUBE-EEPRMA1_V5.1.0, X-CUBE-FREERTOS_V1.3.1, X-CUBE-GNSS1_V6.0.0, X-CUBE-MEMS1_V11.3.0, X-CUBE-NFC4_V3.0.0, X-CUBE-NFC7_V2.0.0, X-CUBE-SFXS2LP1_V4.0.0, X-CUBE-SUBG2_V5.0.0, X-CUBE-TOF1_V3.4.3]
2025-07-19 16:27:29,504 [INFO] DbBoardsSqlite:226 - include board P-NUCLEO-WB55-NUCLEO as a kit item of type 'Nucleo-64'
2025-07-19 16:27:29,504 [INFO] DbBoardsSqlite:226 - include board P-NUCLEO-WB55-USBDONGLE as a kit item of type 'Nucleo USB Dongle'
2025-07-19 16:27:29,505 [INFO] DbBoardsSqlite:226 - include board STEVAL-IDP005V1 as a kit item of type 'Evaluation Board'
2025-07-19 16:27:29,505 [INFO] DbBoardsSqlite:226 - include board STEVAL-IDP005V2 as a kit item of type 'Evaluation Board'
2025-07-19 16:27:29,578 [INFO] ApiDb:240 - Found 880 in-development CPN: [B-G473E-ZEST1S, B-WB1M-WPAN1, B-WBA5M-WPAN, B-WL5M-SUBG1, NUCLEO-C031C6, NUCLEO-C051C8, NUCLEO-C071RB, NUCLEO-C092RC, NUCLEO-H503RB, NUCLEO-H533RE, NUCLEO-H563ZI, NUCLEO-H7S3L8, NUCLEO-N657X0-Q, NUCLEO-U031R8, NUCLEO-U083RC, NUCLEO-U385RG-Q, NUCLEO-U545RE-Q, NUCLEO-U5A5ZJ-Q, NUCLEO-WB05KZ, NUCLEO-WB07CC, NUCLEO-WB09KE, NUCLEO-WBA52CG, NUCLEO-WBA55CG, NUCLEO-WL33CC1, NUCLEO-WL33CC2, STEVAL-PROTEUS1, STEVAL-SMARTAG2, STEVAL-STWINBX1, STM320518-EVAL, STM32C0116-DK, STM32C011D6Y3TR, STM32C011D6Y6TR, STM32C011F4P3, STM32C011F4P6, STM32C011F4U3, STM32C011F4U6TR, STM32C011F6P3, STM32C011F6P6, STM32C011F6U3, STM32C011F6U6TR, STM32C011J4M3, STM32C011J4M6, STM32C011J6M3, STM32C011J6M6, STM32C0316-DK, STM32C031C4T3, STM32C031C4T6, STM32C031C4U3, STM32C031C4U6, STM32C031C6T3, STM32C031C6T6, STM32C031C6U3, STM32C031C6U6, STM32C031F4P3, STM32C031F4P6, STM32C031F6P3, STM32C031F6P6, STM32C031G4U3, STM32C031G4U6, STM32C031G6U3, STM32C031G6U6, STM32C031K4T3, STM32C031K4T6, STM32C031K4U3, STM32C031K4U6, STM32C031K6T3, STM32C031K6T6, STM32C031K6U3, STM32C031K6U6, STM32C051C6T6, STM32C051C6U6, STM32C051C8T6, STM32C051C8U6, STM32C051D8Y6TR, STM32C051F6P6, STM32C051F8P6, STM32C051G6U6, STM32C051G8U6, STM32C051K6T6, STM32C051K6U6, STM32C051K8T6, STM32C071C8T6, STM32C071C8T6N, STM32C071C8U6, STM32C071C8U6N, STM32C071CBT6, STM32C071CBT6N, STM32C071CBU6, STM32C071CBU6N, STM32C071F8P6, STM32C071F8P6N, STM32C071FBP6, STM32C071FBP6N, STM32C071FBY6TR, STM32C071G8U6, STM32C071G8U6N, STM32C071GBU6, STM32C071GBU6N, STM32C071K8T6, STM32C071K8T6N, STM32C071K8U6, STM32C071K8U6N, STM32C071KBT6, STM32C071KBT6N, STM32C071KBU6, STM32C071KBU6N, STM32C071R8T6, STM32C071R8T6N, STM32C071RBI6N, STM32C071RBT6, STM32C071RBT6N, STM32C091CBT6, STM32C091CBU6, STM32C091CCT6, STM32C091CCU6, STM32C091ECY6TR, STM32C091FBP6, STM32C091FCP6, STM32C091GBU6, STM32C091GCU6, STM32C091KBT6, STM32C091KBU6, STM32C091KCT6, STM32C091KCU6, STM32C091RBT6, STM32C091RCI6, STM32C091RCT6, STM32C092CBT6, STM32C092CBU6, STM32C092CCT6, STM32C092CCU6, STM32C092ECY6TR, STM32C092FBP6, STM32C092FCP6, STM32C092GBU6, STM32C092GCU6, STM32C092KBT6, STM32C092KBU6, STM32C092KCT6, STM32C092KCU6, STM32C092RBT6, STM32C092RCI6, STM32C092RCT6, STM32G071K8TXN, STM32G071K8UXN, STM32G081GBU6N, STM32G081KBT6N, STM32G081KBUXN, STM32G0B1CCT6N, STM32G0B1KCT6, STM32G0B1NEY6TR, STM32G0B1RCT6N, STM32G0C1CCT6, STM32G0C1CCT6N, STM32G0C1CCU6N, STM32G0C1CET6N, STM32G0C1CEU6N, STM32G0C1KCT6, STM32G0C1NEY6TR, STM32G0C1RCI6N, STM32G0C1RCT6N, STM32G0C1REI6N, STM32G0C1RET6N, STM32G0C1VCI6, STM32G0C1VEI6, STM32G411C6T3, STM32G411C6T6, STM32G411C6U3, STM32G411C6U6, STM32G411C8T3, STM32G411C8T6, STM32G411C8U3, STM32G411C8U6, STM32G411CBT3, STM32G411CBT6, STM32G411CBU3, STM32G411CBU6, STM32G411K6T3, STM32G411K6T6, STM32G411K6U3, STM32G411K6U6, STM32G411K8T3, STM32G411K8T6, STM32G411K8U3, STM32G411K8U6, STM32G411KBT3, STM32G411KBT6, STM32G411KBU3, STM32G411KBU6, STM32G411M6T3, STM32G411M6T6, STM32G411M8T3, STM32G411M8T6, STM32G411MBT3, STM32G411MBT6, STM32G411R6T3, STM32G411R6T6, STM32G411R8T3, STM32G411R8T6, STM32G411RBT3, STM32G411RBT6, STM32G414CBT3, STM32G414CBT6, STM32G414CBU3, STM32G414CBU6, STM32G414CCT3, STM32G414CCT6, STM32G414CCU3, STM32G414CCU6, STM32G414MBT3, STM32G414MBT6, STM32G414MCT3, STM32G414MCT6, STM32G414RBT3, STM32G414RBT6, STM32G414RCT3, STM32G414RCT6, STM32G414VBT3, STM32G414VBT6, STM32G414VCT3, STM32G414VCT6, STM32G431CBT3Z, STM32G431RBT3Z, STM32G471CCT6, STM32G471CCU6, STM32G471CET3, STM32G471CET6, STM32G471CEU3, STM32G471CEU6, STM32G471MCT6, STM32G471MET3, STM32G471MET6, STM32G471MEY6TR, STM32G471QCT6, STM32G471QET3, STM32G471RCT6, STM32G471RET3, STM32G471RET6, STM32G471VCH6, STM32G471VCI6, STM32G471VCT6, STM32G471VEH3, STM32G471VEH6, STM32G471VEI3, STM32G471VEI6, STM32G471VET3, STM32G471VET6, STM32G473QET3Z, STM32G473RET3Z, STM32G474CCT6, STM32G491RET3Z, STM32H503CBT6, STM32H503CBU6, STM32H503EBY6TR, STM32H503KBU6, STM32H503RBT6, STM32H523CCT6, STM32H523CCU6, STM32H523CET6, STM32H523CEU6, STM32H523HEY6TR, STM32H523RCT6, STM32H523RET6, STM32H523VCI6, STM32H523VCT6, STM32H523VEI6, STM32H523VET6, STM32H523ZCJ6, STM32H523ZCT6, STM32H523ZEJ6, STM32H523ZET6, STM32H533CET6, STM32H533CEU6, STM32H533HEY6TR, STM32H533RET6, STM32H533VEI6, STM32H533VET6, STM32H533ZEJ6, STM32H533ZET6, STM32H562AGI6, STM32H562AII6, STM32H562IGK6, STM32H562IGT6, STM32H562IIK6, STM32H562IIT6, STM32H562RGT6, STM32H562RGV6, STM32H562RIT6, STM32H562RIV6, STM32H562VGT6, STM32H562VIT6, STM32H562ZGT6, STM32H562ZIT6, STM32H563AGI6, STM32H563AII3Q, STM32H563AII6, STM32H563IGK6, STM32H563IGT6, STM32H563IIK3Q, STM32H563IIK6, STM32H563IIT3Q, STM32H563IIT6, STM32H563MIY3QTR, STM32H563RGT6, STM32H563RGV6, STM32H563RIT6, STM32H563RIV6, STM32H563VGT6, STM32H563VIT3Q, STM32H563VIT6, STM32H563ZGT6, STM32H563ZIT3Q, STM32H563ZIT6, STM32H573AII3Q, STM32H573AII6, STM32H573I-DK, STM32H573IIK3Q, STM32H573IIK6, STM32H573IIT3Q, STM32H573IIT6, STM32H573MIY3QTR, STM32H573RIT6, STM32H573RIV6, STM32H573VIT3Q, STM32H573VIT6, STM32H573ZIT3Q, STM32H573ZIT6, STM32H7R3A8I6, STM32H7R3I8K6, STM32H7R3I8T6, STM32H7R3L8H6, STM32H7R3L8H6H, STM32H7R3R8V6, STM32H7R3V8H6, STM32H7R3V8T6, STM32H7R3V8Y6TR, STM32H7R3Z8J6, STM32H7R3Z8T6, STM32H7R7A8I6, STM32H7R7I8K6, STM32H7R7I8T6, STM32H7R7L8H6, STM32H7R7L8H6H, STM32H7R7Z8J6, STM32H7S3A8I6, STM32H7S3I8K6, STM32H7S3I8T6, STM32H7S3L8H6, STM32H7S3L8H6H, STM32H7S3R8V6, STM32H7S3V8H6, STM32H7S3V8T6, STM32H7S3V8Y6TR, STM32H7S3Z8J6, STM32H7S3Z8T6, STM32H7S78-DK, STM32H7S7A8I6, STM32H7S7I8K6, STM32H7S7I8T6, STM32H7S7L8H6, STM32H7S7L8H6H, STM32H7S7Z8J6, STM32L4R5QGI6STR, STM32MP131AAE3, STM32MP131AAF3, STM32MP131AAG3, STM32MP131CAE3, STM32MP131CAF3, STM32MP131CAG3, STM32MP131DAE7, STM32MP131DAF7, STM32MP131DAG7, STM32MP131FAE7, STM32MP131FAF7, STM32MP131FAG7, STM32MP133AAE3, STM32MP133AAF3, STM32MP133AAG3, STM32MP133CAE3, STM32MP133CAF3, STM32MP133CAG3, STM32MP133DAE7, STM32MP133DAF7, STM32MP133DAG7, STM32MP133FAE7, STM32MP133FAF7, STM32MP133FAG7, STM32MP135AAE3, STM32MP135AAF3, STM32MP135AAG3, STM32MP135CAE3, STM32MP135CAF3, STM32MP135CAG3, STM32MP135DAE7, STM32MP135DAF7, STM32MP135DAG7, STM32MP135F-DK, STM32MP135FAE7, STM32MP135FAF7, STM32MP135FAF7T, STM32MP135FAF7U, STM32MP135FAG7, STM32MP211AAL3, STM32MP211AAM3, STM32MP211AAN3, STM32MP211AAO3, STM32MP211CAL3, STM32MP211CAM3, STM32MP211CAN3, STM32MP211CAO3, STM32MP211DAL3, STM32MP211DAM3, STM32MP211DAN3, STM32MP211DAO3, STM32MP211FAL3, STM32MP211FAM3, STM32MP211FAN3, STM32MP211FAO3, STM32MP213AAL3, STM32MP213AAM3, STM32MP213AAN3, STM32MP213AAO3, STM32MP213CAL3, STM32MP213CAM3, STM32MP213CAN3, STM32MP213CAO3, STM32MP213DAL3, STM32MP213DAM3, STM32MP213DAN3, STM32MP213DAO3, STM32MP213FAL3, STM32MP213FAM3, STM32MP213FAN3, STM32MP213FAO3, STM32MP215AAL3, STM32MP215AAM3, STM32MP215AAN3, STM32MP215AAO3, STM32MP215CAL3, STM32MP215CAM3, STM32MP215CAN3, STM32MP215CAO3, STM32MP215DAL3, STM32MP215DAM3, STM32MP215DAN3, STM32MP215DAO3, STM32MP215F-DK, STM32MP215FAL3, STM32MP215FAM3, STM32MP215FAN3, STM32MP215FAO3, STM32MP231AAJ3, STM32MP231AAK3, STM32MP231AAL3, STM32MP231CAJ3, STM32MP231CAK3, STM32MP231CAL3, STM32MP231DAJ3, STM32MP231DAK3, STM32MP231DAL3, STM32MP231FAJ3, STM32MP231FAK3, STM32MP231FAL3, STM32MP233AAJ3, STM32MP233AAK3, STM32MP233AAL3, STM32MP233CAJ3, STM32MP233CAK3, STM32MP233CAL3, STM32MP233DAJ3, STM32MP233DAK3, STM32MP233DAL3, STM32MP233FAJ3, STM32MP233FAK3, STM32MP233FAL3, STM32MP235AAJ3, STM32MP235AAK3, STM32MP235AAL3, STM32MP235CAJ3, STM32MP235CAK3, STM32MP235CAL3, STM32MP235DAJ3, STM32MP235DAK3, STM32MP235DAL3, STM32MP235FAJ3, STM32MP235FAK3, STM32MP235FAL3, STM32MP251AAI3, STM32MP251AAK3, STM32MP251AAL3, STM32MP251CAI3, STM32MP251CAK3, STM32MP251CAL3, STM32MP251DAI3, STM32MP251DAK3, STM32MP251DAL3, STM32MP251FAI3, STM32MP251FAK3, STM32MP251FAL3, STM32MP253AAI3, STM32MP253AAK3, STM32MP253AAL3, STM32MP253CAI3, STM32MP253CAK3, STM32MP253CAL3, STM32MP253DAI3, STM32MP253DAK3, STM32MP253DAL3, STM32MP253FAI3, STM32MP253FAK3, STM32MP253FAL3, STM32MP255AAI3, STM32MP255AAK3, STM32MP255AAL3, STM32MP255CAI3, STM32MP255CAK3, STM32MP255CAL3, STM32MP255DAI3, STM32MP255DAK3, STM32MP255DAL3, STM32MP255FAI3, STM32MP255FAK3, STM32MP255FAL3, STM32MP257AAI3, STM32MP257AAK3, STM32MP257AAL3, STM32MP257CAI3, STM32MP257CAK3, STM32MP257CAL3, STM32MP257DAI3, STM32MP257DAK3, STM32MP257DAL3, STM32MP257F-DK, STM32MP257F-EV1, STM32MP257FAI3, STM32MP257FAK3, STM32MP257FAL3, STM32N645A0H3Q, STM32N645B0H3Q, STM32N645I0H3Q, STM32N645L0H3Q, STM32N645X0H3Q, STM32N645Z0H3Q, STM32N647A0H3Q, STM32N647B0H3Q, STM32N647I0H3Q, STM32N647L0H3Q, STM32N647X0H3Q, STM32N647Z0H3Q, STM32N655A0H3Q, STM32N655B0H3Q, STM32N655I0H3Q, STM32N655L0H3Q, STM32N655X0H3Q, STM32N655Z0H3Q, STM32N6570-DK, STM32N657A0H3Q, STM32N657B0H3Q, STM32N657I0H3Q, STM32N657L0H3Q, STM32N657X0H3Q, STM32N657Z0H3Q, STM32U031C6T6, STM32U031C6U6, STM32U031C8T6, STM32U031C8U6, STM32U031F4P6, STM32U031F6P6, STM32U031F8P6, STM32U031G6Y6TR, STM32U031G8Y6TR, STM32U031K4U6, STM32U031K6U6, STM32U031K8U6, STM32U031R6I6, STM32U031R6T6, STM32U031R8I6, STM32U031R8T6, STM32U073C8T6, STM32U073C8U6, STM32U073CBT6, STM32U073CBU6, STM32U073CCT6, STM32U073CCU6, STM32U073H8Y6TR, STM32U073HBY6TR, STM32U073HCY6TR, STM32U073K8U6, STM32U073KBU6, STM32U073KCU6, STM32U073M8I6, STM32U073M8T6, STM32U073MBI6, STM32U073MBT6, STM32U073MCI6, STM32U073MCT6, STM32U073R8I6, STM32U073R8T6, STM32U073RBI6, STM32U073RBT6, STM32U073RCI6, STM32U073RCT6, STM32U083C-DK, STM32U083CCT6, STM32U083CCU6, STM32U083HCY6TR, STM32U083KCU6, STM32U083MCI6, STM32U083MCT6, STM32U083RCI6, STM32U083RCT6, STM32U375CET6, STM32U375CET6Q, STM32U375CEU6, STM32U375CEU6Q, STM32U375CEY6QTR, STM32U375CGT6, STM32U375CGT6Q, STM32U375CGU6, STM32U375CGU6Q, STM32U375CGY6QTR, STM32U375KEU6, STM32U375KGU6, STM32U375REI6, STM32U375REI6Q, STM32U375RET6, STM32U375RET6Q, STM32U375REY6GTR, STM32U375REY6QTR, STM32U375RGI6, STM32U375RGI6Q, STM32U375RGT6, STM32U375RGT6Q, STM32U375RGY6GTR, STM32U375RGY6QTR, STM32U375VEI6, STM32U375VEI6Q, STM32U375VET6, STM32U375VET6Q, STM32U375VGI6, STM32U375VGI6Q, STM32U375VGT6, STM32U375VGT6Q, STM32U385CGT6, STM32U385CGT6Q, STM32U385CGU6, STM32U385CGU6Q, STM32U385CGY6QTR, STM32U385KGU6, STM32U385RGI6, STM32U385RGI6Q, STM32U385RGT6, STM32U385RGT6Q, STM32U385RGY6GTR, STM32U385RGY6QTR, STM32U385VGI6, STM32U385VGI6Q, STM32U385VGT6, STM32U385VGT6Q, STM32U535CBT6, STM32U535CBT6Q, STM32U535CBU6, STM32U535CBU6Q, STM32U535CCT6, STM32U535CCT6Q, STM32U535CCU6, STM32U535CCU6Q, STM32U535CET6, STM32U535CET6Q, STM32U535CEU6, STM32U535CEU6Q, STM32U535JEY6QTR, STM32U535NCY6QTR, STM32U535NEY6QTR, STM32U535RBI6, STM32U535RBI6Q, STM32U535RBT6, STM32U535RBT6Q, STM32U535RCI6, STM32U535RCI6Q, STM32U535RCT6, STM32U535RCT6Q, STM32U535REI6, STM32U535REI6Q, STM32U535RET6, STM32U535RET6Q, STM32U535VCI6, STM32U535VCI6Q, STM32U535VCT6, STM32U535VCT6Q, STM32U535VEI6, STM32U535VEI6Q, STM32U535VET6, STM32U535VET6Q, STM32U545CET6, STM32U545CET6Q, STM32U545CEU6, STM32U545CEU6Q, STM32U545JEY6QTR, STM32U545NEY6QTR, STM32U545REI6, STM32U545REI6Q, STM32U545RET6, STM32U545RET6Q, STM32U545VEI6, STM32U545VEI6Q, STM32U545VET6, STM32U545VET6Q, STM32U595AIH6, STM32U595AIH6Q, STM32U595AJH6, STM32U595AJH6Q, STM32U595QII6, STM32U595QII6Q, STM32U595QJI6, STM32U595QJI6Q, STM32U595RIT6, STM32U595RIT6Q, STM32U595RJT6, STM32U595RJT6Q, STM32U595VIT6, STM32U595VIT6Q, STM32U595VJT6, STM32U595VJT6Q, STM32U595ZIT6, STM32U595ZIT6Q, STM32U595ZIY6QTR, STM32U595ZJT6, STM32U595ZJT6Q, STM32U595ZJY6QTR, STM32U599BJY6QTR, STM32U599NIH6Q, STM32U599NJH6Q, STM32U599VIT6Q, STM32U599VJT6, STM32U599VJT6Q, STM32U599ZIT6Q, STM32U599ZIY6QTR, STM32U599ZJT6Q, STM32U599ZJY6QTR, STM32U5A5AJH6, STM32U5A5AJH6Q, STM32U5A5QII3Q , STM32U5A5QJI6, STM32U5A5QJI6Q, STM32U5A5RJT6, STM32U5A5RJT6Q, STM32U5A5VJT6, STM32U5A5VJT6Q, STM32U5A5ZJT6, STM32U5A5ZJT6Q, STM32U5A5ZJY6QTR, STM32U5A9BJY6QTR, STM32U5A9J-DK, STM32U5A9NJH6Q, STM32U5A9VJT6Q, STM32U5A9ZJT6Q, STM32U5A9ZJY6QTR, STM32U5F7VIT6, STM32U5F7VIT6Q, STM32U5F7VJT6, STM32U5F7VJT6Q, STM32U5F9BJY6QTR, STM32U5F9NJH6Q, STM32U5F9VIT6Q, STM32U5F9VJT6Q, STM32U5F9ZIJ6QTR, STM32U5F9ZIT6Q, STM32U5F9ZJJ6QTR, STM32U5F9ZJT6Q, STM32U5G7VJT6, STM32U5G7VJT6Q, STM32U5G9BJY6QTR, STM32U5G9J-DK1, STM32U5G9J-DK2, STM32U5G9NJH6Q, STM32U5G9VJT6Q, STM32U5G9ZJJ6QTR, STM32U5G9ZJT6Q, STM32WB05KZV6TR, STM32WB05KZV7TR, STM32WB05TZF6TR, STM32WB05TZF7TR, STM32WB06CCF6TR, STM32WB06CCF7TR, STM32WB06CCV6TR, STM32WB06CCV7TR, STM32WB06KCV6TR, STM32WB06KCV7TR, STM32WB07CCF6TR, STM32WB07CCF7TR, STM32WB07CCV6TR, STM32WB07CCV7TR, STM32WB07KCV6TR, STM32WB07KCV7TR, STM32WB09KEV6TR, STM32WB09KEV7TR, STM32WB09TEF6TR, STM32WB09TEF7TR, STM32WB1MMCH6, STM32WBA50KGU6, STM32WBA50KGU6TR, STM32WBA52CEU6, STM32WBA52CEU6TR, STM32WBA52CEU7, STM32WBA52CEU7TR, STM32WBA52CGU6, STM32WBA52CGU6TR, STM32WBA52CGU6U, STM32WBA52CGU7, STM32WBA52CGU7TR, STM32WBA52KEU6, STM32WBA52KEU6TR, STM32WBA52KGU6, STM32WBA52KGU6TR, STM32WBA54CEU6, STM32WBA54CEU6TR, STM32WBA54CEU7, STM32WBA54CEU7TR, STM32WBA54CGU6, STM32WBA54CGU6TR, STM32WBA54CGU7, STM32WBA54CGU7TR, STM32WBA54KEU6, STM32WBA54KEU6TR, STM32WBA54KEU7, STM32WBA54KEU7TR, STM32WBA54KGU6, STM32WBA54KGU6TR, STM32WBA54KGU7, STM32WBA54KGU7TR, STM32WBA55CEU6, STM32WBA55CEU6TR, STM32WBA55CEU7, STM32WBA55CEU7TR, STM32WBA55CGU6, STM32WBA55CGU6TR, STM32WBA55CGU6U, STM32WBA55CGU7, STM32WBA55CGU7TR, STM32WBA55G-DK1, STM32WBA55HEF6, STM32WBA55HEF7, STM32WBA55HGF6, STM32WBA55HGF7, STM32WBA55UEI6, STM32WBA55UEI6TR, STM32WBA55UEI7, STM32WBA55UEI7TR, STM32WBA55UGI6, STM32WBA55UGI6TR, STM32WBA55UGI7, STM32WBA55UGI7TR, STM32WBA5MMGH6TR, STM32WBA62MGF6, STM32WBA62MIF6, STM32WBA65MGF7, STM32WBA65MIF6, STM32WBA65MIF7, STM32WL30K8V6, STM32WL30KBV6, STM32WL31C8V6, STM32WL31CBV6, STM32WL31K8V6, STM32WL31KBV6, STM32WL33C8V6, STM32WL33C8V6X, STM32WL33CBV6, STM32WL33CBV6X, STM32WL33CCV6, STM32WL33CCV6A, STM32WL33CCV6X, STM32WL33K8V7, STM32WL33K8V7X, STM32WL33KBV7 , STM32WL33KBV7X, STM32WL33KCV7, STM32WL33KCV7X, STM32WL5MOCH6, STM32WL5MOCH6TR]
2025-07-19 16:27:29,826 [INFO] BoardInfo:889 - No configuration file found for board P-NUCLEO-WB55
2025-07-19 16:27:29,828 [INFO] DbBoards:161 - Kit is not supported: P-NUCLEO-WB55
2025-07-19 16:27:29,835 [INFO] BoardInfo:889 - No configuration file found for board STEVAL-BFA001V1B
2025-07-19 16:27:29,837 [INFO] DbBoards:161 - Kit is not supported: STEVAL-BFA001V1B
2025-07-19 16:27:29,838 [INFO] BoardInfo:889 - No configuration file found for board STEVAL-BFA001V2B
2025-07-19 16:27:29,841 [INFO] DbBoards:161 - Kit is not supported: STEVAL-BFA001V2B
2025-07-19 16:27:30,096 [INFO] DbBoards:168 - Found 212 boards, 209 are supported
2025-07-19 16:27:30,097 [INFO] DbBoards:169 - Found 212 boards, 43 of them is supported for  Bsp
2025-07-19 16:27:30,100 [INFO] ApiDb:668 - CubeFinder database Data Model version=2.1
2025-07-19 16:27:30,100 [INFO] ApiDb:669 - CubeFinder database Configuration version=3.0.39
2025-07-19 16:27:30,100 [INFO] ApiDb:670 - CubeFinder database generation date=2025-06-24 (1750757100)
2025-07-19 16:27:30,100 [INFO] ApiDb:671 - CubeFinder database FW Pack versions=[FP-ATR-ASTRA1_V2.0.0, FP-SNS-FLIGHT1_V5.1.0, FP-SNS-MOTENV1_V5.0.0, FP-SNS-MOTENVWB1_V1.4.0, FP-SNS-SMARTAG2_V1.2.0, FP-SNS-STBOX1_V2.0.0, STM32Cube_FW_C0_V1.4.0, STM32Cube_FW_F4_V1.28.2, STM32Cube_FW_F7_V1.17.3, STM32Cube_FW_G0_V1.6.2, STM32Cube_FW_G4_V1.6.1, STM32Cube_FW_H5_V1.5.0, STM32Cube_FW_H7RS_V1.2.0, STM32Cube_FW_H7_V1.12.1, STM32Cube_FW_L0_V1.12.2, STM32Cube_FW_L4_V1.18.1, STM32Cube_FW_L5_V1.5.1, STM32Cube_FW_N6_V1.2.0, STM32Cube_FW_U0_V1.3.0, STM32Cube_FW_U3_V1.2.0, STM32Cube_FW_U5_V1.8.0, STM32Cube_FW_WB0_V1.3.0, STM32Cube_FW_WBA_V1.7.0, STM32Cube_FW_WB_V1.23.0, STM32Cube_FW_WL3_V1.2.0, STM32Cube_FW_WL_V1.3.1, X-CUBE-ALGOBUILD_V1.4.0, X-CUBE-ALS_V1.0.2, X-CUBE-AZRTOS-F4_V1.1.0, X-CUBE-AZRTOS-F7_V1.1.0, X-CUBE-AZRTOS-G0_V1.1.0, X-CUBE-AZRTOS-G4_V2.0.0, X-CUBE-AZRTOS-H7RS_V1.1.0, X-CUBE-AZRTOS-H7_V3.3.0, X-CUBE-AZRTOS-L4_V2.0.0, X-CUBE-AZRTOS-L5_V2.0.0, X-CUBE-AZRTOS-WB_V2.0.0, X-CUBE-AZRTOS-WL_V2.0.0, X-CUBE-BLE1_V7.1.0, X-CUBE-BLE2_V3.3.0, X-CUBE-BLEMGR_V4.0.0, X-CUBE-EEPRMA1_V5.1.0, X-CUBE-FREERTOS_V1.3.1, X-CUBE-GNSS1_V6.0.0, X-CUBE-MEMS1_V11.3.0, X-CUBE-NFC4_V3.0.0, X-CUBE-NFC7_V2.0.0, X-CUBE-SFXS2LP1_V4.0.0, X-CUBE-SUBG2_V5.0.0, X-CUBE-TOF1_V3.4.3]
2025-07-19 16:27:32,479 [INFO] ApiDb:240 - Found 880 in-development CPN: [B-G473E-ZEST1S, B-WB1M-WPAN1, B-WBA5M-WPAN, B-WL5M-SUBG1, NUCLEO-C031C6, NUCLEO-C051C8, NUCLEO-C071RB, NUCLEO-C092RC, NUCLEO-H503RB, NUCLEO-H533RE, NUCLEO-H563ZI, NUCLEO-H7S3L8, NUCLEO-N657X0-Q, NUCLEO-U031R8, NUCLEO-U083RC, NUCLEO-U385RG-Q, NUCLEO-U545RE-Q, NUCLEO-U5A5ZJ-Q, NUCLEO-WB05KZ, NUCLEO-WB07CC, NUCLEO-WB09KE, NUCLEO-WBA52CG, NUCLEO-WBA55CG, NUCLEO-WL33CC1, NUCLEO-WL33CC2, STEVAL-PROTEUS1, STEVAL-SMARTAG2, STEVAL-STWINBX1, STM320518-EVAL, STM32C0116-DK, STM32C011D6Y3TR, STM32C011D6Y6TR, STM32C011F4P3, STM32C011F4P6, STM32C011F4U3, STM32C011F4U6TR, STM32C011F6P3, STM32C011F6P6, STM32C011F6U3, STM32C011F6U6TR, STM32C011J4M3, STM32C011J4M6, STM32C011J6M3, STM32C011J6M6, STM32C0316-DK, STM32C031C4T3, STM32C031C4T6, STM32C031C4U3, STM32C031C4U6, STM32C031C6T3, STM32C031C6T6, STM32C031C6U3, STM32C031C6U6, STM32C031F4P3, STM32C031F4P6, STM32C031F6P3, STM32C031F6P6, STM32C031G4U3, STM32C031G4U6, STM32C031G6U3, STM32C031G6U6, STM32C031K4T3, STM32C031K4T6, STM32C031K4U3, STM32C031K4U6, STM32C031K6T3, STM32C031K6T6, STM32C031K6U3, STM32C031K6U6, STM32C051C6T6, STM32C051C6U6, STM32C051C8T6, STM32C051C8U6, STM32C051D8Y6TR, STM32C051F6P6, STM32C051F8P6, STM32C051G6U6, STM32C051G8U6, STM32C051K6T6, STM32C051K6U6, STM32C051K8T6, STM32C071C8T6, STM32C071C8T6N, STM32C071C8U6, STM32C071C8U6N, STM32C071CBT6, STM32C071CBT6N, STM32C071CBU6, STM32C071CBU6N, STM32C071F8P6, STM32C071F8P6N, STM32C071FBP6, STM32C071FBP6N, STM32C071FBY6TR, STM32C071G8U6, STM32C071G8U6N, STM32C071GBU6, STM32C071GBU6N, STM32C071K8T6, STM32C071K8T6N, STM32C071K8U6, STM32C071K8U6N, STM32C071KBT6, STM32C071KBT6N, STM32C071KBU6, STM32C071KBU6N, STM32C071R8T6, STM32C071R8T6N, STM32C071RBI6N, STM32C071RBT6, STM32C071RBT6N, STM32C091CBT6, STM32C091CBU6, STM32C091CCT6, STM32C091CCU6, STM32C091ECY6TR, STM32C091FBP6, STM32C091FCP6, STM32C091GBU6, STM32C091GCU6, STM32C091KBT6, STM32C091KBU6, STM32C091KCT6, STM32C091KCU6, STM32C091RBT6, STM32C091RCI6, STM32C091RCT6, STM32C092CBT6, STM32C092CBU6, STM32C092CCT6, STM32C092CCU6, STM32C092ECY6TR, STM32C092FBP6, STM32C092FCP6, STM32C092GBU6, STM32C092GCU6, STM32C092KBT6, STM32C092KBU6, STM32C092KCT6, STM32C092KCU6, STM32C092RBT6, STM32C092RCI6, STM32C092RCT6, STM32G071K8TXN, STM32G071K8UXN, STM32G081GBU6N, STM32G081KBT6N, STM32G081KBUXN, STM32G0B1CCT6N, STM32G0B1KCT6, STM32G0B1NEY6TR, STM32G0B1RCT6N, STM32G0C1CCT6, STM32G0C1CCT6N, STM32G0C1CCU6N, STM32G0C1CET6N, STM32G0C1CEU6N, STM32G0C1KCT6, STM32G0C1NEY6TR, STM32G0C1RCI6N, STM32G0C1RCT6N, STM32G0C1REI6N, STM32G0C1RET6N, STM32G0C1VCI6, STM32G0C1VEI6, STM32G411C6T3, STM32G411C6T6, STM32G411C6U3, STM32G411C6U6, STM32G411C8T3, STM32G411C8T6, STM32G411C8U3, STM32G411C8U6, STM32G411CBT3, STM32G411CBT6, STM32G411CBU3, STM32G411CBU6, STM32G411K6T3, STM32G411K6T6, STM32G411K6U3, STM32G411K6U6, STM32G411K8T3, STM32G411K8T6, STM32G411K8U3, STM32G411K8U6, STM32G411KBT3, STM32G411KBT6, STM32G411KBU3, STM32G411KBU6, STM32G411M6T3, STM32G411M6T6, STM32G411M8T3, STM32G411M8T6, STM32G411MBT3, STM32G411MBT6, STM32G411R6T3, STM32G411R6T6, STM32G411R8T3, STM32G411R8T6, STM32G411RBT3, STM32G411RBT6, STM32G414CBT3, STM32G414CBT6, STM32G414CBU3, STM32G414CBU6, STM32G414CCT3, STM32G414CCT6, STM32G414CCU3, STM32G414CCU6, STM32G414MBT3, STM32G414MBT6, STM32G414MCT3, STM32G414MCT6, STM32G414RBT3, STM32G414RBT6, STM32G414RCT3, STM32G414RCT6, STM32G414VBT3, STM32G414VBT6, STM32G414VCT3, STM32G414VCT6, STM32G431CBT3Z, STM32G431RBT3Z, STM32G471CCT6, STM32G471CCU6, STM32G471CET3, STM32G471CET6, STM32G471CEU3, STM32G471CEU6, STM32G471MCT6, STM32G471MET3, STM32G471MET6, STM32G471MEY6TR, STM32G471QCT6, STM32G471QET3, STM32G471RCT6, STM32G471RET3, STM32G471RET6, STM32G471VCH6, STM32G471VCI6, STM32G471VCT6, STM32G471VEH3, STM32G471VEH6, STM32G471VEI3, STM32G471VEI6, STM32G471VET3, STM32G471VET6, STM32G473QET3Z, STM32G473RET3Z, STM32G474CCT6, STM32G491RET3Z, STM32H503CBT6, STM32H503CBU6, STM32H503EBY6TR, STM32H503KBU6, STM32H503RBT6, STM32H523CCT6, STM32H523CCU6, STM32H523CET6, STM32H523CEU6, STM32H523HEY6TR, STM32H523RCT6, STM32H523RET6, STM32H523VCI6, STM32H523VCT6, STM32H523VEI6, STM32H523VET6, STM32H523ZCJ6, STM32H523ZCT6, STM32H523ZEJ6, STM32H523ZET6, STM32H533CET6, STM32H533CEU6, STM32H533HEY6TR, STM32H533RET6, STM32H533VEI6, STM32H533VET6, STM32H533ZEJ6, STM32H533ZET6, STM32H562AGI6, STM32H562AII6, STM32H562IGK6, STM32H562IGT6, STM32H562IIK6, STM32H562IIT6, STM32H562RGT6, STM32H562RGV6, STM32H562RIT6, STM32H562RIV6, STM32H562VGT6, STM32H562VIT6, STM32H562ZGT6, STM32H562ZIT6, STM32H563AGI6, STM32H563AII3Q, STM32H563AII6, STM32H563IGK6, STM32H563IGT6, STM32H563IIK3Q, STM32H563IIK6, STM32H563IIT3Q, STM32H563IIT6, STM32H563MIY3QTR, STM32H563RGT6, STM32H563RGV6, STM32H563RIT6, STM32H563RIV6, STM32H563VGT6, STM32H563VIT3Q, STM32H563VIT6, STM32H563ZGT6, STM32H563ZIT3Q, STM32H563ZIT6, STM32H573AII3Q, STM32H573AII6, STM32H573I-DK, STM32H573IIK3Q, STM32H573IIK6, STM32H573IIT3Q, STM32H573IIT6, STM32H573MIY3QTR, STM32H573RIT6, STM32H573RIV6, STM32H573VIT3Q, STM32H573VIT6, STM32H573ZIT3Q, STM32H573ZIT6, STM32H7R3A8I6, STM32H7R3I8K6, STM32H7R3I8T6, STM32H7R3L8H6, STM32H7R3L8H6H, STM32H7R3R8V6, STM32H7R3V8H6, STM32H7R3V8T6, STM32H7R3V8Y6TR, STM32H7R3Z8J6, STM32H7R3Z8T6, STM32H7R7A8I6, STM32H7R7I8K6, STM32H7R7I8T6, STM32H7R7L8H6, STM32H7R7L8H6H, STM32H7R7Z8J6, STM32H7S3A8I6, STM32H7S3I8K6, STM32H7S3I8T6, STM32H7S3L8H6, STM32H7S3L8H6H, STM32H7S3R8V6, STM32H7S3V8H6, STM32H7S3V8T6, STM32H7S3V8Y6TR, STM32H7S3Z8J6, STM32H7S3Z8T6, STM32H7S78-DK, STM32H7S7A8I6, STM32H7S7I8K6, STM32H7S7I8T6, STM32H7S7L8H6, STM32H7S7L8H6H, STM32H7S7Z8J6, STM32L4R5QGI6STR, STM32MP131AAE3, STM32MP131AAF3, STM32MP131AAG3, STM32MP131CAE3, STM32MP131CAF3, STM32MP131CAG3, STM32MP131DAE7, STM32MP131DAF7, STM32MP131DAG7, STM32MP131FAE7, STM32MP131FAF7, STM32MP131FAG7, STM32MP133AAE3, STM32MP133AAF3, STM32MP133AAG3, STM32MP133CAE3, STM32MP133CAF3, STM32MP133CAG3, STM32MP133DAE7, STM32MP133DAF7, STM32MP133DAG7, STM32MP133FAE7, STM32MP133FAF7, STM32MP133FAG7, STM32MP135AAE3, STM32MP135AAF3, STM32MP135AAG3, STM32MP135CAE3, STM32MP135CAF3, STM32MP135CAG3, STM32MP135DAE7, STM32MP135DAF7, STM32MP135DAG7, STM32MP135F-DK, STM32MP135FAE7, STM32MP135FAF7, STM32MP135FAF7T, STM32MP135FAF7U, STM32MP135FAG7, STM32MP211AAL3, STM32MP211AAM3, STM32MP211AAN3, STM32MP211AAO3, STM32MP211CAL3, STM32MP211CAM3, STM32MP211CAN3, STM32MP211CAO3, STM32MP211DAL3, STM32MP211DAM3, STM32MP211DAN3, STM32MP211DAO3, STM32MP211FAL3, STM32MP211FAM3, STM32MP211FAN3, STM32MP211FAO3, STM32MP213AAL3, STM32MP213AAM3, STM32MP213AAN3, STM32MP213AAO3, STM32MP213CAL3, STM32MP213CAM3, STM32MP213CAN3, STM32MP213CAO3, STM32MP213DAL3, STM32MP213DAM3, STM32MP213DAN3, STM32MP213DAO3, STM32MP213FAL3, STM32MP213FAM3, STM32MP213FAN3, STM32MP213FAO3, STM32MP215AAL3, STM32MP215AAM3, STM32MP215AAN3, STM32MP215AAO3, STM32MP215CAL3, STM32MP215CAM3, STM32MP215CAN3, STM32MP215CAO3, STM32MP215DAL3, STM32MP215DAM3, STM32MP215DAN3, STM32MP215DAO3, STM32MP215F-DK, STM32MP215FAL3, STM32MP215FAM3, STM32MP215FAN3, STM32MP215FAO3, STM32MP231AAJ3, STM32MP231AAK3, STM32MP231AAL3, STM32MP231CAJ3, STM32MP231CAK3, STM32MP231CAL3, STM32MP231DAJ3, STM32MP231DAK3, STM32MP231DAL3, STM32MP231FAJ3, STM32MP231FAK3, STM32MP231FAL3, STM32MP233AAJ3, STM32MP233AAK3, STM32MP233AAL3, STM32MP233CAJ3, STM32MP233CAK3, STM32MP233CAL3, STM32MP233DAJ3, STM32MP233DAK3, STM32MP233DAL3, STM32MP233FAJ3, STM32MP233FAK3, STM32MP233FAL3, STM32MP235AAJ3, STM32MP235AAK3, STM32MP235AAL3, STM32MP235CAJ3, STM32MP235CAK3, STM32MP235CAL3, STM32MP235DAJ3, STM32MP235DAK3, STM32MP235DAL3, STM32MP235FAJ3, STM32MP235FAK3, STM32MP235FAL3, STM32MP251AAI3, STM32MP251AAK3, STM32MP251AAL3, STM32MP251CAI3, STM32MP251CAK3, STM32MP251CAL3, STM32MP251DAI3, STM32MP251DAK3, STM32MP251DAL3, STM32MP251FAI3, STM32MP251FAK3, STM32MP251FAL3, STM32MP253AAI3, STM32MP253AAK3, STM32MP253AAL3, STM32MP253CAI3, STM32MP253CAK3, STM32MP253CAL3, STM32MP253DAI3, STM32MP253DAK3, STM32MP253DAL3, STM32MP253FAI3, STM32MP253FAK3, STM32MP253FAL3, STM32MP255AAI3, STM32MP255AAK3, STM32MP255AAL3, STM32MP255CAI3, STM32MP255CAK3, STM32MP255CAL3, STM32MP255DAI3, STM32MP255DAK3, STM32MP255DAL3, STM32MP255FAI3, STM32MP255FAK3, STM32MP255FAL3, STM32MP257AAI3, STM32MP257AAK3, STM32MP257AAL3, STM32MP257CAI3, STM32MP257CAK3, STM32MP257CAL3, STM32MP257DAI3, STM32MP257DAK3, STM32MP257DAL3, STM32MP257F-DK, STM32MP257F-EV1, STM32MP257FAI3, STM32MP257FAK3, STM32MP257FAL3, STM32N645A0H3Q, STM32N645B0H3Q, STM32N645I0H3Q, STM32N645L0H3Q, STM32N645X0H3Q, STM32N645Z0H3Q, STM32N647A0H3Q, STM32N647B0H3Q, STM32N647I0H3Q, STM32N647L0H3Q, STM32N647X0H3Q, STM32N647Z0H3Q, STM32N655A0H3Q, STM32N655B0H3Q, STM32N655I0H3Q, STM32N655L0H3Q, STM32N655X0H3Q, STM32N655Z0H3Q, STM32N6570-DK, STM32N657A0H3Q, STM32N657B0H3Q, STM32N657I0H3Q, STM32N657L0H3Q, STM32N657X0H3Q, STM32N657Z0H3Q, STM32U031C6T6, STM32U031C6U6, STM32U031C8T6, STM32U031C8U6, STM32U031F4P6, STM32U031F6P6, STM32U031F8P6, STM32U031G6Y6TR, STM32U031G8Y6TR, STM32U031K4U6, STM32U031K6U6, STM32U031K8U6, STM32U031R6I6, STM32U031R6T6, STM32U031R8I6, STM32U031R8T6, STM32U073C8T6, STM32U073C8U6, STM32U073CBT6, STM32U073CBU6, STM32U073CCT6, STM32U073CCU6, STM32U073H8Y6TR, STM32U073HBY6TR, STM32U073HCY6TR, STM32U073K8U6, STM32U073KBU6, STM32U073KCU6, STM32U073M8I6, STM32U073M8T6, STM32U073MBI6, STM32U073MBT6, STM32U073MCI6, STM32U073MCT6, STM32U073R8I6, STM32U073R8T6, STM32U073RBI6, STM32U073RBT6, STM32U073RCI6, STM32U073RCT6, STM32U083C-DK, STM32U083CCT6, STM32U083CCU6, STM32U083HCY6TR, STM32U083KCU6, STM32U083MCI6, STM32U083MCT6, STM32U083RCI6, STM32U083RCT6, STM32U375CET6, STM32U375CET6Q, STM32U375CEU6, STM32U375CEU6Q, STM32U375CEY6QTR, STM32U375CGT6, STM32U375CGT6Q, STM32U375CGU6, STM32U375CGU6Q, STM32U375CGY6QTR, STM32U375KEU6, STM32U375KGU6, STM32U375REI6, STM32U375REI6Q, STM32U375RET6, STM32U375RET6Q, STM32U375REY6GTR, STM32U375REY6QTR, STM32U375RGI6, STM32U375RGI6Q, STM32U375RGT6, STM32U375RGT6Q, STM32U375RGY6GTR, STM32U375RGY6QTR, STM32U375VEI6, STM32U375VEI6Q, STM32U375VET6, STM32U375VET6Q, STM32U375VGI6, STM32U375VGI6Q, STM32U375VGT6, STM32U375VGT6Q, STM32U385CGT6, STM32U385CGT6Q, STM32U385CGU6, STM32U385CGU6Q, STM32U385CGY6QTR, STM32U385KGU6, STM32U385RGI6, STM32U385RGI6Q, STM32U385RGT6, STM32U385RGT6Q, STM32U385RGY6GTR, STM32U385RGY6QTR, STM32U385VGI6, STM32U385VGI6Q, STM32U385VGT6, STM32U385VGT6Q, STM32U535CBT6, STM32U535CBT6Q, STM32U535CBU6, STM32U535CBU6Q, STM32U535CCT6, STM32U535CCT6Q, STM32U535CCU6, STM32U535CCU6Q, STM32U535CET6, STM32U535CET6Q, STM32U535CEU6, STM32U535CEU6Q, STM32U535JEY6QTR, STM32U535NCY6QTR, STM32U535NEY6QTR, STM32U535RBI6, STM32U535RBI6Q, STM32U535RBT6, STM32U535RBT6Q, STM32U535RCI6, STM32U535RCI6Q, STM32U535RCT6, STM32U535RCT6Q, STM32U535REI6, STM32U535REI6Q, STM32U535RET6, STM32U535RET6Q, STM32U535VCI6, STM32U535VCI6Q, STM32U535VCT6, STM32U535VCT6Q, STM32U535VEI6, STM32U535VEI6Q, STM32U535VET6, STM32U535VET6Q, STM32U545CET6, STM32U545CET6Q, STM32U545CEU6, STM32U545CEU6Q, STM32U545JEY6QTR, STM32U545NEY6QTR, STM32U545REI6, STM32U545REI6Q, STM32U545RET6, STM32U545RET6Q, STM32U545VEI6, STM32U545VEI6Q, STM32U545VET6, STM32U545VET6Q, STM32U595AIH6, STM32U595AIH6Q, STM32U595AJH6, STM32U595AJH6Q, STM32U595QII6, STM32U595QII6Q, STM32U595QJI6, STM32U595QJI6Q, STM32U595RIT6, STM32U595RIT6Q, STM32U595RJT6, STM32U595RJT6Q, STM32U595VIT6, STM32U595VIT6Q, STM32U595VJT6, STM32U595VJT6Q, STM32U595ZIT6, STM32U595ZIT6Q, STM32U595ZIY6QTR, STM32U595ZJT6, STM32U595ZJT6Q, STM32U595ZJY6QTR, STM32U599BJY6QTR, STM32U599NIH6Q, STM32U599NJH6Q, STM32U599VIT6Q, STM32U599VJT6, STM32U599VJT6Q, STM32U599ZIT6Q, STM32U599ZIY6QTR, STM32U599ZJT6Q, STM32U599ZJY6QTR, STM32U5A5AJH6, STM32U5A5AJH6Q, STM32U5A5QII3Q , STM32U5A5QJI6, STM32U5A5QJI6Q, STM32U5A5RJT6, STM32U5A5RJT6Q, STM32U5A5VJT6, STM32U5A5VJT6Q, STM32U5A5ZJT6, STM32U5A5ZJT6Q, STM32U5A5ZJY6QTR, STM32U5A9BJY6QTR, STM32U5A9J-DK, STM32U5A9NJH6Q, STM32U5A9VJT6Q, STM32U5A9ZJT6Q, STM32U5A9ZJY6QTR, STM32U5F7VIT6, STM32U5F7VIT6Q, STM32U5F7VJT6, STM32U5F7VJT6Q, STM32U5F9BJY6QTR, STM32U5F9NJH6Q, STM32U5F9VIT6Q, STM32U5F9VJT6Q, STM32U5F9ZIJ6QTR, STM32U5F9ZIT6Q, STM32U5F9ZJJ6QTR, STM32U5F9ZJT6Q, STM32U5G7VJT6, STM32U5G7VJT6Q, STM32U5G9BJY6QTR, STM32U5G9J-DK1, STM32U5G9J-DK2, STM32U5G9NJH6Q, STM32U5G9VJT6Q, STM32U5G9ZJJ6QTR, STM32U5G9ZJT6Q, STM32WB05KZV6TR, STM32WB05KZV7TR, STM32WB05TZF6TR, STM32WB05TZF7TR, STM32WB06CCF6TR, STM32WB06CCF7TR, STM32WB06CCV6TR, STM32WB06CCV7TR, STM32WB06KCV6TR, STM32WB06KCV7TR, STM32WB07CCF6TR, STM32WB07CCF7TR, STM32WB07CCV6TR, STM32WB07CCV7TR, STM32WB07KCV6TR, STM32WB07KCV7TR, STM32WB09KEV6TR, STM32WB09KEV7TR, STM32WB09TEF6TR, STM32WB09TEF7TR, STM32WB1MMCH6, STM32WBA50KGU6, STM32WBA50KGU6TR, STM32WBA52CEU6, STM32WBA52CEU6TR, STM32WBA52CEU7, STM32WBA52CEU7TR, STM32WBA52CGU6, STM32WBA52CGU6TR, STM32WBA52CGU6U, STM32WBA52CGU7, STM32WBA52CGU7TR, STM32WBA52KEU6, STM32WBA52KEU6TR, STM32WBA52KGU6, STM32WBA52KGU6TR, STM32WBA54CEU6, STM32WBA54CEU6TR, STM32WBA54CEU7, STM32WBA54CEU7TR, STM32WBA54CGU6, STM32WBA54CGU6TR, STM32WBA54CGU7, STM32WBA54CGU7TR, STM32WBA54KEU6, STM32WBA54KEU6TR, STM32WBA54KEU7, STM32WBA54KEU7TR, STM32WBA54KGU6, STM32WBA54KGU6TR, STM32WBA54KGU7, STM32WBA54KGU7TR, STM32WBA55CEU6, STM32WBA55CEU6TR, STM32WBA55CEU7, STM32WBA55CEU7TR, STM32WBA55CGU6, STM32WBA55CGU6TR, STM32WBA55CGU6U, STM32WBA55CGU7, STM32WBA55CGU7TR, STM32WBA55G-DK1, STM32WBA55HEF6, STM32WBA55HEF7, STM32WBA55HGF6, STM32WBA55HGF7, STM32WBA55UEI6, STM32WBA55UEI6TR, STM32WBA55UEI7, STM32WBA55UEI7TR, STM32WBA55UGI6, STM32WBA55UGI6TR, STM32WBA55UGI7, STM32WBA55UGI7TR, STM32WBA5MMGH6TR, STM32WBA62MGF6, STM32WBA62MIF6, STM32WBA65MGF7, STM32WBA65MIF6, STM32WBA65MIF7, STM32WL30K8V6, STM32WL30KBV6, STM32WL31C8V6, STM32WL31CBV6, STM32WL31K8V6, STM32WL31KBV6, STM32WL33C8V6, STM32WL33C8V6X, STM32WL33CBV6, STM32WL33CBV6X, STM32WL33CCV6, STM32WL33CCV6A, STM32WL33CCV6X, STM32WL33K8V7, STM32WL33K8V7X, STM32WL33KBV7 , STM32WL33KBV7X, STM32WL33KCV7, STM32WL33KCV7X, STM32WL5MOCH6, STM32WL5MOCH6TR]
2025-07-19 16:27:32,484 [INFO] DbMcus:218 - Found 4801 MCUs, 4801 are supported
2025-07-19 16:27:32,484 [INFO] ApiDb:423 - Load user favorites file C:\Users\aliya/.stm32cubeide/favorites.mcus.txt: 0 item(s)
2025-07-19 16:27:32,484 [INFO] ApiDb:427 - User favorites MCUs=[]
2025-07-19 16:27:32,485 [INFO] DbMcus:224 - Set 0 / 0 favorites MCUs
2025-07-19 16:27:33,068 [INFO] ApiDb:423 - Load user favorites file C:\Users\aliya/.stm32cubeide/favorites.boards.txt: 1 item(s)
2025-07-19 16:27:33,068 [INFO] ApiDb:427 - User favorites Boards=[NUCLEO-F446RE]
2025-07-19 16:27:33,068 [INFO] DbBoards:198 - Set 1 / 1 favorites Boards
2025-07-19 16:27:33,114 [INFO] UtilMem:75 - End LoadConfig() Used Memory: 703370712 Bytes (1073741824)
2025-07-19 16:27:33,232 [WARN] ThirdParty:833 - waiting for thirdparty lock release [change project]
2025-07-19 16:27:33,233 [INFO] ThirdParty:835 - entering critical section [change project]
2025-07-19 16:27:33,233 [INFO] ThirdParty:1030 - CMSIS Pack Vendor :STMicroelectronics X-CUBE-PM33A1 1.0.0
2025-07-19 16:27:33,233 [INFO] ThirdParty:1030 - CMSIS Pack Vendor :STMicroelectronics USBPD 4.1
2025-07-19 16:27:33,233 [INFO] ThirdParty:1030 - CMSIS Pack Vendor :STMicroelectronics X-CUBE-AZRTOS-H7 3.3.0
2025-07-19 16:27:33,233 [INFO] ThirdParty:1030 - CMSIS Pack Vendor :STMicroelectronics X-CUBE-NFC9 1.0.0
2025-07-19 16:27:33,233 [INFO] ThirdParty:1030 - CMSIS Pack Vendor :wolfSSL I-CUBE-wolfSSL 5.8.0
2025-07-19 16:27:33,233 [INFO] ThirdParty:1030 - CMSIS Pack Vendor :STMicroelectronics USB_HOST 2.0.0
2025-07-19 16:27:33,233 [INFO] ThirdParty:1030 - CMSIS Pack Vendor :STMicroelectronics FP-SNS-MOTENVWB1 1.4.0
2025-07-19 16:27:33,233 [INFO] ThirdParty:1030 - CMSIS Pack Vendor :STMicroelectronics X-CUBE-AZRTOS-F4 1.1.0
2025-07-19 16:27:33,233 [INFO] ThirdParty:1030 - CMSIS Pack Vendor :STMicroelectronics LIBJPEG 8.0.0
2025-07-19 16:27:33,233 [INFO] ThirdParty:1030 - CMSIS Pack Vendor :STMicroelectronics FP-ATR-ASTRA1 2.0.2
2025-07-19 16:27:33,233 [INFO] ThirdParty:1030 - CMSIS Pack Vendor :STMicroelectronics X-CUBE-BLE1 7.1.0
2025-07-19 16:27:33,233 [INFO] ThirdParty:1030 - CMSIS Pack Vendor :Avnet-IotConnect X-CUBE-IoTC-DA16k-PMOD 1.0.0
2025-07-19 16:27:33,233 [INFO] ThirdParty:1030 - CMSIS Pack Vendor :STMicroelectronics X-CUBE-SMBUS 2.1.0
2025-07-19 16:27:33,233 [INFO] ThirdParty:1030 - CMSIS Pack Vendor :wolfSSL I-CUBE-wolfMQTT 1.19.2
2025-07-19 16:27:33,233 [INFO] ThirdParty:1030 - CMSIS Pack Vendor :STMicroelectronics USB_DEVICE 3.0.0
2025-07-19 16:27:33,233 [INFO] ThirdParty:1030 - CMSIS Pack Vendor :STMicroelectronics X-CUBE-ISPU 2.1.0
2025-07-19 16:27:33,233 [INFO] ThirdParty:1030 - CMSIS Pack Vendor :STMicroelectronics X-CUBE-EEPRMA1 5.2.0
2025-07-19 16:27:33,233 [INFO] ThirdParty:1030 - CMSIS Pack Vendor :STMicroelectronics X-CUBE-AZRTOS-WB 2.0.0
2025-07-19 16:27:33,233 [INFO] ThirdParty:1030 - CMSIS Pack Vendor :STMicroelectronics X-CUBE-ST60 1.0.0
2025-07-19 16:27:33,234 [INFO] ThirdParty:1030 - CMSIS Pack Vendor :STMicroelectronics X-CUBE-GNSS1 7.0.1
2025-07-19 16:27:33,234 [INFO] ThirdParty:1030 - CMSIS Pack Vendor :STMicroelectronics X-CUBE-NFC12 1.0.0
2025-07-19 16:27:33,234 [INFO] ThirdParty:1030 - CMSIS Pack Vendor :STMicroelectronics X-CUBE-AZRTOS-F7 1.1.0
2025-07-19 16:27:33,234 [INFO] ThirdParty:1030 - CMSIS Pack Vendor :STMicroelectronics X-CUBE-AZRTOS-L5 2.0.0
2025-07-19 16:27:33,234 [INFO] ThirdParty:1030 - CMSIS Pack Vendor :STMicroelectronics X-CUBE-TOUCHGFX 4.25.0
2025-07-19 16:27:33,234 [INFO] ThirdParty:1030 - CMSIS Pack Vendor :STMicroelectronics USB_DEVICE 2.0.0
2025-07-19 16:27:33,234 [INFO] ThirdParty:1030 - CMSIS Pack Vendor :STMicroelectronics X-CUBE-NFC6 3.1.0
2025-07-19 16:27:33,234 [INFO] ThirdParty:1030 - CMSIS Pack Vendor :STMicroelectronics X-CUBE-AI 10.1.0
2025-07-19 16:27:33,234 [INFO] ThirdParty:1030 - CMSIS Pack Vendor :STMicroelectronics FP-SNS-STBOX1 2.0.0
2025-07-19 16:27:33,234 [INFO] ThirdParty:1030 - CMSIS Pack Vendor :STMicroelectronics FreeRTOS 0.0.1
2025-07-19 16:27:33,234 [INFO] ThirdParty:1030 - CMSIS Pack Vendor :STMicroelectronics X-CUBE-AZRTOS-G0 1.1.0
2025-07-19 16:27:33,234 [INFO] ThirdParty:1030 - CMSIS Pack Vendor :STMicroelectronics X-CUBE-SAFEA1 1.2.2
2025-07-19 16:27:33,234 [INFO] ThirdParty:1030 - CMSIS Pack Vendor :STMicroelectronics X-CUBE-NFC4 3.0.0
2025-07-19 16:27:33,234 [INFO] ThirdParty:1030 - CMSIS Pack Vendor :STMicroelectronics X-CUBE-SUBG2 5.0.0
2025-07-19 16:27:33,234 [INFO] ThirdParty:1030 - CMSIS Pack Vendor :STMicroelectronics X-CUBE-AZRTOS-H7RS 1.1.0
2025-07-19 16:27:33,234 [INFO] ThirdParty:1030 - CMSIS Pack Vendor :STMicroelectronics STM32_WPAN 1.0.0
2025-07-19 16:27:33,234 [INFO] ThirdParty:1030 - CMSIS Pack Vendor :EmbeddedOffice I-CUBE-FS-RTOS 1.0.1
2025-07-19 16:27:33,234 [INFO] ThirdParty:1030 - CMSIS Pack Vendor :STMicroelectronics lwIP 2.0.3
2025-07-19 16:27:33,234 [INFO] ThirdParty:1030 - CMSIS Pack Vendor :Cesanta I-CUBE-Mongoose 7.13.0
2025-07-19 16:27:33,234 [INFO] ThirdParty:1030 - CMSIS Pack Vendor :STMicroelectronics USB_HOST 1.0.0
2025-07-19 16:27:33,234 [INFO] ThirdParty:1030 - CMSIS Pack Vendor :Infineon AIROC-Wi-Fi-Bluetooth-STM32 1.7.0
2025-07-19 16:27:33,234 [INFO] ThirdParty:1030 - CMSIS Pack Vendor :STMicroelectronics X-CUBE-AZRTOS-G4 2.0.0
2025-07-19 16:27:33,234 [INFO] ThirdParty:1030 - CMSIS Pack Vendor :STMicroelectronics X-CUBE-WB05N 2.0.0
2025-07-19 16:27:33,235 [INFO] ThirdParty:1030 - CMSIS Pack Vendor :STMicroelectronics PDM2PCM 3.1.0
2025-07-19 16:27:33,235 [INFO] ThirdParty:1030 - CMSIS Pack Vendor :STMicroelectronics PDM2PCM 3.3.0
2025-07-19 16:27:33,235 [INFO] ThirdParty:1030 - CMSIS Pack Vendor :wolfSSL I-CUBE-wolfTPM 3.8.0
2025-07-19 16:27:33,235 [INFO] ThirdParty:1030 - CMSIS Pack Vendor :STMicroelectronics X-CUBE-AZRTOS-H7 3.4.0
2025-07-19 16:27:33,235 [INFO] ThirdParty:1030 - CMSIS Pack Vendor :STMicroelectronics X-CUBE-DISPLAY 3.0.0
2025-07-19 16:27:33,235 [INFO] ThirdParty:1030 - CMSIS Pack Vendor :wolfSSL I-CUBE-wolfSSH 1.4.20
2025-07-19 16:27:33,235 [INFO] ThirdParty:1030 - CMSIS Pack Vendor :STMicroelectronics X-CUBE-NFC7 2.0.0
2025-07-19 16:27:33,235 [INFO] ThirdParty:1030 - CMSIS Pack Vendor :STMicroelectronics X-CUBE-TCPP 4.2.0
2025-07-19 16:27:33,235 [INFO] ThirdParty:1030 - CMSIS Pack Vendor :RealThread X-CUBE-RT-Thread_Nano 4.1.1
2025-07-19 16:27:33,235 [INFO] ThirdParty:1030 - CMSIS Pack Vendor :STMicroelectronics FP-ATR-SIGFOX1 3.2.0
2025-07-19 16:27:33,235 [INFO] ThirdParty:1030 - CMSIS Pack Vendor :STMicroelectronics X-CUBE-NFC10 1.0.0
2025-07-19 16:27:33,235 [INFO] ThirdParty:1030 - CMSIS Pack Vendor :STMicroelectronics X-CUBE-BLEMGR 4.0.0
2025-07-19 16:27:33,235 [INFO] ThirdParty:1030 - CMSIS Pack Vendor :STMicroelectronics X-CUBE-EEPRMA1 5.1.0
2025-07-19 16:27:33,235 [INFO] ThirdParty:1030 - CMSIS Pack Vendor :STMicroelectronics X-CUBE-FREERTOS 1.3.1
2025-07-19 16:27:33,235 [INFO] ThirdParty:1030 - CMSIS Pack Vendor :STMicroelectronics HAL Drivers 0.0.0
2025-07-19 16:27:33,235 [INFO] ThirdParty:1030 - CMSIS Pack Vendor :STMicroelectronics MBEDTLS 2.16.2
2025-07-19 16:27:33,235 [INFO] ThirdParty:1030 - CMSIS Pack Vendor :STMicroelectronics X-CUBE-IPS 3.1.0
2025-07-19 16:27:33,235 [INFO] ThirdParty:1030 - CMSIS Pack Vendor :STMicroelectronics X-CUBE-ALS 1.0.2
2025-07-19 16:27:33,235 [INFO] ThirdParty:1030 - CMSIS Pack Vendor :emotas I-CUBE-CANOPEN 1.3.0
2025-07-19 16:27:33,235 [INFO] ThirdParty:1030 - CMSIS Pack Vendor :STMicroelectronics MBEDTLS 2.14.1
2025-07-19 16:27:33,235 [INFO] ThirdParty:1030 - CMSIS Pack Vendor :ITTIA_DB I-CUBE-ITTIADB 8.9.0
2025-07-19 16:27:33,235 [INFO] ThirdParty:1030 - CMSIS Pack Vendor :portGmbH I-Cube-SoM-uGOAL 1.1.0
2025-07-19 16:27:33,235 [INFO] ThirdParty:1030 - CMSIS Pack Vendor :quantropi X-CUBE-qispace-sdk-base 2.0.0
2025-07-19 16:27:33,235 [INFO] ThirdParty:1030 - CMSIS Pack Vendor :STMicroelectronics X-CUBE-ST67W61 1.0.0
2025-07-19 16:27:33,235 [INFO] ThirdParty:1030 - CMSIS Pack Vendor :STMicroelectronics FP-SNS-STAIOTCFT 1.0.0
2025-07-19 16:27:33,235 [INFO] ThirdParty:1030 - CMSIS Pack Vendor :STMicroelectronics ThreadX 1.0.0
2025-07-19 16:27:33,235 [INFO] ThirdParty:1030 - CMSIS Pack Vendor :STMicroelectronics FP-SNS-SMARTAG2 1.2.0
2025-07-19 16:27:33,235 [INFO] ThirdParty:1030 - CMSIS Pack Vendor :STMicroelectronics FP-SNS-FLIGHT1 5.1.0
2025-07-19 16:27:33,236 [INFO] ThirdParty:1030 - CMSIS Pack Vendor :STMicroelectronics X-CUBE-AZRTOS-WL 2.0.0
2025-07-19 16:27:33,236 [INFO] ThirdParty:1030 - CMSIS Pack Vendor :SEGGER I-CUBE-embOS 1.3.1
2025-07-19 16:27:33,236 [INFO] ThirdParty:1030 - CMSIS Pack Vendor :STMicroelectronics X-CUBE-ALGOBUILD 1.4.0
2025-07-19 16:27:33,236 [INFO] ThirdParty:1030 - CMSIS Pack Vendor :STMicroelectronics X-CUBE-DPower 1.3.0
2025-07-19 16:27:33,236 [INFO] ThirdParty:1030 - CMSIS Pack Vendor :STMicroelectronics X-CUBE-MEMS1 11.3.0
2025-07-19 16:27:33,236 [INFO] ThirdParty:1030 - CMSIS Pack Vendor :STMicroelectronics FP-SNS-MOTENV1 5.0.0
2025-07-19 16:27:33,236 [INFO] ThirdParty:1030 - CMSIS Pack Vendor :STMicroelectronics USB_DEVICE 1.0.0
2025-07-19 16:27:33,236 [INFO] ThirdParty:1030 - CMSIS Pack Vendor :STMicroelectronics X-CUBE-AZRTOS-L4 2.0.0
2025-07-19 16:27:33,236 [INFO] ThirdParty:1030 - CMSIS Pack Vendor :STMicroelectronics ThreadX 0.0.2
2025-07-19 16:27:33,236 [INFO] ThirdParty:1030 - CMSIS Pack Vendor :WES I-CUBE-Cesium 1.3.0
2025-07-19 16:27:33,236 [INFO] ThirdParty:1030 - CMSIS Pack Vendor :STMicroelectronics lwIP 2.1.2
2025-07-19 16:27:33,236 [INFO] ThirdParty:1030 - CMSIS Pack Vendor :STMicroelectronics X-CUBE-SFXS2LP1 4.0.0
2025-07-19 16:27:33,236 [INFO] ThirdParty:1030 - CMSIS Pack Vendor :STMicroelectronics X-CUBE-BLE2 3.3.0
2025-07-19 16:27:33,236 [INFO] ThirdParty:1030 - CMSIS Pack Vendor :STMicroelectronics X-CUBE-TOF1 3.4.3
2025-07-19 16:27:33,236 [INFO] ThirdParty:1030 - CMSIS Pack Vendor :STMicroelectronics PDM2PCM 3.2.0
2025-07-19 16:27:33,237 [INFO] ThirdParty:841 - exiting critical section [change project]
2025-07-19 16:27:34,068 [INFO] PinOutPanel:1589 - setPackage(No Configuration,No Configuration)
2025-07-19 16:27:34,073 [INFO] PinOutPanel:1589 - setPackage(STM32F446RETx,LQFP64)
2025-07-19 16:27:35,515 [INFO] UtilMem:75 - Before build in PCC Used Memory: 554862392 Bytes (1073741824)
2025-07-19 16:27:37,341 [INFO] UtilMem:75 - After build in PCC Used Memory: 653519768 Bytes (1073741824)
2025-07-19 16:27:37,434 [INFO] ApiDbMcu:532 - Load IP Config File for FREERTOS
2025-07-19 16:27:37,491 [INFO] IPUIPlugin:80 - create IPUIPlugin
2025-07-19 16:27:37,491 [INFO] IPUIPlugin:80 - create IPUIPlugin
2025-07-19 16:27:37,491 [INFO] IPUIPlugin:80 - create IPUIPlugin
2025-07-19 16:27:37,491 [INFO] IPUIPlugin:80 - create IPUIPlugin
2025-07-19 16:27:37,492 [INFO] IPUIPlugin:80 - create IPUIPlugin
2025-07-19 16:27:37,492 [INFO] IPUIPlugin:80 - create IPUIPlugin
2025-07-19 16:27:37,493 [INFO] IPUIPlugin:80 - create IPUIPlugin
2025-07-19 16:27:37,494 [INFO] IPUIPlugin:80 - create IPUIPlugin
2025-07-19 16:27:37,494 [INFO] IPUIPlugin:80 - create IPUIPlugin
2025-07-19 16:27:37,494 [INFO] IPUIPlugin:80 - create IPUIPlugin
2025-07-19 16:27:37,495 [INFO] IPUIPlugin:80 - create IPUIPlugin
2025-07-19 16:27:37,496 [INFO] IPUIPlugin:80 - create IPUIPlugin
2025-07-19 16:27:37,496 [INFO] IPUIPlugin:80 - create IPUIPlugin
2025-07-19 16:27:37,496 [INFO] IPUIPlugin:80 - create IPUIPlugin
2025-07-19 16:27:37,496 [INFO] IPUIPlugin:80 - create IPUIPlugin
2025-07-19 16:27:37,496 [INFO] IPUIPlugin:80 - create IPUIPlugin
2025-07-19 16:27:37,496 [INFO] IPUIPlugin:80 - create IPUIPlugin
2025-07-19 16:27:37,497 [INFO] IPUIPlugin:80 - create IPUIPlugin
2025-07-19 16:27:37,498 [INFO] IPUIPlugin:80 - create IPUIPlugin
2025-07-19 16:27:37,498 [INFO] IPUIPlugin:80 - create IPUIPlugin
2025-07-19 16:27:37,499 [INFO] IPUIPlugin:80 - create IPUIPlugin
2025-07-19 16:27:37,501 [INFO] IPUIPlugin:80 - create IPUIPlugin
2025-07-19 16:27:37,502 [INFO] IPUIPlugin:80 - create IPUIPlugin
2025-07-19 16:27:37,502 [INFO] IPUIPlugin:80 - create IPUIPlugin
2025-07-19 16:27:37,503 [INFO] IPUIPlugin:80 - create IPUIPlugin
2025-07-19 16:27:37,504 [INFO] IPUIPlugin:80 - create IPUIPlugin
2025-07-19 16:27:37,504 [INFO] IPUIPlugin:80 - create IPUIPlugin
2025-07-19 16:27:37,512 [INFO] IPUIPlugin:80 - create IPUIPlugin
2025-07-19 16:27:37,514 [INFO] IPUIPlugin:80 - create IPUIPlugin
2025-07-19 16:27:37,517 [INFO] IPUIPlugin:80 - create IPUIPlugin
2025-07-19 16:27:37,522 [INFO] IPUIPlugin:80 - create IPUIPlugin
2025-07-19 16:27:37,524 [INFO] IPUIPlugin:80 - create IPUIPlugin
2025-07-19 16:27:37,525 [INFO] IPUIPlugin:80 - create IPUIPlugin
2025-07-19 16:27:37,527 [INFO] IPUIPlugin:80 - create IPUIPlugin
2025-07-19 16:27:37,527 [INFO] IPUIPlugin:80 - create IPUIPlugin
2025-07-19 16:27:37,527 [INFO] IPUIPlugin:80 - create IPUIPlugin
2025-07-19 16:27:37,528 [INFO] IPUIPlugin:80 - create IPUIPlugin
2025-07-19 16:27:37,530 [INFO] IPUIPlugin:80 - create IPUIPlugin
2025-07-19 16:27:37,532 [INFO] IPUIPlugin:80 - create IPUIPlugin
2025-07-19 16:27:37,533 [INFO] IPUIPlugin:80 - create IPUIPlugin
2025-07-19 16:27:37,534 [INFO] IPUIPlugin:80 - create IPUIPlugin
2025-07-19 16:27:37,534 [INFO] IPUIPlugin:80 - create IPUIPlugin
2025-07-19 16:27:37,535 [INFO] IPUIPlugin:80 - create IPUIPlugin
2025-07-19 16:27:37,536 [INFO] IPUIPlugin:80 - create IPUIPlugin
2025-07-19 16:27:37,538 [INFO] IPUIPlugin:80 - create IPUIPlugin
2025-07-19 16:27:37,539 [INFO] IPUIPlugin:80 - create IPUIPlugin
2025-07-19 16:27:37,541 [INFO] IPUIPlugin:80 - create IPUIPlugin
2025-07-19 16:27:37,543 [INFO] IPUIPlugin:80 - create IPUIPlugin
2025-07-19 16:27:37,544 [INFO] IPUIPlugin:80 - create IPUIPlugin
2025-07-19 16:27:37,547 [INFO] IPUIPlugin:80 - create IPUIPlugin
2025-07-19 16:27:37,548 [INFO] IPUIPlugin:80 - create IPUIPlugin
2025-07-19 16:27:37,548 [INFO] IPUIPlugin:80 - create IPUIPlugin
2025-07-19 16:27:37,548 [INFO] IPUIPlugin:80 - create IPUIPlugin
2025-07-19 16:27:37,549 [INFO] IPUIPlugin:80 - create IPUIPlugin
2025-07-19 16:27:37,552 [INFO] IPUIPlugin:80 - create IPUIPlugin
2025-07-19 16:27:37,552 [INFO] IPUIPlugin:80 - create IPUIPlugin
2025-07-19 16:27:37,552 [INFO] IPUIPlugin:80 - create IPUIPlugin
2025-07-19 16:27:37,553 [INFO] IPUIPlugin:80 - create IPUIPlugin
2025-07-19 16:27:37,553 [INFO] IPUIPlugin:80 - create IPUIPlugin
2025-07-19 16:27:37,553 [INFO] IPUIPlugin:80 - create IPUIPlugin
2025-07-19 16:27:37,561 [INFO] ApiDbMcu:532 - Load IP Config File for PDM2PCM
2025-07-19 16:27:37,568 [WARN] IP:2250 - I2C_Coeff_DF not found: check if there is a RefParameter without a condition.
2025-07-19 16:27:37,568 [WARN] IP:2250 - Analog_Filter not found: check if there is a RefParameter without a condition.
2025-07-19 16:27:37,652 [WARN] FreeRTOS:1023 - Null or empty value: should not occur! (nothing added to the table)
2025-07-19 16:27:38,115 [INFO] CADModel:165 - CPN selected for project levelSTM32F446RET6
2025-07-19 16:27:38,117 [INFO] CADModel:114 - Register for checkConnection events
2025-07-19 16:27:38,127 [INFO] RtosManager:728 - Active RTOS found at IOC load: FREERTOS [Cortex-M4NS]
2025-07-19 16:27:38,192 [INFO] OpenFileManager:386 - Restore cursor
2025-07-19 16:27:38,670 [WARN] IP:2250 - I2C_Coeff_DF not found: check if there is a RefParameter without a condition.
2025-07-19 16:27:38,670 [WARN] IP:2250 - Analog_Filter not found: check if there is a RefParameter without a condition.
2025-07-19 16:27:38,672 [WARN] IP:2250 - I2C_Coeff_DF not found: check if there is a RefParameter without a condition.
2025-07-19 16:27:38,672 [WARN] IP:2250 - Analog_Filter not found: check if there is a RefParameter without a condition.
2025-07-19 16:28:48,577 [INFO] UtilMem:75 - End SaveConfig() Used Memory: 275627648 Bytes (916455424)
2025-07-19 16:28:49,299 [INFO] UtilMem:75 - End SaveConfig() Used Memory: 300267136 Bytes (916455424)
2025-07-19 16:28:50,281 [INFO] UtilMem:75 - End SaveConfig() Used Memory: 356890240 Bytes (916455424)
2025-07-19 16:28:55,039 [INFO] BlockDiagram:2775 - set Specific Code input for plugin: FREERTOS
2025-07-19 16:28:55,039 [INFO] BlockDiagram:2775 - set Specific Code input for plugin: SYS
2025-07-19 16:28:55,040 [INFO] BlockDiagram:2775 - set Specific Code input for plugin: RCC
2025-07-19 16:28:55,040 [INFO] BlockDiagram:2775 - set Specific Code input for plugin: I2C
2025-07-19 16:28:55,040 [INFO] BlockDiagram:2775 - set Specific Code input for plugin: NVIC
2025-07-19 16:28:55,040 [INFO] BlockDiagram:2775 - set Specific Code input for plugin: USART
2025-07-19 16:28:55,040 [INFO] BlockDiagram:2775 - set Specific Code input for plugin: GPIO
2025-07-19 16:28:55,044 [INFO] CodeGenerator:892 - code generatio: config db path: C:\ST\STM32CubeIDE_1.18.1\STM32CubeIDE\plugins\com.st.stm32cube.common.mx_6.15.0.202507011659\\db\
2025-07-19 16:28:55,057 [WARN] IP:2250 - I2C_Coeff_DF not found: check if there is a RefParameter without a condition.
2025-07-19 16:28:55,057 [WARN] IP:2250 - Analog_Filter not found: check if there is a RefParameter without a condition.
2025-07-19 16:28:55,399 [INFO] CodeEngine:265 - oldGeneratedFile, C:\Users\aliya\proje\KontrolOrtakCalisma\kontrol4\MXTmpFiles\license.tmp_save
2025-07-19 16:28:55,772 [INFO] CodeEngine:289 - Generated code: C:\Users\aliya\proje\KontrolOrtakCalisma\kontrol4\MXTmpFiles\license.tmp
2025-07-19 16:28:55,830 [INFO] CodeEngine:265 - oldGeneratedFile, C:\Users\aliya\proje\KontrolOrtakCalisma\kontrol4\MXTmpFiles\gpio.tmp_save
2025-07-19 16:28:56,026 [INFO] CodeEngine:289 - Generated code: C:\Users\aliya\proje\KontrolOrtakCalisma\kontrol4\MXTmpFiles\gpio.tmp
2025-07-19 16:28:56,261 [INFO] Middleware:1452 - No code input for Bsp Dependency
2025-07-19 16:28:56,275 [INFO] CodeEngine:265 - oldGeneratedFile, C:\Users\aliya\proje\KontrolOrtakCalisma\kontrol4\MXTmpFiles\rtos_inc.tmp_save
2025-07-19 16:28:56,403 [INFO] CodeEngine:289 - Generated code: C:\Users\aliya\proje\KontrolOrtakCalisma\kontrol4\MXTmpFiles\rtos_inc.tmp
2025-07-19 16:28:56,409 [INFO] CodeEngine:265 - oldGeneratedFile, C:\Users\aliya\proje\KontrolOrtakCalisma\kontrol4\MXTmpFiles\rtos_kernelInit.tmp_save
2025-07-19 16:28:56,562 [INFO] CodeEngine:289 - Generated code: C:\Users\aliya\proje\KontrolOrtakCalisma\kontrol4\MXTmpFiles\rtos_kernelInit.tmp
2025-07-19 16:28:56,571 [INFO] CodeEngine:265 - oldGeneratedFile, C:\Users\aliya\proje\KontrolOrtakCalisma\kontrol4\MXTmpFiles\rtos_kernelStart.tmp_save
2025-07-19 16:28:56,690 [INFO] CodeEngine:289 - Generated code: C:\Users\aliya\proje\KontrolOrtakCalisma\kontrol4\MXTmpFiles\rtos_kernelStart.tmp
2025-07-19 16:28:56,703 [INFO] CodeEngine:265 - oldGeneratedFile, C:\Users\aliya\proje\KontrolOrtakCalisma\kontrol4\MXTmpFiles\rtos_typedefs.tmp_save
2025-07-19 16:28:56,825 [INFO] CodeEngine:289 - Generated code: C:\Users\aliya\proje\KontrolOrtakCalisma\kontrol4\MXTmpFiles\rtos_typedefs.tmp
2025-07-19 16:28:56,835 [INFO] CodeEngine:265 - oldGeneratedFile, C:\Users\aliya\proje\KontrolOrtakCalisma\kontrol4\MXTmpFiles\rtos_vars.tmp_save
2025-07-19 16:28:56,961 [INFO] CodeEngine:289 - Generated code: C:\Users\aliya\proje\KontrolOrtakCalisma\kontrol4\MXTmpFiles\rtos_vars.tmp
2025-07-19 16:28:56,970 [INFO] CodeEngine:265 - oldGeneratedFile, C:\Users\aliya\proje\KontrolOrtakCalisma\kontrol4\MXTmpFiles\rtos_pfp.tmp_save
2025-07-19 16:28:57,054 [INFO] CodeEngine:289 - Generated code: C:\Users\aliya\proje\KontrolOrtakCalisma\kontrol4\MXTmpFiles\rtos_pfp.tmp
2025-07-19 16:28:57,064 [INFO] CodeEngine:265 - oldGeneratedFile, C:\Users\aliya\proje\KontrolOrtakCalisma\kontrol4\MXTmpFiles\rtos_obj_creat.tmp_save
2025-07-19 16:28:57,155 [INFO] CodeEngine:289 - Generated code: C:\Users\aliya\proje\KontrolOrtakCalisma\kontrol4\MXTmpFiles\rtos_obj_creat.tmp
2025-07-19 16:28:57,160 [INFO] CodeEngine:265 - oldGeneratedFile, C:\Users\aliya\proje\KontrolOrtakCalisma\kontrol4\MXTmpFiles\rtos_default_thread.tmp_save
2025-07-19 16:28:57,222 [INFO] CodeEngine:289 - Generated code: C:\Users\aliya\proje\KontrolOrtakCalisma\kontrol4\MXTmpFiles\rtos_default_thread.tmp
2025-07-19 16:28:57,226 [INFO] CodeEngine:265 - oldGeneratedFile, C:\Users\aliya\proje\KontrolOrtakCalisma\kontrol4\MXTmpFiles\rtos_threads.tmp_save
2025-07-19 16:28:57,404 [INFO] CodeEngine:289 - Generated code: C:\Users\aliya\proje\KontrolOrtakCalisma\kontrol4\MXTmpFiles\rtos_threads.tmp
2025-07-19 16:28:57,513 [INFO] Middleware:1452 - No code input for Bsp Dependency
2025-07-19 16:28:57,556 [INFO] CodeEngine:265 - oldGeneratedFile, C:\Users\aliya\proje\KontrolOrtakCalisma\kontrol4\MXTmpFiles\rtos_inc.tmp_save
2025-07-19 16:28:57,789 [INFO] CodeEngine:289 - Generated code: C:\Users\aliya\proje\KontrolOrtakCalisma\kontrol4\MXTmpFiles\rtos_inc.tmp
2025-07-19 16:28:57,795 [INFO] CodeEngine:265 - oldGeneratedFile, C:\Users\aliya\proje\KontrolOrtakCalisma\kontrol4\MXTmpFiles\rtos_kernelInit.tmp_save
2025-07-19 16:28:57,893 [INFO] CodeEngine:289 - Generated code: C:\Users\aliya\proje\KontrolOrtakCalisma\kontrol4\MXTmpFiles\rtos_kernelInit.tmp
2025-07-19 16:28:57,902 [INFO] CodeEngine:265 - oldGeneratedFile, C:\Users\aliya\proje\KontrolOrtakCalisma\kontrol4\MXTmpFiles\rtos_kernelStart.tmp_save
2025-07-19 16:28:57,985 [INFO] CodeEngine:289 - Generated code: C:\Users\aliya\proje\KontrolOrtakCalisma\kontrol4\MXTmpFiles\rtos_kernelStart.tmp
2025-07-19 16:28:57,992 [INFO] CodeEngine:265 - oldGeneratedFile, C:\Users\aliya\proje\KontrolOrtakCalisma\kontrol4\MXTmpFiles\rtos_typedefs.tmp_save
2025-07-19 16:28:58,069 [INFO] CodeEngine:289 - Generated code: C:\Users\aliya\proje\KontrolOrtakCalisma\kontrol4\MXTmpFiles\rtos_typedefs.tmp
2025-07-19 16:28:58,075 [INFO] CodeEngine:265 - oldGeneratedFile, C:\Users\aliya\proje\KontrolOrtakCalisma\kontrol4\MXTmpFiles\rtos_vars.tmp_save
2025-07-19 16:28:58,138 [INFO] CodeEngine:289 - Generated code: C:\Users\aliya\proje\KontrolOrtakCalisma\kontrol4\MXTmpFiles\rtos_vars.tmp
2025-07-19 16:28:58,147 [INFO] CodeEngine:265 - oldGeneratedFile, C:\Users\aliya\proje\KontrolOrtakCalisma\kontrol4\MXTmpFiles\rtos_pfp.tmp_save
2025-07-19 16:28:58,216 [INFO] CodeEngine:289 - Generated code: C:\Users\aliya\proje\KontrolOrtakCalisma\kontrol4\MXTmpFiles\rtos_pfp.tmp
2025-07-19 16:28:58,222 [INFO] CodeEngine:265 - oldGeneratedFile, C:\Users\aliya\proje\KontrolOrtakCalisma\kontrol4\MXTmpFiles\rtos_obj_creat.tmp_save
2025-07-19 16:28:58,280 [INFO] CodeEngine:289 - Generated code: C:\Users\aliya\proje\KontrolOrtakCalisma\kontrol4\MXTmpFiles\rtos_obj_creat.tmp
2025-07-19 16:28:58,288 [INFO] CodeEngine:265 - oldGeneratedFile, C:\Users\aliya\proje\KontrolOrtakCalisma\kontrol4\MXTmpFiles\rtos_default_thread.tmp_save
2025-07-19 16:28:58,350 [INFO] CodeEngine:289 - Generated code: C:\Users\aliya\proje\KontrolOrtakCalisma\kontrol4\MXTmpFiles\rtos_default_thread.tmp
2025-07-19 16:28:58,358 [INFO] CodeEngine:265 - oldGeneratedFile, C:\Users\aliya\proje\KontrolOrtakCalisma\kontrol4\MXTmpFiles\rtos_threads.tmp_save
2025-07-19 16:28:58,731 [INFO] CodeEngine:289 - Generated code: C:\Users\aliya\proje\KontrolOrtakCalisma\kontrol4\MXTmpFiles\rtos_threads.tmp
2025-07-19 16:28:58,757 [INFO] CodeEngine:265 - oldGeneratedFile, C:\Users\aliya\proje\KontrolOrtakCalisma\kontrol4\Core\Inc\FreeRTOSConfig.h_save
2025-07-19 16:28:58,918 [INFO] CodeEngine:289 - Generated code: C:\Users\aliya\proje\KontrolOrtakCalisma\kontrol4\Core\Inc\FreeRTOSConfig.h
2025-07-19 16:28:58,931 [INFO] CodeEngine:265 - oldGeneratedFile, C:\Users\aliya\proje\KontrolOrtakCalisma\kontrol4\Core\Src\freertos.c_save
2025-07-19 16:28:59,054 [INFO] CodeEngine:289 - Generated code: C:\Users\aliya\proje\KontrolOrtakCalisma\kontrol4\Core\Src\freertos.c
2025-07-19 16:28:59,075 [INFO] CodeEngine:265 - oldGeneratedFile, C:\Users\aliya\proje\KontrolOrtakCalisma\kontrol4\Core\Src\stm32f4xx_it.c_save
2025-07-19 16:28:59,217 [INFO] CodeEngine:289 - Generated code: C:\Users\aliya\proje\KontrolOrtakCalisma\kontrol4\Core\Src\stm32f4xx_it.c
2025-07-19 16:28:59,231 [INFO] CodeEngine:265 - oldGeneratedFile, C:\Users\aliya\proje\KontrolOrtakCalisma\kontrol4\Core\Inc\stm32f4xx_it.h_save
2025-07-19 16:28:59,352 [INFO] CodeEngine:289 - Generated code: C:\Users\aliya\proje\KontrolOrtakCalisma\kontrol4\Core\Inc\stm32f4xx_it.h
2025-07-19 16:28:59,378 [INFO] CodeEngine:265 - oldGeneratedFile, C:\Users\aliya\proje\KontrolOrtakCalisma\kontrol4\Core\Src\stm32f4xx_hal_msp.c_save
2025-07-19 16:28:59,538 [INFO] CodeEngine:289 - Generated code: C:\Users\aliya\proje\KontrolOrtakCalisma\kontrol4\Core\Src\stm32f4xx_hal_msp.c
2025-07-19 16:28:59,544 [INFO] CodeEngine:265 - oldGeneratedFile, C:\Users\aliya\proje\KontrolOrtakCalisma\kontrol4\MXTmpFiles\system.tmp_save
2025-07-19 16:28:59,610 [INFO] CodeEngine:289 - Generated code: C:\Users\aliya\proje\KontrolOrtakCalisma\kontrol4\MXTmpFiles\system.tmp
2025-07-19 16:28:59,623 [INFO] CodeEngine:321 - oldGeneratedFile, C:\Users\aliya\proje\KontrolOrtakCalisma\kontrol4\Core\Inc\stm32f4xx_hal_conf.h_save
2025-07-19 16:28:59,691 [INFO] CodeEngine:345 - Generated code: C:\Users\aliya\proje\KontrolOrtakCalisma\kontrol4\Core\Inc\stm32f4xx_hal_conf.h
2025-07-19 16:28:59,723 [WARN] IPConfigManager:3238 - Warning: the RefConfig PLL2P_FOR_MCO is not available in your config.xml file
2025-07-19 16:28:59,737 [INFO] ApiDbMcu:532 - Load IP Config File for I2C2
2025-07-19 16:28:59,742 [INFO] ApiDbMcu:532 - Load IP Config File for USART2
2025-07-19 16:28:59,748 [INFO] ApiDbMcu:532 - Load IP Config File for RCC
2025-07-19 16:28:59,770 [INFO] CodeEngine:265 - oldGeneratedFile, C:\Users\aliya\proje\KontrolOrtakCalisma\kontrol4\Core\Inc\main.h_save
2025-07-19 16:28:59,883 [INFO] CodeEngine:289 - Generated code: C:\Users\aliya\proje\KontrolOrtakCalisma\kontrol4\Core\Inc\main.h
2025-07-19 16:28:59,891 [INFO] CodeEngine:265 - oldGeneratedFile, C:\Users\aliya\proje\KontrolOrtakCalisma\kontrol4\Core\Src\main.c_save
2025-07-19 16:29:00,167 [INFO] CodeEngine:289 - Generated code: C:\Users\aliya\proje\KontrolOrtakCalisma\kontrol4\Core\Src\main.c
2025-07-19 16:29:00,802 [INFO] ProjectBuilder:3606 - Time for Copy HAL[1] : 364mS.
2025-07-19 16:29:00,814 [INFO] ProjectBuilder:5216 - Project Generator version: 4.7.0-B52
2025-07-19 16:29:00,914 [INFO] ConfigFileManager:1595 - The Die is : DIE421
2025-07-19 16:29:00,919 [INFO] ApiDbMcu:532 - Load IP Config File for FATFS
2025-07-19 16:29:00,920 [INFO] ApiDbMcu:532 - Load IP Config File for LIBJPEG
2025-07-19 16:29:00,929 [INFO] ApiDbMcu:532 - Load IP Config File for MBEDTLS
2025-07-19 16:29:00,939 [INFO] ApiDbMcu:532 - Load IP Config File for USB_DEVICE
2025-07-19 16:29:00,944 [INFO] ApiDbMcu:532 - Load IP Config File for USB_HOST
2025-07-19 16:29:01,538 [INFO] LogOutputStream:77 - [STDOUT_REDIRECT] 
2025-07-19 16:29:04,472 [INFO] ProjectBuilder:5496 - Time for Generating toolchain IDE Files: 3617mS.
2025-07-19 16:29:04,538 [INFO] ProjectBuilder:3463 - Time for Copy CMSIS : 52mS.
2025-07-19 16:29:04,602 [INFO] ProjectBuilder:3463 - Time for Copy CMSIS : 1mS.
2025-07-19 16:30:19,387 [INFO] UtilMem:75 - End SaveConfig() Used Memory: 620533920 Bytes (916455424)
2025-07-19 16:30:21,732 [INFO] BlockDiagram:2775 - set Specific Code input for plugin: FREERTOS
2025-07-19 16:30:21,732 [INFO] BlockDiagram:2775 - set Specific Code input for plugin: SYS
2025-07-19 16:30:21,732 [INFO] BlockDiagram:2775 - set Specific Code input for plugin: RCC
2025-07-19 16:30:21,732 [INFO] BlockDiagram:2775 - set Specific Code input for plugin: I2C
2025-07-19 16:30:21,732 [INFO] BlockDiagram:2775 - set Specific Code input for plugin: NVIC
2025-07-19 16:30:21,732 [INFO] BlockDiagram:2775 - set Specific Code input for plugin: USART
2025-07-19 16:30:21,733 [INFO] BlockDiagram:2775 - set Specific Code input for plugin: GPIO
2025-07-19 16:30:21,734 [INFO] CodeGenerator:892 - code generatio: config db path: C:\ST\STM32CubeIDE_1.18.1\STM32CubeIDE\plugins\com.st.stm32cube.common.mx_6.15.0.202507011659\\db\
2025-07-19 16:30:21,741 [WARN] IP:2250 - I2C_Coeff_DF not found: check if there is a RefParameter without a condition.
2025-07-19 16:30:21,742 [WARN] IP:2250 - Analog_Filter not found: check if there is a RefParameter without a condition.
2025-07-19 16:30:21,858 [INFO] CodeEngine:265 - oldGeneratedFile, C:\Users\aliya\proje\KontrolOrtakCalisma\kontrol4\MXTmpFiles\license.tmp_save
2025-07-19 16:30:21,927 [INFO] CodeEngine:289 - Generated code: C:\Users\aliya\proje\KontrolOrtakCalisma\kontrol4\MXTmpFiles\license.tmp
2025-07-19 16:30:21,962 [INFO] CodeEngine:265 - oldGeneratedFile, C:\Users\aliya\proje\KontrolOrtakCalisma\kontrol4\MXTmpFiles\gpio.tmp_save
2025-07-19 16:30:22,055 [INFO] CodeEngine:289 - Generated code: C:\Users\aliya\proje\KontrolOrtakCalisma\kontrol4\MXTmpFiles\gpio.tmp
2025-07-19 16:30:22,209 [INFO] Middleware:1452 - No code input for Bsp Dependency
2025-07-19 16:30:22,221 [INFO] CodeEngine:265 - oldGeneratedFile, C:\Users\aliya\proje\KontrolOrtakCalisma\kontrol4\MXTmpFiles\rtos_inc.tmp_save
2025-07-19 16:30:22,299 [INFO] CodeEngine:289 - Generated code: C:\Users\aliya\proje\KontrolOrtakCalisma\kontrol4\MXTmpFiles\rtos_inc.tmp
2025-07-19 16:30:22,304 [INFO] CodeEngine:265 - oldGeneratedFile, C:\Users\aliya\proje\KontrolOrtakCalisma\kontrol4\MXTmpFiles\rtos_kernelInit.tmp_save
2025-07-19 16:30:22,484 [INFO] CodeEngine:289 - Generated code: C:\Users\aliya\proje\KontrolOrtakCalisma\kontrol4\MXTmpFiles\rtos_kernelInit.tmp
2025-07-19 16:30:22,499 [INFO] CodeEngine:265 - oldGeneratedFile, C:\Users\aliya\proje\KontrolOrtakCalisma\kontrol4\MXTmpFiles\rtos_kernelStart.tmp_save
2025-07-19 16:30:22,583 [INFO] CodeEngine:289 - Generated code: C:\Users\aliya\proje\KontrolOrtakCalisma\kontrol4\MXTmpFiles\rtos_kernelStart.tmp
2025-07-19 16:30:22,591 [INFO] CodeEngine:265 - oldGeneratedFile, C:\Users\aliya\proje\KontrolOrtakCalisma\kontrol4\MXTmpFiles\rtos_typedefs.tmp_save
2025-07-19 16:30:22,715 [INFO] CodeEngine:289 - Generated code: C:\Users\aliya\proje\KontrolOrtakCalisma\kontrol4\MXTmpFiles\rtos_typedefs.tmp
2025-07-19 16:30:22,725 [INFO] CodeEngine:265 - oldGeneratedFile, C:\Users\aliya\proje\KontrolOrtakCalisma\kontrol4\MXTmpFiles\rtos_vars.tmp_save
2025-07-19 16:30:22,951 [INFO] CodeEngine:289 - Generated code: C:\Users\aliya\proje\KontrolOrtakCalisma\kontrol4\MXTmpFiles\rtos_vars.tmp
2025-07-19 16:30:22,964 [INFO] CodeEngine:265 - oldGeneratedFile, C:\Users\aliya\proje\KontrolOrtakCalisma\kontrol4\MXTmpFiles\rtos_pfp.tmp_save
2025-07-19 16:30:23,072 [INFO] CodeEngine:289 - Generated code: C:\Users\aliya\proje\KontrolOrtakCalisma\kontrol4\MXTmpFiles\rtos_pfp.tmp
2025-07-19 16:30:23,082 [INFO] CodeEngine:265 - oldGeneratedFile, C:\Users\aliya\proje\KontrolOrtakCalisma\kontrol4\MXTmpFiles\rtos_obj_creat.tmp_save
2025-07-19 16:30:23,184 [INFO] CodeEngine:289 - Generated code: C:\Users\aliya\proje\KontrolOrtakCalisma\kontrol4\MXTmpFiles\rtos_obj_creat.tmp
2025-07-19 16:30:23,198 [INFO] CodeEngine:265 - oldGeneratedFile, C:\Users\aliya\proje\KontrolOrtakCalisma\kontrol4\MXTmpFiles\rtos_default_thread.tmp_save
2025-07-19 16:30:23,359 [INFO] CodeEngine:289 - Generated code: C:\Users\aliya\proje\KontrolOrtakCalisma\kontrol4\MXTmpFiles\rtos_default_thread.tmp
2025-07-19 16:30:23,383 [INFO] CodeEngine:265 - oldGeneratedFile, C:\Users\aliya\proje\KontrolOrtakCalisma\kontrol4\MXTmpFiles\rtos_threads.tmp_save
2025-07-19 16:30:23,458 [INFO] CodeEngine:289 - Generated code: C:\Users\aliya\proje\KontrolOrtakCalisma\kontrol4\MXTmpFiles\rtos_threads.tmp
2025-07-19 16:30:23,481 [INFO] Middleware:1452 - No code input for Bsp Dependency
2025-07-19 16:30:23,492 [INFO] CodeEngine:265 - oldGeneratedFile, C:\Users\aliya\proje\KontrolOrtakCalisma\kontrol4\MXTmpFiles\rtos_inc.tmp_save
2025-07-19 16:30:23,559 [INFO] CodeEngine:289 - Generated code: C:\Users\aliya\proje\KontrolOrtakCalisma\kontrol4\MXTmpFiles\rtos_inc.tmp
2025-07-19 16:30:23,566 [INFO] CodeEngine:265 - oldGeneratedFile, C:\Users\aliya\proje\KontrolOrtakCalisma\kontrol4\MXTmpFiles\rtos_kernelInit.tmp_save
2025-07-19 16:30:23,630 [INFO] CodeEngine:289 - Generated code: C:\Users\aliya\proje\KontrolOrtakCalisma\kontrol4\MXTmpFiles\rtos_kernelInit.tmp
2025-07-19 16:30:23,637 [INFO] CodeEngine:265 - oldGeneratedFile, C:\Users\aliya\proje\KontrolOrtakCalisma\kontrol4\MXTmpFiles\rtos_kernelStart.tmp_save
2025-07-19 16:30:23,697 [INFO] CodeEngine:289 - Generated code: C:\Users\aliya\proje\KontrolOrtakCalisma\kontrol4\MXTmpFiles\rtos_kernelStart.tmp
2025-07-19 16:30:23,705 [INFO] CodeEngine:265 - oldGeneratedFile, C:\Users\aliya\proje\KontrolOrtakCalisma\kontrol4\MXTmpFiles\rtos_typedefs.tmp_save
2025-07-19 16:30:23,789 [INFO] CodeEngine:289 - Generated code: C:\Users\aliya\proje\KontrolOrtakCalisma\kontrol4\MXTmpFiles\rtos_typedefs.tmp
2025-07-19 16:30:23,800 [INFO] CodeEngine:265 - oldGeneratedFile, C:\Users\aliya\proje\KontrolOrtakCalisma\kontrol4\MXTmpFiles\rtos_vars.tmp_save
2025-07-19 16:30:24,038 [INFO] CodeEngine:289 - Generated code: C:\Users\aliya\proje\KontrolOrtakCalisma\kontrol4\MXTmpFiles\rtos_vars.tmp
2025-07-19 16:30:24,054 [INFO] CodeEngine:265 - oldGeneratedFile, C:\Users\aliya\proje\KontrolOrtakCalisma\kontrol4\MXTmpFiles\rtos_pfp.tmp_save
2025-07-19 16:30:24,112 [INFO] CodeEngine:289 - Generated code: C:\Users\aliya\proje\KontrolOrtakCalisma\kontrol4\MXTmpFiles\rtos_pfp.tmp
2025-07-19 16:30:24,117 [INFO] CodeEngine:265 - oldGeneratedFile, C:\Users\aliya\proje\KontrolOrtakCalisma\kontrol4\MXTmpFiles\rtos_obj_creat.tmp_save
2025-07-19 16:30:24,181 [INFO] CodeEngine:289 - Generated code: C:\Users\aliya\proje\KontrolOrtakCalisma\kontrol4\MXTmpFiles\rtos_obj_creat.tmp
2025-07-19 16:30:24,187 [INFO] CodeEngine:265 - oldGeneratedFile, C:\Users\aliya\proje\KontrolOrtakCalisma\kontrol4\MXTmpFiles\rtos_default_thread.tmp_save
2025-07-19 16:30:24,246 [INFO] CodeEngine:289 - Generated code: C:\Users\aliya\proje\KontrolOrtakCalisma\kontrol4\MXTmpFiles\rtos_default_thread.tmp
2025-07-19 16:30:24,253 [INFO] CodeEngine:265 - oldGeneratedFile, C:\Users\aliya\proje\KontrolOrtakCalisma\kontrol4\MXTmpFiles\rtos_threads.tmp_save
2025-07-19 16:30:24,312 [INFO] CodeEngine:289 - Generated code: C:\Users\aliya\proje\KontrolOrtakCalisma\kontrol4\MXTmpFiles\rtos_threads.tmp
2025-07-19 16:30:24,320 [INFO] CodeEngine:265 - oldGeneratedFile, C:\Users\aliya\proje\KontrolOrtakCalisma\kontrol4\Core\Inc\FreeRTOSConfig.h_save
2025-07-19 16:30:24,433 [INFO] CodeEngine:289 - Generated code: C:\Users\aliya\proje\KontrolOrtakCalisma\kontrol4\Core\Inc\FreeRTOSConfig.h
2025-07-19 16:30:24,467 [INFO] CodeEngine:265 - oldGeneratedFile, C:\Users\aliya\proje\KontrolOrtakCalisma\kontrol4\Core\Src\freertos.c_save
2025-07-19 16:30:24,581 [INFO] CodeEngine:289 - Generated code: C:\Users\aliya\proje\KontrolOrtakCalisma\kontrol4\Core\Src\freertos.c
2025-07-19 16:30:24,598 [INFO] CodeEngine:265 - oldGeneratedFile, C:\Users\aliya\proje\KontrolOrtakCalisma\kontrol4\Core\Src\stm32f4xx_it.c_save
2025-07-19 16:30:24,675 [INFO] CodeEngine:289 - Generated code: C:\Users\aliya\proje\KontrolOrtakCalisma\kontrol4\Core\Src\stm32f4xx_it.c
2025-07-19 16:30:24,683 [INFO] CodeEngine:265 - oldGeneratedFile, C:\Users\aliya\proje\KontrolOrtakCalisma\kontrol4\Core\Inc\stm32f4xx_it.h_save
2025-07-19 16:30:24,765 [INFO] CodeEngine:289 - Generated code: C:\Users\aliya\proje\KontrolOrtakCalisma\kontrol4\Core\Inc\stm32f4xx_it.h
2025-07-19 16:30:24,783 [INFO] CodeEngine:265 - oldGeneratedFile, C:\Users\aliya\proje\KontrolOrtakCalisma\kontrol4\Core\Src\stm32f4xx_hal_msp.c_save
2025-07-19 16:30:24,884 [INFO] CodeEngine:289 - Generated code: C:\Users\aliya\proje\KontrolOrtakCalisma\kontrol4\Core\Src\stm32f4xx_hal_msp.c
2025-07-19 16:30:24,892 [INFO] CodeEngine:265 - oldGeneratedFile, C:\Users\aliya\proje\KontrolOrtakCalisma\kontrol4\MXTmpFiles\system.tmp_save
2025-07-19 16:30:25,028 [INFO] CodeEngine:289 - Generated code: C:\Users\aliya\proje\KontrolOrtakCalisma\kontrol4\MXTmpFiles\system.tmp
2025-07-19 16:30:25,045 [INFO] CodeEngine:321 - oldGeneratedFile, C:\Users\aliya\proje\KontrolOrtakCalisma\kontrol4\Core\Inc\stm32f4xx_hal_conf.h_save
2025-07-19 16:30:25,117 [INFO] CodeEngine:345 - Generated code: C:\Users\aliya\proje\KontrolOrtakCalisma\kontrol4\Core\Inc\stm32f4xx_hal_conf.h
2025-07-19 16:30:25,145 [WARN] IPConfigManager:3238 - Warning: the RefConfig PLL2P_FOR_MCO is not available in your config.xml file
2025-07-19 16:30:25,163 [INFO] CodeEngine:265 - oldGeneratedFile, C:\Users\aliya\proje\KontrolOrtakCalisma\kontrol4\Core\Inc\main.h_save
2025-07-19 16:30:25,306 [INFO] CodeEngine:289 - Generated code: C:\Users\aliya\proje\KontrolOrtakCalisma\kontrol4\Core\Inc\main.h
2025-07-19 16:30:25,318 [INFO] CodeEngine:265 - oldGeneratedFile, C:\Users\aliya\proje\KontrolOrtakCalisma\kontrol4\Core\Src\main.c_save
2025-07-19 16:30:25,446 [INFO] CodeEngine:289 - Generated code: C:\Users\aliya\proje\KontrolOrtakCalisma\kontrol4\Core\Src\main.c
2025-07-19 16:30:25,954 [INFO] ProjectBuilder:3606 - Time for Copy HAL[1] : 260mS.
2025-07-19 16:30:25,958 [INFO] ProjectBuilder:5216 - Project Generator version: 4.7.0-B52
2025-07-19 16:30:26,044 [INFO] ConfigFileManager:1595 - The Die is : DIE421
2025-07-19 16:30:28,671 [INFO] ProjectBuilder:5496 - Time for Generating toolchain IDE Files: 2711mS.
2025-07-19 16:30:28,676 [INFO] ProjectBuilder:3463 - Time for Copy CMSIS : 2mS.
2025-07-19 16:30:28,759 [INFO] ProjectBuilder:3463 - Time for Copy CMSIS : 8mS.
2025-07-19 16:30:47,215 [ERROR] RtosPanel:558 - Can not restore the selected Tab for FREERTOS(A reason can be that the tab is no more available.)
2025-07-19 16:30:52,585 [INFO] UtilMem:75 - End SaveConfig() Used Memory: 570701448 Bytes (916455424)
2025-07-19 16:30:53,412 [INFO] UtilMem:75 - End SaveConfig() Used Memory: 595340936 Bytes (916455424)
2025-07-19 16:30:54,165 [INFO] UtilMem:75 - End SaveConfig() Used Memory: 630992520 Bytes (916455424)
2025-07-19 16:35:31,871 [INFO] UtilMem:75 - End SaveConfig() Used Memory: 502288512 Bytes (916455424)
2025-07-19 16:35:33,056 [INFO] UtilMem:75 - End SaveConfig() Used Memory: 525357184 Bytes (916455424)
2025-07-19 16:35:33,638 [INFO] UtilMem:75 - End SaveConfig() Used Memory: 562579584 Bytes (916455424)
2025-07-19 16:35:34,041 [INFO] BlockDiagram:2775 - set Specific Code input for plugin: FREERTOS
2025-07-19 16:35:34,041 [INFO] BlockDiagram:2775 - set Specific Code input for plugin: SYS
2025-07-19 16:35:34,041 [INFO] BlockDiagram:2775 - set Specific Code input for plugin: RCC
2025-07-19 16:35:34,041 [INFO] BlockDiagram:2775 - set Specific Code input for plugin: I2C
2025-07-19 16:35:34,041 [INFO] BlockDiagram:2775 - set Specific Code input for plugin: NVIC
2025-07-19 16:35:34,041 [INFO] BlockDiagram:2775 - set Specific Code input for plugin: USART
2025-07-19 16:35:34,042 [INFO] BlockDiagram:2775 - set Specific Code input for plugin: GPIO
2025-07-19 16:35:34,044 [INFO] CodeGenerator:892 - code generatio: config db path: C:\ST\STM32CubeIDE_1.18.1\STM32CubeIDE\plugins\com.st.stm32cube.common.mx_6.15.0.202507011659\\db\
2025-07-19 16:35:34,053 [WARN] IP:2250 - I2C_Coeff_DF not found: check if there is a RefParameter without a condition.
2025-07-19 16:35:34,053 [WARN] IP:2250 - Analog_Filter not found: check if there is a RefParameter without a condition.
2025-07-19 16:35:34,153 [INFO] CodeEngine:265 - oldGeneratedFile, C:\Users\aliya\proje\KontrolOrtakCalisma\kontrol4\MXTmpFiles\license.tmp_save
2025-07-19 16:35:34,208 [INFO] CodeEngine:289 - Generated code: C:\Users\aliya\proje\KontrolOrtakCalisma\kontrol4\MXTmpFiles\license.tmp
2025-07-19 16:35:34,228 [INFO] CodeEngine:265 - oldGeneratedFile, C:\Users\aliya\proje\KontrolOrtakCalisma\kontrol4\MXTmpFiles\gpio.tmp_save
2025-07-19 16:35:34,292 [INFO] CodeEngine:289 - Generated code: C:\Users\aliya\proje\KontrolOrtakCalisma\kontrol4\MXTmpFiles\gpio.tmp
2025-07-19 16:35:34,388 [INFO] Middleware:1452 - No code input for Bsp Dependency
2025-07-19 16:35:34,397 [INFO] CodeEngine:265 - oldGeneratedFile, C:\Users\aliya\proje\KontrolOrtakCalisma\kontrol4\MXTmpFiles\rtos_inc.tmp_save
2025-07-19 16:35:34,467 [INFO] CodeEngine:289 - Generated code: C:\Users\aliya\proje\KontrolOrtakCalisma\kontrol4\MXTmpFiles\rtos_inc.tmp
2025-07-19 16:35:34,472 [INFO] CodeEngine:265 - oldGeneratedFile, C:\Users\aliya\proje\KontrolOrtakCalisma\kontrol4\MXTmpFiles\rtos_kernelInit.tmp_save
2025-07-19 16:35:34,527 [INFO] CodeEngine:289 - Generated code: C:\Users\aliya\proje\KontrolOrtakCalisma\kontrol4\MXTmpFiles\rtos_kernelInit.tmp
2025-07-19 16:35:34,531 [INFO] CodeEngine:265 - oldGeneratedFile, C:\Users\aliya\proje\KontrolOrtakCalisma\kontrol4\MXTmpFiles\rtos_kernelStart.tmp_save
2025-07-19 16:35:34,588 [INFO] CodeEngine:289 - Generated code: C:\Users\aliya\proje\KontrolOrtakCalisma\kontrol4\MXTmpFiles\rtos_kernelStart.tmp
2025-07-19 16:35:34,593 [INFO] CodeEngine:265 - oldGeneratedFile, C:\Users\aliya\proje\KontrolOrtakCalisma\kontrol4\MXTmpFiles\rtos_typedefs.tmp_save
2025-07-19 16:35:34,649 [INFO] CodeEngine:289 - Generated code: C:\Users\aliya\proje\KontrolOrtakCalisma\kontrol4\MXTmpFiles\rtos_typedefs.tmp
2025-07-19 16:35:34,655 [INFO] CodeEngine:265 - oldGeneratedFile, C:\Users\aliya\proje\KontrolOrtakCalisma\kontrol4\MXTmpFiles\rtos_vars.tmp_save
2025-07-19 16:35:34,710 [INFO] CodeEngine:289 - Generated code: C:\Users\aliya\proje\KontrolOrtakCalisma\kontrol4\MXTmpFiles\rtos_vars.tmp
2025-07-19 16:35:34,715 [INFO] CodeEngine:265 - oldGeneratedFile, C:\Users\aliya\proje\KontrolOrtakCalisma\kontrol4\MXTmpFiles\rtos_pfp.tmp_save
2025-07-19 16:35:34,771 [INFO] CodeEngine:289 - Generated code: C:\Users\aliya\proje\KontrolOrtakCalisma\kontrol4\MXTmpFiles\rtos_pfp.tmp
2025-07-19 16:35:34,776 [INFO] CodeEngine:265 - oldGeneratedFile, C:\Users\aliya\proje\KontrolOrtakCalisma\kontrol4\MXTmpFiles\rtos_obj_creat.tmp_save
2025-07-19 16:35:34,831 [INFO] CodeEngine:289 - Generated code: C:\Users\aliya\proje\KontrolOrtakCalisma\kontrol4\MXTmpFiles\rtos_obj_creat.tmp
2025-07-19 16:35:34,837 [INFO] CodeEngine:265 - oldGeneratedFile, C:\Users\aliya\proje\KontrolOrtakCalisma\kontrol4\MXTmpFiles\rtos_default_thread.tmp_save
2025-07-19 16:35:34,897 [INFO] CodeEngine:289 - Generated code: C:\Users\aliya\proje\KontrolOrtakCalisma\kontrol4\MXTmpFiles\rtos_default_thread.tmp
2025-07-19 16:35:34,907 [INFO] CodeEngine:265 - oldGeneratedFile, C:\Users\aliya\proje\KontrolOrtakCalisma\kontrol4\MXTmpFiles\rtos_threads.tmp_save
2025-07-19 16:35:35,045 [INFO] CodeEngine:289 - Generated code: C:\Users\aliya\proje\KontrolOrtakCalisma\kontrol4\MXTmpFiles\rtos_threads.tmp
2025-07-19 16:35:35,068 [INFO] Middleware:1452 - No code input for Bsp Dependency
2025-07-19 16:35:35,077 [INFO] CodeEngine:265 - oldGeneratedFile, C:\Users\aliya\proje\KontrolOrtakCalisma\kontrol4\MXTmpFiles\rtos_inc.tmp_save
2025-07-19 16:35:35,137 [INFO] CodeEngine:289 - Generated code: C:\Users\aliya\proje\KontrolOrtakCalisma\kontrol4\MXTmpFiles\rtos_inc.tmp
2025-07-19 16:35:35,144 [INFO] CodeEngine:265 - oldGeneratedFile, C:\Users\aliya\proje\KontrolOrtakCalisma\kontrol4\MXTmpFiles\rtos_kernelInit.tmp_save
2025-07-19 16:35:35,203 [INFO] CodeEngine:289 - Generated code: C:\Users\aliya\proje\KontrolOrtakCalisma\kontrol4\MXTmpFiles\rtos_kernelInit.tmp
2025-07-19 16:35:35,210 [INFO] CodeEngine:265 - oldGeneratedFile, C:\Users\aliya\proje\KontrolOrtakCalisma\kontrol4\MXTmpFiles\rtos_kernelStart.tmp_save
2025-07-19 16:35:35,268 [INFO] CodeEngine:289 - Generated code: C:\Users\aliya\proje\KontrolOrtakCalisma\kontrol4\MXTmpFiles\rtos_kernelStart.tmp
2025-07-19 16:35:35,274 [INFO] CodeEngine:265 - oldGeneratedFile, C:\Users\aliya\proje\KontrolOrtakCalisma\kontrol4\MXTmpFiles\rtos_typedefs.tmp_save
2025-07-19 16:35:35,335 [INFO] CodeEngine:289 - Generated code: C:\Users\aliya\proje\KontrolOrtakCalisma\kontrol4\MXTmpFiles\rtos_typedefs.tmp
2025-07-19 16:35:35,342 [INFO] CodeEngine:265 - oldGeneratedFile, C:\Users\aliya\proje\KontrolOrtakCalisma\kontrol4\MXTmpFiles\rtos_vars.tmp_save
2025-07-19 16:35:35,403 [INFO] CodeEngine:289 - Generated code: C:\Users\aliya\proje\KontrolOrtakCalisma\kontrol4\MXTmpFiles\rtos_vars.tmp
2025-07-19 16:35:35,412 [INFO] CodeEngine:265 - oldGeneratedFile, C:\Users\aliya\proje\KontrolOrtakCalisma\kontrol4\MXTmpFiles\rtos_pfp.tmp_save
2025-07-19 16:35:35,495 [INFO] CodeEngine:289 - Generated code: C:\Users\aliya\proje\KontrolOrtakCalisma\kontrol4\MXTmpFiles\rtos_pfp.tmp
2025-07-19 16:35:35,503 [INFO] CodeEngine:265 - oldGeneratedFile, C:\Users\aliya\proje\KontrolOrtakCalisma\kontrol4\MXTmpFiles\rtos_obj_creat.tmp_save
2025-07-19 16:35:35,568 [INFO] CodeEngine:289 - Generated code: C:\Users\aliya\proje\KontrolOrtakCalisma\kontrol4\MXTmpFiles\rtos_obj_creat.tmp
2025-07-19 16:35:35,575 [INFO] CodeEngine:265 - oldGeneratedFile, C:\Users\aliya\proje\KontrolOrtakCalisma\kontrol4\MXTmpFiles\rtos_default_thread.tmp_save
2025-07-19 16:35:35,647 [INFO] CodeEngine:289 - Generated code: C:\Users\aliya\proje\KontrolOrtakCalisma\kontrol4\MXTmpFiles\rtos_default_thread.tmp
2025-07-19 16:35:35,656 [INFO] CodeEngine:265 - oldGeneratedFile, C:\Users\aliya\proje\KontrolOrtakCalisma\kontrol4\MXTmpFiles\rtos_threads.tmp_save
2025-07-19 16:35:35,714 [INFO] CodeEngine:289 - Generated code: C:\Users\aliya\proje\KontrolOrtakCalisma\kontrol4\MXTmpFiles\rtos_threads.tmp
2025-07-19 16:35:35,723 [INFO] CodeEngine:265 - oldGeneratedFile, C:\Users\aliya\proje\KontrolOrtakCalisma\kontrol4\Core\Inc\FreeRTOSConfig.h_save
2025-07-19 16:35:35,804 [INFO] CodeEngine:289 - Generated code: C:\Users\aliya\proje\KontrolOrtakCalisma\kontrol4\Core\Inc\FreeRTOSConfig.h
2025-07-19 16:35:35,810 [INFO] CodeEngine:265 - oldGeneratedFile, C:\Users\aliya\proje\KontrolOrtakCalisma\kontrol4\Core\Src\freertos.c_save
2025-07-19 16:35:35,873 [INFO] CodeEngine:289 - Generated code: C:\Users\aliya\proje\KontrolOrtakCalisma\kontrol4\Core\Src\freertos.c
2025-07-19 16:35:35,889 [INFO] CodeEngine:265 - oldGeneratedFile, C:\Users\aliya\proje\KontrolOrtakCalisma\kontrol4\Core\Src\stm32f4xx_it.c_save
2025-07-19 16:35:35,962 [INFO] CodeEngine:289 - Generated code: C:\Users\aliya\proje\KontrolOrtakCalisma\kontrol4\Core\Src\stm32f4xx_it.c
2025-07-19 16:35:35,970 [INFO] CodeEngine:265 - oldGeneratedFile, C:\Users\aliya\proje\KontrolOrtakCalisma\kontrol4\Core\Inc\stm32f4xx_it.h_save
2025-07-19 16:35:36,030 [INFO] CodeEngine:289 - Generated code: C:\Users\aliya\proje\KontrolOrtakCalisma\kontrol4\Core\Inc\stm32f4xx_it.h
2025-07-19 16:35:36,047 [INFO] CodeEngine:265 - oldGeneratedFile, C:\Users\aliya\proje\KontrolOrtakCalisma\kontrol4\Core\Src\stm32f4xx_hal_msp.c_save
2025-07-19 16:35:36,134 [INFO] CodeEngine:289 - Generated code: C:\Users\aliya\proje\KontrolOrtakCalisma\kontrol4\Core\Src\stm32f4xx_hal_msp.c
2025-07-19 16:35:36,142 [INFO] CodeEngine:265 - oldGeneratedFile, C:\Users\aliya\proje\KontrolOrtakCalisma\kontrol4\MXTmpFiles\system.tmp_save
2025-07-19 16:35:36,208 [INFO] CodeEngine:289 - Generated code: C:\Users\aliya\proje\KontrolOrtakCalisma\kontrol4\MXTmpFiles\system.tmp
2025-07-19 16:35:36,212 [INFO] CodeEngine:265 - oldGeneratedFile, C:\Users\aliya\proje\KontrolOrtakCalisma\kontrol4\Core\Src\stm32f4xx_hal_timebase_tim.c_save
2025-07-19 16:35:36,280 [INFO] CodeEngine:289 - Generated code: C:\Users\aliya\proje\KontrolOrtakCalisma\kontrol4\Core\Src\stm32f4xx_hal_timebase_tim.c
2025-07-19 16:35:36,293 [INFO] CodeEngine:321 - oldGeneratedFile, C:\Users\aliya\proje\KontrolOrtakCalisma\kontrol4\Core\Inc\stm32f4xx_hal_conf.h_save
2025-07-19 16:35:36,362 [INFO] CodeEngine:345 - Generated code: C:\Users\aliya\proje\KontrolOrtakCalisma\kontrol4\Core\Inc\stm32f4xx_hal_conf.h
2025-07-19 16:35:36,385 [WARN] IPConfigManager:3238 - Warning: the RefConfig PLL2P_FOR_MCO is not available in your config.xml file
2025-07-19 16:35:36,414 [INFO] CodeEngine:265 - oldGeneratedFile, C:\Users\aliya\proje\KontrolOrtakCalisma\kontrol4\Core\Inc\main.h_save
2025-07-19 16:35:36,485 [INFO] CodeEngine:289 - Generated code: C:\Users\aliya\proje\KontrolOrtakCalisma\kontrol4\Core\Inc\main.h
2025-07-19 16:35:36,492 [INFO] CodeEngine:265 - oldGeneratedFile, C:\Users\aliya\proje\KontrolOrtakCalisma\kontrol4\Core\Src\main.c_save
2025-07-19 16:35:36,633 [INFO] CodeEngine:289 - Generated code: C:\Users\aliya\proje\KontrolOrtakCalisma\kontrol4\Core\Src\main.c
2025-07-19 16:35:37,871 [INFO] ProjectBuilder:3606 - Time for Copy HAL[1] : 365mS.
2025-07-19 16:35:37,875 [INFO] ProjectBuilder:5216 - Project Generator version: 4.7.0-B52
2025-07-19 16:35:37,953 [INFO] ConfigFileManager:1595 - The Die is : DIE421
2025-07-19 16:35:40,650 [INFO] ProjectBuilder:5496 - Time for Generating toolchain IDE Files: 2774mS.
2025-07-19 16:35:40,651 [INFO] ProjectBuilder:3463 - Time for Copy CMSIS : 1mS.
2025-07-19 16:35:40,667 [INFO] ProjectBuilder:3463 - Time for Copy CMSIS : 0mS.
2025-07-19 16:35:57,135 [INFO] UtilMem:75 - End SaveConfig() Used Memory: 399114752 Bytes (916455424)
2025-07-19 16:35:58,018 [INFO] UtilMem:75 - End SaveConfig() Used Memory: 430572032 Bytes (916455424)
2025-07-19 16:35:58,919 [INFO] UtilMem:75 - End SaveConfig() Used Memory: 524421632 Bytes (916455424)
2025-07-19 16:35:59,199 [INFO] BlockDiagram:2775 - set Specific Code input for plugin: FREERTOS
2025-07-19 16:35:59,199 [INFO] BlockDiagram:2775 - set Specific Code input for plugin: SYS
2025-07-19 16:35:59,199 [INFO] BlockDiagram:2775 - set Specific Code input for plugin: RCC
2025-07-19 16:35:59,199 [INFO] BlockDiagram:2775 - set Specific Code input for plugin: I2C
2025-07-19 16:35:59,200 [INFO] BlockDiagram:2775 - set Specific Code input for plugin: NVIC
2025-07-19 16:35:59,200 [INFO] BlockDiagram:2775 - set Specific Code input for plugin: USART
2025-07-19 16:35:59,201 [INFO] BlockDiagram:2775 - set Specific Code input for plugin: GPIO
2025-07-19 16:35:59,205 [INFO] CodeGenerator:892 - code generatio: config db path: C:\ST\STM32CubeIDE_1.18.1\STM32CubeIDE\plugins\com.st.stm32cube.common.mx_6.15.0.202507011659\\db\
2025-07-19 16:35:59,229 [WARN] IP:2250 - I2C_Coeff_DF not found: check if there is a RefParameter without a condition.
2025-07-19 16:35:59,229 [WARN] IP:2250 - Analog_Filter not found: check if there is a RefParameter without a condition.
2025-07-19 16:35:59,433 [INFO] CodeEngine:265 - oldGeneratedFile, C:\Users\aliya\proje\KontrolOrtakCalisma\kontrol4\MXTmpFiles\license.tmp_save
2025-07-19 16:35:59,487 [INFO] CodeEngine:289 - Generated code: C:\Users\aliya\proje\KontrolOrtakCalisma\kontrol4\MXTmpFiles\license.tmp
2025-07-19 16:35:59,504 [INFO] CodeEngine:265 - oldGeneratedFile, C:\Users\aliya\proje\KontrolOrtakCalisma\kontrol4\MXTmpFiles\gpio.tmp_save
2025-07-19 16:35:59,567 [INFO] CodeEngine:289 - Generated code: C:\Users\aliya\proje\KontrolOrtakCalisma\kontrol4\MXTmpFiles\gpio.tmp
2025-07-19 16:35:59,678 [INFO] Middleware:1452 - No code input for Bsp Dependency
2025-07-19 16:35:59,685 [INFO] CodeEngine:265 - oldGeneratedFile, C:\Users\aliya\proje\KontrolOrtakCalisma\kontrol4\MXTmpFiles\rtos_inc.tmp_save
2025-07-19 16:35:59,738 [INFO] CodeEngine:289 - Generated code: C:\Users\aliya\proje\KontrolOrtakCalisma\kontrol4\MXTmpFiles\rtos_inc.tmp
2025-07-19 16:35:59,744 [INFO] CodeEngine:265 - oldGeneratedFile, C:\Users\aliya\proje\KontrolOrtakCalisma\kontrol4\MXTmpFiles\rtos_kernelInit.tmp_save
2025-07-19 16:35:59,800 [INFO] CodeEngine:289 - Generated code: C:\Users\aliya\proje\KontrolOrtakCalisma\kontrol4\MXTmpFiles\rtos_kernelInit.tmp
2025-07-19 16:35:59,805 [INFO] CodeEngine:265 - oldGeneratedFile, C:\Users\aliya\proje\KontrolOrtakCalisma\kontrol4\MXTmpFiles\rtos_kernelStart.tmp_save
2025-07-19 16:35:59,863 [INFO] CodeEngine:289 - Generated code: C:\Users\aliya\proje\KontrolOrtakCalisma\kontrol4\MXTmpFiles\rtos_kernelStart.tmp
2025-07-19 16:35:59,868 [INFO] CodeEngine:265 - oldGeneratedFile, C:\Users\aliya\proje\KontrolOrtakCalisma\kontrol4\MXTmpFiles\rtos_typedefs.tmp_save
2025-07-19 16:35:59,923 [INFO] CodeEngine:289 - Generated code: C:\Users\aliya\proje\KontrolOrtakCalisma\kontrol4\MXTmpFiles\rtos_typedefs.tmp
2025-07-19 16:35:59,929 [INFO] CodeEngine:265 - oldGeneratedFile, C:\Users\aliya\proje\KontrolOrtakCalisma\kontrol4\MXTmpFiles\rtos_vars.tmp_save
2025-07-19 16:35:59,988 [INFO] CodeEngine:289 - Generated code: C:\Users\aliya\proje\KontrolOrtakCalisma\kontrol4\MXTmpFiles\rtos_vars.tmp
2025-07-19 16:35:59,993 [INFO] CodeEngine:265 - oldGeneratedFile, C:\Users\aliya\proje\KontrolOrtakCalisma\kontrol4\MXTmpFiles\rtos_pfp.tmp_save
2025-07-19 16:36:00,051 [INFO] CodeEngine:289 - Generated code: C:\Users\aliya\proje\KontrolOrtakCalisma\kontrol4\MXTmpFiles\rtos_pfp.tmp
2025-07-19 16:36:00,056 [INFO] CodeEngine:265 - oldGeneratedFile, C:\Users\aliya\proje\KontrolOrtakCalisma\kontrol4\MXTmpFiles\rtos_obj_creat.tmp_save
2025-07-19 16:36:00,118 [INFO] CodeEngine:289 - Generated code: C:\Users\aliya\proje\KontrolOrtakCalisma\kontrol4\MXTmpFiles\rtos_obj_creat.tmp
2025-07-19 16:36:00,123 [INFO] CodeEngine:265 - oldGeneratedFile, C:\Users\aliya\proje\KontrolOrtakCalisma\kontrol4\MXTmpFiles\rtos_default_thread.tmp_save
2025-07-19 16:36:00,187 [INFO] CodeEngine:289 - Generated code: C:\Users\aliya\proje\KontrolOrtakCalisma\kontrol4\MXTmpFiles\rtos_default_thread.tmp
2025-07-19 16:36:00,191 [INFO] CodeEngine:265 - oldGeneratedFile, C:\Users\aliya\proje\KontrolOrtakCalisma\kontrol4\MXTmpFiles\rtos_threads.tmp_save
2025-07-19 16:36:00,265 [INFO] CodeEngine:289 - Generated code: C:\Users\aliya\proje\KontrolOrtakCalisma\kontrol4\MXTmpFiles\rtos_threads.tmp
2025-07-19 16:36:00,351 [INFO] Middleware:1452 - No code input for Bsp Dependency
2025-07-19 16:36:00,367 [INFO] CodeEngine:265 - oldGeneratedFile, C:\Users\aliya\proje\KontrolOrtakCalisma\kontrol4\MXTmpFiles\rtos_inc.tmp_save
2025-07-19 16:36:00,427 [INFO] CodeEngine:289 - Generated code: C:\Users\aliya\proje\KontrolOrtakCalisma\kontrol4\MXTmpFiles\rtos_inc.tmp
2025-07-19 16:36:00,433 [INFO] CodeEngine:265 - oldGeneratedFile, C:\Users\aliya\proje\KontrolOrtakCalisma\kontrol4\MXTmpFiles\rtos_kernelInit.tmp_save
2025-07-19 16:36:00,507 [INFO] CodeEngine:289 - Generated code: C:\Users\aliya\proje\KontrolOrtakCalisma\kontrol4\MXTmpFiles\rtos_kernelInit.tmp
2025-07-19 16:36:00,523 [INFO] CodeEngine:265 - oldGeneratedFile, C:\Users\aliya\proje\KontrolOrtakCalisma\kontrol4\MXTmpFiles\rtos_kernelStart.tmp_save
2025-07-19 16:36:00,654 [INFO] CodeEngine:289 - Generated code: C:\Users\aliya\proje\KontrolOrtakCalisma\kontrol4\MXTmpFiles\rtos_kernelStart.tmp
2025-07-19 16:36:00,662 [INFO] CodeEngine:265 - oldGeneratedFile, C:\Users\aliya\proje\KontrolOrtakCalisma\kontrol4\MXTmpFiles\rtos_typedefs.tmp_save
2025-07-19 16:36:00,837 [INFO] CodeEngine:289 - Generated code: C:\Users\aliya\proje\KontrolOrtakCalisma\kontrol4\MXTmpFiles\rtos_typedefs.tmp
2025-07-19 16:36:00,847 [INFO] CodeEngine:265 - oldGeneratedFile, C:\Users\aliya\proje\KontrolOrtakCalisma\kontrol4\MXTmpFiles\rtos_vars.tmp_save
2025-07-19 16:36:00,947 [INFO] CodeEngine:289 - Generated code: C:\Users\aliya\proje\KontrolOrtakCalisma\kontrol4\MXTmpFiles\rtos_vars.tmp
2025-07-19 16:36:00,954 [INFO] CodeEngine:265 - oldGeneratedFile, C:\Users\aliya\proje\KontrolOrtakCalisma\kontrol4\MXTmpFiles\rtos_pfp.tmp_save
2025-07-19 16:36:01,026 [INFO] CodeEngine:289 - Generated code: C:\Users\aliya\proje\KontrolOrtakCalisma\kontrol4\MXTmpFiles\rtos_pfp.tmp
2025-07-19 16:36:01,038 [INFO] CodeEngine:265 - oldGeneratedFile, C:\Users\aliya\proje\KontrolOrtakCalisma\kontrol4\MXTmpFiles\rtos_obj_creat.tmp_save
2025-07-19 16:36:01,123 [INFO] CodeEngine:289 - Generated code: C:\Users\aliya\proje\KontrolOrtakCalisma\kontrol4\MXTmpFiles\rtos_obj_creat.tmp
2025-07-19 16:36:01,132 [INFO] CodeEngine:265 - oldGeneratedFile, C:\Users\aliya\proje\KontrolOrtakCalisma\kontrol4\MXTmpFiles\rtos_default_thread.tmp_save
2025-07-19 16:36:01,196 [INFO] CodeEngine:289 - Generated code: C:\Users\aliya\proje\KontrolOrtakCalisma\kontrol4\MXTmpFiles\rtos_default_thread.tmp
2025-07-19 16:36:01,202 [INFO] CodeEngine:265 - oldGeneratedFile, C:\Users\aliya\proje\KontrolOrtakCalisma\kontrol4\MXTmpFiles\rtos_threads.tmp_save
2025-07-19 16:36:01,361 [INFO] CodeEngine:289 - Generated code: C:\Users\aliya\proje\KontrolOrtakCalisma\kontrol4\MXTmpFiles\rtos_threads.tmp
2025-07-19 16:36:01,370 [INFO] CodeEngine:265 - oldGeneratedFile, C:\Users\aliya\proje\KontrolOrtakCalisma\kontrol4\Core\Inc\FreeRTOSConfig.h_save
2025-07-19 16:36:01,463 [INFO] CodeEngine:289 - Generated code: C:\Users\aliya\proje\KontrolOrtakCalisma\kontrol4\Core\Inc\FreeRTOSConfig.h
2025-07-19 16:36:01,469 [INFO] CodeEngine:265 - oldGeneratedFile, C:\Users\aliya\proje\KontrolOrtakCalisma\kontrol4\Core\Src\freertos.c_save
2025-07-19 16:36:01,541 [INFO] CodeEngine:289 - Generated code: C:\Users\aliya\proje\KontrolOrtakCalisma\kontrol4\Core\Src\freertos.c
2025-07-19 16:36:01,560 [INFO] CodeEngine:265 - oldGeneratedFile, C:\Users\aliya\proje\KontrolOrtakCalisma\kontrol4\Core\Src\stm32f4xx_it.c_save
2025-07-19 16:36:01,630 [INFO] CodeEngine:289 - Generated code: C:\Users\aliya\proje\KontrolOrtakCalisma\kontrol4\Core\Src\stm32f4xx_it.c
2025-07-19 16:36:01,637 [INFO] CodeEngine:265 - oldGeneratedFile, C:\Users\aliya\proje\KontrolOrtakCalisma\kontrol4\Core\Inc\stm32f4xx_it.h_save
2025-07-19 16:36:01,702 [INFO] CodeEngine:289 - Generated code: C:\Users\aliya\proje\KontrolOrtakCalisma\kontrol4\Core\Inc\stm32f4xx_it.h
2025-07-19 16:36:01,719 [INFO] CodeEngine:265 - oldGeneratedFile, C:\Users\aliya\proje\KontrolOrtakCalisma\kontrol4\Core\Src\stm32f4xx_hal_msp.c_save
2025-07-19 16:36:01,805 [INFO] CodeEngine:289 - Generated code: C:\Users\aliya\proje\KontrolOrtakCalisma\kontrol4\Core\Src\stm32f4xx_hal_msp.c
2025-07-19 16:36:01,811 [INFO] CodeEngine:265 - oldGeneratedFile, C:\Users\aliya\proje\KontrolOrtakCalisma\kontrol4\MXTmpFiles\system.tmp_save
2025-07-19 16:36:01,868 [INFO] CodeEngine:289 - Generated code: C:\Users\aliya\proje\KontrolOrtakCalisma\kontrol4\MXTmpFiles\system.tmp
2025-07-19 16:36:01,877 [INFO] CodeEngine:265 - oldGeneratedFile, C:\Users\aliya\proje\KontrolOrtakCalisma\kontrol4\Core\Src\stm32f4xx_hal_timebase_tim.c_save
2025-07-19 16:36:01,944 [INFO] CodeEngine:289 - Generated code: C:\Users\aliya\proje\KontrolOrtakCalisma\kontrol4\Core\Src\stm32f4xx_hal_timebase_tim.c
2025-07-19 16:36:01,957 [INFO] CodeEngine:321 - oldGeneratedFile, C:\Users\aliya\proje\KontrolOrtakCalisma\kontrol4\Core\Inc\stm32f4xx_hal_conf.h_save
2025-07-19 16:36:02,031 [INFO] CodeEngine:345 - Generated code: C:\Users\aliya\proje\KontrolOrtakCalisma\kontrol4\Core\Inc\stm32f4xx_hal_conf.h
2025-07-19 16:36:02,050 [WARN] IPConfigManager:3238 - Warning: the RefConfig PLL2P_FOR_MCO is not available in your config.xml file
2025-07-19 16:36:02,089 [INFO] CodeEngine:265 - oldGeneratedFile, C:\Users\aliya\proje\KontrolOrtakCalisma\kontrol4\Core\Inc\main.h_save
2025-07-19 16:36:02,293 [INFO] CodeEngine:289 - Generated code: C:\Users\aliya\proje\KontrolOrtakCalisma\kontrol4\Core\Inc\main.h
2025-07-19 16:36:02,300 [INFO] CodeEngine:265 - oldGeneratedFile, C:\Users\aliya\proje\KontrolOrtakCalisma\kontrol4\Core\Src\main.c_save
2025-07-19 16:36:02,608 [INFO] CodeEngine:289 - Generated code: C:\Users\aliya\proje\KontrolOrtakCalisma\kontrol4\Core\Src\main.c
2025-07-19 16:36:03,671 [INFO] ProjectBuilder:3606 - Time for Copy HAL[1] : 269mS.
2025-07-19 16:36:03,677 [INFO] ProjectBuilder:5216 - Project Generator version: 4.7.0-B52
2025-07-19 16:36:03,759 [INFO] ConfigFileManager:1595 - The Die is : DIE421
2025-07-19 16:36:06,653 [INFO] ProjectBuilder:5496 - Time for Generating toolchain IDE Files: 2975mS.
2025-07-19 16:36:06,656 [INFO] ProjectBuilder:3463 - Time for Copy CMSIS : 2mS.
2025-07-19 16:36:06,716 [INFO] ProjectBuilder:3463 - Time for Copy CMSIS : 0mS.
2025-07-19 16:37:01,508 [INFO] UtilMem:75 - End SaveConfig() Used Memory: 475969048 Bytes (916455424)
2025-07-19 16:37:01,689 [INFO] BlockDiagram:2775 - set Specific Code input for plugin: FREERTOS
2025-07-19 16:37:01,689 [INFO] BlockDiagram:2775 - set Specific Code input for plugin: SYS
2025-07-19 16:37:01,689 [INFO] BlockDiagram:2775 - set Specific Code input for plugin: RCC
2025-07-19 16:37:01,689 [INFO] BlockDiagram:2775 - set Specific Code input for plugin: I2C
2025-07-19 16:37:01,689 [INFO] BlockDiagram:2775 - set Specific Code input for plugin: NVIC
2025-07-19 16:37:01,689 [INFO] BlockDiagram:2775 - set Specific Code input for plugin: USART
2025-07-19 16:37:01,689 [INFO] BlockDiagram:2775 - set Specific Code input for plugin: GPIO
2025-07-19 16:37:01,691 [INFO] CodeGenerator:892 - code generatio: config db path: C:\ST\STM32CubeIDE_1.18.1\STM32CubeIDE\plugins\com.st.stm32cube.common.mx_6.15.0.202507011659\\db\
2025-07-19 16:37:01,695 [WARN] IP:2250 - I2C_Coeff_DF not found: check if there is a RefParameter without a condition.
2025-07-19 16:37:01,695 [WARN] IP:2250 - Analog_Filter not found: check if there is a RefParameter without a condition.
2025-07-19 16:37:01,787 [INFO] CodeEngine:265 - oldGeneratedFile, C:\Users\aliya\proje\KontrolOrtakCalisma\kontrol4\MXTmpFiles\license.tmp_save
2025-07-19 16:37:01,847 [INFO] CodeEngine:289 - Generated code: C:\Users\aliya\proje\KontrolOrtakCalisma\kontrol4\MXTmpFiles\license.tmp
2025-07-19 16:37:01,865 [INFO] CodeEngine:265 - oldGeneratedFile, C:\Users\aliya\proje\KontrolOrtakCalisma\kontrol4\MXTmpFiles\gpio.tmp_save
2025-07-19 16:37:01,929 [INFO] CodeEngine:289 - Generated code: C:\Users\aliya\proje\KontrolOrtakCalisma\kontrol4\MXTmpFiles\gpio.tmp
2025-07-19 16:37:02,001 [INFO] Middleware:1452 - No code input for Bsp Dependency
2025-07-19 16:37:02,011 [INFO] CodeEngine:265 - oldGeneratedFile, C:\Users\aliya\proje\KontrolOrtakCalisma\kontrol4\MXTmpFiles\rtos_inc.tmp_save
2025-07-19 16:37:02,066 [INFO] CodeEngine:289 - Generated code: C:\Users\aliya\proje\KontrolOrtakCalisma\kontrol4\MXTmpFiles\rtos_inc.tmp
2025-07-19 16:37:02,070 [INFO] CodeEngine:265 - oldGeneratedFile, C:\Users\aliya\proje\KontrolOrtakCalisma\kontrol4\MXTmpFiles\rtos_kernelInit.tmp_save
2025-07-19 16:37:02,127 [INFO] CodeEngine:289 - Generated code: C:\Users\aliya\proje\KontrolOrtakCalisma\kontrol4\MXTmpFiles\rtos_kernelInit.tmp
2025-07-19 16:37:02,134 [INFO] CodeEngine:265 - oldGeneratedFile, C:\Users\aliya\proje\KontrolOrtakCalisma\kontrol4\MXTmpFiles\rtos_kernelStart.tmp_save
2025-07-19 16:37:02,199 [INFO] CodeEngine:289 - Generated code: C:\Users\aliya\proje\KontrolOrtakCalisma\kontrol4\MXTmpFiles\rtos_kernelStart.tmp
2025-07-19 16:37:02,203 [INFO] CodeEngine:265 - oldGeneratedFile, C:\Users\aliya\proje\KontrolOrtakCalisma\kontrol4\MXTmpFiles\rtos_typedefs.tmp_save
2025-07-19 16:37:02,261 [INFO] CodeEngine:289 - Generated code: C:\Users\aliya\proje\KontrolOrtakCalisma\kontrol4\MXTmpFiles\rtos_typedefs.tmp
2025-07-19 16:37:02,267 [INFO] CodeEngine:265 - oldGeneratedFile, C:\Users\aliya\proje\KontrolOrtakCalisma\kontrol4\MXTmpFiles\rtos_vars.tmp_save
2025-07-19 16:37:02,338 [INFO] CodeEngine:289 - Generated code: C:\Users\aliya\proje\KontrolOrtakCalisma\kontrol4\MXTmpFiles\rtos_vars.tmp
2025-07-19 16:37:02,344 [INFO] CodeEngine:265 - oldGeneratedFile, C:\Users\aliya\proje\KontrolOrtakCalisma\kontrol4\MXTmpFiles\rtos_pfp.tmp_save
2025-07-19 16:37:02,398 [INFO] CodeEngine:289 - Generated code: C:\Users\aliya\proje\KontrolOrtakCalisma\kontrol4\MXTmpFiles\rtos_pfp.tmp
2025-07-19 16:37:02,407 [INFO] CodeEngine:265 - oldGeneratedFile, C:\Users\aliya\proje\KontrolOrtakCalisma\kontrol4\MXTmpFiles\rtos_obj_creat.tmp_save
2025-07-19 16:37:02,470 [INFO] CodeEngine:289 - Generated code: C:\Users\aliya\proje\KontrolOrtakCalisma\kontrol4\MXTmpFiles\rtos_obj_creat.tmp
2025-07-19 16:37:02,476 [INFO] CodeEngine:265 - oldGeneratedFile, C:\Users\aliya\proje\KontrolOrtakCalisma\kontrol4\MXTmpFiles\rtos_default_thread.tmp_save
2025-07-19 16:37:02,531 [INFO] CodeEngine:289 - Generated code: C:\Users\aliya\proje\KontrolOrtakCalisma\kontrol4\MXTmpFiles\rtos_default_thread.tmp
2025-07-19 16:37:02,536 [INFO] CodeEngine:265 - oldGeneratedFile, C:\Users\aliya\proje\KontrolOrtakCalisma\kontrol4\MXTmpFiles\rtos_threads.tmp_save
2025-07-19 16:37:02,594 [INFO] CodeEngine:289 - Generated code: C:\Users\aliya\proje\KontrolOrtakCalisma\kontrol4\MXTmpFiles\rtos_threads.tmp
2025-07-19 16:37:02,608 [INFO] Middleware:1452 - No code input for Bsp Dependency
2025-07-19 16:37:02,617 [INFO] CodeEngine:265 - oldGeneratedFile, C:\Users\aliya\proje\KontrolOrtakCalisma\kontrol4\MXTmpFiles\rtos_inc.tmp_save
2025-07-19 16:37:02,672 [INFO] CodeEngine:289 - Generated code: C:\Users\aliya\proje\KontrolOrtakCalisma\kontrol4\MXTmpFiles\rtos_inc.tmp
2025-07-19 16:37:02,680 [INFO] CodeEngine:265 - oldGeneratedFile, C:\Users\aliya\proje\KontrolOrtakCalisma\kontrol4\MXTmpFiles\rtos_kernelInit.tmp_save
2025-07-19 16:37:02,737 [INFO] CodeEngine:289 - Generated code: C:\Users\aliya\proje\KontrolOrtakCalisma\kontrol4\MXTmpFiles\rtos_kernelInit.tmp
2025-07-19 16:37:02,745 [INFO] CodeEngine:265 - oldGeneratedFile, C:\Users\aliya\proje\KontrolOrtakCalisma\kontrol4\MXTmpFiles\rtos_kernelStart.tmp_save
2025-07-19 16:37:02,801 [INFO] CodeEngine:289 - Generated code: C:\Users\aliya\proje\KontrolOrtakCalisma\kontrol4\MXTmpFiles\rtos_kernelStart.tmp
2025-07-19 16:37:02,808 [INFO] CodeEngine:265 - oldGeneratedFile, C:\Users\aliya\proje\KontrolOrtakCalisma\kontrol4\MXTmpFiles\rtos_typedefs.tmp_save
2025-07-19 16:37:02,867 [INFO] CodeEngine:289 - Generated code: C:\Users\aliya\proje\KontrolOrtakCalisma\kontrol4\MXTmpFiles\rtos_typedefs.tmp
2025-07-19 16:37:02,876 [INFO] CodeEngine:265 - oldGeneratedFile, C:\Users\aliya\proje\KontrolOrtakCalisma\kontrol4\MXTmpFiles\rtos_vars.tmp_save
2025-07-19 16:37:02,936 [INFO] CodeEngine:289 - Generated code: C:\Users\aliya\proje\KontrolOrtakCalisma\kontrol4\MXTmpFiles\rtos_vars.tmp
2025-07-19 16:37:02,946 [INFO] CodeEngine:265 - oldGeneratedFile, C:\Users\aliya\proje\KontrolOrtakCalisma\kontrol4\MXTmpFiles\rtos_pfp.tmp_save
2025-07-19 16:37:03,001 [INFO] CodeEngine:289 - Generated code: C:\Users\aliya\proje\KontrolOrtakCalisma\kontrol4\MXTmpFiles\rtos_pfp.tmp
2025-07-19 16:37:03,009 [INFO] CodeEngine:265 - oldGeneratedFile, C:\Users\aliya\proje\KontrolOrtakCalisma\kontrol4\MXTmpFiles\rtos_obj_creat.tmp_save
2025-07-19 16:37:03,069 [INFO] CodeEngine:289 - Generated code: C:\Users\aliya\proje\KontrolOrtakCalisma\kontrol4\MXTmpFiles\rtos_obj_creat.tmp
2025-07-19 16:37:03,077 [INFO] CodeEngine:265 - oldGeneratedFile, C:\Users\aliya\proje\KontrolOrtakCalisma\kontrol4\MXTmpFiles\rtos_default_thread.tmp_save
2025-07-19 16:37:03,134 [INFO] CodeEngine:289 - Generated code: C:\Users\aliya\proje\KontrolOrtakCalisma\kontrol4\MXTmpFiles\rtos_default_thread.tmp
2025-07-19 16:37:03,142 [INFO] CodeEngine:265 - oldGeneratedFile, C:\Users\aliya\proje\KontrolOrtakCalisma\kontrol4\MXTmpFiles\rtos_threads.tmp_save
2025-07-19 16:37:03,199 [INFO] CodeEngine:289 - Generated code: C:\Users\aliya\proje\KontrolOrtakCalisma\kontrol4\MXTmpFiles\rtos_threads.tmp
2025-07-19 16:37:03,207 [INFO] CodeEngine:265 - oldGeneratedFile, C:\Users\aliya\proje\KontrolOrtakCalisma\kontrol4\Core\Inc\FreeRTOSConfig.h_save
2025-07-19 16:37:03,369 [INFO] CodeEngine:289 - Generated code: C:\Users\aliya\proje\KontrolOrtakCalisma\kontrol4\Core\Inc\FreeRTOSConfig.h
2025-07-19 16:37:03,396 [INFO] CodeEngine:265 - oldGeneratedFile, C:\Users\aliya\proje\KontrolOrtakCalisma\kontrol4\Core\Src\freertos.c_save
2025-07-19 16:37:03,598 [INFO] CodeEngine:289 - Generated code: C:\Users\aliya\proje\KontrolOrtakCalisma\kontrol4\Core\Src\freertos.c
2025-07-19 16:37:03,613 [INFO] CodeEngine:265 - oldGeneratedFile, C:\Users\aliya\proje\KontrolOrtakCalisma\kontrol4\Core\Src\stm32f4xx_it.c_save
2025-07-19 16:37:03,707 [INFO] CodeEngine:289 - Generated code: C:\Users\aliya\proje\KontrolOrtakCalisma\kontrol4\Core\Src\stm32f4xx_it.c
2025-07-19 16:37:03,714 [INFO] CodeEngine:265 - oldGeneratedFile, C:\Users\aliya\proje\KontrolOrtakCalisma\kontrol4\Core\Inc\stm32f4xx_it.h_save
2025-07-19 16:37:03,782 [INFO] CodeEngine:289 - Generated code: C:\Users\aliya\proje\KontrolOrtakCalisma\kontrol4\Core\Inc\stm32f4xx_it.h
2025-07-19 16:37:03,798 [INFO] CodeEngine:265 - oldGeneratedFile, C:\Users\aliya\proje\KontrolOrtakCalisma\kontrol4\Core\Src\stm32f4xx_hal_msp.c_save
2025-07-19 16:37:03,889 [INFO] CodeEngine:289 - Generated code: C:\Users\aliya\proje\KontrolOrtakCalisma\kontrol4\Core\Src\stm32f4xx_hal_msp.c
2025-07-19 16:37:03,896 [INFO] CodeEngine:265 - oldGeneratedFile, C:\Users\aliya\proje\KontrolOrtakCalisma\kontrol4\MXTmpFiles\system.tmp_save
2025-07-19 16:37:03,981 [INFO] CodeEngine:289 - Generated code: C:\Users\aliya\proje\KontrolOrtakCalisma\kontrol4\MXTmpFiles\system.tmp
2025-07-19 16:37:03,999 [INFO] CodeEngine:265 - oldGeneratedFile, C:\Users\aliya\proje\KontrolOrtakCalisma\kontrol4\Core\Src\stm32f4xx_hal_timebase_tim.c_save
2025-07-19 16:37:04,171 [INFO] CodeEngine:289 - Generated code: C:\Users\aliya\proje\KontrolOrtakCalisma\kontrol4\Core\Src\stm32f4xx_hal_timebase_tim.c
2025-07-19 16:37:04,200 [INFO] CodeEngine:321 - oldGeneratedFile, C:\Users\aliya\proje\KontrolOrtakCalisma\kontrol4\Core\Inc\stm32f4xx_hal_conf.h_save
2025-07-19 16:37:04,391 [INFO] CodeEngine:345 - Generated code: C:\Users\aliya\proje\KontrolOrtakCalisma\kontrol4\Core\Inc\stm32f4xx_hal_conf.h
2025-07-19 16:37:04,427 [WARN] IPConfigManager:3238 - Warning: the RefConfig PLL2P_FOR_MCO is not available in your config.xml file
2025-07-19 16:37:04,465 [INFO] CodeEngine:265 - oldGeneratedFile, C:\Users\aliya\proje\KontrolOrtakCalisma\kontrol4\Core\Inc\main.h_save
2025-07-19 16:37:04,578 [INFO] CodeEngine:289 - Generated code: C:\Users\aliya\proje\KontrolOrtakCalisma\kontrol4\Core\Inc\main.h
2025-07-19 16:37:04,584 [INFO] CodeEngine:265 - oldGeneratedFile, C:\Users\aliya\proje\KontrolOrtakCalisma\kontrol4\Core\Src\main.c_save
2025-07-19 16:37:04,729 [INFO] CodeEngine:289 - Generated code: C:\Users\aliya\proje\KontrolOrtakCalisma\kontrol4\Core\Src\main.c
2025-07-19 16:37:05,252 [INFO] ProjectBuilder:3606 - Time for Copy HAL[1] : 312mS.
2025-07-19 16:37:05,264 [INFO] ProjectBuilder:5216 - Project Generator version: 4.7.0-B52
2025-07-19 16:37:05,481 [INFO] ConfigFileManager:1595 - The Die is : DIE421
2025-07-19 16:37:07,762 [INFO] ProjectBuilder:5496 - Time for Generating toolchain IDE Files: 2497mS.
2025-07-19 16:37:07,765 [INFO] ProjectBuilder:3463 - Time for Copy CMSIS : 2mS.
2025-07-19 16:37:07,804 [INFO] ProjectBuilder:3463 - Time for Copy CMSIS : 0mS.
2025-07-19 16:37:21,787 [ERROR] RtosPanel:558 - Can not restore the selected Tab for FREERTOS(A reason can be that the tab is no more available.)
2025-07-19 16:37:24,491 [INFO] TasksAndQueuesTab:757 - Dynamic
2025-07-19 16:37:24,492 [WARN] TasksAndQueuesTab:763 - 128 128
2025-07-19 16:37:24,492 [WARN] TasksAndQueuesTab:775 - max value is: 3840.0
2025-07-19 16:37:27,414 [INFO] UtilMem:75 - End SaveConfig() Used Memory: 496571000 Bytes (916455424)
2025-07-19 16:37:29,948 [INFO] TasksAndQueuesTab:757 - Dynamic
2025-07-19 16:37:29,948 [WARN] TasksAndQueuesTab:763 - 128 128
2025-07-19 16:37:29,948 [WARN] TasksAndQueuesTab:775 - max value is: 3840.0
2025-07-19 16:38:02,186 [INFO] UtilMem:75 - End SaveConfig() Used Memory: 279993800 Bytes (916455424)
2025-07-19 16:38:03,141 [INFO] UtilMem:75 - End SaveConfig() Used Memory: 304111048 Bytes (916455424)
2025-07-19 16:38:03,649 [INFO] UtilMem:75 - End SaveConfig() Used Memory: 342908360 Bytes (916455424)
2025-07-19 16:38:06,845 [INFO] BlockDiagram:2775 - set Specific Code input for plugin: FREERTOS
2025-07-19 16:38:06,845 [INFO] BlockDiagram:2775 - set Specific Code input for plugin: TIM1_8
2025-07-19 16:38:06,845 [INFO] BlockDiagram:2775 - set Specific Code input for plugin: SYS
2025-07-19 16:38:06,845 [INFO] BlockDiagram:2775 - set Specific Code input for plugin: RCC
2025-07-19 16:38:06,845 [INFO] BlockDiagram:2775 - set Specific Code input for plugin: I2C
2025-07-19 16:38:06,845 [INFO] BlockDiagram:2775 - set Specific Code input for plugin: NVIC
2025-07-19 16:38:06,845 [INFO] BlockDiagram:2775 - set Specific Code input for plugin: USART
2025-07-19 16:38:06,845 [INFO] BlockDiagram:2775 - set Specific Code input for plugin: GPIO
2025-07-19 16:38:06,846 [INFO] CodeGenerator:892 - code generatio: config db path: C:\ST\STM32CubeIDE_1.18.1\STM32CubeIDE\plugins\com.st.stm32cube.common.mx_6.15.0.202507011659\\db\
2025-07-19 16:38:06,850 [WARN] IP:2250 - I2C_Coeff_DF not found: check if there is a RefParameter without a condition.
2025-07-19 16:38:06,850 [WARN] IP:2250 - Analog_Filter not found: check if there is a RefParameter without a condition.
2025-07-19 16:38:06,944 [INFO] CodeEngine:265 - oldGeneratedFile, C:\Users\aliya\proje\KontrolOrtakCalisma\kontrol4\MXTmpFiles\license.tmp_save
2025-07-19 16:38:06,999 [INFO] CodeEngine:289 - Generated code: C:\Users\aliya\proje\KontrolOrtakCalisma\kontrol4\MXTmpFiles\license.tmp
2025-07-19 16:38:07,016 [INFO] CodeEngine:265 - oldGeneratedFile, C:\Users\aliya\proje\KontrolOrtakCalisma\kontrol4\MXTmpFiles\gpio.tmp_save
2025-07-19 16:38:07,092 [INFO] CodeEngine:289 - Generated code: C:\Users\aliya\proje\KontrolOrtakCalisma\kontrol4\MXTmpFiles\gpio.tmp
2025-07-19 16:38:07,406 [INFO] Middleware:1452 - No code input for Bsp Dependency
2025-07-19 16:38:07,421 [INFO] CodeEngine:265 - oldGeneratedFile, C:\Users\aliya\proje\KontrolOrtakCalisma\kontrol4\MXTmpFiles\rtos_inc.tmp_save
2025-07-19 16:38:07,495 [INFO] CodeEngine:289 - Generated code: C:\Users\aliya\proje\KontrolOrtakCalisma\kontrol4\MXTmpFiles\rtos_inc.tmp
2025-07-19 16:38:07,503 [INFO] CodeEngine:265 - oldGeneratedFile, C:\Users\aliya\proje\KontrolOrtakCalisma\kontrol4\MXTmpFiles\rtos_kernelInit.tmp_save
2025-07-19 16:38:07,612 [INFO] CodeEngine:289 - Generated code: C:\Users\aliya\proje\KontrolOrtakCalisma\kontrol4\MXTmpFiles\rtos_kernelInit.tmp
2025-07-19 16:38:07,617 [INFO] CodeEngine:265 - oldGeneratedFile, C:\Users\aliya\proje\KontrolOrtakCalisma\kontrol4\MXTmpFiles\rtos_kernelStart.tmp_save
2025-07-19 16:38:07,674 [INFO] CodeEngine:289 - Generated code: C:\Users\aliya\proje\KontrolOrtakCalisma\kontrol4\MXTmpFiles\rtos_kernelStart.tmp
2025-07-19 16:38:07,678 [INFO] CodeEngine:265 - oldGeneratedFile, C:\Users\aliya\proje\KontrolOrtakCalisma\kontrol4\MXTmpFiles\rtos_typedefs.tmp_save
2025-07-19 16:38:07,741 [INFO] CodeEngine:289 - Generated code: C:\Users\aliya\proje\KontrolOrtakCalisma\kontrol4\MXTmpFiles\rtos_typedefs.tmp
2025-07-19 16:38:07,746 [INFO] CodeEngine:265 - oldGeneratedFile, C:\Users\aliya\proje\KontrolOrtakCalisma\kontrol4\MXTmpFiles\rtos_vars.tmp_save
2025-07-19 16:38:07,810 [INFO] CodeEngine:289 - Generated code: C:\Users\aliya\proje\KontrolOrtakCalisma\kontrol4\MXTmpFiles\rtos_vars.tmp
2025-07-19 16:38:07,814 [INFO] CodeEngine:265 - oldGeneratedFile, C:\Users\aliya\proje\KontrolOrtakCalisma\kontrol4\MXTmpFiles\rtos_pfp.tmp_save
2025-07-19 16:38:07,876 [INFO] CodeEngine:289 - Generated code: C:\Users\aliya\proje\KontrolOrtakCalisma\kontrol4\MXTmpFiles\rtos_pfp.tmp
2025-07-19 16:38:07,881 [INFO] CodeEngine:265 - oldGeneratedFile, C:\Users\aliya\proje\KontrolOrtakCalisma\kontrol4\MXTmpFiles\rtos_obj_creat.tmp_save
2025-07-19 16:38:07,960 [INFO] CodeEngine:289 - Generated code: C:\Users\aliya\proje\KontrolOrtakCalisma\kontrol4\MXTmpFiles\rtos_obj_creat.tmp
2025-07-19 16:38:07,964 [INFO] CodeEngine:265 - oldGeneratedFile, C:\Users\aliya\proje\KontrolOrtakCalisma\kontrol4\MXTmpFiles\rtos_default_thread.tmp_save
2025-07-19 16:38:08,023 [INFO] CodeEngine:289 - Generated code: C:\Users\aliya\proje\KontrolOrtakCalisma\kontrol4\MXTmpFiles\rtos_default_thread.tmp
2025-07-19 16:38:08,028 [INFO] CodeEngine:265 - oldGeneratedFile, C:\Users\aliya\proje\KontrolOrtakCalisma\kontrol4\MXTmpFiles\rtos_threads.tmp_save
2025-07-19 16:38:08,082 [INFO] CodeEngine:289 - Generated code: C:\Users\aliya\proje\KontrolOrtakCalisma\kontrol4\MXTmpFiles\rtos_threads.tmp
2025-07-19 16:38:08,097 [INFO] Middleware:1452 - No code input for Bsp Dependency
2025-07-19 16:38:08,109 [INFO] CodeEngine:265 - oldGeneratedFile, C:\Users\aliya\proje\KontrolOrtakCalisma\kontrol4\MXTmpFiles\rtos_inc.tmp_save
2025-07-19 16:38:08,164 [INFO] CodeEngine:289 - Generated code: C:\Users\aliya\proje\KontrolOrtakCalisma\kontrol4\MXTmpFiles\rtos_inc.tmp
2025-07-19 16:38:08,173 [INFO] CodeEngine:265 - oldGeneratedFile, C:\Users\aliya\proje\KontrolOrtakCalisma\kontrol4\MXTmpFiles\rtos_kernelInit.tmp_save
2025-07-19 16:38:08,230 [INFO] CodeEngine:289 - Generated code: C:\Users\aliya\proje\KontrolOrtakCalisma\kontrol4\MXTmpFiles\rtos_kernelInit.tmp
2025-07-19 16:38:08,239 [INFO] CodeEngine:265 - oldGeneratedFile, C:\Users\aliya\proje\KontrolOrtakCalisma\kontrol4\MXTmpFiles\rtos_kernelStart.tmp_save
2025-07-19 16:38:08,295 [INFO] CodeEngine:289 - Generated code: C:\Users\aliya\proje\KontrolOrtakCalisma\kontrol4\MXTmpFiles\rtos_kernelStart.tmp
2025-07-19 16:38:08,303 [INFO] CodeEngine:265 - oldGeneratedFile, C:\Users\aliya\proje\KontrolOrtakCalisma\kontrol4\MXTmpFiles\rtos_typedefs.tmp_save
2025-07-19 16:38:08,358 [INFO] CodeEngine:289 - Generated code: C:\Users\aliya\proje\KontrolOrtakCalisma\kontrol4\MXTmpFiles\rtos_typedefs.tmp
2025-07-19 16:38:08,365 [INFO] CodeEngine:265 - oldGeneratedFile, C:\Users\aliya\proje\KontrolOrtakCalisma\kontrol4\MXTmpFiles\rtos_vars.tmp_save
2025-07-19 16:38:08,427 [INFO] CodeEngine:289 - Generated code: C:\Users\aliya\proje\KontrolOrtakCalisma\kontrol4\MXTmpFiles\rtos_vars.tmp
2025-07-19 16:38:08,436 [INFO] CodeEngine:265 - oldGeneratedFile, C:\Users\aliya\proje\KontrolOrtakCalisma\kontrol4\MXTmpFiles\rtos_pfp.tmp_save
2025-07-19 16:38:08,493 [INFO] CodeEngine:289 - Generated code: C:\Users\aliya\proje\KontrolOrtakCalisma\kontrol4\MXTmpFiles\rtos_pfp.tmp
2025-07-19 16:38:08,501 [INFO] CodeEngine:265 - oldGeneratedFile, C:\Users\aliya\proje\KontrolOrtakCalisma\kontrol4\MXTmpFiles\rtos_obj_creat.tmp_save
2025-07-19 16:38:08,562 [INFO] CodeEngine:289 - Generated code: C:\Users\aliya\proje\KontrolOrtakCalisma\kontrol4\MXTmpFiles\rtos_obj_creat.tmp
2025-07-19 16:38:08,570 [INFO] CodeEngine:265 - oldGeneratedFile, C:\Users\aliya\proje\KontrolOrtakCalisma\kontrol4\MXTmpFiles\rtos_default_thread.tmp_save
2025-07-19 16:38:08,631 [INFO] CodeEngine:289 - Generated code: C:\Users\aliya\proje\KontrolOrtakCalisma\kontrol4\MXTmpFiles\rtos_default_thread.tmp
2025-07-19 16:38:08,637 [INFO] CodeEngine:265 - oldGeneratedFile, C:\Users\aliya\proje\KontrolOrtakCalisma\kontrol4\MXTmpFiles\rtos_threads.tmp_save
2025-07-19 16:38:08,693 [INFO] CodeEngine:289 - Generated code: C:\Users\aliya\proje\KontrolOrtakCalisma\kontrol4\MXTmpFiles\rtos_threads.tmp
2025-07-19 16:38:08,702 [INFO] CodeEngine:265 - oldGeneratedFile, C:\Users\aliya\proje\KontrolOrtakCalisma\kontrol4\Core\Inc\FreeRTOSConfig.h_save
2025-07-19 16:38:08,780 [INFO] CodeEngine:289 - Generated code: C:\Users\aliya\proje\KontrolOrtakCalisma\kontrol4\Core\Inc\FreeRTOSConfig.h
2025-07-19 16:38:08,789 [INFO] CodeEngine:265 - oldGeneratedFile, C:\Users\aliya\proje\KontrolOrtakCalisma\kontrol4\Core\Src\freertos.c_save
2025-07-19 16:38:08,852 [INFO] CodeEngine:289 - Generated code: C:\Users\aliya\proje\KontrolOrtakCalisma\kontrol4\Core\Src\freertos.c
2025-07-19 16:38:08,868 [INFO] CodeEngine:265 - oldGeneratedFile, C:\Users\aliya\proje\KontrolOrtakCalisma\kontrol4\Core\Src\stm32f4xx_it.c_save
2025-07-19 16:38:08,936 [INFO] CodeEngine:289 - Generated code: C:\Users\aliya\proje\KontrolOrtakCalisma\kontrol4\Core\Src\stm32f4xx_it.c
2025-07-19 16:38:08,943 [INFO] CodeEngine:265 - oldGeneratedFile, C:\Users\aliya\proje\KontrolOrtakCalisma\kontrol4\Core\Inc\stm32f4xx_it.h_save
2025-07-19 16:38:09,005 [INFO] CodeEngine:289 - Generated code: C:\Users\aliya\proje\KontrolOrtakCalisma\kontrol4\Core\Inc\stm32f4xx_it.h
2025-07-19 16:38:09,022 [INFO] CodeEngine:265 - oldGeneratedFile, C:\Users\aliya\proje\KontrolOrtakCalisma\kontrol4\Core\Src\stm32f4xx_hal_msp.c_save
2025-07-19 16:38:09,126 [INFO] CodeEngine:289 - Generated code: C:\Users\aliya\proje\KontrolOrtakCalisma\kontrol4\Core\Src\stm32f4xx_hal_msp.c
2025-07-19 16:38:09,132 [INFO] CodeEngine:265 - oldGeneratedFile, C:\Users\aliya\proje\KontrolOrtakCalisma\kontrol4\MXTmpFiles\system.tmp_save
2025-07-19 16:38:09,206 [INFO] CodeEngine:289 - Generated code: C:\Users\aliya\proje\KontrolOrtakCalisma\kontrol4\MXTmpFiles\system.tmp
2025-07-19 16:38:09,212 [INFO] CodeEngine:265 - oldGeneratedFile, C:\Users\aliya\proje\KontrolOrtakCalisma\kontrol4\Core\Src\stm32f4xx_hal_timebase_tim.c_save
2025-07-19 16:38:09,374 [INFO] CodeEngine:289 - Generated code: C:\Users\aliya\proje\KontrolOrtakCalisma\kontrol4\Core\Src\stm32f4xx_hal_timebase_tim.c
2025-07-19 16:38:09,386 [INFO] CodeEngine:321 - oldGeneratedFile, C:\Users\aliya\proje\KontrolOrtakCalisma\kontrol4\Core\Inc\stm32f4xx_hal_conf.h_save
2025-07-19 16:38:09,456 [INFO] CodeEngine:345 - Generated code: C:\Users\aliya\proje\KontrolOrtakCalisma\kontrol4\Core\Inc\stm32f4xx_hal_conf.h
2025-07-19 16:38:09,472 [WARN] IPConfigManager:3238 - Warning: the RefConfig PLL2P_FOR_MCO is not available in your config.xml file
2025-07-19 16:38:09,485 [INFO] ApiDbMcu:532 - Load IP Config File for TIM1
2025-07-19 16:38:09,486 [WARN] IPConfigManager:3811 - IP not found : TIM
2025-07-19 16:38:09,487 [WARN] CodeGenerator:4259 - IP not found : null
2025-07-19 16:38:09,497 [INFO] CodeEngine:265 - oldGeneratedFile, C:\Users\aliya\proje\KontrolOrtakCalisma\kontrol4\Core\Inc\main.h_save
2025-07-19 16:38:09,588 [INFO] CodeEngine:289 - Generated code: C:\Users\aliya\proje\KontrolOrtakCalisma\kontrol4\Core\Inc\main.h
2025-07-19 16:38:09,597 [INFO] CodeEngine:265 - oldGeneratedFile, C:\Users\aliya\proje\KontrolOrtakCalisma\kontrol4\Core\Src\main.c_save
2025-07-19 16:38:09,771 [INFO] CodeEngine:289 - Generated code: C:\Users\aliya\proje\KontrolOrtakCalisma\kontrol4\Core\Src\main.c
2025-07-19 16:38:10,257 [INFO] ProjectBuilder:3606 - Time for Copy HAL[1] : 271mS.
2025-07-19 16:38:10,261 [INFO] ProjectBuilder:5216 - Project Generator version: 4.7.0-B52
2025-07-19 16:38:10,356 [INFO] ConfigFileManager:1595 - The Die is : DIE421
2025-07-19 16:38:12,479 [INFO] ProjectBuilder:5496 - Time for Generating toolchain IDE Files: 2217mS.
2025-07-19 16:38:12,481 [INFO] ProjectBuilder:3463 - Time for Copy CMSIS : 2mS.
2025-07-19 16:38:12,498 [INFO] ProjectBuilder:3463 - Time for Copy CMSIS : 1mS.
2025-07-19 16:38:36,731 [INFO] MainUpdater:2872 - connection check result : 10
2025-07-19 16:38:36,942 [INFO] McuFinderGlobals:76 - Set McuFinderConnectedMode to true
2025-07-19 16:38:36,979 [INFO] MultiScanPanel:200 - Auto-refresh data requested => check proxy status ongoing
2025-07-19 16:38:36,986 [INFO] FinderPluginLoader:96 - Searching for filters in installed packs
2025-07-19 16:38:38,792 [INFO] LoadUrlFilesThread:185 - End of LoadServerUrlFiles without Thread
2025-07-19 16:38:38,881 [INFO] DetailPanel:341 - Set advertising image to C:/Users/aliya/STM32Cube/Repository/\en.2400x1350px.jpeg
2025-07-19 17:16:58,604 [INFO] MultiScanPanel:200 - Auto-refresh data requested => check proxy status ongoing
2025-07-19 17:16:58,761 [INFO] LoadUrlFilesThread:185 - End of LoadServerUrlFiles without Thread
2025-07-19 17:16:58,762 [INFO] DetailPanel:341 - Set advertising image to C:/Users/aliya/STM32Cube/Repository/\en.2400x1350px.jpeg
2025-07-19 17:16:58,789 [INFO] DbBoards:642 - Loading board mini-images...
2025-07-19 17:17:01,307 [ERROR] DbBoards:659 - Image file not found for board STM32MP215F-DK: C:\Users\aliya\.stmcufinder\plugins\mcufinder//mcu//boards_images/STM32MP215F-DK.jpg
2025-07-19 17:17:01,447 [INFO] DbBoards:665 - Loaded 211 board mini-images
2025-07-19 17:17:48,137 [INFO] MainUpdater:2872 - connection check result : 10
2025-07-19 17:17:48,137 [INFO] MainUpdater:2872 - connection check result : 10
2025-07-19 17:17:48,156 [INFO] MicroXplorer:468 - Change Database Path : 
2025-07-19 17:17:48,157 [INFO] MicroXplorer:498 - Change Database Version : DB.6.0.150
2025-07-19 17:17:48,167 [ERROR] ProjectManagerView:395 - 
java.lang.NullPointerException: Cannot invoke "javax.swing.JTextField.getText()" because the return value of "java.util.List.get(int)" is null
	at com.st.microxplorer.plugins.projectmanager.gui.ProjectChoiceTab$9.caretUpdate(ProjectChoiceTab.java:2706) ~[filemanager.jar:?]
	at javax.swing.text.JTextComponent.fireCaretUpdate(JTextComponent.java:408) ~[?:?]
	at javax.swing.text.JTextComponent$MutableCaretEvent.fire(JTextComponent.java:4484) ~[?:?]
	at javax.swing.text.JTextComponent$MutableCaretEvent.stateChanged(JTextComponent.java:4506) ~[?:?]
	at javax.swing.text.DefaultCaret.fireStateChanged(DefaultCaret.java:857) ~[?:?]
	at javax.swing.text.DefaultCaret.changeCaretPosition(DefaultCaret.java:1343) ~[?:?]
	at javax.swing.text.DefaultCaret.handleSetDot(DefaultCaret.java:1242) ~[?:?]
	at javax.swing.text.DefaultCaret.setDot(DefaultCaret.java:1223) ~[?:?]
	at javax.swing.text.DefaultCaret$Handler.insertUpdate(DefaultCaret.java:1819) ~[?:?]
	at javax.swing.text.AbstractDocument.fireInsertUpdate(AbstractDocument.java:227) ~[?:?]
	at javax.swing.text.AbstractDocument.handleInsertString(AbstractDocument.java:781) ~[?:?]
	at javax.swing.text.AbstractDocument.insertString(AbstractDocument.java:740) ~[?:?]
	at javax.swing.text.PlainDocument.insertString(PlainDocument.java:131) ~[?:?]
	at javax.swing.text.AbstractDocument.replace(AbstractDocument.java:699) ~[?:?]
	at javax.swing.text.JTextComponent.setText(JTextComponent.java:1725) ~[?:?]
	at com.st.microxplorer.plugins.projectmanager.gui.ProjectChoiceTab.createHeapStackFields(ProjectChoiceTab.java:993) ~[filemanager.jar:?]
	at com.st.microxplorer.plugins.projectmanager.gui.ProjectChoiceTab.buildLinkSettingsPanel(ProjectChoiceTab.java:3813) ~[filemanager.jar:?]
	at com.st.microxplorer.plugins.projectmanager.gui.ProjectChoiceTab.defineWindowsFields(ProjectChoiceTab.java:1987) ~[filemanager.jar:?]
	at com.st.microxplorer.plugins.projectmanager.gui.ProjectChoiceTab.updateSettings(ProjectChoiceTab.java:558) ~[filemanager.jar:?]
	at com.st.microxplorer.plugins.projectmanager.gui.ProjectSettingsPanel.UpdateDialog(ProjectSettingsPanel.java:247) ~[filemanager.jar:?]
	at com.st.microxplorer.plugins.projectmanager.ProjectManagerView.propertyChange(ProjectManagerView.java:392) ~[filemanager.jar:?]
	at java.beans.PropertyChangeSupport.fire(PropertyChangeSupport.java:343) ~[?:?]
	at java.beans.PropertyChangeSupport.firePropertyChange(PropertyChangeSupport.java:335) ~[?:?]
	at java.beans.PropertyChangeSupport.firePropertyChange(PropertyChangeSupport.java:268) ~[?:?]
	at com.st.microxplorer.util.MXPropertyChangeSupport.firePropertyChange(MXPropertyChangeSupport.java:54) ~[STM32CubeMX.jar:?]
	at com.st.microxplorer.mxsystem.MxSystem.closeConfig(MxSystem.java:899) ~[STM32CubeMX.jar:?]
	at com.st.microxplorer.maingui.MainPanel.closeConfig(MainPanel.java:792) ~[STM32CubeMX.jar:?]
	at com.st.microxplorer.plugins.filemanager.engine.OpenFileManager.loadConfigurationFile(OpenFileManager.java:288) ~[filemanager.jar:?]
	at com.st.microxplorer.plugins.filemanager.engine.MainFileManager.userLoadConfig(MainFileManager.java:364) ~[filemanager.jar:?]
	at com.st.microxplorer.plugins.filemanager.FileManagerView.getSpecificTask(FileManagerView.java:268) ~[filemanager.jar:?]
	at com.st.stm32cube.common.mx.editor.CubeMxEditor.getMxTabbedPaneInstance(CubeMxEditor.java:1191) ~[com.st.stm32cube.common.mx_6.15.0.202507011659/:?]
	at com.st.stm32cube.common.mx.editor.CubeMxEditor$12$1.createSwingComponent(CubeMxEditor.java:1068) ~[com.st.stm32cube.common.mx_6.15.0.202507011659/:?]
	at com.st.stm32cube.common.mx.oss.core.awtswtbridge.EmbeddedSwingComposite.doComponentCreation(EmbeddedSwingComposite.java:492) ~[com.st.stm32cube.common.mx.oss_6.15.0.202507011659/:?]
	at com.st.stm32cube.common.mx.oss.core.awtswtbridge.EmbeddedSwingComposite$4.run(EmbeddedSwingComposite.java:291) ~[com.st.stm32cube.common.mx.oss_6.15.0.202507011659/:?]
	at com.st.stm32cube.common.mx.oss.core.awtswtbridge.AwtEnvironment$2.run(AwtEnvironment.java:166) ~[com.st.stm32cube.common.mx.oss_6.15.0.202507011659/:?]
	at java.awt.event.InvocationEvent.dispatch(InvocationEvent.java:318) ~[?:?]
	at java.awt.EventQueue.dispatchEventImpl(EventQueue.java:773) ~[?:?]
	at java.awt.EventQueue$4.run(EventQueue.java:720) ~[?:?]
	at java.awt.EventQueue$4.run(EventQueue.java:714) ~[?:?]
	at java.security.AccessController.doPrivileged(AccessController.java:400) ~[?:?]
	at java.security.ProtectionDomain$JavaSecurityAccessImpl.doIntersectionPrivilege(ProtectionDomain.java:87) ~[?:?]
	at java.awt.EventQueue.dispatchEvent(EventQueue.java:742) ~[?:?]
	at java.awt.EventDispatchThread.pumpOneEventForFilters(EventDispatchThread.java:203) ~[?:?]
	at java.awt.EventDispatchThread.pumpEventsForFilter(EventDispatchThread.java:124) ~[?:?]
	at java.awt.EventDispatchThread.pumpEventsForHierarchy(EventDispatchThread.java:113) ~[?:?]
	at java.awt.EventDispatchThread.pumpEvents(EventDispatchThread.java:109) ~[?:?]
	at java.awt.EventDispatchThread.pumpEvents(EventDispatchThread.java:101) ~[?:?]
	at java.awt.EventDispatchThread.run(EventDispatchThread.java:90) ~[?:?]
2025-07-19 17:17:48,179 [WARN] ThirdParty:871 - waiting for thirdparty lock release [close project]
2025-07-19 17:17:48,179 [INFO] ThirdParty:873 - entering critical section [close project]
2025-07-19 17:17:48,180 [INFO] ThirdParty:883 - exiting critical section [close project]
2025-07-19 17:17:48,184 [INFO] PinOutPanel:1589 - setPackage(No Configuration,No Configuration)
2025-07-19 17:17:48,202 [WARN] IpParametersView:155 - Warning: This peripheral hasn't parameters
2025-07-19 17:17:48,210 [WARN] MainPanel:289 - <html><b><center>Warning: This peripheral has no parameters to be configured<br></b></html>
2025-07-19 17:17:48,216 [INFO] UtilMem:75 - Begin LoadConfig() Used Memory: 875386880 Bytes (994050048)
2025-07-19 17:17:48,217 [INFO] OpenFileManager:355 - Change cursor
2025-07-19 17:17:48,275 [INFO] RulesReader:64 - Compatibility file has been processed (317 Rules)
2025-07-19 17:17:48,286 [INFO] ProjectFactory:514 - No CPN specified for board NUCLEO-F446RE => set CPN to STM32F446RET6
2025-07-19 17:17:48,287 [INFO] Mcu:2029 - Initializing MCU STM32F446R(C-E)Tx STM32F446RETx STM32F446RET6
2025-07-19 17:17:50,046 [INFO] Context:786 - Trying to add GPIOservice into a context  which must be forbidden
2025-07-19 17:17:50,777 [INFO] Rule:233 - rule 117617 - U5Cobra4M][GTZC] default value MPCBB3 and MPCBB5 - Not Secured memory - MPCBB1 is applicable
2025-07-19 17:17:50,777 [INFO] Rule:233 - rule 117617 - U5Cobra4M][GTZC] default value MPCBB3 and MPCBB5 - Not Secured memory - MPCBB1 is applicable
2025-07-19 17:17:50,777 [INFO] Rule:233 - rule 117617 - U5Cobra4M][GTZC] default value MPCBB3 and MPCBB5 - Not Secured memory - MPCBB2 is applicable
2025-07-19 17:17:50,777 [INFO] Rule:233 - rule 117617 - U5Cobra4M][GTZC] default value MPCBB3 and MPCBB5 - Not Secured memory - MPCBB2 is applicable
2025-07-19 17:17:50,777 [INFO] Rule:233 - rule 117617 - U5Cobra4M][GTZC] default value MPCBB3 and MPCBB5 - Not Secured memory - MPCBB3 is applicable
2025-07-19 17:17:50,777 [INFO] Rule:233 - rule 117617 - U5Cobra4M][GTZC] default value MPCBB3 and MPCBB5 - Not Secured memory - MPCBB3 is applicable
2025-07-19 17:17:50,777 [INFO] Rule:233 - rule 117617 - U5Cobra4M][GTZC] default value MPCBB3 and MPCBB5 - Not Secured memory - MPCBB4 is applicable
2025-07-19 17:17:50,777 [INFO] Rule:233 - rule 117617 - U5Cobra4M][GTZC] default value MPCBB3 and MPCBB5 - Not Secured memory - MPCBB4 is applicable
2025-07-19 17:17:50,777 [INFO] Rule:233 - rule 117617 - U5Cobra4M][GTZC] default value MPCBB3 and MPCBB5 - Secured memory - MPCBB1 is applicable
2025-07-19 17:17:50,777 [INFO] Rule:233 - rule 117617 - U5Cobra4M][GTZC] default value MPCBB3 and MPCBB5 - Secured memory - MPCBB2 is applicable
2025-07-19 17:17:50,777 [INFO] Rule:233 - rule 117617 - U5Cobra4M][GTZC] default value MPCBB3 and MPCBB5 - Secured memory - MPCBB3 is applicable
2025-07-19 17:17:50,777 [INFO] Rule:233 - rule 117617 - U5Cobra4M][GTZC] default value MPCBB3 and MPCBB5 - Secured memory - MPCBB4 is applicable
2025-07-19 17:17:50,777 [INFO] Rule:233 - rule 117617 - U5Cobra4M][GTZC] default value MPCBB3 and MPCBB5 - Privileged memory - MPCBB1 is applicable
2025-07-19 17:17:50,777 [INFO] Rule:233 - rule 117617 - U5Cobra4M][GTZC] default value MPCBB3 and MPCBB5 - Privileged memory - MPCBB2 is applicable
2025-07-19 17:17:50,777 [INFO] Rule:233 - rule 117617 - U5Cobra4M][GTZC] default value MPCBB3 and MPCBB5 - Privileged memory - MPCBB3 is applicable
2025-07-19 17:17:50,777 [INFO] Rule:233 - rule 117617 - U5Cobra4M][GTZC] default value MPCBB3 and MPCBB5 - Privileged memory - MPCBB4 is applicable
2025-07-19 17:17:50,777 [INFO] Rule:233 - rule 117617 - U5Cobra4M][GTZC] default value MPCBB3 and MPCBB5 - Not Privileged memory - MPCBB1 is applicable
2025-07-19 17:17:50,777 [INFO] Rule:233 - rule 117617 - U5Cobra4M][GTZC] default value MPCBB3 and MPCBB5 - Not Privileged memory - MPCBB2 is applicable
2025-07-19 17:17:50,777 [INFO] Rule:233 - rule 117617 - U5Cobra4M][GTZC] default value MPCBB3 and MPCBB5 - Not Privileged memory - MPCBB3 is applicable
2025-07-19 17:17:50,777 [INFO] Rule:233 - rule 117617 - U5Cobra4M][GTZC] default value MPCBB3 and MPCBB5 - Not Privileged memory - MPCBB4 is applicable
2025-07-19 17:17:50,777 [INFO] Rule:233 - rule 117617 - U5Cobra4M][GTZC] default value MPCBB3 and MPCBB5 - Privileged memory - MPCBB1 is applicable
2025-07-19 17:17:50,777 [INFO] Rule:233 - rule 117617 - U5Cobra4M][GTZC] default value MPCBB3 and MPCBB5 - Privileged memory - MPCBB2 is applicable
2025-07-19 17:17:50,777 [INFO] Rule:233 - rule 117617 - U5Cobra4M][GTZC] default value MPCBB3 and MPCBB5 - Privileged memory - MPCBB3 is applicable
2025-07-19 17:17:50,777 [INFO] Rule:233 - rule 117617 - U5Cobra4M][GTZC] default value MPCBB3 and MPCBB5 - Privileged memory - MPCBB4 is applicable
2025-07-19 17:17:50,777 [INFO] Rule:233 - rule 117617 - U5Cobra4M][GTZC] default value MPCBB3 and MPCBB5 - Privileged memory - MPCBB1 is applicable
2025-07-19 17:17:50,777 [INFO] Rule:233 - rule 117617 - U5Cobra4M][GTZC] default value MPCBB3 and MPCBB5 - Privileged memory - MPCBB2 is applicable
2025-07-19 17:17:50,777 [INFO] Rule:233 - rule 117617 - U5Cobra4M][GTZC] default value MPCBB3 and MPCBB5 - Privileged memory - MPCBB3 is applicable
2025-07-19 17:17:50,777 [INFO] Rule:233 - rule 117617 - U5Cobra4M][GTZC] default value MPCBB3 and MPCBB5 - Privileged memory - MPCBB4 is applicable
2025-07-19 17:17:50,777 [INFO] Rule:233 - rule 117617 - U5Cobra4M][GTZC] default value MPCBB3 and MPCBB5 - Not Privileged memory - MPCBB1 is applicable
2025-07-19 17:17:50,777 [INFO] Rule:233 - rule 117617 - U5Cobra4M][GTZC] default value MPCBB3 and MPCBB5 - Not Privileged memory - MPCBB2 is applicable
2025-07-19 17:17:50,777 [INFO] Rule:233 - rule 117617 - U5Cobra4M][GTZC] default value MPCBB3 and MPCBB5 - Not Privileged memory - MPCBB3 is applicable
2025-07-19 17:17:50,777 [INFO] Rule:233 - rule 117617 - U5Cobra4M][GTZC] default value MPCBB3 and MPCBB5 - Not Privileged memory - MPCBB4 is applicable
2025-07-19 17:17:50,778 [INFO] Rule:233 - rule 117617 - U5Cobra4M][GTZC] default value MPCBB3 and MPCBB5 - Privileged memory - MPCBB1 is applicable
2025-07-19 17:17:50,778 [INFO] Rule:233 - rule 117617 - U5Cobra4M][GTZC] default value MPCBB3 and MPCBB5 - Privileged memory - MPCBB2 is applicable
2025-07-19 17:17:50,778 [INFO] Rule:233 - rule 117617 - U5Cobra4M][GTZC] default value MPCBB3 and MPCBB5 - Privileged memory - MPCBB3 is applicable
2025-07-19 17:17:50,778 [INFO] Rule:233 - rule 117617 - U5Cobra4M][GTZC] default value MPCBB3 and MPCBB5 - Privileged memory - MPCBB4 is applicable
2025-07-19 17:17:50,778 [INFO] Rule:233 - rule Rename SubGHz_Phy SUBGHZ_APPLICATION SUBGHZ_PINGPONG to SUBGHZ_ADV_APPLICATION is applicable
2025-07-19 17:17:50,778 [INFO] Rule:233 - rule Rename Enabled to IBEACON is applicable
2025-07-19 17:17:50,778 [INFO] Rule:233 - rule GTZC_S instance for project manager is applicable
2025-07-19 17:17:50,778 [INFO] Rule:233 - rule GTZC_S instance for context M33S is applicable
2025-07-19 17:17:50,778 [INFO] Rule:233 - rule GTZC_S instance value for IP GTZC is applicable
2025-07-19 17:17:50,778 [INFO] Rule:233 - rule GTZC_S instance for mcu.IP is applicable
2025-07-19 17:17:50,778 [INFO] Rule:233 - rule GTZC_S instance for VP is applicable
2025-07-19 17:17:50,778 [INFO] Rule:233 - rule GTZC_S instance for signal is applicable
2025-07-19 17:17:50,778 [INFO] Rule:233 - rule GTZC_S instance for mcu.Pin is applicable
2025-07-19 17:17:50,778 [INFO] Rule:233 - rule GTZC_S instance for VP is applicable
2025-07-19 17:17:50,778 [INFO] Rule:233 - rule GTZC_S instance for signal is applicable
2025-07-19 17:17:50,778 [INFO] Rule:233 - rule GTZC_S instance for mcu is applicable
2025-07-19 17:17:50,778 [INFO] Rule:233 - rule GTZC_S instance for mcu.Pin is applicable
2025-07-19 17:17:50,778 [INFO] Rule:233 - rule GTZC_S instance value for IP GTZC is applicable
2025-07-19 17:17:50,778 [INFO] Rule:233 - rule GTZC_S instance for project manager is applicable
2025-07-19 17:17:50,778 [INFO] Rule:233 - rule GTZC_S instance for context M33S is applicable
2025-07-19 17:17:50,778 [INFO] Rule:233 - rule GTZC_S instance for VP is applicable
2025-07-19 17:17:50,778 [INFO] Rule:233 - rule GTZC_S instance for signal is applicable
2025-07-19 17:17:50,778 [INFO] Rule:233 - rule SPDIFRX instance for mcu is applicable
2025-07-19 17:17:50,778 [INFO] Rule:233 - rule Rename Tracer Mode is applicable
2025-07-19 17:17:50,778 [INFO] Rule:233 - rule SPDIFRX instance value for IP SPDIFRX is applicable
2025-07-19 17:17:50,778 [INFO] Rule:233 - rule SPDIFRX instance for signal is applicable
2025-07-19 17:17:50,778 [INFO] Rule:233 - rule SPDIFRX instance for project manager is applicable
2025-07-19 17:17:50,778 [INFO] Rule:233 - rule SPDIFRX instance for project manager is applicable
2025-07-19 17:17:50,778 [INFO] Rule:233 - rule ADC Scan  fix with FW F7 is applicable
2025-07-19 17:17:50,778 [INFO] Rule:233 - rule ADC Scan  fix with FW F7 is applicable
2025-07-19 17:17:50,778 [INFO] Rule:233 - rule WakeUp0 Mode is applicable
2025-07-19 17:17:50,778 [INFO] Rule:233 - rule WakeUp0 SIGNAL is applicable
2025-07-19 17:17:50,778 [INFO] Rule:233 - rule WakeUp1 Mode is applicable
2025-07-19 17:17:50,778 [INFO] Rule:233 - rule WakeUp1 SIGNAL is applicable
2025-07-19 17:17:50,778 [INFO] Rule:233 - rule WakeUp2 Mode is applicable
2025-07-19 17:17:50,779 [INFO] Rule:233 - rule WakeUp2 SIGNAL is applicable
2025-07-19 17:17:50,779 [INFO] Rule:233 - rule WakeUp4 Mode is applicable
2025-07-19 17:17:50,779 [INFO] Rule:233 - rule WakeUp4 SIGNAL is applicable
2025-07-19 17:17:50,779 [INFO] Rule:233 - rule WakeUp5 Mode is applicable
2025-07-19 17:17:50,779 [INFO] Rule:233 - rule WakeUp5 SIGNAL is applicable
2025-07-19 17:17:50,779 [INFO] Rule:233 - rule Add RTC Activate Clock Source is applicable
2025-07-19 17:17:50,779 [INFO] Rule:233 - rule Add RTC Activate Calendar 1 is applicable
2025-07-19 17:17:50,779 [INFO] Rule:233 - rule Add RTC Activate Calendar 2 is applicable
2025-07-19 17:17:50,779 [INFO] Rule:233 - rule Add RTC Activate Calendar 3 is applicable
2025-07-19 17:17:50,779 [INFO] Rule:233 - rule UART/USART TX Mode is applicable
2025-07-19 17:17:50,779 [INFO] Rule:233 - rule UART/USART RX Mode is applicable
2025-07-19 17:17:50,779 [INFO] Rule:233 - rule UART/USART RX TX Mode is applicable
2025-07-19 17:17:50,779 [INFO] Rule:233 - rule UART/USART PARITY NONE is applicable
2025-07-19 17:17:50,779 [INFO] Rule:233 - rule UART/USART PARITY EVEN is applicable
2025-07-19 17:17:50,779 [INFO] Rule:233 - rule UART/USART PARITY ODD is applicable
2025-07-19 17:17:50,779 [INFO] Rule:233 - rule USART StopBits 1 is applicable
2025-07-19 17:17:50,779 [INFO] Rule:233 - rule USART StopBits 2 is applicable
2025-07-19 17:17:50,779 [INFO] Rule:233 - rule USART StopBits 1.5 is applicable
2025-07-19 17:17:50,779 [INFO] Rule:233 - rule USART StopBits 0.5 is applicable
2025-07-19 17:17:50,779 [INFO] Rule:233 - rule UART/USART WORD LENGTH 7 is applicable
2025-07-19 17:17:50,779 [INFO] Rule:233 - rule UART/USART WORD LENGTH 8 is applicable
2025-07-19 17:17:50,779 [INFO] Rule:233 - rule UART/USART WORD LENGTH 9 is applicable
2025-07-19 17:17:50,779 [INFO] Rule:233 - rule Rename FMC NAND NCE signal is applicable
2025-07-19 17:17:50,779 [INFO] Rule:233 - rule Rename FMC NAND INT signal is applicable
2025-07-19 17:17:50,779 [INFO] Rule:233 - rule Change Default Value for LSE Drive Capability for WB family is applicable
2025-07-19 17:17:50,779 [INFO] Rule:233 - rule Change Default Value for ADC Clock Prescaler G0 family is applicable
2025-07-19 17:17:50,779 [INFO] Rule:233 - rule Change Default Value for ADC ExternalTrigConv L4 family is applicable
2025-07-19 17:17:50,779 [INFO] Rule:233 - rule Change Default Value for ADC ExternalTrigInjecConv L4 family is applicable
2025-07-19 17:17:50,779 [INFO] Rule:233 - rule Change Default Value for ADC ExternalTrigConv F3 family is applicable
2025-07-19 17:17:50,779 [INFO] Rule:233 - rule Change Default Value for ADC ExternalTrigInjecConv F3 family is applicable
2025-07-19 17:17:50,779 [INFO] Rule:233 - rule Change Default Value for ADC ExternalTrigConv Goldfish serie is applicable
2025-07-19 17:17:50,779 [INFO] Rule:233 - rule Change Default Value for ADC ExternalTrigInjecConv Goldfish serie is applicable
2025-07-19 17:17:50,779 [INFO] Rule:233 - rule Change Default Value for ADC ExternalTrigConv L0 family is applicable
2025-07-19 17:17:50,779 [INFO] Rule:233 - rule Change Default Value for ADC ExternalTrigConv F0 family is applicable
2025-07-19 17:17:50,779 [INFO] Rule:233 - rule Change Default Value for ADC ExternalTrigConvn L1 family is applicable
2025-07-19 17:17:50,779 [INFO] Rule:233 - rule Change Default Value for ADC ExternalTrigInjecConv L1 family is applicable
2025-07-19 17:17:50,779 [INFO] Rule:233 - rule Change Default Value for ADC ExternalTrigConv F1 family is applicable
2025-07-19 17:17:50,779 [INFO] Rule:233 - rule Change Default Value for ADC ExternalTrigInjecConv F1 family is applicable
2025-07-19 17:17:50,779 [INFO] Rule:233 - rule Change Default Value for ADC ExternalTrigConv F7 family is applicable
2025-07-19 17:17:50,780 [INFO] Rule:233 - rule Change Default Value for ADC ExternalTrigInjecConv F7 family is applicable
2025-07-19 17:17:50,780 [INFO] Rule:233 - rule Change Default Value for ADC ExternalTrigConv F4 and F2 family is applicable
2025-07-19 17:17:50,780 [INFO] Rule:233 - rule Change Default Value for ADC ExternalTrigInjecConv F4 and F2 family is applicable
2025-07-19 17:17:50,780 [INFO] Rule:233 - rule ADC SamplingTime fix with FW L0  is applicable
2025-07-19 17:17:50,780 [INFO] Rule:233 - rule ADC SamplingTime fix with FW L0  is applicable
2025-07-19 17:17:50,780 [INFO] Rule:233 - rule ADC SamplingTime fix with FW L0 is applicable
2025-07-19 17:17:50,780 [INFO] Rule:233 - rule ADC SamplingTime fix with FW L0 is applicable
2025-07-19 17:17:50,780 [INFO] Rule:233 - rule ADC SamplingTime fix with FW L0  is applicable
2025-07-19 17:17:50,780 [INFO] Rule:233 - rule ADC SamplingTime fix with FW L0 is applicable
2025-07-19 17:17:50,780 [INFO] Rule:233 - rule Rename USB_OE Signal is applicable
2025-07-19 17:17:50,780 [INFO] Rule:233 - rule Rename Activate_OE Mode is applicable
2025-07-19 17:17:50,780 [INFO] Rule:233 - rule Rename DIE462/DIE415 pin PC14/OSC32_IN -> PC14-OSC32_IN (PC14) is applicable
2025-07-19 17:17:50,780 [INFO] Rule:233 - rule Rename DIE462/DIE415 pin PC15/OSC32_OUT -> PC15-OSC32_OUT (PC15) is applicable
2025-07-19 17:17:50,780 [INFO] Rule:233 - rule Rename DIE462/DIE415 pin PH0/OSC_IN -> PH0-OSC_IN (PH0) is applicable
2025-07-19 17:17:50,780 [INFO] Rule:233 - rule Rename DIE462/DIE415 pin PH1/OSC_OUT -> PH1-OSC_OUT (PH1) is applicable
2025-07-19 17:17:50,780 [INFO] Rule:233 - rule Rename DIE462 pin PA13 -> PA13 (JTMS/SWDIO) is applicable
2025-07-19 17:17:50,780 [INFO] Rule:233 - rule Rename DIE415 pin PA13 -> PA13 (JTMS/SWDIO) is applicable
2025-07-19 17:17:50,780 [INFO] Rule:233 - rule Rename DIE462 pin PA14 -> PA14 (JTCK/SWCLK) is applicable
2025-07-19 17:17:50,780 [INFO] Rule:233 - rule Rename DIE415 pin PA14 -> PA14 (JTCK/SWCLK) is applicable
2025-07-19 17:17:50,780 [INFO] Rule:233 - rule Rename DIE462/DIE415 pin PA15 -> PA15 (JTDI) is applicable
2025-07-19 17:17:50,780 [INFO] Rule:233 - rule Rename DIE462 pin PB3 -> PB3 (JTD0/TRACESWO) is applicable
2025-07-19 17:17:50,780 [INFO] Rule:233 - rule Rename DIE415 pin PB3 -> PB3 (JTD0-TRACESWO) is applicable
2025-07-19 17:17:50,780 [INFO] Rule:233 - rule Rename DIE462/DIE415 pin PB4 -> PB4 (NJTRST) is applicable
2025-07-19 17:17:50,780 [INFO] Rule:233 - rule Rename DIE462 pin PH3/BOOT0 -> PH3-BOOT0 (BOOT0) is applicable
2025-07-19 17:17:50,780 [INFO] Rule:233 - rule Rename CRYP DataEncryptionTypesList to Algorithm is applicable
2025-07-19 17:17:50,780 [INFO] Rule:233 - rule Rename AES DataEncryptionTypesList to Algorithm is applicable
2025-07-19 17:17:50,780 [INFO] Rule:233 - rule Rename TDESECB to CRYP_TDES_ECB is applicable
2025-07-19 17:17:50,780 [INFO] Rule:233 - rule Rename TDESCBC to CRYP_TDES_CBC is applicable
2025-07-19 17:17:50,780 [INFO] Rule:233 - rule Rename DESECB to CRYP_DES_ECB is applicable
2025-07-19 17:17:50,780 [INFO] Rule:233 - rule Rename DESCBC to CRYP_DES_CBC is applicable
2025-07-19 17:17:50,780 [INFO] Rule:233 - rule Rename AESECB to CRYP_AES_ECB is applicable
2025-07-19 17:17:50,780 [INFO] Rule:233 - rule Rename AESCBC to CRYP_AES_CBC is applicable
2025-07-19 17:17:50,780 [INFO] Rule:233 - rule Rename AESCTR to CRYP_AES_CTR is applicable
2025-07-19 17:17:50,780 [INFO] Rule:233 - rule Rename AESGCM to CRYP_AES_GCM is applicable
2025-07-19 17:17:50,780 [INFO] Rule:233 - rule Rename AESCCM to CRYP_AES_CCM is applicable
2025-07-19 17:17:50,780 [INFO] Rule:233 - rule Rename CAN TimeSeg1 to BS1 is applicable
2025-07-19 17:17:50,780 [INFO] Rule:233 - rule Rename CAN TimeSeg2 to BS2 is applicable
2025-07-19 17:17:50,780 [INFO] Rule:233 - rule Rename CAN SyncJumpWidth to SJW is applicable
2025-07-19 17:17:50,780 [INFO] Rule:233 - rule TimeTriggeredMode to TTCM is applicable
2025-07-19 17:17:50,780 [INFO] Rule:233 - rule Rename CAN AutoBusOff to ABOM is applicable
2025-07-19 17:17:50,780 [INFO] Rule:233 - rule Rename CAN AutoWakeUp to AWUM is applicable
2025-07-19 17:17:50,780 [INFO] Rule:233 - rule Rename CAN AutoRetransmission to NART is applicable
2025-07-19 17:17:50,780 [INFO] Rule:233 - rule Rename CAN ReceiveFifoLocked to RFLM is applicable
2025-07-19 17:17:50,780 [INFO] Rule:233 - rule Rename CAN TransmitFifoPriority to TXFP is applicable
2025-07-19 17:17:50,780 [INFO] Rule:233 - rule Rename HRTIMER HRTIM_OUTPUTFAULTLEVEL_HIGH in HRTIMER HRTIM_OUTPUTFAULTLEVEL_HIGHZ is applicable
2025-07-19 17:17:50,780 [INFO] Rule:233 - rule Rename TIMER TIM_CLEARINPUTSOURCE_OCREFCLR in  TIMER TIM_CLEARINPUTSOURCE_NONE for F7 family is applicable
2025-07-19 17:17:50,780 [INFO] Rule:233 - rule FDCAN_R1 - Rename FDCAN mode Master into Classic is applicable
2025-07-19 17:17:50,780 [INFO] Rule:233 - rule FDCAN_R2 - Rename FDCAN mode Slave into Classic is applicable
2025-07-19 17:17:50,780 [INFO] Rule:233 - rule FDCAN1_R3 - if PA10.Mode=FullDuplex, add Pin PA12 is applicable
2025-07-19 17:17:50,780 [INFO] Rule:233 - rule FDCAN1_R3 - if PA9.Mode=FullDuplex, add Pin PA11 is applicable
2025-07-19 17:17:50,780 [INFO] Rule:233 - rule FDCAN1_R3 - Alternatepin_1 - if PE1.Mode=FullDuplex, add Pin PB9 is applicable
2025-07-19 17:17:50,780 [INFO] Rule:233 - rule FDCAN1_R3 - Alternatepin_1 - if PE0.Mode=FullDuplex, add Pin PB8 is applicable
2025-07-19 17:17:50,780 [INFO] Rule:233 - rule FDCAN1_R3 - Alternatepin_2 - if PD5.Mode=FullDuplex, add Pin PD1 is applicable
2025-07-19 17:17:50,780 [INFO] Rule:233 - rule FDCAN1_R3 - Alternatepin_2 - if PD4.Mode=FullDuplex, add Pin PD0 is applicable
2025-07-19 17:17:50,780 [INFO] Rule:233 - rule FDCAN1_R4 - Rename Mode FullDuplex into Enable FDCAN_TXFD for pin PA10 is applicable
2025-07-19 17:17:50,780 [INFO] Rule:233 - rule FDCAN1_R4 - Rename Mode FullDuplex into Enable FDCAN_TXFD for pin PA9 is applicable
2025-07-19 17:17:50,780 [INFO] Rule:233 - rule FDCAN1_R4 - Alternatepin_1 - Rename Mode FullDuplex into Enable FDCAN_TXFD for pin PE1 is applicable
2025-07-19 17:17:50,782 [INFO] Rule:233 - rule FDCAN1_R4 - Alternatepin_1 - Rename Mode FullDuplex into Enable FDCAN_TXFD for pin PE0 is applicable
2025-07-19 17:17:50,782 [INFO] Rule:233 - rule FDCAN1_R4 - Alternatepin_2 - Rename Mode FullDuplex into Enable FDCAN_TXFD for pin PD5 is applicable
2025-07-19 17:17:50,782 [INFO] Rule:233 - rule FDCAN1_R4 - Alternatepin_2 - Rename Mode FullDuplex into Enable FDCAN_TXFD for pin PD4 is applicable
2025-07-19 17:17:50,782 [INFO] Rule:233 - rule FDCAN2_R3 - if PD10.Mode=FullDuplex, add Pin PB13 is applicable
2025-07-19 17:17:50,782 [INFO] Rule:233 - rule FDCAN2_R3 - if PD9.Mode=FullDuplex, add Pin PB12 is applicable
2025-07-19 17:17:50,782 [INFO] Rule:233 - rule FDCAN2_R3 - Alternatepin_1 - if PB7.Mode=FullDuplex, add Pin PB6 is applicable
2025-07-19 17:17:50,782 [INFO] Rule:233 - rule FDCAN2_R3 - Alternatepin_1 - if PD9.Mode=FullDuplex, add Pin PB12 is applicable
2025-07-19 17:17:50,782 [INFO] Rule:233 - rule FDCAN2_R4 - Rename Mode FullDuplex into Enable FDCAN_TXFD for pin PD10 is applicable
2025-07-19 17:17:50,782 [INFO] Rule:233 - rule FDCAN2_R4 - Rename Mode FullDuplex into Enable FDCAN_TXFD for pin PD9 is applicable
2025-07-19 17:17:50,782 [INFO] Rule:233 - rule FDCAN2_R4 - Alternatepin_1 - Rename Mode FullDuplex into Enable FDCAN_TXFD for pin PB7 is applicable
2025-07-19 17:17:50,782 [INFO] Rule:233 - rule FDCAN2_R4 - Alternatepin_1 - Rename Mode FullDuplex into Enable FDCAN_TXFD for pin PD6 is applicable
2025-07-19 17:17:50,782 [INFO] Rule:233 - rule USART TxPinLevelInvertParam Mode is applicable
2025-07-19 17:17:50,782 [INFO] Rule:233 - rule USART RxPinLevelInvertParam Mode is applicable
2025-07-19 17:17:50,782 [INFO] Rule:233 - rule USART DataInvertParam Mode is applicable
2025-07-19 17:17:50,782 [INFO] Rule:233 - rule USART SwapParam Mode is applicable
2025-07-19 17:17:50,782 [INFO] Rule:233 - rule USART OverrunDisableParam Mode is applicable
2025-07-19 17:17:50,782 [INFO] Rule:233 - rule USART DMADisableonRxErrorParam Mode is applicable
2025-07-19 17:17:50,782 [INFO] Rule:233 - rule USART MSBFirstParam Mode is applicable
2025-07-19 17:17:50,782 [INFO] Rule:233 - rule Update MwName for USB_DEVICE is applicable
2025-07-19 17:17:50,782 [INFO] Rule:233 - rule Change PWR_Regulator_Voltage_Scale Default Value for RCC  H7 family is applicable
2025-07-19 17:17:50,782 [INFO] Rule:233 - rule UART/USART IPParameter rename Prescaler parameter to ClockPrescaler is applicable
2025-07-19 17:17:50,782 [INFO] Rule:233 - rule UART/USART Prescaler rename Prescaler parameter to ClockPrescaler is applicable
2025-07-19 17:17:50,782 [INFO] Rule:233 - rule TIM1CLockSelection is applicable
2025-07-19 17:17:50,782 [INFO] Rule:233 - rule TIM15CLockSelection is applicable
2025-07-19 17:17:50,782 [INFO] Rule:233 - rule align RCC SDMMC3CLockSelection default value on MP1 is applicable
2025-07-19 17:17:50,782 [INFO] Rule:233 - rule align RCC SDMMC12CLockSelection default value on MP1 is applicable
2025-07-19 17:17:50,782 [INFO] Rule:233 - rule align RCC QSPICLockSelection default value on MP1 is applicable
2025-07-19 17:17:50,782 [INFO] Rule:233 - rule align RCC QSPICLockSelection default value on MP1 is applicable
2025-07-19 17:17:50,782 [INFO] Rule:233 - rule align RCC SPI6CLockSelection default value on MP1 is applicable
2025-07-19 17:17:50,782 [INFO] Rule:233 - rule align RCC LPTIM23CLockSelection default value on MP1 is applicable
2025-07-19 17:17:50,782 [INFO] Rule:233 - rule align RCC LPTIM1CLockSelection default value on MP1 is applicable
2025-07-19 17:17:50,782 [INFO] Rule:233 - rule align RCC USART1CLockSelection default value on MP1 is applicable
2025-07-19 17:17:50,782 [INFO] Rule:233 - rule align RCC USART24CLockSelection default value on MP1 is applicable
2025-07-19 17:17:50,782 [INFO] Rule:233 - rule align RCC USART6CLockSelection default value on MP1 is applicable
2025-07-19 17:17:50,782 [INFO] Rule:233 - rule align RCC UART78CLockSelection default value on MP1 is applicable
2025-07-19 17:17:50,782 [INFO] Rule:233 - rule align RCC USART35CLockSelection default value on MP1 is applicable
2025-07-19 17:17:50,782 [INFO] Rule:233 - rule align RCC SPI45CLockSelection default value on MP1 is applicable
2025-07-19 17:17:50,782 [INFO] Rule:233 - rule align RCC I2C46CLockSelection BCLK value on MP1 is applicable
2025-07-19 17:17:50,782 [INFO] Rule:233 - rule align RCC SPI45CLockSelection default value on MP1 is applicable
2025-07-19 17:17:50,782 [INFO] Rule:233 - rule align RCC I2C12CLockSelection default value on MP1 is applicable
2025-07-19 17:17:50,782 [INFO] Rule:233 - rule align RCC I2C35CLockSelection default value on MP1 is applicable
2025-07-19 17:17:50,782 [INFO] Rule:233 - rule align RCC LPTIM45CLockSelection default value on MP1 is applicable
2025-07-19 17:17:50,783 [INFO] Rule:233 - rule Rename DCMI PIXCK signal is applicable
2025-07-19 17:17:50,783 [INFO] Rule:233 - rule Change Default Value for I2C46CLockSelection MP1 family is applicable
2025-07-19 17:17:50,783 [INFO] Rule:233 - rule Change Default Value for UART for G4, G0 and WB families is applicable
2025-07-19 17:17:50,783 [INFO] Rule:233 - rule Change Default Value for USART for G4, G0 and WB families is applicable
2025-07-19 17:17:50,783 [INFO] Rule:233 - rule Change Default Value for USART for G4 family is applicable
2025-07-19 17:17:50,783 [INFO] Rule:233 - rule Change USART1CLockSelection refparam name for MP1 is applicable
2025-07-19 17:17:50,783 [INFO] Rule:233 - rule Change USART2CLockSelection refparam name for MP1 is applicable
2025-07-19 17:17:50,783 [INFO] Rule:233 - rule Change USART3CLockSelection refparam name for MP1 is applicable
2025-07-19 17:17:50,783 [INFO] Rule:233 - rule Change UART4CLockSelection refparam name for MP1 is applicable
2025-07-19 17:17:50,783 [INFO] Rule:233 - rule Change UART5CLockSelection refparam name for MP1 is applicable
2025-07-19 17:17:50,783 [INFO] Rule:233 - rule Change LPUART1CLockSelection refparam name for MP1 is applicable
2025-07-19 17:17:50,783 [INFO] Rule:233 - rule Change LPTIM1CLockSelection refparam name for MP1 is applicable
2025-07-19 17:17:50,783 [INFO] Rule:233 - rule Change LPTIM2CLockSelection refparam name for MP1 is applicable
2025-07-19 17:17:50,783 [INFO] Rule:233 - rule Change RCC_MCO1Source refparam name for MP1 is applicable
2025-07-19 17:17:50,783 [INFO] Rule:233 - rule Change LSCOSource1 refparam name for MP1 is applicable
2025-07-19 17:17:50,783 [INFO] Rule:233 - rule Change SMPSCLockSelection refparam name for MP1 is applicable
2025-07-19 17:17:50,783 [INFO] Rule:233 - rule Change LPTIM3CLockSelection refparam name for MP1 is applicable
2025-07-19 17:17:50,783 [INFO] Rule:233 - rule Change MPCBB* Default Template Mode to Parameters is applicable
2025-07-19 17:17:50,783 [INFO] Rule:233 - rule Change MPCWM* or MPCBB* Secure Mode to Parameters is applicable
2025-07-19 17:17:50,783 [INFO] Rule:233 - rule Change MPCWM* or MPCBB* No Secure Mode to Parameters is applicable
2025-07-19 17:17:50,783 [INFO] Rule:233 - rule Change TZSC IP Secure Mode to Parameters is applicable
2025-07-19 17:17:50,783 [INFO] Rule:233 - rule Change TZSC IP No Secure Mode to Parameters is applicable
2025-07-19 17:17:50,783 [INFO] Rule:233 - rule Change TZSC IP Privilege Mode to Parameters is applicable
2025-07-19 17:17:50,783 [INFO] Rule:233 - rule Change TZSC IP No Privilege Mode to Parameters is applicable
2025-07-19 17:17:50,783 [INFO] Rule:233 - rule Change TZIC IT Secure Mode to Parameters is applicable
2025-07-19 17:17:50,783 [INFO] Rule:233 - rule Change TZIC IT No Secure Mode to Parameters is applicable
2025-07-19 17:17:50,783 [INFO] Rule:233 - rule Add MPCBB1_NonSecureArea_Start_Address value with referenced to MPCBB1_NonSecureArea_Start value is applicable
2025-07-19 17:17:50,783 [INFO] Rule:233 - rule Add MPCBB2_NonSecureArea_Start_Address value with referenced to MPCBB2_NonSecureArea_Start value is applicable
2025-07-19 17:17:50,783 [INFO] Rule:233 - rule Add MPCWM1_NonSecureArea*_Start_Address value with referenced to MPCWM1_NonSecureArea*_Start value is applicable
2025-07-19 17:17:50,783 [INFO] Rule:233 - rule Add MPCWM2_NonSecureArea*_Start_Address value with referenced to MPCWM2_NonSecureArea*_Start value is applicable
2025-07-19 17:17:50,783 [INFO] Rule:233 - rule Add MPCWM3_NonSecureArea_Start_Address value with referenced to MPCWM3_NonSecureArea_Start value is applicable
2025-07-19 17:17:50,783 [INFO] Rule:233 - rule Change Default Value for PLL1UserDefinedConfig is applicable
2025-07-19 17:17:50,783 [INFO] Rule:233 - rule Change GPIO_PuPd Default Value for USART in async mode is applicable
2025-07-19 17:17:50,783 [INFO] Rule:233 - rule Change SMPSDivider Default Value is applicable
2025-07-19 17:17:50,783 [INFO] Rule:233 - rule OPAMP is applicable
2025-07-19 17:17:50,783 [INFO] Rule:233 - rule LPUART IPParameter rename Prescaler parameter to ClockPrescaler for STM32H7 is applicable
2025-07-19 17:17:50,783 [INFO] Rule:233 - rule LPUART IPParameter rename Prescaler parameter to ClockPrescaler for STM32H7 is applicable
2025-07-19 17:17:50,783 [INFO] Rule:233 - rule LPUART IPParameter rename Prescaler parameter to ClockPrescaler for STM32WB is applicable
2025-07-19 17:17:50,783 [INFO] Rule:233 - rule LPUART IPParameter rename Prescaler parameter to ClockPrescaler for STM32WB is applicable
2025-07-19 17:17:50,783 [INFO] Rule:233 - rule LPUART IPParameter rename Prescaler parameter to ClockPrescaler for STM32G4 is applicable
2025-07-19 17:17:50,783 [INFO] Rule:233 - rule LPUART IPParameter rename Prescaler parameter to ClockPrescaler for STM32G4 is applicable
2025-07-19 17:17:50,783 [INFO] Rule:233 - rule LPUART IPParameter rename Prescaler parameter to ClockPrescaler for STM32L5 is applicable
2025-07-19 17:17:50,783 [INFO] Rule:233 - rule LPUART IPParameter rename Prescaler parameter to ClockPrescaler for STM32L5 is applicable
2025-07-19 17:17:50,784 [INFO] Rule:233 - rule LPUART IPParameter rename Prescaler parameter to ClockPrescaler for STM32G4 is applicable
2025-07-19 17:17:50,784 [INFO] Rule:233 - rule LPUART IPParameter rename Prescaler parameter to ClockPrescaler for STM32G4 is applicable
2025-07-19 17:17:50,784 [INFO] Rule:233 - rule USB device lib V2.5.3 for L0 rename USBD_SUPPORT_USER_STRING parameter to USBD_SUPPORT_USER_STRING_DESC4 is applicable
2025-07-19 17:17:50,784 [INFO] Rule:233 - rule I2SCLockSelection clock entry align is applicable
2025-07-19 17:17:50,784 [INFO] Rule:233 - rule Assign TIMx context if used as SYS timebase is applicable
2025-07-19 17:17:50,784 [INFO] Rule:233 - rule Change GPIO_Pu Default Value for I2C is applicable
2025-07-19 17:17:50,784 [INFO] Rule:233 - rule Change GPIO_Pu Default Value for SMBus is applicable
2025-07-19 17:17:50,784 [INFO] Rule:233 - rule change FDCAN default value is applicable
2025-07-19 17:17:50,784 [INFO] Rule:233 - rule Change mode sai is applicable
2025-07-19 17:17:50,784 [INFO] Rule:233 - rule **Change sai mode is applicable
2025-07-19 17:17:50,784 [INFO] Rule:233 - rule Rename STM32WPAN CFG_BLE_IRK to CFG_BLE_IR is applicable
2025-07-19 17:17:50,784 [INFO] Rule:233 - rule Rename STM32WPAN CFG_BLE_ERK to CFG_BLE_ER is applicable
2025-07-19 17:17:50,784 [INFO] Rule:233 - rule Rename STM32WPAN CFG_BLE_IRK_HEX to CFG_BLE_IR_HEX is applicable
2025-07-19 17:17:50,784 [INFO] Rule:233 - rule Rename STM32WPAN CFG_BLE_ERK_HEX to CFG_BLE_ER_HEX is applicable
2025-07-19 17:17:50,784 [INFO] Rule:233 - rule Adapt Old IOC before rework replace old CORTEX_M33/CORTEX_M55 attributes by the new one. is applicable
2025-07-19 17:17:50,784 [INFO] Rule:233 - rule Rename parametre of RCC RCC_APBDBG_DIV2 to RCC_TIMPRES_DIV2 is applicable
2025-07-19 17:17:50,784 [INFO] Rule:233 - rule Rename DIE493 pin PA10 [PA12] -> PA10 is applicable
2025-07-19 17:17:50,784 [INFO] Rule:233 - rule Rename DIE493 pin PA9 [PA11] -> PA9 is applicable
2025-07-19 17:17:50,784 [INFO] Rule:233 - rule Rename DIE492 PartNumber CPN STM32WBA5MJGHx -> STM32WBA5MMGHx is applicable
2025-07-19 17:17:50,784 [INFO] Rule:233 - rule Rename DIE492 PartNumber  Name STM32WBA5MJGHx -> STM32WBA5MMGHx is applicable
2025-07-19 17:17:50,784 [INFO] Rule:233 - rule Rename DIE492 PartNumber UserName STM32WBA5MJGHx -> STM32WBA5MMGHx is applicable
2025-07-19 17:17:50,784 [INFO] Rule:233 - rule Rename DIE492 PartNumber DeviceId STM32WBA5MJGHx -> STM32WBA5MMGHx is applicable
2025-07-19 17:17:50,784 [INFO] Rule:233 - rule Adapt Old IOC CSI. is applicable
2025-07-19 17:17:50,784 [INFO] Rule:233 - rule Adapt Old IOC DCMIPP. is applicable
2025-07-19 17:17:50,784 [INFO] Rule:233 - rule Adapt Old IOC DCMIPP Mode Parallel. is applicable
2025-07-19 17:17:50,784 [INFO] Rule:233 - rule Adapt Old IOC LTDC. is applicable
2025-07-19 17:17:50,784 [INFO] Rule:233 - rule Rename STM32MP2 RIF Peripheral LTDC RIF.RISUP.LTDC_L0L1.Privilege -> RIF.RISUP.LTDC_L1L2.Privilege is applicable
2025-07-19 17:17:50,784 [INFO] Rule:233 - rule Rename STM32MP2 RIF Peripheral LTDC RIF.RISUP.LTDC_L0L1.Privilege -> RIF.RISUP.LTDC_L1L2.Privilege is applicable
2025-07-19 17:17:50,784 [INFO] Rule:233 - rule Rename STM32MP2 RIF Peripheral LTDC RIF.RISUP.LTDC_L0L1.Lock -> RIF.RISUP.LTDC_L1L2.Lock is applicable
2025-07-19 17:17:50,784 [INFO] Rule:233 - rule Rename STM32MP2 RIF Peripheral LTDC RIF.RISUP.LTDC_L2.Lock -> RIF.RISUP.LTDC_L3.Lock is applicable
2025-07-19 17:17:50,784 [INFO] Rule:233 - rule Adapt the old IOC example for updating the SYS when it is misconfigured. is applicable
2025-07-19 17:17:50,784 [INFO] Rule:233 - rule Rename STM32C09 Mcu.Package LQFP64 -> LQFP48 is applicable
2025-07-19 17:17:50,784 [INFO] Rule:233 - rule Adapt the old IOC example for updating the SYS when it is misconfigured. is applicable
2025-07-19 17:17:50,784 [INFO] Rule:233 - rule Adapt the old IOC example for updating the SYS when it is misconfigured. is applicable
2025-07-19 17:17:50,804 [INFO] DbConfProperties:307 - Apply Compatibility (53/282 Rules)
2025-07-19 17:17:50,821 [INFO] ImportTextPane:234 - (OptionalMessage_ERROR) Unable to find key (Mcu.ThirdPartyNb) in loaded IOC file
2025-07-19 17:17:50,822 [INFO] ImportTextPane:234 - (OptionalMessage_ERROR) Pin12 (VP_RIF_VS_RIF1) cannot be retrieved for this MCU
2025-07-19 17:17:50,894 [INFO] RtosManager:558 - Registered RTOS mode: class=CMSIS, group=RTOS, mode=CMSIS_V1, owner=FREERTOS
2025-07-19 17:17:50,894 [INFO] RtosManager:558 - Registered RTOS mode: class=CMSIS, group=RTOS2, mode=CMSIS_V2, owner=FREERTOS
2025-07-19 17:17:50,894 [INFO] RtosManager:558 - Registered RTOS mode: class=RTOS, group=Core, mode=CMSIS_V1, owner=FREERTOS
2025-07-19 17:17:50,894 [INFO] RtosManager:558 - Registered RTOS mode: class=RTOS, group=Core, mode=CMSIS_V2, owner=FREERTOS
2025-07-19 17:17:50,894 [WARN] ModelIntegratedComponent:184 - Missing modes for component STMicroelectronics:FreeRTOS:0.0.1:STMicroelectronics:RTOS:FreeRTOS:Core:::10.2.0:
2025-07-19 17:17:50,942 [WARN] ModelIntegratedComponent:63 - No mode defined for component null
2025-07-19 17:17:50,942 [WARN] ModelIntegratedComponent:63 - No mode defined for component null
2025-07-19 17:17:50,942 [WARN] ModelIntegratedComponent:63 - No mode defined for component null
2025-07-19 17:17:50,942 [WARN] ModelIntegratedComponent:63 - No mode defined for component null
2025-07-19 17:17:50,942 [WARN] ModelIntegratedComponent:63 - No mode defined for component null
2025-07-19 17:17:50,942 [WARN] ModelIntegratedComponent:63 - No mode defined for component null
2025-07-19 17:17:50,942 [WARN] ModelIntegratedComponent:63 - No mode defined for component null
2025-07-19 17:17:50,942 [WARN] ModelIntegratedComponent:63 - No mode defined for component null
2025-07-19 17:17:50,942 [WARN] ModelIntegratedComponent:63 - No mode defined for component null
2025-07-19 17:17:50,943 [WARN] ModelIntegratedComponent:63 - No mode defined for component null
2025-07-19 17:17:50,943 [WARN] ModelIntegratedComponent:63 - No mode defined for component null
2025-07-19 17:17:50,943 [WARN] ModelIntegratedComponent:63 - No mode defined for component null
2025-07-19 17:17:50,943 [WARN] ModelIntegratedComponent:63 - No mode defined for component null
2025-07-19 17:17:50,943 [WARN] ModelIntegratedComponent:63 - No mode defined for component null
2025-07-19 17:17:50,943 [WARN] ModelIntegratedComponent:63 - No mode defined for component null
2025-07-19 17:17:50,943 [WARN] ModelIntegratedComponent:63 - No mode defined for component null
2025-07-19 17:17:50,943 [WARN] ModelIntegratedComponent:63 - No mode defined for component null
2025-07-19 17:17:50,943 [WARN] ModelIntegratedComponent:63 - No mode defined for component null
2025-07-19 17:17:50,943 [WARN] ModelIntegratedComponent:63 - No mode defined for component null
2025-07-19 17:17:50,943 [WARN] ModelIntegratedComponent:63 - No mode defined for component null
2025-07-19 17:17:50,943 [WARN] ModelIntegratedComponent:63 - No mode defined for component null
2025-07-19 17:17:50,943 [WARN] ModelIntegratedComponent:63 - No mode defined for component null
2025-07-19 17:17:50,943 [WARN] ModelIntegratedComponent:63 - No mode defined for component null
2025-07-19 17:17:50,943 [WARN] ModelIntegratedComponent:63 - No mode defined for component null
2025-07-19 17:17:50,943 [WARN] ModelIntegratedComponent:63 - No mode defined for component null
2025-07-19 17:17:50,943 [WARN] ModelIntegratedComponent:63 - No mode defined for component null
2025-07-19 17:17:50,943 [WARN] ModelIntegratedComponent:63 - No mode defined for component null
2025-07-19 17:17:50,943 [WARN] ModelIntegratedComponent:63 - No mode defined for component null
2025-07-19 17:17:50,943 [WARN] ModelIntegratedComponent:63 - No mode defined for component null
2025-07-19 17:17:50,943 [WARN] ModelIntegratedComponent:63 - No mode defined for component null
2025-07-19 17:17:50,943 [WARN] ModelIntegratedComponent:63 - No mode defined for component null
2025-07-19 17:17:50,943 [WARN] ModelIntegratedComponent:63 - No mode defined for component null
2025-07-19 17:17:50,943 [WARN] ModelIntegratedComponent:63 - No mode defined for component null
2025-07-19 17:17:50,943 [WARN] ModelIntegratedComponent:63 - No mode defined for component null
2025-07-19 17:17:50,943 [WARN] ModelIntegratedComponent:63 - No mode defined for component null
2025-07-19 17:17:50,943 [WARN] ModelPack:524 - Component already loaded: STMicroelectronics:HAL Drivers:0.0.0:STMicroelectronics:Device:STMicro_Driver:XSPI:HAL::0.0.1:HAL_XSPI
2025-07-19 17:17:51,074 [INFO] ThirdPartyModel:298 - Start build external matchings
2025-07-19 17:17:51,785 [INFO] ThirdPartyModel:316 - End build external matchings
2025-07-19 17:17:51,795 [INFO] ImportTextPane:234 - (OptionalMessage_ERROR) IP (RCC) : Invalid parameter (48MHZClocksFreq_Value)
2025-07-19 17:17:51,795 [INFO] ImportTextPane:234 - (OptionalMessage_ERROR) IP (RCC) : Invalid parameter (EthernetFreq_Value)
2025-07-19 17:17:51,795 [INFO] ImportTextPane:234 - (OptionalMessage_ERROR) IP (RCC) : Parameter (FLatency) has Id (AdvancedSettings) currently not set
2025-07-19 17:17:51,796 [INFO] ImportTextPane:234 - (OptionalMessage_ERROR) IP (RCC) : Invalid parameter (FamilyName)
2025-07-19 17:17:51,796 [INFO] ImportTextPane:234 - (OptionalMessage_ERROR) IP (RCC) : Invalid parameter (I2SClocksFreq_Value)
2025-07-19 17:17:51,796 [INFO] ImportTextPane:234 - (OptionalMessage_ERROR) IP (RCC) : Parameter (SDIOFreq_Value) has invalid value (168000000)
2025-07-19 17:17:51,796 [INFO] ImportTextPane:234 - (OptionalMessage_ERROR) IP (RCC) : Parameter (USBFreq_Value) has invalid value (168000000)
2025-07-19 17:17:51,797 [INFO] ImportTextPane:234 - (OptionalMessage_ERROR) IP (RCC) : Invalid parameter (VCOInputMFreq_Value)
2025-07-19 17:17:51,797 [INFO] ImportTextPane:234 - (OptionalMessage_ERROR) IP (RCC) : Invalid parameter (VcooutputI2S)
2025-07-19 17:17:52,033 [INFO] UtilMem:75 - End LoadConfig() Used Memory: 483814592 Bytes (1006632960)
2025-07-19 17:17:52,093 [WARN] ThirdParty:833 - waiting for thirdparty lock release [change project]
2025-07-19 17:17:52,094 [INFO] ThirdParty:835 - entering critical section [change project]
2025-07-19 17:17:52,094 [INFO] ThirdParty:1030 - CMSIS Pack Vendor :STMicroelectronics X-CUBE-PM33A1 1.0.0
2025-07-19 17:17:52,094 [INFO] ThirdParty:1030 - CMSIS Pack Vendor :STMicroelectronics USBPD 4.1
2025-07-19 17:17:52,094 [INFO] ThirdParty:1030 - CMSIS Pack Vendor :STMicroelectronics X-CUBE-AZRTOS-H7 3.3.0
2025-07-19 17:17:52,094 [INFO] ThirdParty:1030 - CMSIS Pack Vendor :STMicroelectronics X-CUBE-NFC9 1.0.0
2025-07-19 17:17:52,095 [INFO] ThirdParty:1030 - CMSIS Pack Vendor :wolfSSL I-CUBE-wolfSSL 5.8.0
2025-07-19 17:17:52,095 [INFO] ThirdParty:1030 - CMSIS Pack Vendor :STMicroelectronics USB_HOST 2.0.0
2025-07-19 17:17:52,095 [INFO] ThirdParty:1030 - CMSIS Pack Vendor :STMicroelectronics FP-SNS-MOTENVWB1 1.4.0
2025-07-19 17:17:52,095 [INFO] ThirdParty:1030 - CMSIS Pack Vendor :STMicroelectronics X-CUBE-AZRTOS-F4 1.1.0
2025-07-19 17:17:52,096 [INFO] ThirdParty:1030 - CMSIS Pack Vendor :STMicroelectronics LIBJPEG 8.0.0
2025-07-19 17:17:52,096 [INFO] ThirdParty:1030 - CMSIS Pack Vendor :STMicroelectronics FP-ATR-ASTRA1 2.0.2
2025-07-19 17:17:52,096 [INFO] ThirdParty:1030 - CMSIS Pack Vendor :STMicroelectronics X-CUBE-BLE1 7.1.0
2025-07-19 17:17:52,096 [INFO] ThirdParty:1030 - CMSIS Pack Vendor :Avnet-IotConnect X-CUBE-IoTC-DA16k-PMOD 1.0.0
2025-07-19 17:17:52,096 [INFO] ThirdParty:1030 - CMSIS Pack Vendor :STMicroelectronics X-CUBE-SMBUS 2.1.0
2025-07-19 17:17:52,096 [INFO] ThirdParty:1030 - CMSIS Pack Vendor :wolfSSL I-CUBE-wolfMQTT 1.19.2
2025-07-19 17:17:52,096 [INFO] ThirdParty:1030 - CMSIS Pack Vendor :STMicroelectronics USB_DEVICE 3.0.0
2025-07-19 17:17:52,096 [INFO] ThirdParty:1030 - CMSIS Pack Vendor :STMicroelectronics X-CUBE-ISPU 2.1.0
2025-07-19 17:17:52,096 [INFO] ThirdParty:1030 - CMSIS Pack Vendor :STMicroelectronics X-CUBE-EEPRMA1 5.2.0
2025-07-19 17:17:52,097 [INFO] ThirdParty:1030 - CMSIS Pack Vendor :STMicroelectronics X-CUBE-AZRTOS-WB 2.0.0
2025-07-19 17:17:52,097 [INFO] ThirdParty:1030 - CMSIS Pack Vendor :STMicroelectronics X-CUBE-ST60 1.0.0
2025-07-19 17:17:52,097 [INFO] ThirdParty:1030 - CMSIS Pack Vendor :STMicroelectronics X-CUBE-GNSS1 7.0.1
2025-07-19 17:17:52,098 [INFO] ThirdParty:1030 - CMSIS Pack Vendor :STMicroelectronics X-CUBE-NFC12 1.0.0
2025-07-19 17:17:52,098 [INFO] ThirdParty:1030 - CMSIS Pack Vendor :STMicroelectronics X-CUBE-AZRTOS-F7 1.1.0
2025-07-19 17:17:52,098 [INFO] ThirdParty:1030 - CMSIS Pack Vendor :STMicroelectronics X-CUBE-AZRTOS-L5 2.0.0
2025-07-19 17:17:52,098 [INFO] ThirdParty:1030 - CMSIS Pack Vendor :STMicroelectronics X-CUBE-TOUCHGFX 4.25.0
2025-07-19 17:17:52,098 [INFO] ThirdParty:1030 - CMSIS Pack Vendor :STMicroelectronics USB_DEVICE 2.0.0
2025-07-19 17:17:52,098 [INFO] ThirdParty:1030 - CMSIS Pack Vendor :STMicroelectronics X-CUBE-NFC6 3.1.0
2025-07-19 17:17:52,098 [INFO] ThirdParty:1030 - CMSIS Pack Vendor :STMicroelectronics X-CUBE-AI 10.1.0
2025-07-19 17:17:52,098 [INFO] ThirdParty:1030 - CMSIS Pack Vendor :STMicroelectronics FP-SNS-STBOX1 2.0.0
2025-07-19 17:17:52,098 [INFO] ThirdParty:1030 - CMSIS Pack Vendor :STMicroelectronics FreeRTOS 0.0.1
2025-07-19 17:17:52,098 [INFO] ThirdParty:1030 - CMSIS Pack Vendor :STMicroelectronics X-CUBE-AZRTOS-G0 1.1.0
2025-07-19 17:17:52,098 [INFO] ThirdParty:1030 - CMSIS Pack Vendor :STMicroelectronics X-CUBE-SAFEA1 1.2.2
2025-07-19 17:17:52,099 [INFO] ThirdParty:1030 - CMSIS Pack Vendor :STMicroelectronics X-CUBE-NFC4 3.0.0
2025-07-19 17:17:52,099 [INFO] ThirdParty:1030 - CMSIS Pack Vendor :STMicroelectronics X-CUBE-SUBG2 5.0.0
2025-07-19 17:17:52,100 [INFO] ThirdParty:1030 - CMSIS Pack Vendor :STMicroelectronics X-CUBE-AZRTOS-H7RS 1.1.0
2025-07-19 17:17:52,100 [INFO] ThirdParty:1030 - CMSIS Pack Vendor :STMicroelectronics STM32_WPAN 1.0.0
2025-07-19 17:17:52,100 [INFO] ThirdParty:1030 - CMSIS Pack Vendor :EmbeddedOffice I-CUBE-FS-RTOS 1.0.1
2025-07-19 17:17:52,100 [INFO] ThirdParty:1030 - CMSIS Pack Vendor :STMicroelectronics lwIP 2.0.3
2025-07-19 17:17:52,101 [INFO] ThirdParty:1030 - CMSIS Pack Vendor :Cesanta I-CUBE-Mongoose 7.13.0
2025-07-19 17:17:52,102 [INFO] ThirdParty:1030 - CMSIS Pack Vendor :STMicroelectronics USB_HOST 1.0.0
2025-07-19 17:17:52,102 [INFO] ThirdParty:1030 - CMSIS Pack Vendor :Infineon AIROC-Wi-Fi-Bluetooth-STM32 1.7.0
2025-07-19 17:17:52,103 [INFO] ThirdParty:1030 - CMSIS Pack Vendor :STMicroelectronics X-CUBE-AZRTOS-G4 2.0.0
2025-07-19 17:17:52,103 [INFO] ThirdParty:1030 - CMSIS Pack Vendor :STMicroelectronics X-CUBE-WB05N 2.0.0
2025-07-19 17:17:52,104 [INFO] ThirdParty:1030 - CMSIS Pack Vendor :STMicroelectronics PDM2PCM 3.1.0
2025-07-19 17:17:52,104 [INFO] ThirdParty:1030 - CMSIS Pack Vendor :STMicroelectronics PDM2PCM 3.3.0
2025-07-19 17:17:52,105 [INFO] ThirdParty:1030 - CMSIS Pack Vendor :wolfSSL I-CUBE-wolfTPM 3.8.0
2025-07-19 17:17:52,106 [INFO] ThirdParty:1030 - CMSIS Pack Vendor :STMicroelectronics X-CUBE-AZRTOS-H7 3.4.0
2025-07-19 17:17:52,106 [INFO] ThirdParty:1030 - CMSIS Pack Vendor :STMicroelectronics X-CUBE-DISPLAY 3.0.0
2025-07-19 17:17:52,107 [INFO] ThirdParty:1030 - CMSIS Pack Vendor :wolfSSL I-CUBE-wolfSSH 1.4.20
2025-07-19 17:17:52,107 [INFO] ThirdParty:1030 - CMSIS Pack Vendor :STMicroelectronics X-CUBE-NFC7 2.0.0
2025-07-19 17:17:52,107 [INFO] ThirdParty:1030 - CMSIS Pack Vendor :STMicroelectronics X-CUBE-TCPP 4.2.0
2025-07-19 17:17:52,107 [INFO] ThirdParty:1030 - CMSIS Pack Vendor :RealThread X-CUBE-RT-Thread_Nano 4.1.1
2025-07-19 17:17:52,108 [INFO] ThirdParty:1030 - CMSIS Pack Vendor :STMicroelectronics FP-ATR-SIGFOX1 3.2.0
2025-07-19 17:17:52,108 [INFO] ThirdParty:1030 - CMSIS Pack Vendor :STMicroelectronics X-CUBE-NFC10 1.0.0
2025-07-19 17:17:52,109 [INFO] ThirdParty:1030 - CMSIS Pack Vendor :STMicroelectronics X-CUBE-BLEMGR 4.0.0
2025-07-19 17:17:52,109 [INFO] ThirdParty:1030 - CMSIS Pack Vendor :STMicroelectronics X-CUBE-EEPRMA1 5.1.0
2025-07-19 17:17:52,109 [INFO] ThirdParty:1030 - CMSIS Pack Vendor :STMicroelectronics X-CUBE-FREERTOS 1.3.1
2025-07-19 17:17:52,109 [INFO] ThirdParty:1030 - CMSIS Pack Vendor :STMicroelectronics HAL Drivers 0.0.0
2025-07-19 17:17:52,109 [INFO] ThirdParty:1030 - CMSIS Pack Vendor :STMicroelectronics MBEDTLS 2.16.2
2025-07-19 17:17:52,109 [INFO] ThirdParty:1030 - CMSIS Pack Vendor :STMicroelectronics X-CUBE-IPS 3.1.0
2025-07-19 17:17:52,109 [INFO] ThirdParty:1030 - CMSIS Pack Vendor :STMicroelectronics X-CUBE-ALS 1.0.2
2025-07-19 17:17:52,109 [INFO] ThirdParty:1030 - CMSIS Pack Vendor :emotas I-CUBE-CANOPEN 1.3.0
2025-07-19 17:17:52,110 [INFO] ThirdParty:1030 - CMSIS Pack Vendor :STMicroelectronics MBEDTLS 2.14.1
2025-07-19 17:17:52,110 [INFO] ThirdParty:1030 - CMSIS Pack Vendor :ITTIA_DB I-CUBE-ITTIADB 8.9.0
2025-07-19 17:17:52,110 [INFO] ThirdParty:1030 - CMSIS Pack Vendor :portGmbH I-Cube-SoM-uGOAL 1.1.0
2025-07-19 17:17:52,111 [INFO] ThirdParty:1030 - CMSIS Pack Vendor :quantropi X-CUBE-qispace-sdk-base 2.0.0
2025-07-19 17:17:52,111 [INFO] ThirdParty:1030 - CMSIS Pack Vendor :STMicroelectronics X-CUBE-ST67W61 1.0.0
2025-07-19 17:17:52,111 [INFO] ThirdParty:1030 - CMSIS Pack Vendor :STMicroelectronics FP-SNS-STAIOTCFT 1.0.0
2025-07-19 17:17:52,111 [INFO] ThirdParty:1030 - CMSIS Pack Vendor :STMicroelectronics ThreadX 1.0.0
2025-07-19 17:17:52,111 [INFO] ThirdParty:1030 - CMSIS Pack Vendor :STMicroelectronics FP-SNS-SMARTAG2 1.2.0
2025-07-19 17:17:52,111 [INFO] ThirdParty:1030 - CMSIS Pack Vendor :STMicroelectronics FP-SNS-FLIGHT1 5.1.0
2025-07-19 17:17:52,111 [INFO] ThirdParty:1030 - CMSIS Pack Vendor :STMicroelectronics X-CUBE-AZRTOS-WL 2.0.0
2025-07-19 17:17:52,112 [INFO] ThirdParty:1030 - CMSIS Pack Vendor :SEGGER I-CUBE-embOS 1.3.1
2025-07-19 17:17:52,112 [INFO] ThirdParty:1030 - CMSIS Pack Vendor :STMicroelectronics X-CUBE-ALGOBUILD 1.4.0
2025-07-19 17:17:52,112 [INFO] ThirdParty:1030 - CMSIS Pack Vendor :STMicroelectronics X-CUBE-DPower 1.3.0
2025-07-19 17:17:52,113 [INFO] ThirdParty:1030 - CMSIS Pack Vendor :STMicroelectronics X-CUBE-MEMS1 11.3.0
2025-07-19 17:17:52,113 [INFO] ThirdParty:1030 - CMSIS Pack Vendor :STMicroelectronics FP-SNS-MOTENV1 5.0.0
2025-07-19 17:17:52,113 [INFO] ThirdParty:1030 - CMSIS Pack Vendor :STMicroelectronics USB_DEVICE 1.0.0
2025-07-19 17:17:52,113 [INFO] ThirdParty:1030 - CMSIS Pack Vendor :STMicroelectronics X-CUBE-AZRTOS-L4 2.0.0
2025-07-19 17:17:52,113 [INFO] ThirdParty:1030 - CMSIS Pack Vendor :STMicroelectronics ThreadX 0.0.2
2025-07-19 17:17:52,113 [INFO] ThirdParty:1030 - CMSIS Pack Vendor :WES I-CUBE-Cesium 1.3.0
2025-07-19 17:17:52,113 [INFO] ThirdParty:1030 - CMSIS Pack Vendor :STMicroelectronics lwIP 2.1.2
2025-07-19 17:17:52,113 [INFO] ThirdParty:1030 - CMSIS Pack Vendor :STMicroelectronics X-CUBE-SFXS2LP1 4.0.0
2025-07-19 17:17:52,113 [INFO] ThirdParty:1030 - CMSIS Pack Vendor :STMicroelectronics X-CUBE-BLE2 3.3.0
2025-07-19 17:17:52,113 [INFO] ThirdParty:1030 - CMSIS Pack Vendor :STMicroelectronics X-CUBE-TOF1 3.4.3
2025-07-19 17:17:52,114 [INFO] ThirdParty:1030 - CMSIS Pack Vendor :STMicroelectronics PDM2PCM 3.2.0
2025-07-19 17:17:52,115 [INFO] ThirdParty:841 - exiting critical section [change project]
2025-07-19 17:17:52,589 [INFO] PinOutPanel:1589 - setPackage(No Configuration,No Configuration)
2025-07-19 17:17:52,592 [INFO] PinOutPanel:1589 - setPackage(STM32F446RETx,LQFP64)
2025-07-19 17:17:53,082 [INFO] UtilMem:75 - Before build in PCC Used Memory: 694395616 Bytes (1006632960)
2025-07-19 17:17:53,459 [INFO] UtilMem:75 - After build in PCC Used Memory: 745249504 Bytes (1006632960)
2025-07-19 17:17:53,491 [INFO] IPUIPlugin:80 - create IPUIPlugin
2025-07-19 17:17:53,491 [INFO] IPUIPlugin:80 - create IPUIPlugin
2025-07-19 17:17:53,491 [INFO] IPUIPlugin:80 - create IPUIPlugin
2025-07-19 17:17:53,491 [INFO] IPUIPlugin:80 - create IPUIPlugin
2025-07-19 17:17:53,491 [INFO] IPUIPlugin:80 - create IPUIPlugin
2025-07-19 17:17:53,492 [INFO] IPUIPlugin:80 - create IPUIPlugin
2025-07-19 17:17:53,492 [INFO] IPUIPlugin:80 - create IPUIPlugin
2025-07-19 17:17:53,493 [INFO] IPUIPlugin:80 - create IPUIPlugin
2025-07-19 17:17:53,493 [INFO] IPUIPlugin:80 - create IPUIPlugin
2025-07-19 17:17:53,493 [INFO] IPUIPlugin:80 - create IPUIPlugin
2025-07-19 17:17:53,493 [INFO] IPUIPlugin:80 - create IPUIPlugin
2025-07-19 17:17:53,494 [INFO] IPUIPlugin:80 - create IPUIPlugin
2025-07-19 17:17:53,495 [INFO] IPUIPlugin:80 - create IPUIPlugin
2025-07-19 17:17:53,495 [INFO] IPUIPlugin:80 - create IPUIPlugin
2025-07-19 17:17:53,495 [INFO] IPUIPlugin:80 - create IPUIPlugin
2025-07-19 17:17:53,495 [INFO] IPUIPlugin:80 - create IPUIPlugin
2025-07-19 17:17:53,495 [INFO] IPUIPlugin:80 - create IPUIPlugin
2025-07-19 17:17:53,495 [INFO] IPUIPlugin:80 - create IPUIPlugin
2025-07-19 17:17:53,496 [INFO] IPUIPlugin:80 - create IPUIPlugin
2025-07-19 17:17:53,496 [INFO] IPUIPlugin:80 - create IPUIPlugin
2025-07-19 17:17:53,496 [INFO] IPUIPlugin:80 - create IPUIPlugin
2025-07-19 17:17:53,496 [INFO] IPUIPlugin:80 - create IPUIPlugin
2025-07-19 17:17:53,496 [INFO] IPUIPlugin:80 - create IPUIPlugin
2025-07-19 17:17:53,496 [INFO] IPUIPlugin:80 - create IPUIPlugin
2025-07-19 17:17:53,496 [INFO] IPUIPlugin:80 - create IPUIPlugin
2025-07-19 17:17:53,497 [INFO] IPUIPlugin:80 - create IPUIPlugin
2025-07-19 17:17:53,497 [INFO] IPUIPlugin:80 - create IPUIPlugin
2025-07-19 17:17:53,497 [INFO] IPUIPlugin:80 - create IPUIPlugin
2025-07-19 17:17:53,497 [INFO] IPUIPlugin:80 - create IPUIPlugin
2025-07-19 17:17:53,497 [INFO] IPUIPlugin:80 - create IPUIPlugin
2025-07-19 17:17:53,497 [INFO] IPUIPlugin:80 - create IPUIPlugin
2025-07-19 17:17:53,498 [INFO] IPUIPlugin:80 - create IPUIPlugin
2025-07-19 17:17:53,498 [INFO] IPUIPlugin:80 - create IPUIPlugin
2025-07-19 17:17:53,498 [INFO] IPUIPlugin:80 - create IPUIPlugin
2025-07-19 17:17:53,498 [INFO] IPUIPlugin:80 - create IPUIPlugin
2025-07-19 17:17:53,498 [INFO] IPUIPlugin:80 - create IPUIPlugin
2025-07-19 17:17:53,498 [INFO] IPUIPlugin:80 - create IPUIPlugin
2025-07-19 17:17:53,499 [INFO] IPUIPlugin:80 - create IPUIPlugin
2025-07-19 17:17:53,499 [INFO] IPUIPlugin:80 - create IPUIPlugin
2025-07-19 17:17:53,499 [INFO] IPUIPlugin:80 - create IPUIPlugin
2025-07-19 17:17:53,499 [INFO] IPUIPlugin:80 - create IPUIPlugin
2025-07-19 17:17:53,499 [INFO] IPUIPlugin:80 - create IPUIPlugin
2025-07-19 17:17:53,500 [INFO] IPUIPlugin:80 - create IPUIPlugin
2025-07-19 17:17:53,500 [INFO] IPUIPlugin:80 - create IPUIPlugin
2025-07-19 17:17:53,501 [INFO] IPUIPlugin:80 - create IPUIPlugin
2025-07-19 17:17:53,501 [INFO] IPUIPlugin:80 - create IPUIPlugin
2025-07-19 17:17:53,502 [INFO] IPUIPlugin:80 - create IPUIPlugin
2025-07-19 17:17:53,502 [INFO] IPUIPlugin:80 - create IPUIPlugin
2025-07-19 17:17:53,502 [INFO] IPUIPlugin:80 - create IPUIPlugin
2025-07-19 17:17:53,503 [INFO] IPUIPlugin:80 - create IPUIPlugin
2025-07-19 17:17:53,503 [INFO] IPUIPlugin:80 - create IPUIPlugin
2025-07-19 17:17:53,504 [INFO] IPUIPlugin:80 - create IPUIPlugin
2025-07-19 17:17:53,504 [INFO] IPUIPlugin:80 - create IPUIPlugin
2025-07-19 17:17:53,504 [INFO] IPUIPlugin:80 - create IPUIPlugin
2025-07-19 17:17:53,505 [INFO] IPUIPlugin:80 - create IPUIPlugin
2025-07-19 17:17:53,505 [INFO] IPUIPlugin:80 - create IPUIPlugin
2025-07-19 17:17:53,506 [INFO] IPUIPlugin:80 - create IPUIPlugin
2025-07-19 17:17:53,506 [INFO] IPUIPlugin:80 - create IPUIPlugin
2025-07-19 17:17:53,507 [INFO] IPUIPlugin:80 - create IPUIPlugin
2025-07-19 17:17:53,507 [INFO] IPUIPlugin:80 - create IPUIPlugin
2025-07-19 17:17:53,509 [INFO] ApiDbMcu:532 - Load IP Config File for PDM2PCM
2025-07-19 17:17:53,611 [INFO] CADModel:165 - CPN selected for project levelSTM32F446RET6
2025-07-19 17:17:53,611 [INFO] CADModel:114 - Register for checkConnection events
2025-07-19 17:17:53,661 [INFO] OpenFileManager:386 - Restore cursor
2025-07-19 17:17:54,133 [INFO] UtilMem:75 - End SaveConfig() Used Memory: 909703280 Bytes (1006632960)
2025-07-19 17:17:54,292 [INFO] UtilMem:75 - End SaveConfig() Used Memory: 424935296 Bytes (1006632960)
2025-07-19 17:17:54,405 [INFO] BlockDiagram:2775 - set Specific Code input for plugin: SYS
2025-07-19 17:17:54,405 [INFO] BlockDiagram:2775 - set Specific Code input for plugin: RCC
2025-07-19 17:17:54,405 [INFO] BlockDiagram:2775 - set Specific Code input for plugin: NVIC
2025-07-19 17:17:54,405 [INFO] BlockDiagram:2775 - set Specific Code input for plugin: USART
2025-07-19 17:17:54,405 [INFO] BlockDiagram:2775 - set Specific Code input for plugin: GPIO
2025-07-19 17:17:54,407 [INFO] CodeGenerator:892 - code generatio: config db path: C:\ST\STM32CubeIDE_1.18.1\STM32CubeIDE\plugins\com.st.stm32cube.common.mx_6.15.0.202507011659\\db\
2025-07-19 17:17:54,520 [INFO] CodeEngine:265 - oldGeneratedFile, C:\Users\aliya\proje\KontrolOrtakCalisma\Kontroll4\MXTmpFiles\license.tmp_save
2025-07-19 17:17:54,660 [INFO] CodeEngine:289 - Generated code: C:\Users\aliya\proje\KontrolOrtakCalisma\Kontroll4\MXTmpFiles\license.tmp
2025-07-19 17:17:54,694 [INFO] CodeEngine:265 - oldGeneratedFile, C:\Users\aliya\proje\KontrolOrtakCalisma\Kontroll4\MXTmpFiles\gpio.tmp_save
2025-07-19 17:17:54,792 [INFO] CodeEngine:289 - Generated code: C:\Users\aliya\proje\KontrolOrtakCalisma\Kontroll4\MXTmpFiles\gpio.tmp
2025-07-19 17:17:54,836 [INFO] CodeEngine:265 - oldGeneratedFile, C:\Users\aliya\proje\KontrolOrtakCalisma\Kontroll4\Core\Src\stm32f4xx_it.c_save
2025-07-19 17:17:55,071 [INFO] CodeEngine:289 - Generated code: C:\Users\aliya\proje\KontrolOrtakCalisma\Kontroll4\Core\Src\stm32f4xx_it.c
2025-07-19 17:17:55,079 [INFO] CodeEngine:265 - oldGeneratedFile, C:\Users\aliya\proje\KontrolOrtakCalisma\Kontroll4\Core\Inc\stm32f4xx_it.h_save
2025-07-19 17:17:55,171 [INFO] CodeEngine:289 - Generated code: C:\Users\aliya\proje\KontrolOrtakCalisma\Kontroll4\Core\Inc\stm32f4xx_it.h
2025-07-19 17:17:55,189 [INFO] CodeEngine:265 - oldGeneratedFile, C:\Users\aliya\proje\KontrolOrtakCalisma\Kontroll4\Core\Src\stm32f4xx_hal_msp.c_save
2025-07-19 17:17:55,298 [INFO] CodeEngine:289 - Generated code: C:\Users\aliya\proje\KontrolOrtakCalisma\Kontroll4\Core\Src\stm32f4xx_hal_msp.c
2025-07-19 17:17:55,305 [INFO] CodeEngine:265 - oldGeneratedFile, C:\Users\aliya\proje\KontrolOrtakCalisma\Kontroll4\MXTmpFiles\system.tmp_save
2025-07-19 17:17:55,361 [INFO] CodeEngine:289 - Generated code: C:\Users\aliya\proje\KontrolOrtakCalisma\Kontroll4\MXTmpFiles\system.tmp
2025-07-19 17:17:55,372 [INFO] CodeEngine:321 - oldGeneratedFile, C:\Users\aliya\proje\KontrolOrtakCalisma\Kontroll4\Core\Inc\stm32f4xx_hal_conf.h_save
2025-07-19 17:17:55,438 [INFO] CodeEngine:345 - Generated code: C:\Users\aliya\proje\KontrolOrtakCalisma\Kontroll4\Core\Inc\stm32f4xx_hal_conf.h
2025-07-19 17:17:55,466 [WARN] IPConfigManager:3238 - Warning: the RefConfig PLL2P_FOR_MCO is not available in your config.xml file
2025-07-19 17:17:55,469 [INFO] ApiDbMcu:532 - Load IP Config File for USART2
2025-07-19 17:17:55,471 [INFO] ApiDbMcu:532 - Load IP Config File for RCC
2025-07-19 17:17:55,480 [INFO] CodeEngine:265 - oldGeneratedFile, C:\Users\aliya\proje\KontrolOrtakCalisma\Kontroll4\Core\Inc\main.h_save
2025-07-19 17:17:55,567 [INFO] CodeEngine:289 - Generated code: C:\Users\aliya\proje\KontrolOrtakCalisma\Kontroll4\Core\Inc\main.h
2025-07-19 17:17:55,572 [INFO] CodeEngine:265 - oldGeneratedFile, C:\Users\aliya\proje\KontrolOrtakCalisma\Kontroll4\Core\Src\main.c_save
2025-07-19 17:17:55,654 [INFO] CodeEngine:289 - Generated code: C:\Users\aliya\proje\KontrolOrtakCalisma\Kontroll4\Core\Src\main.c
2025-07-19 17:17:55,958 [INFO] ProjectBuilder:3606 - Time for Copy HAL[1] : 132mS.
2025-07-19 17:17:55,961 [INFO] ProjectBuilder:5216 - Project Generator version: 4.7.0-B52
2025-07-19 17:17:56,069 [INFO] ConfigFileManager:1595 - The Die is : DIE421
2025-07-19 17:17:56,071 [INFO] ApiDbMcu:532 - Load IP Config File for FATFS
2025-07-19 17:17:56,074 [INFO] ApiDbMcu:532 - Load IP Config File for FREERTOS
2025-07-19 17:17:56,075 [INFO] ApiDbMcu:532 - Load IP Config File for LIBJPEG
2025-07-19 17:17:56,079 [INFO] ApiDbMcu:532 - Load IP Config File for MBEDTLS
2025-07-19 17:17:56,084 [INFO] ApiDbMcu:532 - Load IP Config File for USB_DEVICE
2025-07-19 17:17:56,086 [INFO] ApiDbMcu:532 - Load IP Config File for USB_HOST
2025-07-19 17:17:59,798 [INFO] ProjectBuilder:5496 - Time for Generating toolchain IDE Files: 3837mS.
2025-07-19 17:17:59,801 [INFO] ProjectBuilder:3463 - Time for Copy CMSIS : 1mS.
2025-07-19 17:17:59,815 [INFO] ProjectBuilder:3463 - Time for Copy CMSIS : 0mS.
2025-07-19 17:18:01,034 [INFO] McuFinderGlobals:76 - Set McuFinderConnectedMode to true
2025-07-19 17:18:01,036 [INFO] ApiDb:448 - Save user favorites file C:\Users\aliya/.stm32cubeide/favorites.mcus.txt: 0 item(s)
2025-07-19 17:18:01,037 [INFO] ApiDb:452 - User favorites MCUs=[]
2025-07-19 17:18:01,038 [INFO] ApiDb:448 - Save user favorites file C:\Users\aliya/.stm32cubeide/favorites.boards.txt: 1 item(s)
2025-07-19 17:18:01,038 [INFO] ApiDb:452 - User favorites Boards=[NUCLEO-F446RE]
2025-07-19 17:18:24,708 [INFO] RtosManager:1018 - Current active RTOS is FREERTOS [Cortex-M4NS]
2025-07-19 17:18:25,549 [ERROR] RtosPanel:558 - Can not restore the selected Tab for FREERTOS(A reason can be that the tab is no more available.)
2025-07-19 17:18:25,617 [ERROR] RtosPanel:558 - Can not restore the selected Tab for FREERTOS(A reason can be that the tab is no more available.)
2025-07-19 17:18:26,561 [INFO] UtilMem:75 - End SaveConfig() Used Memory: 649358656 Bytes (1006632960)
2025-07-19 17:18:27,563 [INFO] UtilMem:75 - End SaveConfig() Used Memory: 685257168 Bytes (1006632960)
2025-07-19 17:18:29,645 [INFO] UtilMem:75 - End SaveConfig() Used Memory: 778333504 Bytes (1006632960)
2025-07-19 17:18:34,729 [INFO] BlockDiagram:2775 - set Specific Code input for plugin: FREERTOS
2025-07-19 17:18:34,729 [INFO] BlockDiagram:2775 - set Specific Code input for plugin: SYS
2025-07-19 17:18:34,729 [INFO] BlockDiagram:2775 - set Specific Code input for plugin: RCC
2025-07-19 17:18:34,729 [INFO] BlockDiagram:2775 - set Specific Code input for plugin: NVIC
2025-07-19 17:18:34,729 [INFO] BlockDiagram:2775 - set Specific Code input for plugin: USART
2025-07-19 17:18:34,729 [INFO] BlockDiagram:2775 - set Specific Code input for plugin: GPIO
2025-07-19 17:18:34,731 [INFO] CodeGenerator:892 - code generatio: config db path: C:\ST\STM32CubeIDE_1.18.1\STM32CubeIDE\plugins\com.st.stm32cube.common.mx_6.15.0.202507011659\\db\
2025-07-19 17:18:34,886 [INFO] CodeEngine:265 - oldGeneratedFile, C:\Users\aliya\proje\KontrolOrtakCalisma\Kontroll4\MXTmpFiles\license.tmp_save
2025-07-19 17:18:34,963 [INFO] CodeEngine:289 - Generated code: C:\Users\aliya\proje\KontrolOrtakCalisma\Kontroll4\MXTmpFiles\license.tmp
2025-07-19 17:18:34,990 [INFO] CodeEngine:265 - oldGeneratedFile, C:\Users\aliya\proje\KontrolOrtakCalisma\Kontroll4\MXTmpFiles\gpio.tmp_save
2025-07-19 17:18:35,069 [INFO] CodeEngine:289 - Generated code: C:\Users\aliya\proje\KontrolOrtakCalisma\Kontroll4\MXTmpFiles\gpio.tmp
2025-07-19 17:18:35,222 [INFO] Middleware:1452 - No code input for Bsp Dependency
2025-07-19 17:18:35,253 [INFO] CodeEngine:265 - oldGeneratedFile, C:\Users\aliya\proje\KontrolOrtakCalisma\Kontroll4\MXTmpFiles\rtos_inc.tmp_save
2025-07-19 17:18:35,342 [INFO] CodeEngine:289 - Generated code: C:\Users\aliya\proje\KontrolOrtakCalisma\Kontroll4\MXTmpFiles\rtos_inc.tmp
2025-07-19 17:18:35,346 [INFO] CodeEngine:265 - oldGeneratedFile, C:\Users\aliya\proje\KontrolOrtakCalisma\Kontroll4\MXTmpFiles\rtos_kernelInit.tmp_save
2025-07-19 17:18:35,426 [INFO] CodeEngine:289 - Generated code: C:\Users\aliya\proje\KontrolOrtakCalisma\Kontroll4\MXTmpFiles\rtos_kernelInit.tmp
2025-07-19 17:18:35,431 [INFO] CodeEngine:265 - oldGeneratedFile, C:\Users\aliya\proje\KontrolOrtakCalisma\Kontroll4\MXTmpFiles\rtos_kernelStart.tmp_save
2025-07-19 17:18:35,497 [INFO] CodeEngine:289 - Generated code: C:\Users\aliya\proje\KontrolOrtakCalisma\Kontroll4\MXTmpFiles\rtos_kernelStart.tmp
2025-07-19 17:18:35,506 [INFO] CodeEngine:265 - oldGeneratedFile, C:\Users\aliya\proje\KontrolOrtakCalisma\Kontroll4\MXTmpFiles\rtos_typedefs.tmp_save
2025-07-19 17:18:35,569 [INFO] CodeEngine:289 - Generated code: C:\Users\aliya\proje\KontrolOrtakCalisma\Kontroll4\MXTmpFiles\rtos_typedefs.tmp
2025-07-19 17:18:35,574 [INFO] CodeEngine:265 - oldGeneratedFile, C:\Users\aliya\proje\KontrolOrtakCalisma\Kontroll4\MXTmpFiles\rtos_vars.tmp_save
2025-07-19 17:18:35,639 [INFO] CodeEngine:289 - Generated code: C:\Users\aliya\proje\KontrolOrtakCalisma\Kontroll4\MXTmpFiles\rtos_vars.tmp
2025-07-19 17:18:35,643 [INFO] CodeEngine:265 - oldGeneratedFile, C:\Users\aliya\proje\KontrolOrtakCalisma\Kontroll4\MXTmpFiles\rtos_pfp.tmp_save
2025-07-19 17:18:35,705 [INFO] CodeEngine:289 - Generated code: C:\Users\aliya\proje\KontrolOrtakCalisma\Kontroll4\MXTmpFiles\rtos_pfp.tmp
2025-07-19 17:18:35,710 [INFO] CodeEngine:265 - oldGeneratedFile, C:\Users\aliya\proje\KontrolOrtakCalisma\Kontroll4\MXTmpFiles\rtos_obj_creat.tmp_save
2025-07-19 17:18:35,778 [INFO] CodeEngine:289 - Generated code: C:\Users\aliya\proje\KontrolOrtakCalisma\Kontroll4\MXTmpFiles\rtos_obj_creat.tmp
2025-07-19 17:18:35,785 [INFO] CodeEngine:265 - oldGeneratedFile, C:\Users\aliya\proje\KontrolOrtakCalisma\Kontroll4\MXTmpFiles\rtos_default_thread.tmp_save
2025-07-19 17:18:35,849 [INFO] CodeEngine:289 - Generated code: C:\Users\aliya\proje\KontrolOrtakCalisma\Kontroll4\MXTmpFiles\rtos_default_thread.tmp
2025-07-19 17:18:35,856 [INFO] CodeEngine:265 - oldGeneratedFile, C:\Users\aliya\proje\KontrolOrtakCalisma\Kontroll4\MXTmpFiles\rtos_threads.tmp_save
2025-07-19 17:18:35,919 [INFO] CodeEngine:289 - Generated code: C:\Users\aliya\proje\KontrolOrtakCalisma\Kontroll4\MXTmpFiles\rtos_threads.tmp
2025-07-19 17:18:35,952 [INFO] Middleware:1452 - No code input for Bsp Dependency
2025-07-19 17:18:35,971 [INFO] CodeEngine:265 - oldGeneratedFile, C:\Users\aliya\proje\KontrolOrtakCalisma\Kontroll4\MXTmpFiles\rtos_inc.tmp_save
2025-07-19 17:18:36,041 [INFO] CodeEngine:289 - Generated code: C:\Users\aliya\proje\KontrolOrtakCalisma\Kontroll4\MXTmpFiles\rtos_inc.tmp
2025-07-19 17:18:36,048 [INFO] CodeEngine:265 - oldGeneratedFile, C:\Users\aliya\proje\KontrolOrtakCalisma\Kontroll4\MXTmpFiles\rtos_kernelInit.tmp_save
2025-07-19 17:18:36,113 [INFO] CodeEngine:289 - Generated code: C:\Users\aliya\proje\KontrolOrtakCalisma\Kontroll4\MXTmpFiles\rtos_kernelInit.tmp
2025-07-19 17:18:36,122 [INFO] CodeEngine:265 - oldGeneratedFile, C:\Users\aliya\proje\KontrolOrtakCalisma\Kontroll4\MXTmpFiles\rtos_kernelStart.tmp_save
2025-07-19 17:18:36,186 [INFO] CodeEngine:289 - Generated code: C:\Users\aliya\proje\KontrolOrtakCalisma\Kontroll4\MXTmpFiles\rtos_kernelStart.tmp
2025-07-19 17:18:36,193 [INFO] CodeEngine:265 - oldGeneratedFile, C:\Users\aliya\proje\KontrolOrtakCalisma\Kontroll4\MXTmpFiles\rtos_typedefs.tmp_save
2025-07-19 17:18:36,257 [INFO] CodeEngine:289 - Generated code: C:\Users\aliya\proje\KontrolOrtakCalisma\Kontroll4\MXTmpFiles\rtos_typedefs.tmp
2025-07-19 17:18:36,266 [INFO] CodeEngine:265 - oldGeneratedFile, C:\Users\aliya\proje\KontrolOrtakCalisma\Kontroll4\MXTmpFiles\rtos_vars.tmp_save
2025-07-19 17:18:36,334 [INFO] CodeEngine:289 - Generated code: C:\Users\aliya\proje\KontrolOrtakCalisma\Kontroll4\MXTmpFiles\rtos_vars.tmp
2025-07-19 17:18:36,341 [INFO] CodeEngine:265 - oldGeneratedFile, C:\Users\aliya\proje\KontrolOrtakCalisma\Kontroll4\MXTmpFiles\rtos_pfp.tmp_save
2025-07-19 17:18:36,407 [INFO] CodeEngine:289 - Generated code: C:\Users\aliya\proje\KontrolOrtakCalisma\Kontroll4\MXTmpFiles\rtos_pfp.tmp
2025-07-19 17:18:36,416 [INFO] CodeEngine:265 - oldGeneratedFile, C:\Users\aliya\proje\KontrolOrtakCalisma\Kontroll4\MXTmpFiles\rtos_obj_creat.tmp_save
2025-07-19 17:18:36,491 [INFO] CodeEngine:289 - Generated code: C:\Users\aliya\proje\KontrolOrtakCalisma\Kontroll4\MXTmpFiles\rtos_obj_creat.tmp
2025-07-19 17:18:36,502 [INFO] CodeEngine:265 - oldGeneratedFile, C:\Users\aliya\proje\KontrolOrtakCalisma\Kontroll4\MXTmpFiles\rtos_default_thread.tmp_save
2025-07-19 17:18:36,567 [INFO] CodeEngine:289 - Generated code: C:\Users\aliya\proje\KontrolOrtakCalisma\Kontroll4\MXTmpFiles\rtos_default_thread.tmp
2025-07-19 17:18:36,576 [INFO] CodeEngine:265 - oldGeneratedFile, C:\Users\aliya\proje\KontrolOrtakCalisma\Kontroll4\MXTmpFiles\rtos_threads.tmp_save
2025-07-19 17:18:36,638 [INFO] CodeEngine:289 - Generated code: C:\Users\aliya\proje\KontrolOrtakCalisma\Kontroll4\MXTmpFiles\rtos_threads.tmp
2025-07-19 17:18:36,644 [INFO] CodeEngine:265 - oldGeneratedFile, C:\Users\aliya\proje\KontrolOrtakCalisma\Kontroll4\Core\Inc\FreeRTOSConfig.h_save
2025-07-19 17:18:36,733 [INFO] CodeEngine:289 - Generated code: C:\Users\aliya\proje\KontrolOrtakCalisma\Kontroll4\Core\Inc\FreeRTOSConfig.h
2025-07-19 17:18:36,740 [INFO] CodeEngine:265 - oldGeneratedFile, C:\Users\aliya\proje\KontrolOrtakCalisma\Kontroll4\Core\Src\freertos.c_save
2025-07-19 17:18:36,824 [INFO] CodeEngine:289 - Generated code: C:\Users\aliya\proje\KontrolOrtakCalisma\Kontroll4\Core\Src\freertos.c
2025-07-19 17:18:36,850 [INFO] CodeEngine:265 - oldGeneratedFile, C:\Users\aliya\proje\KontrolOrtakCalisma\Kontroll4\Core\Src\stm32f4xx_it.c_save
2025-07-19 17:18:36,991 [INFO] CodeEngine:289 - Generated code: C:\Users\aliya\proje\KontrolOrtakCalisma\Kontroll4\Core\Src\stm32f4xx_it.c
2025-07-19 17:18:37,002 [INFO] CodeEngine:265 - oldGeneratedFile, C:\Users\aliya\proje\KontrolOrtakCalisma\Kontroll4\Core\Inc\stm32f4xx_it.h_save
2025-07-19 17:18:37,095 [INFO] CodeEngine:289 - Generated code: C:\Users\aliya\proje\KontrolOrtakCalisma\Kontroll4\Core\Inc\stm32f4xx_it.h
2025-07-19 17:18:37,117 [INFO] CodeEngine:265 - oldGeneratedFile, C:\Users\aliya\proje\KontrolOrtakCalisma\Kontroll4\Core\Src\stm32f4xx_hal_msp.c_save
2025-07-19 17:18:37,268 [INFO] CodeEngine:289 - Generated code: C:\Users\aliya\proje\KontrolOrtakCalisma\Kontroll4\Core\Src\stm32f4xx_hal_msp.c
2025-07-19 17:18:37,274 [INFO] CodeEngine:265 - oldGeneratedFile, C:\Users\aliya\proje\KontrolOrtakCalisma\Kontroll4\MXTmpFiles\system.tmp_save
2025-07-19 17:18:37,373 [INFO] CodeEngine:289 - Generated code: C:\Users\aliya\proje\KontrolOrtakCalisma\Kontroll4\MXTmpFiles\system.tmp
2025-07-19 17:18:37,398 [INFO] CodeEngine:321 - oldGeneratedFile, C:\Users\aliya\proje\KontrolOrtakCalisma\Kontroll4\Core\Inc\stm32f4xx_hal_conf.h_save
2025-07-19 17:18:37,501 [INFO] CodeEngine:345 - Generated code: C:\Users\aliya\proje\KontrolOrtakCalisma\Kontroll4\Core\Inc\stm32f4xx_hal_conf.h
2025-07-19 17:18:37,523 [WARN] IPConfigManager:3238 - Warning: the RefConfig PLL2P_FOR_MCO is not available in your config.xml file
2025-07-19 17:18:37,540 [INFO] CodeEngine:265 - oldGeneratedFile, C:\Users\aliya\proje\KontrolOrtakCalisma\Kontroll4\Core\Inc\main.h_save
2025-07-19 17:18:37,644 [INFO] CodeEngine:289 - Generated code: C:\Users\aliya\proje\KontrolOrtakCalisma\Kontroll4\Core\Inc\main.h
2025-07-19 17:18:37,659 [INFO] CodeEngine:265 - oldGeneratedFile, C:\Users\aliya\proje\KontrolOrtakCalisma\Kontroll4\Core\Src\main.c_save
2025-07-19 17:18:37,886 [INFO] CodeEngine:289 - Generated code: C:\Users\aliya\proje\KontrolOrtakCalisma\Kontroll4\Core\Src\main.c
2025-07-19 17:18:39,217 [INFO] ProjectBuilder:3606 - Time for Copy HAL[1] : 564mS.
2025-07-19 17:18:39,221 [INFO] ProjectBuilder:5216 - Project Generator version: 4.7.0-B52
2025-07-19 17:18:39,303 [INFO] ConfigFileManager:1595 - The Die is : DIE421
2025-07-19 17:18:41,648 [INFO] ProjectBuilder:5496 - Time for Generating toolchain IDE Files: 2423mS.
2025-07-19 17:18:41,655 [INFO] ProjectBuilder:3463 - Time for Copy CMSIS : 2mS.
2025-07-19 17:18:41,860 [INFO] ProjectBuilder:3463 - Time for Copy CMSIS : 0mS.
2025-07-19 17:19:13,748 [INFO] TasksAndQueuesTab:757 - Dynamic
2025-07-19 17:19:13,748 [WARN] TasksAndQueuesTab:763 - 128 128
2025-07-19 17:19:13,748 [WARN] TasksAndQueuesTab:775 - max value is: 3840.0
2025-07-19 17:19:19,875 [INFO] EditThreadDialog:704 - RAM SIZE (in KB): 128
2025-07-19 17:19:19,875 [INFO] EditThreadDialog:706 - RAM SIZE (in words): 32768
2025-07-19 17:19:25,979 [INFO] TasksAndQueuesTab:757 - Dynamic
2025-07-19 17:19:25,979 [WARN] TasksAndQueuesTab:763 - 128 128
2025-07-19 17:19:25,979 [WARN] TasksAndQueuesTab:775 - max value is: 3840.0
2025-07-19 17:19:25,979 [INFO] TasksAndQueuesTab:757 - Dynamic
2025-07-19 17:19:25,979 [WARN] TasksAndQueuesTab:763 - 128 128
2025-07-19 17:19:25,979 [WARN] TasksAndQueuesTab:775 - max value is: 3840.0
2025-07-19 17:19:26,162 [ERROR] RtosPanel:558 - Can not restore the selected Tab for FREERTOS(A reason can be that the tab is no more available.)
2025-07-19 17:19:26,412 [INFO] UtilMem:75 - End SaveConfig() Used Memory: 402411704 Bytes (1006632960)
2025-07-19 17:19:27,090 [INFO] UtilMem:75 - End SaveConfig() Used Memory: 425480376 Bytes (1006632960)
2025-07-19 17:19:27,707 [INFO] UtilMem:75 - End SaveConfig() Used Memory: 463751352 Bytes (1006632960)
2025-07-19 17:19:31,555 [INFO] BlockDiagram:2775 - set Specific Code input for plugin: FREERTOS
2025-07-19 17:19:31,555 [INFO] BlockDiagram:2775 - set Specific Code input for plugin: SYS
2025-07-19 17:19:31,555 [INFO] BlockDiagram:2775 - set Specific Code input for plugin: RCC
2025-07-19 17:19:31,556 [INFO] BlockDiagram:2775 - set Specific Code input for plugin: NVIC
2025-07-19 17:19:31,556 [INFO] BlockDiagram:2775 - set Specific Code input for plugin: USART
2025-07-19 17:19:31,556 [INFO] BlockDiagram:2775 - set Specific Code input for plugin: GPIO
2025-07-19 17:19:31,557 [INFO] CodeGenerator:892 - code generatio: config db path: C:\ST\STM32CubeIDE_1.18.1\STM32CubeIDE\plugins\com.st.stm32cube.common.mx_6.15.0.202507011659\\db\
2025-07-19 17:19:31,653 [INFO] CodeEngine:265 - oldGeneratedFile, C:\Users\aliya\proje\KontrolOrtakCalisma\Kontroll4\MXTmpFiles\license.tmp_save
2025-07-19 17:19:31,711 [INFO] CodeEngine:289 - Generated code: C:\Users\aliya\proje\KontrolOrtakCalisma\Kontroll4\MXTmpFiles\license.tmp
2025-07-19 17:19:31,728 [INFO] CodeEngine:265 - oldGeneratedFile, C:\Users\aliya\proje\KontrolOrtakCalisma\Kontroll4\MXTmpFiles\gpio.tmp_save
2025-07-19 17:19:31,797 [INFO] CodeEngine:289 - Generated code: C:\Users\aliya\proje\KontrolOrtakCalisma\Kontroll4\MXTmpFiles\gpio.tmp
2025-07-19 17:19:31,849 [INFO] Middleware:1452 - No code input for Bsp Dependency
2025-07-19 17:19:31,856 [INFO] CodeEngine:265 - oldGeneratedFile, C:\Users\aliya\proje\KontrolOrtakCalisma\Kontroll4\MXTmpFiles\rtos_inc.tmp_save
2025-07-19 17:19:31,913 [INFO] CodeEngine:289 - Generated code: C:\Users\aliya\proje\KontrolOrtakCalisma\Kontroll4\MXTmpFiles\rtos_inc.tmp
2025-07-19 17:19:31,918 [INFO] CodeEngine:265 - oldGeneratedFile, C:\Users\aliya\proje\KontrolOrtakCalisma\Kontroll4\MXTmpFiles\rtos_kernelInit.tmp_save
2025-07-19 17:19:31,973 [INFO] CodeEngine:289 - Generated code: C:\Users\aliya\proje\KontrolOrtakCalisma\Kontroll4\MXTmpFiles\rtos_kernelInit.tmp
2025-07-19 17:19:31,978 [INFO] CodeEngine:265 - oldGeneratedFile, C:\Users\aliya\proje\KontrolOrtakCalisma\Kontroll4\MXTmpFiles\rtos_kernelStart.tmp_save
2025-07-19 17:19:32,042 [INFO] CodeEngine:289 - Generated code: C:\Users\aliya\proje\KontrolOrtakCalisma\Kontroll4\MXTmpFiles\rtos_kernelStart.tmp
2025-07-19 17:19:32,047 [INFO] CodeEngine:265 - oldGeneratedFile, C:\Users\aliya\proje\KontrolOrtakCalisma\Kontroll4\MXTmpFiles\rtos_typedefs.tmp_save
2025-07-19 17:19:32,109 [INFO] CodeEngine:289 - Generated code: C:\Users\aliya\proje\KontrolOrtakCalisma\Kontroll4\MXTmpFiles\rtos_typedefs.tmp
2025-07-19 17:19:32,121 [INFO] CodeEngine:265 - oldGeneratedFile, C:\Users\aliya\proje\KontrolOrtakCalisma\Kontroll4\MXTmpFiles\rtos_vars.tmp_save
2025-07-19 17:19:32,178 [INFO] CodeEngine:289 - Generated code: C:\Users\aliya\proje\KontrolOrtakCalisma\Kontroll4\MXTmpFiles\rtos_vars.tmp
2025-07-19 17:19:32,184 [INFO] CodeEngine:265 - oldGeneratedFile, C:\Users\aliya\proje\KontrolOrtakCalisma\Kontroll4\MXTmpFiles\rtos_pfp.tmp_save
2025-07-19 17:19:32,239 [INFO] CodeEngine:289 - Generated code: C:\Users\aliya\proje\KontrolOrtakCalisma\Kontroll4\MXTmpFiles\rtos_pfp.tmp
2025-07-19 17:19:32,244 [INFO] CodeEngine:265 - oldGeneratedFile, C:\Users\aliya\proje\KontrolOrtakCalisma\Kontroll4\MXTmpFiles\rtos_obj_creat.tmp_save
2025-07-19 17:19:32,302 [INFO] CodeEngine:289 - Generated code: C:\Users\aliya\proje\KontrolOrtakCalisma\Kontroll4\MXTmpFiles\rtos_obj_creat.tmp
2025-07-19 17:19:32,308 [INFO] CodeEngine:265 - oldGeneratedFile, C:\Users\aliya\proje\KontrolOrtakCalisma\Kontroll4\MXTmpFiles\rtos_default_thread.tmp_save
2025-07-19 17:19:32,367 [INFO] CodeEngine:289 - Generated code: C:\Users\aliya\proje\KontrolOrtakCalisma\Kontroll4\MXTmpFiles\rtos_default_thread.tmp
2025-07-19 17:19:32,372 [INFO] CodeEngine:265 - oldGeneratedFile, C:\Users\aliya\proje\KontrolOrtakCalisma\Kontroll4\MXTmpFiles\rtos_threads.tmp_save
2025-07-19 17:19:32,488 [INFO] CodeEngine:289 - Generated code: C:\Users\aliya\proje\KontrolOrtakCalisma\Kontroll4\MXTmpFiles\rtos_threads.tmp
2025-07-19 17:19:32,518 [INFO] Middleware:1452 - No code input for Bsp Dependency
2025-07-19 17:19:32,532 [INFO] CodeEngine:265 - oldGeneratedFile, C:\Users\aliya\proje\KontrolOrtakCalisma\Kontroll4\MXTmpFiles\rtos_inc.tmp_save
2025-07-19 17:19:32,593 [INFO] CodeEngine:289 - Generated code: C:\Users\aliya\proje\KontrolOrtakCalisma\Kontroll4\MXTmpFiles\rtos_inc.tmp
2025-07-19 17:19:32,600 [INFO] CodeEngine:265 - oldGeneratedFile, C:\Users\aliya\proje\KontrolOrtakCalisma\Kontroll4\MXTmpFiles\rtos_kernelInit.tmp_save
2025-07-19 17:19:32,671 [INFO] CodeEngine:289 - Generated code: C:\Users\aliya\proje\KontrolOrtakCalisma\Kontroll4\MXTmpFiles\rtos_kernelInit.tmp
2025-07-19 17:19:32,686 [INFO] CodeEngine:265 - oldGeneratedFile, C:\Users\aliya\proje\KontrolOrtakCalisma\Kontroll4\MXTmpFiles\rtos_kernelStart.tmp_save
2025-07-19 17:19:32,743 [INFO] CodeEngine:289 - Generated code: C:\Users\aliya\proje\KontrolOrtakCalisma\Kontroll4\MXTmpFiles\rtos_kernelStart.tmp
2025-07-19 17:19:32,752 [INFO] CodeEngine:265 - oldGeneratedFile, C:\Users\aliya\proje\KontrolOrtakCalisma\Kontroll4\MXTmpFiles\rtos_typedefs.tmp_save
2025-07-19 17:19:32,811 [INFO] CodeEngine:289 - Generated code: C:\Users\aliya\proje\KontrolOrtakCalisma\Kontroll4\MXTmpFiles\rtos_typedefs.tmp
2025-07-19 17:19:32,822 [INFO] CodeEngine:265 - oldGeneratedFile, C:\Users\aliya\proje\KontrolOrtakCalisma\Kontroll4\MXTmpFiles\rtos_vars.tmp_save
2025-07-19 17:19:32,882 [INFO] CodeEngine:289 - Generated code: C:\Users\aliya\proje\KontrolOrtakCalisma\Kontroll4\MXTmpFiles\rtos_vars.tmp
2025-07-19 17:19:32,889 [INFO] CodeEngine:265 - oldGeneratedFile, C:\Users\aliya\proje\KontrolOrtakCalisma\Kontroll4\MXTmpFiles\rtos_pfp.tmp_save
2025-07-19 17:19:32,947 [INFO] CodeEngine:289 - Generated code: C:\Users\aliya\proje\KontrolOrtakCalisma\Kontroll4\MXTmpFiles\rtos_pfp.tmp
2025-07-19 17:19:32,954 [INFO] CodeEngine:265 - oldGeneratedFile, C:\Users\aliya\proje\KontrolOrtakCalisma\Kontroll4\MXTmpFiles\rtos_obj_creat.tmp_save
2025-07-19 17:19:33,015 [INFO] CodeEngine:289 - Generated code: C:\Users\aliya\proje\KontrolOrtakCalisma\Kontroll4\MXTmpFiles\rtos_obj_creat.tmp
2025-07-19 17:19:33,022 [INFO] CodeEngine:265 - oldGeneratedFile, C:\Users\aliya\proje\KontrolOrtakCalisma\Kontroll4\MXTmpFiles\rtos_default_thread.tmp_save
2025-07-19 17:19:33,080 [INFO] CodeEngine:289 - Generated code: C:\Users\aliya\proje\KontrolOrtakCalisma\Kontroll4\MXTmpFiles\rtos_default_thread.tmp
2025-07-19 17:19:33,086 [INFO] CodeEngine:265 - oldGeneratedFile, C:\Users\aliya\proje\KontrolOrtakCalisma\Kontroll4\MXTmpFiles\rtos_threads.tmp_save
2025-07-19 17:19:33,144 [INFO] CodeEngine:289 - Generated code: C:\Users\aliya\proje\KontrolOrtakCalisma\Kontroll4\MXTmpFiles\rtos_threads.tmp
2025-07-19 17:19:33,153 [INFO] CodeEngine:265 - oldGeneratedFile, C:\Users\aliya\proje\KontrolOrtakCalisma\Kontroll4\Core\Inc\FreeRTOSConfig.h_save
2025-07-19 17:19:33,227 [INFO] CodeEngine:289 - Generated code: C:\Users\aliya\proje\KontrolOrtakCalisma\Kontroll4\Core\Inc\FreeRTOSConfig.h
2025-07-19 17:19:33,235 [INFO] CodeEngine:265 - oldGeneratedFile, C:\Users\aliya\proje\KontrolOrtakCalisma\Kontroll4\Core\Src\freertos.c_save
2025-07-19 17:19:33,296 [INFO] CodeEngine:289 - Generated code: C:\Users\aliya\proje\KontrolOrtakCalisma\Kontroll4\Core\Src\freertos.c
2025-07-19 17:19:33,309 [INFO] CodeEngine:265 - oldGeneratedFile, C:\Users\aliya\proje\KontrolOrtakCalisma\Kontroll4\Core\Src\stm32f4xx_it.c_save
2025-07-19 17:19:33,381 [INFO] CodeEngine:289 - Generated code: C:\Users\aliya\proje\KontrolOrtakCalisma\Kontroll4\Core\Src\stm32f4xx_it.c
2025-07-19 17:19:33,387 [INFO] CodeEngine:265 - oldGeneratedFile, C:\Users\aliya\proje\KontrolOrtakCalisma\Kontroll4\Core\Inc\stm32f4xx_it.h_save
2025-07-19 17:19:33,446 [INFO] CodeEngine:289 - Generated code: C:\Users\aliya\proje\KontrolOrtakCalisma\Kontroll4\Core\Inc\stm32f4xx_it.h
2025-07-19 17:19:33,461 [INFO] CodeEngine:265 - oldGeneratedFile, C:\Users\aliya\proje\KontrolOrtakCalisma\Kontroll4\Core\Src\stm32f4xx_hal_msp.c_save
2025-07-19 17:19:33,551 [INFO] CodeEngine:289 - Generated code: C:\Users\aliya\proje\KontrolOrtakCalisma\Kontroll4\Core\Src\stm32f4xx_hal_msp.c
2025-07-19 17:19:33,556 [INFO] CodeEngine:265 - oldGeneratedFile, C:\Users\aliya\proje\KontrolOrtakCalisma\Kontroll4\MXTmpFiles\system.tmp_save
2025-07-19 17:19:33,619 [INFO] CodeEngine:289 - Generated code: C:\Users\aliya\proje\KontrolOrtakCalisma\Kontroll4\MXTmpFiles\system.tmp
2025-07-19 17:19:33,642 [INFO] CodeEngine:321 - oldGeneratedFile, C:\Users\aliya\proje\KontrolOrtakCalisma\Kontroll4\Core\Inc\stm32f4xx_hal_conf.h_save
2025-07-19 17:19:33,755 [INFO] CodeEngine:345 - Generated code: C:\Users\aliya\proje\KontrolOrtakCalisma\Kontroll4\Core\Inc\stm32f4xx_hal_conf.h
2025-07-19 17:19:33,772 [WARN] IPConfigManager:3238 - Warning: the RefConfig PLL2P_FOR_MCO is not available in your config.xml file
2025-07-19 17:19:33,784 [INFO] CodeEngine:265 - oldGeneratedFile, C:\Users\aliya\proje\KontrolOrtakCalisma\Kontroll4\Core\Inc\main.h_save
2025-07-19 17:19:33,846 [INFO] CodeEngine:289 - Generated code: C:\Users\aliya\proje\KontrolOrtakCalisma\Kontroll4\Core\Inc\main.h
2025-07-19 17:19:33,852 [INFO] CodeEngine:265 - oldGeneratedFile, C:\Users\aliya\proje\KontrolOrtakCalisma\Kontroll4\Core\Src\main.c_save
2025-07-19 17:19:34,026 [INFO] CodeEngine:289 - Generated code: C:\Users\aliya\proje\KontrolOrtakCalisma\Kontroll4\Core\Src\main.c
2025-07-19 17:19:34,789 [INFO] ProjectBuilder:3606 - Time for Copy HAL[1] : 398mS.
2025-07-19 17:19:34,795 [INFO] ProjectBuilder:5216 - Project Generator version: 4.7.0-B52
2025-07-19 17:19:34,886 [INFO] ConfigFileManager:1595 - The Die is : DIE421
2025-07-19 17:19:35,820 [INFO] ProjectBuilder:5496 - Time for Generating toolchain IDE Files: 1024mS.
2025-07-19 17:19:35,820 [INFO] ProjectBuilder:3463 - Time for Copy CMSIS : 0mS.
2025-07-19 17:19:35,833 [INFO] ProjectBuilder:3463 - Time for Copy CMSIS : 0mS.
2025-07-19 17:19:53,803 [WARN] IP:2250 - I2C_Coeff_DF not found: check if there is a RefParameter without a condition.
2025-07-19 17:19:53,803 [WARN] IP:2250 - Analog_Filter not found: check if there is a RefParameter without a condition.
2025-07-19 17:19:53,848 [WARN] IP:2250 - I2C_Coeff_DF not found: check if there is a RefParameter without a condition.
2025-07-19 17:19:53,853 [WARN] IP:2250 - Analog_Filter not found: check if there is a RefParameter without a condition.
2025-07-19 17:19:53,853 [WARN] IP:2250 - I2C_Coeff_DF not found: check if there is a RefParameter without a condition.
2025-07-19 17:19:53,853 [WARN] IP:2250 - Analog_Filter not found: check if there is a RefParameter without a condition.
2025-07-19 17:19:53,888 [WARN] IP:2250 - I2C_Coeff_DF not found: check if there is a RefParameter without a condition.
2025-07-19 17:19:53,888 [WARN] IP:2250 - Analog_Filter not found: check if there is a RefParameter without a condition.
2025-07-19 17:19:53,890 [WARN] IP:2250 - I2C_Coeff_DF not found: check if there is a RefParameter without a condition.
2025-07-19 17:19:53,890 [WARN] IP:2250 - Analog_Filter not found: check if there is a RefParameter without a condition.
2025-07-19 17:19:55,596 [INFO] UtilMem:75 - End SaveConfig() Used Memory: 483331344 Bytes (1006632960)
2025-07-19 17:19:56,694 [INFO] UtilMem:75 - End SaveConfig() Used Memory: 506922256 Bytes (1006632960)
2025-07-19 17:19:57,176 [INFO] UtilMem:75 - End SaveConfig() Used Memory: 545197328 Bytes (1006632960)
2025-07-19 17:20:05,772 [ERROR] RtosPanel:558 - Can not restore the selected Tab for FREERTOS(A reason can be that the tab is no more available.)
2025-07-19 17:20:06,900 [INFO] TasksAndQueuesTab:757 - Dynamic
2025-07-19 17:20:06,900 [WARN] TasksAndQueuesTab:763 - 128 128
2025-07-19 17:20:06,900 [WARN] TasksAndQueuesTab:775 - max value is: 3840.0
2025-07-19 17:20:06,900 [INFO] TasksAndQueuesTab:757 - Dynamic
2025-07-19 17:20:06,900 [WARN] TasksAndQueuesTab:763 - 128 128
2025-07-19 17:20:06,900 [WARN] TasksAndQueuesTab:775 - max value is: 3840.0
2025-07-19 17:20:17,658 [INFO] UtilMem:75 - End SaveConfig() Used Memory: 696305496 Bytes (1006632960)
2025-07-19 17:20:18,437 [INFO] UtilMem:75 - End SaveConfig() Used Memory: 719900504 Bytes (1006632960)
2025-07-19 17:20:19,236 [INFO] UtilMem:75 - End SaveConfig() Used Memory: 803786584 Bytes (1006632960)
2025-07-19 17:20:19,424 [INFO] BlockDiagram:2775 - set Specific Code input for plugin: FREERTOS
2025-07-19 17:20:19,424 [INFO] BlockDiagram:2775 - set Specific Code input for plugin: SYS
2025-07-19 17:20:19,424 [INFO] BlockDiagram:2775 - set Specific Code input for plugin: RCC
2025-07-19 17:20:19,424 [INFO] BlockDiagram:2775 - set Specific Code input for plugin: I2C
2025-07-19 17:20:19,424 [INFO] BlockDiagram:2775 - set Specific Code input for plugin: NVIC
2025-07-19 17:20:19,424 [INFO] BlockDiagram:2775 - set Specific Code input for plugin: USART
2025-07-19 17:20:19,425 [INFO] BlockDiagram:2775 - set Specific Code input for plugin: GPIO
2025-07-19 17:20:19,426 [INFO] CodeGenerator:892 - code generatio: config db path: C:\ST\STM32CubeIDE_1.18.1\STM32CubeIDE\plugins\com.st.stm32cube.common.mx_6.15.0.202507011659\\db\
2025-07-19 17:20:19,432 [WARN] IP:2250 - I2C_Coeff_DF not found: check if there is a RefParameter without a condition.
2025-07-19 17:20:19,433 [WARN] IP:2250 - Analog_Filter not found: check if there is a RefParameter without a condition.
2025-07-19 17:20:19,543 [INFO] CodeEngine:265 - oldGeneratedFile, C:\Users\aliya\proje\KontrolOrtakCalisma\Kontroll4\MXTmpFiles\license.tmp_save
2025-07-19 17:20:19,637 [INFO] CodeEngine:289 - Generated code: C:\Users\aliya\proje\KontrolOrtakCalisma\Kontroll4\MXTmpFiles\license.tmp
2025-07-19 17:20:19,656 [INFO] CodeEngine:265 - oldGeneratedFile, C:\Users\aliya\proje\KontrolOrtakCalisma\Kontroll4\MXTmpFiles\gpio.tmp_save
2025-07-19 17:20:19,716 [INFO] CodeEngine:289 - Generated code: C:\Users\aliya\proje\KontrolOrtakCalisma\Kontroll4\MXTmpFiles\gpio.tmp
2025-07-19 17:20:19,810 [INFO] Middleware:1452 - No code input for Bsp Dependency
2025-07-19 17:20:19,820 [INFO] CodeEngine:265 - oldGeneratedFile, C:\Users\aliya\proje\KontrolOrtakCalisma\Kontroll4\MXTmpFiles\rtos_inc.tmp_save
2025-07-19 17:20:19,899 [INFO] CodeEngine:289 - Generated code: C:\Users\aliya\proje\KontrolOrtakCalisma\Kontroll4\MXTmpFiles\rtos_inc.tmp
2025-07-19 17:20:19,904 [INFO] CodeEngine:265 - oldGeneratedFile, C:\Users\aliya\proje\KontrolOrtakCalisma\Kontroll4\MXTmpFiles\rtos_kernelInit.tmp_save
2025-07-19 17:20:19,958 [INFO] CodeEngine:289 - Generated code: C:\Users\aliya\proje\KontrolOrtakCalisma\Kontroll4\MXTmpFiles\rtos_kernelInit.tmp
2025-07-19 17:20:19,962 [INFO] CodeEngine:265 - oldGeneratedFile, C:\Users\aliya\proje\KontrolOrtakCalisma\Kontroll4\MXTmpFiles\rtos_kernelStart.tmp_save
2025-07-19 17:20:20,201 [INFO] CodeEngine:289 - Generated code: C:\Users\aliya\proje\KontrolOrtakCalisma\Kontroll4\MXTmpFiles\rtos_kernelStart.tmp
2025-07-19 17:20:20,220 [INFO] CodeEngine:265 - oldGeneratedFile, C:\Users\aliya\proje\KontrolOrtakCalisma\Kontroll4\MXTmpFiles\rtos_typedefs.tmp_save
2025-07-19 17:20:20,390 [INFO] CodeEngine:289 - Generated code: C:\Users\aliya\proje\KontrolOrtakCalisma\Kontroll4\MXTmpFiles\rtos_typedefs.tmp
2025-07-19 17:20:20,396 [INFO] CodeEngine:265 - oldGeneratedFile, C:\Users\aliya\proje\KontrolOrtakCalisma\Kontroll4\MXTmpFiles\rtos_vars.tmp_save
2025-07-19 17:20:20,462 [INFO] CodeEngine:289 - Generated code: C:\Users\aliya\proje\KontrolOrtakCalisma\Kontroll4\MXTmpFiles\rtos_vars.tmp
2025-07-19 17:20:20,467 [INFO] CodeEngine:265 - oldGeneratedFile, C:\Users\aliya\proje\KontrolOrtakCalisma\Kontroll4\MXTmpFiles\rtos_pfp.tmp_save
2025-07-19 17:20:20,520 [INFO] CodeEngine:289 - Generated code: C:\Users\aliya\proje\KontrolOrtakCalisma\Kontroll4\MXTmpFiles\rtos_pfp.tmp
2025-07-19 17:20:20,525 [INFO] CodeEngine:265 - oldGeneratedFile, C:\Users\aliya\proje\KontrolOrtakCalisma\Kontroll4\MXTmpFiles\rtos_obj_creat.tmp_save
2025-07-19 17:20:20,582 [INFO] CodeEngine:289 - Generated code: C:\Users\aliya\proje\KontrolOrtakCalisma\Kontroll4\MXTmpFiles\rtos_obj_creat.tmp
2025-07-19 17:20:20,588 [INFO] CodeEngine:265 - oldGeneratedFile, C:\Users\aliya\proje\KontrolOrtakCalisma\Kontroll4\MXTmpFiles\rtos_default_thread.tmp_save
2025-07-19 17:20:20,663 [INFO] CodeEngine:289 - Generated code: C:\Users\aliya\proje\KontrolOrtakCalisma\Kontroll4\MXTmpFiles\rtos_default_thread.tmp
2025-07-19 17:20:20,668 [INFO] CodeEngine:265 - oldGeneratedFile, C:\Users\aliya\proje\KontrolOrtakCalisma\Kontroll4\MXTmpFiles\rtos_threads.tmp_save
2025-07-19 17:20:20,723 [INFO] CodeEngine:289 - Generated code: C:\Users\aliya\proje\KontrolOrtakCalisma\Kontroll4\MXTmpFiles\rtos_threads.tmp
2025-07-19 17:20:20,735 [INFO] Middleware:1452 - No code input for Bsp Dependency
2025-07-19 17:20:20,744 [INFO] CodeEngine:265 - oldGeneratedFile, C:\Users\aliya\proje\KontrolOrtakCalisma\Kontroll4\MXTmpFiles\rtos_inc.tmp_save
2025-07-19 17:20:20,819 [INFO] CodeEngine:289 - Generated code: C:\Users\aliya\proje\KontrolOrtakCalisma\Kontroll4\MXTmpFiles\rtos_inc.tmp
2025-07-19 17:20:20,840 [INFO] CodeEngine:265 - oldGeneratedFile, C:\Users\aliya\proje\KontrolOrtakCalisma\Kontroll4\MXTmpFiles\rtos_kernelInit.tmp_save
2025-07-19 17:20:21,055 [INFO] CodeEngine:289 - Generated code: C:\Users\aliya\proje\KontrolOrtakCalisma\Kontroll4\MXTmpFiles\rtos_kernelInit.tmp
2025-07-19 17:20:21,088 [INFO] CodeEngine:265 - oldGeneratedFile, C:\Users\aliya\proje\KontrolOrtakCalisma\Kontroll4\MXTmpFiles\rtos_kernelStart.tmp_save
2025-07-19 17:20:21,160 [INFO] CodeEngine:289 - Generated code: C:\Users\aliya\proje\KontrolOrtakCalisma\Kontroll4\MXTmpFiles\rtos_kernelStart.tmp
2025-07-19 17:20:21,166 [INFO] CodeEngine:265 - oldGeneratedFile, C:\Users\aliya\proje\KontrolOrtakCalisma\Kontroll4\MXTmpFiles\rtos_typedefs.tmp_save
2025-07-19 17:20:21,220 [INFO] CodeEngine:289 - Generated code: C:\Users\aliya\proje\KontrolOrtakCalisma\Kontroll4\MXTmpFiles\rtos_typedefs.tmp
2025-07-19 17:20:21,226 [INFO] CodeEngine:265 - oldGeneratedFile, C:\Users\aliya\proje\KontrolOrtakCalisma\Kontroll4\MXTmpFiles\rtos_vars.tmp_save
2025-07-19 17:20:21,283 [INFO] CodeEngine:289 - Generated code: C:\Users\aliya\proje\KontrolOrtakCalisma\Kontroll4\MXTmpFiles\rtos_vars.tmp
2025-07-19 17:20:21,290 [INFO] CodeEngine:265 - oldGeneratedFile, C:\Users\aliya\proje\KontrolOrtakCalisma\Kontroll4\MXTmpFiles\rtos_pfp.tmp_save
2025-07-19 17:20:21,344 [INFO] CodeEngine:289 - Generated code: C:\Users\aliya\proje\KontrolOrtakCalisma\Kontroll4\MXTmpFiles\rtos_pfp.tmp
2025-07-19 17:20:21,351 [INFO] CodeEngine:265 - oldGeneratedFile, C:\Users\aliya\proje\KontrolOrtakCalisma\Kontroll4\MXTmpFiles\rtos_obj_creat.tmp_save
2025-07-19 17:20:21,408 [INFO] CodeEngine:289 - Generated code: C:\Users\aliya\proje\KontrolOrtakCalisma\Kontroll4\MXTmpFiles\rtos_obj_creat.tmp
2025-07-19 17:20:21,414 [INFO] CodeEngine:265 - oldGeneratedFile, C:\Users\aliya\proje\KontrolOrtakCalisma\Kontroll4\MXTmpFiles\rtos_default_thread.tmp_save
2025-07-19 17:20:21,469 [INFO] CodeEngine:289 - Generated code: C:\Users\aliya\proje\KontrolOrtakCalisma\Kontroll4\MXTmpFiles\rtos_default_thread.tmp
2025-07-19 17:20:21,478 [INFO] CodeEngine:265 - oldGeneratedFile, C:\Users\aliya\proje\KontrolOrtakCalisma\Kontroll4\MXTmpFiles\rtos_threads.tmp_save
2025-07-19 17:20:21,533 [INFO] CodeEngine:289 - Generated code: C:\Users\aliya\proje\KontrolOrtakCalisma\Kontroll4\MXTmpFiles\rtos_threads.tmp
2025-07-19 17:20:21,540 [INFO] CodeEngine:265 - oldGeneratedFile, C:\Users\aliya\proje\KontrolOrtakCalisma\Kontroll4\Core\Inc\FreeRTOSConfig.h_save
2025-07-19 17:20:21,616 [INFO] CodeEngine:289 - Generated code: C:\Users\aliya\proje\KontrolOrtakCalisma\Kontroll4\Core\Inc\FreeRTOSConfig.h
2025-07-19 17:20:21,623 [INFO] CodeEngine:265 - oldGeneratedFile, C:\Users\aliya\proje\KontrolOrtakCalisma\Kontroll4\Core\Src\freertos.c_save
2025-07-19 17:20:21,683 [INFO] CodeEngine:289 - Generated code: C:\Users\aliya\proje\KontrolOrtakCalisma\Kontroll4\Core\Src\freertos.c
2025-07-19 17:20:21,698 [INFO] CodeEngine:265 - oldGeneratedFile, C:\Users\aliya\proje\KontrolOrtakCalisma\Kontroll4\Core\Src\stm32f4xx_it.c_save
2025-07-19 17:20:21,767 [INFO] CodeEngine:289 - Generated code: C:\Users\aliya\proje\KontrolOrtakCalisma\Kontroll4\Core\Src\stm32f4xx_it.c
2025-07-19 17:20:21,774 [INFO] CodeEngine:265 - oldGeneratedFile, C:\Users\aliya\proje\KontrolOrtakCalisma\Kontroll4\Core\Inc\stm32f4xx_it.h_save
2025-07-19 17:20:21,832 [INFO] CodeEngine:289 - Generated code: C:\Users\aliya\proje\KontrolOrtakCalisma\Kontroll4\Core\Inc\stm32f4xx_it.h
2025-07-19 17:20:21,848 [INFO] CodeEngine:265 - oldGeneratedFile, C:\Users\aliya\proje\KontrolOrtakCalisma\Kontroll4\Core\Src\stm32f4xx_hal_msp.c_save
2025-07-19 17:20:21,938 [INFO] CodeEngine:289 - Generated code: C:\Users\aliya\proje\KontrolOrtakCalisma\Kontroll4\Core\Src\stm32f4xx_hal_msp.c
2025-07-19 17:20:21,944 [INFO] CodeEngine:265 - oldGeneratedFile, C:\Users\aliya\proje\KontrolOrtakCalisma\Kontroll4\MXTmpFiles\system.tmp_save
2025-07-19 17:20:21,998 [INFO] CodeEngine:289 - Generated code: C:\Users\aliya\proje\KontrolOrtakCalisma\Kontroll4\MXTmpFiles\system.tmp
2025-07-19 17:20:22,003 [INFO] CodeEngine:265 - oldGeneratedFile, C:\Users\aliya\proje\KontrolOrtakCalisma\Kontroll4\Core\Src\stm32f4xx_hal_timebase_tim.c_save
2025-07-19 17:20:22,072 [INFO] CodeEngine:289 - Generated code: C:\Users\aliya\proje\KontrolOrtakCalisma\Kontroll4\Core\Src\stm32f4xx_hal_timebase_tim.c
2025-07-19 17:20:22,083 [INFO] CodeEngine:321 - oldGeneratedFile, C:\Users\aliya\proje\KontrolOrtakCalisma\Kontroll4\Core\Inc\stm32f4xx_hal_conf.h_save
2025-07-19 17:20:22,148 [INFO] CodeEngine:345 - Generated code: C:\Users\aliya\proje\KontrolOrtakCalisma\Kontroll4\Core\Inc\stm32f4xx_hal_conf.h
2025-07-19 17:20:22,163 [WARN] IPConfigManager:3238 - Warning: the RefConfig PLL2P_FOR_MCO is not available in your config.xml file
2025-07-19 17:20:22,167 [INFO] ApiDbMcu:532 - Load IP Config File for I2C2
2025-07-19 17:20:22,179 [INFO] CodeEngine:265 - oldGeneratedFile, C:\Users\aliya\proje\KontrolOrtakCalisma\Kontroll4\Core\Inc\main.h_save
2025-07-19 17:20:22,240 [INFO] CodeEngine:289 - Generated code: C:\Users\aliya\proje\KontrolOrtakCalisma\Kontroll4\Core\Inc\main.h
2025-07-19 17:20:22,247 [INFO] CodeEngine:265 - oldGeneratedFile, C:\Users\aliya\proje\KontrolOrtakCalisma\Kontroll4\Core\Src\main.c_save
2025-07-19 17:20:22,348 [INFO] CodeEngine:289 - Generated code: C:\Users\aliya\proje\KontrolOrtakCalisma\Kontroll4\Core\Src\main.c
2025-07-19 17:20:22,783 [INFO] ProjectBuilder:3606 - Time for Copy HAL[1] : 262mS.
2025-07-19 17:20:22,789 [INFO] ProjectBuilder:5216 - Project Generator version: 4.7.0-B52
2025-07-19 17:20:22,867 [INFO] ConfigFileManager:1595 - The Die is : DIE421
2025-07-19 17:20:24,337 [INFO] ProjectBuilder:5496 - Time for Generating toolchain IDE Files: 1547mS.
2025-07-19 17:20:24,339 [INFO] ProjectBuilder:3463 - Time for Copy CMSIS : 2mS.
2025-07-19 17:20:24,349 [INFO] ProjectBuilder:3463 - Time for Copy CMSIS : 0mS.
2025-07-19 17:23:29,410 [INFO] TasksAndQueuesTab:757 - Dynamic
2025-07-19 17:23:29,410 [WARN] TasksAndQueuesTab:763 - 128 128
2025-07-19 17:23:29,410 [WARN] TasksAndQueuesTab:775 - max value is: 3840.0
2025-07-19 17:23:29,410 [INFO] TasksAndQueuesTab:757 - Dynamic
2025-07-19 17:23:29,410 [WARN] TasksAndQueuesTab:763 - 128 128
2025-07-19 17:23:29,410 [WARN] TasksAndQueuesTab:775 - max value is: 3840.0
2025-07-19 17:23:30,459 [INFO] EditThreadDialog:704 - RAM SIZE (in KB): 128
2025-07-19 17:23:30,459 [INFO] EditThreadDialog:706 - RAM SIZE (in words): 32768
2025-07-19 17:23:35,789 [INFO] TasksAndQueuesTab:757 - Dynamic
2025-07-19 17:23:35,789 [WARN] TasksAndQueuesTab:763 - 128 128
2025-07-19 17:23:35,789 [WARN] TasksAndQueuesTab:775 - max value is: 3840.0
2025-07-19 17:23:35,789 [INFO] TasksAndQueuesTab:757 - Dynamic
2025-07-19 17:23:35,789 [WARN] TasksAndQueuesTab:763 - 128 128
2025-07-19 17:23:35,789 [WARN] TasksAndQueuesTab:775 - max value is: 3840.0
2025-07-19 17:24:05,850 [INFO] UtilMem:75 - End SaveConfig() Used Memory: 615696832 Bytes (1006632960)
2025-07-19 17:24:05,988 [INFO] BlockDiagram:2775 - set Specific Code input for plugin: FREERTOS
2025-07-19 17:24:05,988 [INFO] BlockDiagram:2775 - set Specific Code input for plugin: SYS
2025-07-19 17:24:05,988 [INFO] BlockDiagram:2775 - set Specific Code input for plugin: RCC
2025-07-19 17:24:05,988 [INFO] BlockDiagram:2775 - set Specific Code input for plugin: I2C
2025-07-19 17:24:05,988 [INFO] BlockDiagram:2775 - set Specific Code input for plugin: NVIC
2025-07-19 17:24:05,988 [INFO] BlockDiagram:2775 - set Specific Code input for plugin: USART
2025-07-19 17:24:05,988 [INFO] BlockDiagram:2775 - set Specific Code input for plugin: GPIO
2025-07-19 17:24:05,989 [INFO] CodeGenerator:892 - code generatio: config db path: C:\ST\STM32CubeIDE_1.18.1\STM32CubeIDE\plugins\com.st.stm32cube.common.mx_6.15.0.202507011659\\db\
2025-07-19 17:24:05,993 [WARN] IP:2250 - I2C_Coeff_DF not found: check if there is a RefParameter without a condition.
2025-07-19 17:24:05,993 [WARN] IP:2250 - Analog_Filter not found: check if there is a RefParameter without a condition.
2025-07-19 17:24:06,182 [INFO] CodeEngine:265 - oldGeneratedFile, C:\Users\aliya\proje\KontrolOrtakCalisma\Kontroll4\MXTmpFiles\license.tmp_save
2025-07-19 17:24:06,237 [INFO] CodeEngine:289 - Generated code: C:\Users\aliya\proje\KontrolOrtakCalisma\Kontroll4\MXTmpFiles\license.tmp
2025-07-19 17:24:06,252 [INFO] CodeEngine:265 - oldGeneratedFile, C:\Users\aliya\proje\KontrolOrtakCalisma\Kontroll4\MXTmpFiles\gpio.tmp_save
2025-07-19 17:24:06,310 [INFO] CodeEngine:289 - Generated code: C:\Users\aliya\proje\KontrolOrtakCalisma\Kontroll4\MXTmpFiles\gpio.tmp
2025-07-19 17:24:06,374 [INFO] Middleware:1452 - No code input for Bsp Dependency
2025-07-19 17:24:06,381 [INFO] CodeEngine:265 - oldGeneratedFile, C:\Users\aliya\proje\KontrolOrtakCalisma\Kontroll4\MXTmpFiles\rtos_inc.tmp_save
2025-07-19 17:24:06,434 [INFO] CodeEngine:289 - Generated code: C:\Users\aliya\proje\KontrolOrtakCalisma\Kontroll4\MXTmpFiles\rtos_inc.tmp
2025-07-19 17:24:06,440 [INFO] CodeEngine:265 - oldGeneratedFile, C:\Users\aliya\proje\KontrolOrtakCalisma\Kontroll4\MXTmpFiles\rtos_kernelInit.tmp_save
2025-07-19 17:24:06,493 [INFO] CodeEngine:289 - Generated code: C:\Users\aliya\proje\KontrolOrtakCalisma\Kontroll4\MXTmpFiles\rtos_kernelInit.tmp
2025-07-19 17:24:06,497 [INFO] CodeEngine:265 - oldGeneratedFile, C:\Users\aliya\proje\KontrolOrtakCalisma\Kontroll4\MXTmpFiles\rtos_kernelStart.tmp_save
2025-07-19 17:24:06,559 [INFO] CodeEngine:289 - Generated code: C:\Users\aliya\proje\KontrolOrtakCalisma\Kontroll4\MXTmpFiles\rtos_kernelStart.tmp
2025-07-19 17:24:06,564 [INFO] CodeEngine:265 - oldGeneratedFile, C:\Users\aliya\proje\KontrolOrtakCalisma\Kontroll4\MXTmpFiles\rtos_typedefs.tmp_save
2025-07-19 17:24:06,617 [INFO] CodeEngine:289 - Generated code: C:\Users\aliya\proje\KontrolOrtakCalisma\Kontroll4\MXTmpFiles\rtos_typedefs.tmp
2025-07-19 17:24:06,621 [INFO] CodeEngine:265 - oldGeneratedFile, C:\Users\aliya\proje\KontrolOrtakCalisma\Kontroll4\MXTmpFiles\rtos_vars.tmp_save
2025-07-19 17:24:06,679 [INFO] CodeEngine:289 - Generated code: C:\Users\aliya\proje\KontrolOrtakCalisma\Kontroll4\MXTmpFiles\rtos_vars.tmp
2025-07-19 17:24:06,684 [INFO] CodeEngine:265 - oldGeneratedFile, C:\Users\aliya\proje\KontrolOrtakCalisma\Kontroll4\MXTmpFiles\rtos_pfp.tmp_save
2025-07-19 17:24:06,739 [INFO] CodeEngine:289 - Generated code: C:\Users\aliya\proje\KontrolOrtakCalisma\Kontroll4\MXTmpFiles\rtos_pfp.tmp
2025-07-19 17:24:06,746 [INFO] CodeEngine:265 - oldGeneratedFile, C:\Users\aliya\proje\KontrolOrtakCalisma\Kontroll4\MXTmpFiles\rtos_obj_creat.tmp_save
2025-07-19 17:24:06,800 [INFO] CodeEngine:289 - Generated code: C:\Users\aliya\proje\KontrolOrtakCalisma\Kontroll4\MXTmpFiles\rtos_obj_creat.tmp
2025-07-19 17:24:06,805 [INFO] CodeEngine:265 - oldGeneratedFile, C:\Users\aliya\proje\KontrolOrtakCalisma\Kontroll4\MXTmpFiles\rtos_default_thread.tmp_save
2025-07-19 17:24:06,860 [INFO] CodeEngine:289 - Generated code: C:\Users\aliya\proje\KontrolOrtakCalisma\Kontroll4\MXTmpFiles\rtos_default_thread.tmp
2025-07-19 17:24:06,864 [INFO] CodeEngine:265 - oldGeneratedFile, C:\Users\aliya\proje\KontrolOrtakCalisma\Kontroll4\MXTmpFiles\rtos_threads.tmp_save
2025-07-19 17:24:06,916 [INFO] CodeEngine:289 - Generated code: C:\Users\aliya\proje\KontrolOrtakCalisma\Kontroll4\MXTmpFiles\rtos_threads.tmp
2025-07-19 17:24:06,930 [INFO] Middleware:1452 - No code input for Bsp Dependency
2025-07-19 17:24:06,939 [INFO] CodeEngine:265 - oldGeneratedFile, C:\Users\aliya\proje\KontrolOrtakCalisma\Kontroll4\MXTmpFiles\rtos_inc.tmp_save
2025-07-19 17:24:06,992 [INFO] CodeEngine:289 - Generated code: C:\Users\aliya\proje\KontrolOrtakCalisma\Kontroll4\MXTmpFiles\rtos_inc.tmp
2025-07-19 17:24:06,999 [INFO] CodeEngine:265 - oldGeneratedFile, C:\Users\aliya\proje\KontrolOrtakCalisma\Kontroll4\MXTmpFiles\rtos_kernelInit.tmp_save
2025-07-19 17:24:07,054 [INFO] CodeEngine:289 - Generated code: C:\Users\aliya\proje\KontrolOrtakCalisma\Kontroll4\MXTmpFiles\rtos_kernelInit.tmp
2025-07-19 17:24:07,062 [INFO] CodeEngine:265 - oldGeneratedFile, C:\Users\aliya\proje\KontrolOrtakCalisma\Kontroll4\MXTmpFiles\rtos_kernelStart.tmp_save
2025-07-19 17:24:07,118 [INFO] CodeEngine:289 - Generated code: C:\Users\aliya\proje\KontrolOrtakCalisma\Kontroll4\MXTmpFiles\rtos_kernelStart.tmp
2025-07-19 17:24:07,125 [INFO] CodeEngine:265 - oldGeneratedFile, C:\Users\aliya\proje\KontrolOrtakCalisma\Kontroll4\MXTmpFiles\rtos_typedefs.tmp_save
2025-07-19 17:24:07,180 [INFO] CodeEngine:289 - Generated code: C:\Users\aliya\proje\KontrolOrtakCalisma\Kontroll4\MXTmpFiles\rtos_typedefs.tmp
2025-07-19 17:24:07,187 [INFO] CodeEngine:265 - oldGeneratedFile, C:\Users\aliya\proje\KontrolOrtakCalisma\Kontroll4\MXTmpFiles\rtos_vars.tmp_save
2025-07-19 17:24:07,244 [INFO] CodeEngine:289 - Generated code: C:\Users\aliya\proje\KontrolOrtakCalisma\Kontroll4\MXTmpFiles\rtos_vars.tmp
2025-07-19 17:24:07,251 [INFO] CodeEngine:265 - oldGeneratedFile, C:\Users\aliya\proje\KontrolOrtakCalisma\Kontroll4\MXTmpFiles\rtos_pfp.tmp_save
2025-07-19 17:24:07,367 [INFO] CodeEngine:289 - Generated code: C:\Users\aliya\proje\KontrolOrtakCalisma\Kontroll4\MXTmpFiles\rtos_pfp.tmp
2025-07-19 17:24:07,375 [INFO] CodeEngine:265 - oldGeneratedFile, C:\Users\aliya\proje\KontrolOrtakCalisma\Kontroll4\MXTmpFiles\rtos_obj_creat.tmp_save
2025-07-19 17:24:07,433 [INFO] CodeEngine:289 - Generated code: C:\Users\aliya\proje\KontrolOrtakCalisma\Kontroll4\MXTmpFiles\rtos_obj_creat.tmp
2025-07-19 17:24:07,441 [INFO] CodeEngine:265 - oldGeneratedFile, C:\Users\aliya\proje\KontrolOrtakCalisma\Kontroll4\MXTmpFiles\rtos_default_thread.tmp_save
2025-07-19 17:24:07,498 [INFO] CodeEngine:289 - Generated code: C:\Users\aliya\proje\KontrolOrtakCalisma\Kontroll4\MXTmpFiles\rtos_default_thread.tmp
2025-07-19 17:24:07,506 [INFO] CodeEngine:265 - oldGeneratedFile, C:\Users\aliya\proje\KontrolOrtakCalisma\Kontroll4\MXTmpFiles\rtos_threads.tmp_save
2025-07-19 17:24:07,564 [INFO] CodeEngine:289 - Generated code: C:\Users\aliya\proje\KontrolOrtakCalisma\Kontroll4\MXTmpFiles\rtos_threads.tmp
2025-07-19 17:24:07,570 [INFO] CodeEngine:265 - oldGeneratedFile, C:\Users\aliya\proje\KontrolOrtakCalisma\Kontroll4\Core\Inc\FreeRTOSConfig.h_save
2025-07-19 17:24:07,644 [INFO] CodeEngine:289 - Generated code: C:\Users\aliya\proje\KontrolOrtakCalisma\Kontroll4\Core\Inc\FreeRTOSConfig.h
2025-07-19 17:24:07,652 [INFO] CodeEngine:265 - oldGeneratedFile, C:\Users\aliya\proje\KontrolOrtakCalisma\Kontroll4\Core\Src\freertos.c_save
2025-07-19 17:24:07,721 [INFO] CodeEngine:289 - Generated code: C:\Users\aliya\proje\KontrolOrtakCalisma\Kontroll4\Core\Src\freertos.c
2025-07-19 17:24:07,734 [INFO] CodeEngine:265 - oldGeneratedFile, C:\Users\aliya\proje\KontrolOrtakCalisma\Kontroll4\Core\Src\stm32f4xx_it.c_save
2025-07-19 17:24:07,796 [INFO] CodeEngine:289 - Generated code: C:\Users\aliya\proje\KontrolOrtakCalisma\Kontroll4\Core\Src\stm32f4xx_it.c
2025-07-19 17:24:07,803 [INFO] CodeEngine:265 - oldGeneratedFile, C:\Users\aliya\proje\KontrolOrtakCalisma\Kontroll4\Core\Inc\stm32f4xx_it.h_save
2025-07-19 17:24:07,860 [INFO] CodeEngine:289 - Generated code: C:\Users\aliya\proje\KontrolOrtakCalisma\Kontroll4\Core\Inc\stm32f4xx_it.h
2025-07-19 17:24:07,875 [INFO] CodeEngine:265 - oldGeneratedFile, C:\Users\aliya\proje\KontrolOrtakCalisma\Kontroll4\Core\Src\stm32f4xx_hal_msp.c_save
2025-07-19 17:24:07,955 [INFO] CodeEngine:289 - Generated code: C:\Users\aliya\proje\KontrolOrtakCalisma\Kontroll4\Core\Src\stm32f4xx_hal_msp.c
2025-07-19 17:24:07,960 [INFO] CodeEngine:265 - oldGeneratedFile, C:\Users\aliya\proje\KontrolOrtakCalisma\Kontroll4\MXTmpFiles\system.tmp_save
2025-07-19 17:24:08,015 [INFO] CodeEngine:289 - Generated code: C:\Users\aliya\proje\KontrolOrtakCalisma\Kontroll4\MXTmpFiles\system.tmp
2025-07-19 17:24:08,021 [INFO] CodeEngine:265 - oldGeneratedFile, C:\Users\aliya\proje\KontrolOrtakCalisma\Kontroll4\Core\Src\stm32f4xx_hal_timebase_tim.c_save
2025-07-19 17:24:08,086 [INFO] CodeEngine:289 - Generated code: C:\Users\aliya\proje\KontrolOrtakCalisma\Kontroll4\Core\Src\stm32f4xx_hal_timebase_tim.c
2025-07-19 17:24:08,098 [INFO] CodeEngine:321 - oldGeneratedFile, C:\Users\aliya\proje\KontrolOrtakCalisma\Kontroll4\Core\Inc\stm32f4xx_hal_conf.h_save
2025-07-19 17:24:08,163 [INFO] CodeEngine:345 - Generated code: C:\Users\aliya\proje\KontrolOrtakCalisma\Kontroll4\Core\Inc\stm32f4xx_hal_conf.h
2025-07-19 17:24:08,180 [WARN] IPConfigManager:3238 - Warning: the RefConfig PLL2P_FOR_MCO is not available in your config.xml file
2025-07-19 17:24:08,192 [INFO] CodeEngine:265 - oldGeneratedFile, C:\Users\aliya\proje\KontrolOrtakCalisma\Kontroll4\Core\Inc\main.h_save
2025-07-19 17:24:08,253 [INFO] CodeEngine:289 - Generated code: C:\Users\aliya\proje\KontrolOrtakCalisma\Kontroll4\Core\Inc\main.h
2025-07-19 17:24:08,260 [INFO] CodeEngine:265 - oldGeneratedFile, C:\Users\aliya\proje\KontrolOrtakCalisma\Kontroll4\Core\Src\main.c_save
2025-07-19 17:24:08,349 [INFO] CodeEngine:289 - Generated code: C:\Users\aliya\proje\KontrolOrtakCalisma\Kontroll4\Core\Src\main.c
2025-07-19 17:24:08,768 [INFO] ProjectBuilder:3606 - Time for Copy HAL[1] : 253mS.
2025-07-19 17:24:08,772 [INFO] ProjectBuilder:5216 - Project Generator version: 4.7.0-B52
2025-07-19 17:24:08,847 [INFO] ConfigFileManager:1595 - The Die is : DIE421
2025-07-19 17:24:11,121 [INFO] ProjectBuilder:5496 - Time for Generating toolchain IDE Files: 2348mS.
2025-07-19 17:24:11,127 [INFO] ProjectBuilder:3463 - Time for Copy CMSIS : 3mS.
2025-07-19 17:24:11,196 [INFO] ProjectBuilder:3463 - Time for Copy CMSIS : 1mS.
2025-07-19 17:25:22,058 [ERROR] RtosPanel:558 - Can not restore the selected Tab for FREERTOS(A reason can be that the tab is no more available.)
2025-07-19 17:25:22,301 [ERROR] RtosPanel:558 - Can not restore the selected Tab for FREERTOS(A reason can be that the tab is no more available.)
2025-07-19 17:25:22,705 [INFO] UtilMem:75 - End SaveConfig() Used Memory: 840624664 Bytes (1006632960)
2025-07-19 17:25:23,845 [INFO] UtilMem:75 - End SaveConfig() Used Memory: 863693336 Bytes (1006632960)
2025-07-19 17:25:24,634 [INFO] UtilMem:75 - End SaveConfig() Used Memory: 372719800 Bytes (1006632960)
2025-07-19 17:25:24,945 [INFO] BlockDiagram:2775 - set Specific Code input for plugin: FREERTOS
2025-07-19 17:25:24,945 [INFO] BlockDiagram:2775 - set Specific Code input for plugin: SYS
2025-07-19 17:25:24,945 [INFO] BlockDiagram:2775 - set Specific Code input for plugin: RCC
2025-07-19 17:25:24,945 [INFO] BlockDiagram:2775 - set Specific Code input for plugin: I2C
2025-07-19 17:25:24,945 [INFO] BlockDiagram:2775 - set Specific Code input for plugin: NVIC
2025-07-19 17:25:24,945 [INFO] BlockDiagram:2775 - set Specific Code input for plugin: USART
2025-07-19 17:25:24,945 [INFO] BlockDiagram:2775 - set Specific Code input for plugin: GPIO
2025-07-19 17:25:24,946 [INFO] CodeGenerator:892 - code generatio: config db path: C:\ST\STM32CubeIDE_1.18.1\STM32CubeIDE\plugins\com.st.stm32cube.common.mx_6.15.0.202507011659\\db\
2025-07-19 17:25:24,949 [WARN] IP:2250 - I2C_Coeff_DF not found: check if there is a RefParameter without a condition.
2025-07-19 17:25:24,949 [WARN] IP:2250 - Analog_Filter not found: check if there is a RefParameter without a condition.
2025-07-19 17:25:25,045 [INFO] CodeEngine:265 - oldGeneratedFile, C:\Users\aliya\proje\KontrolOrtakCalisma\Kontroll4\MXTmpFiles\license.tmp_save
2025-07-19 17:25:25,122 [INFO] CodeEngine:289 - Generated code: C:\Users\aliya\proje\KontrolOrtakCalisma\Kontroll4\MXTmpFiles\license.tmp
2025-07-19 17:25:25,153 [INFO] CodeEngine:265 - oldGeneratedFile, C:\Users\aliya\proje\KontrolOrtakCalisma\Kontroll4\MXTmpFiles\gpio.tmp_save
2025-07-19 17:25:25,230 [INFO] CodeEngine:289 - Generated code: C:\Users\aliya\proje\KontrolOrtakCalisma\Kontroll4\MXTmpFiles\gpio.tmp
2025-07-19 17:25:25,303 [INFO] Middleware:1452 - No code input for Bsp Dependency
2025-07-19 17:25:25,310 [INFO] CodeEngine:265 - oldGeneratedFile, C:\Users\aliya\proje\KontrolOrtakCalisma\Kontroll4\MXTmpFiles\rtos_inc.tmp_save
2025-07-19 17:25:25,365 [INFO] CodeEngine:289 - Generated code: C:\Users\aliya\proje\KontrolOrtakCalisma\Kontroll4\MXTmpFiles\rtos_inc.tmp
2025-07-19 17:25:25,371 [INFO] CodeEngine:265 - oldGeneratedFile, C:\Users\aliya\proje\KontrolOrtakCalisma\Kontroll4\MXTmpFiles\rtos_vars.tmp_save
2025-07-19 17:25:25,428 [INFO] CodeEngine:289 - Generated code: C:\Users\aliya\proje\KontrolOrtakCalisma\Kontroll4\MXTmpFiles\rtos_vars.tmp
2025-07-19 17:25:25,433 [INFO] CodeEngine:265 - oldGeneratedFile, C:\Users\aliya\proje\KontrolOrtakCalisma\Kontroll4\MXTmpFiles\rtos_pfp.tmp_save
2025-07-19 17:25:25,497 [INFO] CodeEngine:289 - Generated code: C:\Users\aliya\proje\KontrolOrtakCalisma\Kontroll4\MXTmpFiles\rtos_pfp.tmp
2025-07-19 17:25:25,501 [INFO] CodeEngine:265 - oldGeneratedFile, C:\Users\aliya\proje\KontrolOrtakCalisma\Kontroll4\MXTmpFiles\rtos_obj_creat.tmp_save
2025-07-19 17:25:25,562 [INFO] CodeEngine:289 - Generated code: C:\Users\aliya\proje\KontrolOrtakCalisma\Kontroll4\MXTmpFiles\rtos_obj_creat.tmp
2025-07-19 17:25:25,566 [INFO] CodeEngine:265 - oldGeneratedFile, C:\Users\aliya\proje\KontrolOrtakCalisma\Kontroll4\MXTmpFiles\rtos_kernelStart.tmp_save
2025-07-19 17:25:25,620 [INFO] CodeEngine:289 - Generated code: C:\Users\aliya\proje\KontrolOrtakCalisma\Kontroll4\MXTmpFiles\rtos_kernelStart.tmp
2025-07-19 17:25:25,626 [INFO] CodeEngine:265 - oldGeneratedFile, C:\Users\aliya\proje\KontrolOrtakCalisma\Kontroll4\MXTmpFiles\rtos_default_thread.tmp_save
2025-07-19 17:25:25,678 [INFO] CodeEngine:289 - Generated code: C:\Users\aliya\proje\KontrolOrtakCalisma\Kontroll4\MXTmpFiles\rtos_default_thread.tmp
2025-07-19 17:25:25,684 [INFO] CodeEngine:265 - oldGeneratedFile, C:\Users\aliya\proje\KontrolOrtakCalisma\Kontroll4\MXTmpFiles\rtos_threads.tmp_save
2025-07-19 17:25:25,739 [INFO] CodeEngine:289 - Generated code: C:\Users\aliya\proje\KontrolOrtakCalisma\Kontroll4\MXTmpFiles\rtos_threads.tmp
2025-07-19 17:25:25,751 [INFO] Middleware:1452 - No code input for Bsp Dependency
2025-07-19 17:25:25,760 [INFO] CodeEngine:265 - oldGeneratedFile, C:\Users\aliya\proje\KontrolOrtakCalisma\Kontroll4\MXTmpFiles\rtos_inc.tmp_save
2025-07-19 17:25:25,817 [INFO] CodeEngine:289 - Generated code: C:\Users\aliya\proje\KontrolOrtakCalisma\Kontroll4\MXTmpFiles\rtos_inc.tmp
2025-07-19 17:25:25,824 [INFO] CodeEngine:265 - oldGeneratedFile, C:\Users\aliya\proje\KontrolOrtakCalisma\Kontroll4\MXTmpFiles\rtos_vars.tmp_save
2025-07-19 17:25:25,884 [INFO] CodeEngine:289 - Generated code: C:\Users\aliya\proje\KontrolOrtakCalisma\Kontroll4\MXTmpFiles\rtos_vars.tmp
2025-07-19 17:25:25,890 [INFO] CodeEngine:265 - oldGeneratedFile, C:\Users\aliya\proje\KontrolOrtakCalisma\Kontroll4\MXTmpFiles\rtos_pfp.tmp_save
2025-07-19 17:25:25,949 [INFO] CodeEngine:289 - Generated code: C:\Users\aliya\proje\KontrolOrtakCalisma\Kontroll4\MXTmpFiles\rtos_pfp.tmp
2025-07-19 17:25:25,955 [INFO] CodeEngine:265 - oldGeneratedFile, C:\Users\aliya\proje\KontrolOrtakCalisma\Kontroll4\MXTmpFiles\rtos_obj_creat.tmp_save
2025-07-19 17:25:26,019 [INFO] CodeEngine:289 - Generated code: C:\Users\aliya\proje\KontrolOrtakCalisma\Kontroll4\MXTmpFiles\rtos_obj_creat.tmp
2025-07-19 17:25:26,026 [INFO] CodeEngine:265 - oldGeneratedFile, C:\Users\aliya\proje\KontrolOrtakCalisma\Kontroll4\MXTmpFiles\rtos_kernelStart.tmp_save
2025-07-19 17:25:26,085 [INFO] CodeEngine:289 - Generated code: C:\Users\aliya\proje\KontrolOrtakCalisma\Kontroll4\MXTmpFiles\rtos_kernelStart.tmp
2025-07-19 17:25:26,097 [INFO] CodeEngine:265 - oldGeneratedFile, C:\Users\aliya\proje\KontrolOrtakCalisma\Kontroll4\MXTmpFiles\rtos_default_thread.tmp_save
2025-07-19 17:25:26,290 [INFO] CodeEngine:289 - Generated code: C:\Users\aliya\proje\KontrolOrtakCalisma\Kontroll4\MXTmpFiles\rtos_default_thread.tmp
2025-07-19 17:25:26,320 [INFO] CodeEngine:265 - oldGeneratedFile, C:\Users\aliya\proje\KontrolOrtakCalisma\Kontroll4\MXTmpFiles\rtos_threads.tmp_save
2025-07-19 17:25:26,488 [INFO] CodeEngine:289 - Generated code: C:\Users\aliya\proje\KontrolOrtakCalisma\Kontroll4\MXTmpFiles\rtos_threads.tmp
2025-07-19 17:25:26,495 [INFO] CodeEngine:265 - oldGeneratedFile, C:\Users\aliya\proje\KontrolOrtakCalisma\Kontroll4\Core\Inc\FreeRTOSConfig.h_save
2025-07-19 17:25:26,584 [INFO] CodeEngine:289 - Generated code: C:\Users\aliya\proje\KontrolOrtakCalisma\Kontroll4\Core\Inc\FreeRTOSConfig.h
2025-07-19 17:25:26,594 [INFO] CodeEngine:265 - oldGeneratedFile, C:\Users\aliya\proje\KontrolOrtakCalisma\Kontroll4\Core\Src\freertos.c_save
2025-07-19 17:25:26,661 [INFO] CodeEngine:289 - Generated code: C:\Users\aliya\proje\KontrolOrtakCalisma\Kontroll4\Core\Src\freertos.c
2025-07-19 17:25:26,678 [INFO] CodeEngine:265 - oldGeneratedFile, C:\Users\aliya\proje\KontrolOrtakCalisma\Kontroll4\Core\Src\stm32f4xx_it.c_save
2025-07-19 17:25:26,746 [INFO] CodeEngine:289 - Generated code: C:\Users\aliya\proje\KontrolOrtakCalisma\Kontroll4\Core\Src\stm32f4xx_it.c
2025-07-19 17:25:26,753 [INFO] CodeEngine:265 - oldGeneratedFile, C:\Users\aliya\proje\KontrolOrtakCalisma\Kontroll4\Core\Inc\stm32f4xx_it.h_save
2025-07-19 17:25:26,819 [INFO] CodeEngine:289 - Generated code: C:\Users\aliya\proje\KontrolOrtakCalisma\Kontroll4\Core\Inc\stm32f4xx_it.h
2025-07-19 17:25:26,834 [INFO] CodeEngine:265 - oldGeneratedFile, C:\Users\aliya\proje\KontrolOrtakCalisma\Kontroll4\Core\Src\stm32f4xx_hal_msp.c_save
2025-07-19 17:25:26,927 [INFO] CodeEngine:289 - Generated code: C:\Users\aliya\proje\KontrolOrtakCalisma\Kontroll4\Core\Src\stm32f4xx_hal_msp.c
2025-07-19 17:25:26,932 [INFO] CodeEngine:265 - oldGeneratedFile, C:\Users\aliya\proje\KontrolOrtakCalisma\Kontroll4\MXTmpFiles\system.tmp_save
2025-07-19 17:25:26,987 [INFO] CodeEngine:289 - Generated code: C:\Users\aliya\proje\KontrolOrtakCalisma\Kontroll4\MXTmpFiles\system.tmp
2025-07-19 17:25:26,994 [INFO] CodeEngine:265 - oldGeneratedFile, C:\Users\aliya\proje\KontrolOrtakCalisma\Kontroll4\Core\Src\stm32f4xx_hal_timebase_tim.c_save
2025-07-19 17:25:27,058 [INFO] CodeEngine:289 - Generated code: C:\Users\aliya\proje\KontrolOrtakCalisma\Kontroll4\Core\Src\stm32f4xx_hal_timebase_tim.c
2025-07-19 17:25:27,070 [INFO] CodeEngine:321 - oldGeneratedFile, C:\Users\aliya\proje\KontrolOrtakCalisma\Kontroll4\Core\Inc\stm32f4xx_hal_conf.h_save
2025-07-19 17:25:27,134 [INFO] CodeEngine:345 - Generated code: C:\Users\aliya\proje\KontrolOrtakCalisma\Kontroll4\Core\Inc\stm32f4xx_hal_conf.h
2025-07-19 17:25:27,152 [WARN] IPConfigManager:3238 - Warning: the RefConfig PLL2P_FOR_MCO is not available in your config.xml file
2025-07-19 17:25:27,164 [INFO] CodeEngine:265 - oldGeneratedFile, C:\Users\aliya\proje\KontrolOrtakCalisma\Kontroll4\Core\Inc\main.h_save
2025-07-19 17:25:27,230 [INFO] CodeEngine:289 - Generated code: C:\Users\aliya\proje\KontrolOrtakCalisma\Kontroll4\Core\Inc\main.h
2025-07-19 17:25:27,236 [INFO] CodeEngine:265 - oldGeneratedFile, C:\Users\aliya\proje\KontrolOrtakCalisma\Kontroll4\Core\Src\main.c_save
2025-07-19 17:25:27,349 [INFO] CodeEngine:289 - Generated code: C:\Users\aliya\proje\KontrolOrtakCalisma\Kontroll4\Core\Src\main.c
2025-07-19 17:25:27,840 [INFO] ProjectBuilder:4221 - Deleted empty folder: C:\Users\aliya\proje\KontrolOrtakCalisma\Kontroll4\Middlewares\Third_Party\FreeRTOS\Source\CMSIS_RTOS_V2
2025-07-19 17:25:27,846 [INFO] ProjectBuilder:3606 - Time for Copy HAL[1] : 289mS.
2025-07-19 17:25:27,857 [INFO] ProjectBuilder:5216 - Project Generator version: 4.7.0-B52
2025-07-19 17:25:27,941 [INFO] ConfigFileManager:1595 - The Die is : DIE421
2025-07-19 17:25:29,674 [INFO] ProjectBuilder:5496 - Time for Generating toolchain IDE Files: 1817mS.
2025-07-19 17:25:29,675 [INFO] ProjectBuilder:3463 - Time for Copy CMSIS : 1mS.
2025-07-19 17:25:29,687 [INFO] ProjectBuilder:3463 - Time for Copy CMSIS : 2mS.
2025-07-19 17:26:21,755 [INFO] TasksAndQueuesTab:757 - Dynamic
2025-07-19 17:26:21,756 [WARN] TasksAndQueuesTab:763 - 128 128
2025-07-19 17:26:21,756 [WARN] TasksAndQueuesTab:775 - max value is: 3840.0
2025-07-19 17:26:21,756 [INFO] TasksAndQueuesTab:757 - Dynamic
2025-07-19 17:26:21,756 [WARN] TasksAndQueuesTab:763 - 128 128
2025-07-19 17:26:21,756 [WARN] TasksAndQueuesTab:775 - max value is: 3840.0
2025-07-19 17:27:30,125 [INFO] TasksAndQueuesTab:757 - Dynamic
2025-07-19 17:27:30,125 [WARN] TasksAndQueuesTab:763 - 128 128
2025-07-19 17:27:30,125 [WARN] TasksAndQueuesTab:775 - max value is: 3840.0
2025-07-19 17:27:30,276 [ERROR] RtosPanel:558 - Can not restore the selected Tab for FREERTOS(A reason can be that the tab is no more available.)
2025-07-19 17:27:43,192 [ERROR] RtosPanel:558 - Can not restore the selected Tab for FREERTOS(A reason can be that the tab is no more available.)
2025-07-19 17:27:43,346 [ERROR] RtosPanel:558 - Can not restore the selected Tab for FREERTOS(A reason can be that the tab is no more available.)
2025-07-19 17:27:52,715 [INFO] UtilMem:75 - End SaveConfig() Used Memory: 391320952 Bytes (1011875840)
2025-07-19 17:27:53,345 [INFO] UtilMem:75 - End SaveConfig() Used Memory: 413467744 Bytes (1011875840)
2025-07-19 17:27:53,724 [INFO] UtilMem:75 - End SaveConfig() Used Memory: 450167904 Bytes (1011875840)
2025-07-19 17:27:56,323 [INFO] BlockDiagram:2775 - set Specific Code input for plugin: FREERTOS
2025-07-19 17:27:56,323 [INFO] BlockDiagram:2775 - set Specific Code input for plugin: SYS
2025-07-19 17:27:56,323 [INFO] BlockDiagram:2775 - set Specific Code input for plugin: RCC
2025-07-19 17:27:56,323 [INFO] BlockDiagram:2775 - set Specific Code input for plugin: I2C
2025-07-19 17:27:56,323 [INFO] BlockDiagram:2775 - set Specific Code input for plugin: NVIC
2025-07-19 17:27:56,323 [INFO] BlockDiagram:2775 - set Specific Code input for plugin: USART
2025-07-19 17:27:56,324 [INFO] BlockDiagram:2775 - set Specific Code input for plugin: GPIO
2025-07-19 17:27:56,325 [INFO] CodeGenerator:892 - code generatio: config db path: C:\ST\STM32CubeIDE_1.18.1\STM32CubeIDE\plugins\com.st.stm32cube.common.mx_6.15.0.202507011659\\db\
2025-07-19 17:27:56,330 [WARN] IP:2250 - I2C_Coeff_DF not found: check if there is a RefParameter without a condition.
2025-07-19 17:27:56,330 [WARN] IP:2250 - Analog_Filter not found: check if there is a RefParameter without a condition.
2025-07-19 17:27:56,429 [INFO] CodeEngine:265 - oldGeneratedFile, C:\Users\aliya\proje\KontrolOrtakCalisma\Kontroll4\MXTmpFiles\license.tmp_save
2025-07-19 17:27:56,485 [INFO] CodeEngine:289 - Generated code: C:\Users\aliya\proje\KontrolOrtakCalisma\Kontroll4\MXTmpFiles\license.tmp
2025-07-19 17:27:56,503 [INFO] CodeEngine:265 - oldGeneratedFile, C:\Users\aliya\proje\KontrolOrtakCalisma\Kontroll4\MXTmpFiles\gpio.tmp_save
2025-07-19 17:27:56,569 [INFO] CodeEngine:289 - Generated code: C:\Users\aliya\proje\KontrolOrtakCalisma\Kontroll4\MXTmpFiles\gpio.tmp
2025-07-19 17:27:56,638 [INFO] Middleware:1452 - No code input for Bsp Dependency
2025-07-19 17:27:56,650 [INFO] CodeEngine:265 - oldGeneratedFile, C:\Users\aliya\proje\KontrolOrtakCalisma\Kontroll4\MXTmpFiles\rtos_inc.tmp_save
2025-07-19 17:27:56,716 [INFO] CodeEngine:289 - Generated code: C:\Users\aliya\proje\KontrolOrtakCalisma\Kontroll4\MXTmpFiles\rtos_inc.tmp
2025-07-19 17:27:56,729 [INFO] CodeEngine:265 - oldGeneratedFile, C:\Users\aliya\proje\KontrolOrtakCalisma\Kontroll4\MXTmpFiles\rtos_kernelInit.tmp_save
2025-07-19 17:27:56,800 [INFO] CodeEngine:289 - Generated code: C:\Users\aliya\proje\KontrolOrtakCalisma\Kontroll4\MXTmpFiles\rtos_kernelInit.tmp
2025-07-19 17:27:56,805 [INFO] CodeEngine:265 - oldGeneratedFile, C:\Users\aliya\proje\KontrolOrtakCalisma\Kontroll4\MXTmpFiles\rtos_kernelStart.tmp_save
2025-07-19 17:27:56,880 [INFO] CodeEngine:289 - Generated code: C:\Users\aliya\proje\KontrolOrtakCalisma\Kontroll4\MXTmpFiles\rtos_kernelStart.tmp
2025-07-19 17:27:56,885 [INFO] CodeEngine:265 - oldGeneratedFile, C:\Users\aliya\proje\KontrolOrtakCalisma\Kontroll4\MXTmpFiles\rtos_typedefs.tmp_save
2025-07-19 17:27:56,955 [INFO] CodeEngine:289 - Generated code: C:\Users\aliya\proje\KontrolOrtakCalisma\Kontroll4\MXTmpFiles\rtos_typedefs.tmp
2025-07-19 17:27:56,962 [INFO] CodeEngine:265 - oldGeneratedFile, C:\Users\aliya\proje\KontrolOrtakCalisma\Kontroll4\MXTmpFiles\rtos_vars.tmp_save
2025-07-19 17:27:57,026 [INFO] CodeEngine:289 - Generated code: C:\Users\aliya\proje\KontrolOrtakCalisma\Kontroll4\MXTmpFiles\rtos_vars.tmp
2025-07-19 17:27:57,030 [INFO] CodeEngine:265 - oldGeneratedFile, C:\Users\aliya\proje\KontrolOrtakCalisma\Kontroll4\MXTmpFiles\rtos_pfp.tmp_save
2025-07-19 17:27:57,111 [INFO] CodeEngine:289 - Generated code: C:\Users\aliya\proje\KontrolOrtakCalisma\Kontroll4\MXTmpFiles\rtos_pfp.tmp
2025-07-19 17:27:57,116 [INFO] CodeEngine:265 - oldGeneratedFile, C:\Users\aliya\proje\KontrolOrtakCalisma\Kontroll4\MXTmpFiles\rtos_obj_creat.tmp_save
2025-07-19 17:27:57,185 [INFO] CodeEngine:289 - Generated code: C:\Users\aliya\proje\KontrolOrtakCalisma\Kontroll4\MXTmpFiles\rtos_obj_creat.tmp
2025-07-19 17:27:57,189 [INFO] CodeEngine:265 - oldGeneratedFile, C:\Users\aliya\proje\KontrolOrtakCalisma\Kontroll4\MXTmpFiles\rtos_default_thread.tmp_save
2025-07-19 17:27:57,246 [INFO] CodeEngine:289 - Generated code: C:\Users\aliya\proje\KontrolOrtakCalisma\Kontroll4\MXTmpFiles\rtos_default_thread.tmp
2025-07-19 17:27:57,250 [INFO] CodeEngine:265 - oldGeneratedFile, C:\Users\aliya\proje\KontrolOrtakCalisma\Kontroll4\MXTmpFiles\rtos_threads.tmp_save
2025-07-19 17:27:57,305 [INFO] CodeEngine:289 - Generated code: C:\Users\aliya\proje\KontrolOrtakCalisma\Kontroll4\MXTmpFiles\rtos_threads.tmp
2025-07-19 17:27:57,319 [INFO] Middleware:1452 - No code input for Bsp Dependency
2025-07-19 17:27:57,329 [INFO] CodeEngine:265 - oldGeneratedFile, C:\Users\aliya\proje\KontrolOrtakCalisma\Kontroll4\MXTmpFiles\rtos_inc.tmp_save
2025-07-19 17:27:57,394 [INFO] CodeEngine:289 - Generated code: C:\Users\aliya\proje\KontrolOrtakCalisma\Kontroll4\MXTmpFiles\rtos_inc.tmp
2025-07-19 17:27:57,403 [INFO] CodeEngine:265 - oldGeneratedFile, C:\Users\aliya\proje\KontrolOrtakCalisma\Kontroll4\MXTmpFiles\rtos_kernelInit.tmp_save
2025-07-19 17:27:57,464 [INFO] CodeEngine:289 - Generated code: C:\Users\aliya\proje\KontrolOrtakCalisma\Kontroll4\MXTmpFiles\rtos_kernelInit.tmp
2025-07-19 17:27:57,471 [INFO] CodeEngine:265 - oldGeneratedFile, C:\Users\aliya\proje\KontrolOrtakCalisma\Kontroll4\MXTmpFiles\rtos_kernelStart.tmp_save
2025-07-19 17:27:57,526 [INFO] CodeEngine:289 - Generated code: C:\Users\aliya\proje\KontrolOrtakCalisma\Kontroll4\MXTmpFiles\rtos_kernelStart.tmp
2025-07-19 17:27:57,533 [INFO] CodeEngine:265 - oldGeneratedFile, C:\Users\aliya\proje\KontrolOrtakCalisma\Kontroll4\MXTmpFiles\rtos_typedefs.tmp_save
2025-07-19 17:27:57,588 [INFO] CodeEngine:289 - Generated code: C:\Users\aliya\proje\KontrolOrtakCalisma\Kontroll4\MXTmpFiles\rtos_typedefs.tmp
2025-07-19 17:27:57,595 [INFO] CodeEngine:265 - oldGeneratedFile, C:\Users\aliya\proje\KontrolOrtakCalisma\Kontroll4\MXTmpFiles\rtos_vars.tmp_save
2025-07-19 17:27:57,651 [INFO] CodeEngine:289 - Generated code: C:\Users\aliya\proje\KontrolOrtakCalisma\Kontroll4\MXTmpFiles\rtos_vars.tmp
2025-07-19 17:27:57,660 [INFO] CodeEngine:265 - oldGeneratedFile, C:\Users\aliya\proje\KontrolOrtakCalisma\Kontroll4\MXTmpFiles\rtos_pfp.tmp_save
2025-07-19 17:27:57,714 [INFO] CodeEngine:289 - Generated code: C:\Users\aliya\proje\KontrolOrtakCalisma\Kontroll4\MXTmpFiles\rtos_pfp.tmp
2025-07-19 17:27:57,722 [INFO] CodeEngine:265 - oldGeneratedFile, C:\Users\aliya\proje\KontrolOrtakCalisma\Kontroll4\MXTmpFiles\rtos_obj_creat.tmp_save
2025-07-19 17:27:57,781 [INFO] CodeEngine:289 - Generated code: C:\Users\aliya\proje\KontrolOrtakCalisma\Kontroll4\MXTmpFiles\rtos_obj_creat.tmp
2025-07-19 17:27:57,789 [INFO] CodeEngine:265 - oldGeneratedFile, C:\Users\aliya\proje\KontrolOrtakCalisma\Kontroll4\MXTmpFiles\rtos_default_thread.tmp_save
2025-07-19 17:27:57,846 [INFO] CodeEngine:289 - Generated code: C:\Users\aliya\proje\KontrolOrtakCalisma\Kontroll4\MXTmpFiles\rtos_default_thread.tmp
2025-07-19 17:27:57,852 [INFO] CodeEngine:265 - oldGeneratedFile, C:\Users\aliya\proje\KontrolOrtakCalisma\Kontroll4\MXTmpFiles\rtos_threads.tmp_save
2025-07-19 17:27:57,911 [INFO] CodeEngine:289 - Generated code: C:\Users\aliya\proje\KontrolOrtakCalisma\Kontroll4\MXTmpFiles\rtos_threads.tmp
2025-07-19 17:27:57,916 [INFO] CodeEngine:265 - oldGeneratedFile, C:\Users\aliya\proje\KontrolOrtakCalisma\Kontroll4\Core\Inc\FreeRTOSConfig.h_save
2025-07-19 17:27:57,998 [INFO] CodeEngine:289 - Generated code: C:\Users\aliya\proje\KontrolOrtakCalisma\Kontroll4\Core\Inc\FreeRTOSConfig.h
2025-07-19 17:27:58,005 [INFO] CodeEngine:265 - oldGeneratedFile, C:\Users\aliya\proje\KontrolOrtakCalisma\Kontroll4\Core\Src\freertos.c_save
2025-07-19 17:27:58,068 [INFO] CodeEngine:289 - Generated code: C:\Users\aliya\proje\KontrolOrtakCalisma\Kontroll4\Core\Src\freertos.c
2025-07-19 17:27:58,084 [INFO] CodeEngine:265 - oldGeneratedFile, C:\Users\aliya\proje\KontrolOrtakCalisma\Kontroll4\Core\Src\stm32f4xx_it.c_save
2025-07-19 17:27:58,147 [INFO] CodeEngine:289 - Generated code: C:\Users\aliya\proje\KontrolOrtakCalisma\Kontroll4\Core\Src\stm32f4xx_it.c
2025-07-19 17:27:58,154 [INFO] CodeEngine:265 - oldGeneratedFile, C:\Users\aliya\proje\KontrolOrtakCalisma\Kontroll4\Core\Inc\stm32f4xx_it.h_save
2025-07-19 17:27:58,212 [INFO] CodeEngine:289 - Generated code: C:\Users\aliya\proje\KontrolOrtakCalisma\Kontroll4\Core\Inc\stm32f4xx_it.h
2025-07-19 17:27:58,227 [INFO] CodeEngine:265 - oldGeneratedFile, C:\Users\aliya\proje\KontrolOrtakCalisma\Kontroll4\Core\Src\stm32f4xx_hal_msp.c_save
2025-07-19 17:27:58,309 [INFO] CodeEngine:289 - Generated code: C:\Users\aliya\proje\KontrolOrtakCalisma\Kontroll4\Core\Src\stm32f4xx_hal_msp.c
2025-07-19 17:27:58,314 [INFO] CodeEngine:265 - oldGeneratedFile, C:\Users\aliya\proje\KontrolOrtakCalisma\Kontroll4\MXTmpFiles\system.tmp_save
2025-07-19 17:27:58,367 [INFO] CodeEngine:289 - Generated code: C:\Users\aliya\proje\KontrolOrtakCalisma\Kontroll4\MXTmpFiles\system.tmp
2025-07-19 17:27:58,375 [INFO] CodeEngine:265 - oldGeneratedFile, C:\Users\aliya\proje\KontrolOrtakCalisma\Kontroll4\Core\Src\stm32f4xx_hal_timebase_tim.c_save
2025-07-19 17:27:58,439 [INFO] CodeEngine:289 - Generated code: C:\Users\aliya\proje\KontrolOrtakCalisma\Kontroll4\Core\Src\stm32f4xx_hal_timebase_tim.c
2025-07-19 17:27:58,451 [INFO] CodeEngine:321 - oldGeneratedFile, C:\Users\aliya\proje\KontrolOrtakCalisma\Kontroll4\Core\Inc\stm32f4xx_hal_conf.h_save
2025-07-19 17:27:58,556 [INFO] CodeEngine:345 - Generated code: C:\Users\aliya\proje\KontrolOrtakCalisma\Kontroll4\Core\Inc\stm32f4xx_hal_conf.h
2025-07-19 17:27:58,572 [WARN] IPConfigManager:3238 - Warning: the RefConfig PLL2P_FOR_MCO is not available in your config.xml file
2025-07-19 17:27:58,586 [INFO] CodeEngine:265 - oldGeneratedFile, C:\Users\aliya\proje\KontrolOrtakCalisma\Kontroll4\Core\Inc\main.h_save
2025-07-19 17:27:58,650 [INFO] CodeEngine:289 - Generated code: C:\Users\aliya\proje\KontrolOrtakCalisma\Kontroll4\Core\Inc\main.h
2025-07-19 17:27:58,657 [INFO] CodeEngine:265 - oldGeneratedFile, C:\Users\aliya\proje\KontrolOrtakCalisma\Kontroll4\Core\Src\main.c_save
2025-07-19 17:27:58,755 [INFO] CodeEngine:289 - Generated code: C:\Users\aliya\proje\KontrolOrtakCalisma\Kontroll4\Core\Src\main.c
2025-07-19 17:27:59,169 [INFO] ProjectBuilder:4221 - Deleted empty folder: C:\Users\aliya\proje\KontrolOrtakCalisma\Kontroll4\Middlewares\Third_Party\FreeRTOS\Source\CMSIS_RTOS
2025-07-19 17:27:59,174 [INFO] ProjectBuilder:3606 - Time for Copy HAL[1] : 251mS.
2025-07-19 17:27:59,177 [INFO] ProjectBuilder:5216 - Project Generator version: 4.7.0-B52
2025-07-19 17:27:59,249 [INFO] ConfigFileManager:1595 - The Die is : DIE421
2025-07-19 17:28:01,107 [INFO] ProjectBuilder:5496 - Time for Generating toolchain IDE Files: 1930mS.
2025-07-19 17:28:01,108 [INFO] ProjectBuilder:3463 - Time for Copy CMSIS : 1mS.
2025-07-19 17:28:01,116 [INFO] ProjectBuilder:3463 - Time for Copy CMSIS : 0mS.
2025-07-19 17:28:02,849 [ERROR] LogOutputStream:75 - [STDERR_REDIRECT] 
2025-07-19 17:28:02,850 [ERROR] LogOutputStream:75 - [STDERR_REDIRECT] 
2025-07-19 17:28:21,357 [INFO] Activator:176 - 


2025-07-19 17:28:21,361 [INFO] Activator:177 - !SESSION log4j initialized
2025-07-19 17:28:29,479 [INFO] LogOutputStream:77 - [STDOUT_REDIRECT] 
2025-07-19 17:28:41,756 [INFO] ApplicationProperties:184 - Using Application install path: C:\ST\STM32CubeIDE_1.18.1\STM32CubeIDE\plugins\com.st.stm32cube.common.mx_6.15.0.202507011659
2025-07-19 17:28:41,772 [INFO] DbMcusXml:78 - Set database path to: C:\ST\STM32CubeIDE_1.18.1\STM32CubeIDE\plugins\com.st.stm32cube.common.mx_6.15.0.202507011659\\db\/mcu/
2025-07-19 17:28:41,773 [INFO] ApiDb:274 - Set plugin database path to: C:\ST\STM32CubeIDE_1.18.1\STM32CubeIDE\plugins\com.st.stm32cube.common.mx_6.15.0.202507011659\\db\/plugins/boardmanager/
2025-07-19 17:28:41,773 [WARN] ApiDb:259 - Overriding images path with different value:  => C:\ST\STM32CubeIDE_1.18.1\STM32CubeIDE\plugins\com.st.stm32cube.common.mx_6.15.0.202507011659\\db\/plugins/mcufinder/images/
2025-07-19 17:28:41,779 [INFO] ApiDb:250 - Set database path to: C:\Users\aliya\.stmcufinder\plugins\mcufinder//mcu/
2025-07-19 17:28:41,780 [INFO] DbMcusAds:125 - Set database path to: C:\Users\aliya\.stmcufinder\plugins\mcufinder//mcu/
2025-07-19 17:28:41,814 [INFO] CrossReferenceDbSqlite:203 - Set database path to: C:\Users\aliya\.stmcufinder\plugins\mcufinder//mcu/cs/
2025-07-19 17:28:41,992 [INFO] RulesReader:64 - Compatibility file has been processed (317 Rules)
2025-07-19 17:28:42,119 [INFO] DbMcusXml:78 - Set database path to: C:\ST\STM32CubeIDE_1.18.1\STM32CubeIDE\plugins\com.st.stm32cube.common.mx_6.15.0.202507011659\\db\/mcu/
2025-07-19 17:28:42,120 [INFO] ApiDb:274 - Set plugin database path to: C:\ST\STM32CubeIDE_1.18.1\STM32CubeIDE\plugins\com.st.stm32cube.common.mx_6.15.0.202507011659\\db\/plugins/boardmanager/
2025-07-19 17:28:42,120 [INFO] ApiDb:261 - Set plugin images path to: C:\ST\STM32CubeIDE_1.18.1\STM32CubeIDE\plugins\com.st.stm32cube.common.mx_6.15.0.202507011659\\db\/plugins/mcufinder/images/
2025-07-19 17:28:42,121 [WARN] DbFile:41 - Overriding database path with different value: C:\Users\aliya\.stmcufinder\plugins\mcufinder/ => C:\Users\aliya\.stmcufinder\plugins\mcufinder
2025-07-19 17:28:42,121 [INFO] ApiDb:250 - Set database path to: C:\Users\aliya\.stmcufinder\plugins\mcufinder//mcu/
2025-07-19 17:28:42,121 [WARN] DbFile:41 - Overriding database path with different value: C:\Users\aliya\.stmcufinder\plugins\mcufinder/ => C:\Users\aliya\.stmcufinder\plugins\mcufinder
2025-07-19 17:28:42,121 [INFO] DbMcusAds:125 - Set database path to: C:\Users\aliya\.stmcufinder\plugins\mcufinder//mcu/
2025-07-19 17:28:42,121 [WARN] DbFile:41 - Overriding database path with different value: C:\Users\aliya\.stmcufinder\plugins\mcufinder/ => C:\Users\aliya\.stmcufinder\plugins\mcufinder
2025-07-19 17:28:42,122 [WARN] DbFile:41 - Overriding database path with different value: C:\Users\aliya\.stmcufinder\plugins\mcufinder/ => C:\Users\aliya\.stmcufinder\plugins\mcufinder
2025-07-19 17:28:42,122 [INFO] CrossReferenceDbSqlite:203 - Set database path to: C:\Users\aliya\.stmcufinder\plugins\mcufinder//mcu/cs/
2025-07-19 17:28:42,210 [INFO] MainPanel:274 - HeapMemory: 268435456
2025-07-19 17:28:42,331 [INFO] DbMcusXml:78 - Set database path to: C:\ST\STM32CubeIDE_1.18.1\STM32CubeIDE\plugins\com.st.stm32cube.common.mx_6.15.0.202507011659\\db\/mcu/
2025-07-19 17:28:42,331 [INFO] ApiDb:274 - Set plugin database path to: C:\ST\STM32CubeIDE_1.18.1\STM32CubeIDE\plugins\com.st.stm32cube.common.mx_6.15.0.202507011659\\db\/plugins/boardmanager/
2025-07-19 17:28:42,331 [INFO] ApiDb:261 - Set plugin images path to: C:\ST\STM32CubeIDE_1.18.1\STM32CubeIDE\plugins\com.st.stm32cube.common.mx_6.15.0.202507011659\\db\/plugins/mcufinder/images/
2025-07-19 17:28:42,332 [WARN] DbFile:41 - Overriding database path with different value: C:\Users\aliya\.stmcufinder\plugins\mcufinder/ => C:\Users\aliya\.stmcufinder\plugins\mcufinder
2025-07-19 17:28:42,332 [INFO] ApiDb:250 - Set database path to: C:\Users\aliya\.stmcufinder\plugins\mcufinder//mcu/
2025-07-19 17:28:42,333 [WARN] DbFile:41 - Overriding database path with different value: C:\Users\aliya\.stmcufinder\plugins\mcufinder/ => C:\Users\aliya\.stmcufinder\plugins\mcufinder
2025-07-19 17:28:42,333 [INFO] DbMcusAds:125 - Set database path to: C:\Users\aliya\.stmcufinder\plugins\mcufinder//mcu/
2025-07-19 17:28:42,333 [WARN] DbFile:41 - Overriding database path with different value: C:\Users\aliya\.stmcufinder\plugins\mcufinder/ => C:\Users\aliya\.stmcufinder\plugins\mcufinder
2025-07-19 17:28:42,333 [WARN] DbFile:41 - Overriding database path with different value: C:\Users\aliya\.stmcufinder\plugins\mcufinder/ => C:\Users\aliya\.stmcufinder\plugins\mcufinder
2025-07-19 17:28:42,333 [INFO] CrossReferenceDbSqlite:203 - Set database path to: C:\Users\aliya\.stmcufinder\plugins\mcufinder//mcu/cs/
2025-07-19 17:28:42,355 [INFO] ApplicationProperties:184 - Using Application install path: C:\ST\STM32CubeIDE_1.18.1\STM32CubeIDE\plugins\com.st.stm32cube.common.mx_6.15.0.202507011659
2025-07-19 17:28:42,356 [INFO] PluginManage:196 - Search for loadable plugins [exclusion list=, ]
2025-07-19 17:28:42,359 [INFO] PluginManage:310 - Check plugin analytics
2025-07-19 17:28:42,611 [INFO] McuFinderGlobals:63 - Set McuFinder mode to 2 (CubeIDE integrated)
2025-07-19 17:28:42,625 [INFO] AnalyticsPlugin:253 - Accepted Software Licenses: 
2025-07-19 17:28:42,625 [INFO] AnalyticsPlugin:255 - Accepted CMSIS Pack Licenses: 
2025-07-19 17:28:42,625 [INFO] AnalyticsPlugin:257 - Accepted Firmware Licenses: 
2025-07-19 17:28:42,630 [INFO] PluginManage:359 - Loaded plugin analytics (category:tool,tabindex:-1)
2025-07-19 17:28:42,630 [INFO] PluginManage:310 - Check plugin cadmodel
2025-07-19 17:28:42,635 [INFO] CADModel:105 - Init CAD model plugin
2025-07-19 17:28:42,635 [INFO] PluginManage:359 - Loaded plugin cadmodel (category:power,tabindex:5)
2025-07-19 17:28:42,635 [INFO] PluginManage:310 - Check plugin clock
2025-07-19 17:28:42,646 [INFO] PluginManage:359 - Loaded plugin clock (category:base,tabindex:2)
2025-07-19 17:28:42,646 [INFO] PluginManage:310 - Check plugin ddr
2025-07-19 17:28:42,649 [INFO] PluginManage:359 - Loaded plugin ddr (category:tool,tabindex:6)
2025-07-19 17:28:42,649 [INFO] PluginManage:310 - Check plugin filemanager
2025-07-19 17:28:42,815 [INFO] PluginManage:359 - Loaded plugin filemanager (category:base,tabindex:10)
2025-07-19 17:28:42,816 [INFO] PluginManage:310 - Check plugin ipmanager
2025-07-19 17:28:42,822 [INFO] PluginManage:359 - Loaded plugin ipmanager (category:base,tabindex:5)
2025-07-19 17:28:42,822 [INFO] PluginManage:310 - Check plugin lpbam
2025-07-19 17:28:42,831 [INFO] PluginManage:359 - Loaded plugin lpbam (category:base,tabindex:0)
2025-07-19 17:28:42,832 [INFO] PluginManage:310 - Check plugin memorymap
2025-07-19 17:28:42,847 [INFO] PluginManage:359 - Loaded plugin memorymap (category:base,tabindex:4)
2025-07-19 17:28:42,847 [INFO] PluginManage:310 - Check plugin pinoutandconfiguration
2025-07-19 17:28:42,854 [INFO] PluginManage:359 - Loaded plugin pinoutandconfiguration (category:base,tabindex:1)
2025-07-19 17:28:42,854 [INFO] PluginManage:310 - Check plugin pinoutconfig
2025-07-19 17:28:42,952 [WARN] SupportedApi:132 - Cannot load RTOS API schema: s4s-elt-must-match.1: The content of 'definitions' must match (annotation?, (simpleType | complexType)?, (unique | key | keyref)*)). A problem was found starting at: attribute.
2025-07-19 17:28:43,112 [INFO] PluginManage:359 - Loaded plugin pinoutconfig (category:base,tabindex:0)
2025-07-19 17:28:43,112 [INFO] PluginManage:310 - Check plugin power
2025-07-19 17:28:43,119 [INFO] PluginManage:359 - Loaded plugin power (category:power,tabindex:4)
2025-07-19 17:28:43,119 [INFO] PluginManage:310 - Check plugin projectmanager
2025-07-19 17:28:43,139 [INFO] PluginManage:359 - Loaded plugin projectmanager (category:projectmanager,tabindex:4)
2025-07-19 17:28:43,139 [INFO] PluginManage:310 - Check plugin rif
2025-07-19 17:28:43,149 [INFO] PluginManage:359 - Loaded plugin rif (category:base,tabindex:3)
2025-07-19 17:28:43,150 [INFO] PluginManage:310 - Check plugin thirdparty
2025-07-19 17:28:43,338 [INFO] PluginManage:359 - Loaded plugin thirdparty (category:base,tabindex:-1)
2025-07-19 17:28:43,338 [WARN] IntegrityCheckThread:84 - waiting for thirdparty lock release [integrity check]
2025-07-19 17:28:43,338 [INFO] PluginManage:310 - Check plugin tools
2025-07-19 17:28:43,338 [INFO] IntegrityCheckThread:86 - entering critical section [integrity check]
2025-07-19 17:28:43,339 [INFO] ThirdPartyUpdaterWithRetryManager:70 - Updater plugin not ready yet. [1/15]
2025-07-19 17:28:43,342 [INFO] PluginManage:359 - Loaded plugin tools (category:base,tabindex:7)
2025-07-19 17:28:43,343 [INFO] PluginManage:310 - Check plugin tutovideos
2025-07-19 17:28:43,555 [INFO] PluginManage:359 - Loaded plugin tutovideos (category:base,tabindex:-1)
2025-07-19 17:28:43,556 [INFO] PluginManage:310 - Check plugin updater
2025-07-19 17:28:43,587 [INFO] PluginManage:359 - Loaded plugin updater (category:base,tabindex:12)
2025-07-19 17:28:43,587 [INFO] PluginManage:310 - Check plugin userauth
2025-07-19 17:28:43,590 [INFO] UserAuth:118 - Init User Auth plugin
2025-07-19 17:28:43,591 [INFO] PluginManage:359 - Loaded plugin userauth (category:base,tabindex:14)
2025-07-19 17:28:43,591 [INFO] PluginManage:283 - PluginManage : Loaded plugins [18]
2025-07-19 17:28:43,802 [INFO] PinOutPanel:1589 - setPackage(No Configuration,No Configuration)
2025-07-19 17:28:43,895 [INFO] CADModel:165 - CPN selected for project level
2025-07-19 17:28:43,895 [INFO] CADModel:114 - Register for checkConnection events
2025-07-19 17:28:43,938 [INFO] IPUIPlugin:80 - create IPUIPlugin
2025-07-19 17:28:43,939 [INFO] PluginManager:220 - loadIPPluginJar : add adc
2025-07-19 17:28:43,943 [INFO] IPUIPlugin:80 - create IPUIPlugin
2025-07-19 17:28:43,943 [INFO] PluginManager:220 - loadIPPluginJar : add aes
2025-07-19 17:28:43,947 [INFO] IPUIPlugin:80 - create IPUIPlugin
2025-07-19 17:28:43,947 [INFO] PluginManager:220 - loadIPPluginJar : add can
2025-07-19 17:28:43,951 [INFO] IPUIPlugin:80 - create IPUIPlugin
2025-07-19 17:28:43,951 [INFO] PluginManager:220 - loadIPPluginJar : add comp
2025-07-19 17:28:43,954 [INFO] IPUIPlugin:80 - create IPUIPlugin
2025-07-19 17:28:43,954 [INFO] PluginManager:220 - loadIPPluginJar : add cryp
2025-07-19 17:28:43,957 [INFO] IPUIPlugin:80 - create IPUIPlugin
2025-07-19 17:28:43,957 [INFO] PluginManager:220 - loadIPPluginJar : add ddr_ctrl_phy
2025-07-19 17:28:43,960 [INFO] IPUIPlugin:80 - create IPUIPlugin
2025-07-19 17:28:43,961 [INFO] PluginManager:220 - loadIPPluginJar : add dfsdm
2025-07-19 17:28:43,968 [INFO] IPUIPlugin:80 - create IPUIPlugin
2025-07-19 17:28:43,969 [INFO] PluginManager:220 - loadIPPluginJar : add dma
2025-07-19 17:28:43,972 [INFO] IPUIPlugin:80 - create IPUIPlugin
2025-07-19 17:28:43,972 [INFO] PluginManager:220 - loadIPPluginJar : add dma3
2025-07-19 17:28:43,975 [INFO] IPUIPlugin:80 - create IPUIPlugin
2025-07-19 17:28:43,975 [INFO] PluginManager:220 - loadIPPluginJar : add extmemmanager
2025-07-19 17:28:43,977 [INFO] IPUIPlugin:80 - create IPUIPlugin
2025-07-19 17:28:43,977 [INFO] PluginManager:220 - loadIPPluginJar : add fatfs
2025-07-19 17:28:43,982 [INFO] IPUIPlugin:80 - create IPUIPlugin
2025-07-19 17:28:43,982 [INFO] PluginManager:220 - loadIPPluginJar : add fmc
2025-07-19 17:28:43,992 [INFO] IPUIPlugin:80 - create IPUIPlugin
2025-07-19 17:28:43,992 [INFO] PluginManager:220 - loadIPPluginJar : add freertos
2025-07-19 17:28:43,994 [INFO] IPUIPlugin:80 - create IPUIPlugin
2025-07-19 17:28:43,994 [INFO] PluginManager:220 - loadIPPluginJar : add genericplugin
2025-07-19 17:28:43,996 [INFO] IPUIPlugin:80 - create IPUIPlugin
2025-07-19 17:28:43,996 [INFO] PluginManager:220 - loadIPPluginJar : add gfxmmu
2025-07-19 17:28:44,002 [INFO] IPUIPlugin:80 - create IPUIPlugin
2025-07-19 17:28:44,002 [INFO] PluginManager:220 - loadIPPluginJar : add gic
2025-07-19 17:28:44,007 [INFO] IPUIPlugin:80 - create IPUIPlugin
2025-07-19 17:28:44,007 [INFO] PluginManager:220 - loadIPPluginJar : add gpio
2025-07-19 17:28:44,010 [INFO] IPUIPlugin:80 - create IPUIPlugin
2025-07-19 17:28:44,010 [INFO] PluginManager:220 - loadIPPluginJar : add gtzc
2025-07-19 17:28:44,013 [INFO] IPUIPlugin:80 - create IPUIPlugin
2025-07-19 17:28:44,013 [INFO] PluginManager:220 - loadIPPluginJar : add hash
2025-07-19 17:28:44,016 [INFO] IPUIPlugin:80 - create IPUIPlugin
2025-07-19 17:28:44,016 [INFO] PluginManager:220 - loadIPPluginJar : add i2c
2025-07-19 17:28:44,020 [INFO] IPUIPlugin:80 - create IPUIPlugin
2025-07-19 17:28:44,020 [INFO] PluginManager:220 - loadIPPluginJar : add i2s
2025-07-19 17:28:44,024 [INFO] IPUIPlugin:80 - create IPUIPlugin
2025-07-19 17:28:44,024 [INFO] PluginManager:220 - loadIPPluginJar : add i3c
2025-07-19 17:28:44,028 [INFO] IPUIPlugin:80 - create IPUIPlugin
2025-07-19 17:28:44,028 [INFO] PluginManager:220 - loadIPPluginJar : add ipddr
2025-07-19 17:28:44,037 [INFO] IPUIPlugin:80 - create IPUIPlugin
2025-07-19 17:28:44,037 [INFO] PluginManager:220 - loadIPPluginJar : add linkedlist
2025-07-19 17:28:44,041 [INFO] IPUIPlugin:80 - create IPUIPlugin
2025-07-19 17:28:44,042 [INFO] PluginManager:220 - loadIPPluginJar : add lorawan
2025-07-19 17:28:44,046 [INFO] IPUIPlugin:80 - create IPUIPlugin
2025-07-19 17:28:44,046 [INFO] PluginManager:220 - loadIPPluginJar : add ltdc
2025-07-19 17:28:44,054 [INFO] IPUIPlugin:80 - create IPUIPlugin
2025-07-19 17:28:44,054 [INFO] PluginManager:220 - loadIPPluginJar : add mdma
2025-07-19 17:28:44,060 [INFO] IPUIPlugin:80 - create IPUIPlugin
2025-07-19 17:28:44,060 [INFO] PluginManager:220 - loadIPPluginJar : add nvic
2025-07-19 17:28:44,063 [INFO] IPUIPlugin:80 - create IPUIPlugin
2025-07-19 17:28:44,064 [INFO] PluginManager:220 - loadIPPluginJar : add opamp
2025-07-19 17:28:44,068 [INFO] IPUIPlugin:80 - create IPUIPlugin
2025-07-19 17:28:44,068 [INFO] PluginManager:220 - loadIPPluginJar : add openamp
2025-07-19 17:28:44,073 [INFO] IPUIPlugin:80 - create IPUIPlugin
2025-07-19 17:28:44,074 [INFO] PluginManager:220 - loadIPPluginJar : add pdm2pcm
2025-07-19 17:28:44,093 [INFO] IPUIPlugin:80 - create IPUIPlugin
2025-07-19 17:28:44,100 [INFO] PluginManager:220 - loadIPPluginJar : add plateformsettings
2025-07-19 17:28:44,103 [INFO] IPUIPlugin:80 - create IPUIPlugin
2025-07-19 17:28:44,103 [INFO] PluginManager:220 - loadIPPluginJar : add quadspi
2025-07-19 17:28:44,106 [INFO] IPUIPlugin:80 - create IPUIPlugin
2025-07-19 17:28:44,107 [INFO] PluginManager:220 - loadIPPluginJar : add radio
2025-07-19 17:28:44,114 [INFO] IPUIPlugin:80 - create IPUIPlugin
2025-07-19 17:28:44,114 [INFO] PluginManager:220 - loadIPPluginJar : add resmgrutility
2025-07-19 17:28:44,119 [INFO] IPUIPlugin:80 - create IPUIPlugin
2025-07-19 17:28:44,119 [INFO] PluginManager:220 - loadIPPluginJar : add sai
2025-07-19 17:28:44,126 [INFO] IPUIPlugin:80 - create IPUIPlugin
2025-07-19 17:28:44,126 [INFO] PluginManager:220 - loadIPPluginJar : add spi
2025-07-19 17:28:44,151 [INFO] IPUIPlugin:80 - create IPUIPlugin
2025-07-19 17:28:44,152 [INFO] PluginManager:220 - loadIPPluginJar : add stm32_wpan
2025-07-19 17:28:44,157 [INFO] IPUIPlugin:80 - create IPUIPlugin
2025-07-19 17:28:44,157 [INFO] PluginManager:220 - loadIPPluginJar : add tim
2025-07-19 17:28:44,164 [INFO] IPUIPlugin:80 - create IPUIPlugin
2025-07-19 17:28:44,165 [INFO] PluginManager:220 - loadIPPluginJar : add touchsensing
2025-07-19 17:28:44,168 [INFO] IPUIPlugin:80 - create IPUIPlugin
2025-07-19 17:28:44,168 [INFO] PluginManager:220 - loadIPPluginJar : add tracer_emb
2025-07-19 17:28:44,171 [INFO] IPUIPlugin:80 - create IPUIPlugin
2025-07-19 17:28:44,172 [INFO] PluginManager:220 - loadIPPluginJar : add ts
2025-07-19 17:28:44,173 [INFO] IPUIPlugin:80 - create IPUIPlugin
2025-07-19 17:28:44,175 [INFO] PluginManager:220 - loadIPPluginJar : add tsc
2025-07-19 17:28:44,178 [INFO] IPUIPlugin:80 - create IPUIPlugin
2025-07-19 17:28:44,178 [INFO] PluginManager:220 - loadIPPluginJar : add ucpd
2025-07-19 17:28:44,181 [INFO] IPUIPlugin:80 - create IPUIPlugin
2025-07-19 17:28:44,181 [INFO] PluginManager:220 - loadIPPluginJar : add usart
2025-07-19 17:28:44,197 [INFO] IPUIPlugin:80 - create IPUIPlugin
2025-07-19 17:28:44,197 [INFO] PluginManager:220 - loadIPPluginJar : add usbx
2025-07-19 17:28:44,423 [FATAL] Updater:351 - Updater called before beeing initialized
2025-07-19 17:28:44,595 [INFO] RulesReader:64 - Compatibility file has been processed (317 Rules)
2025-07-19 17:28:44,663 [INFO] RulesReader:64 - Compatibility file has been processed (317 Rules)
2025-07-19 17:28:44,709 [INFO] CADModel:165 - CPN selected for project level
2025-07-19 17:28:44,709 [INFO] CADModel:114 - Register for checkConnection events
2025-07-19 17:28:44,710 [FATAL] Updater:351 - Updater called before beeing initialized
2025-07-19 17:28:44,711 [ERROR] CADModel:125 - Updater not yet initialized, retry later 
2025-07-19 17:28:45,189 [FATAL] Updater:351 - Updater called before beeing initialized
2025-07-19 17:28:45,194 [INFO] CADModel:165 - CPN selected for project level
2025-07-19 17:28:45,195 [INFO] CADModel:114 - Register for checkConnection events
2025-07-19 17:28:45,195 [FATAL] Updater:351 - Updater called before beeing initialized
2025-07-19 17:28:45,196 [ERROR] CADModel:125 - Updater not yet initialized, retry later 
2025-07-19 17:28:45,211 [FATAL] Updater:351 - Updater called before beeing initialized
2025-07-19 17:28:45,606 [FATAL] Updater:351 - Updater called before beeing initialized
2025-07-19 17:28:45,613 [INFO] DbMcusAds:53 - JSON generation date=Tue Jul 08 11:14:23 TRT 2025 (1751962463562)
2025-07-19 17:28:45,613 [FATAL] Updater:351 - Updater called before beeing initialized
2025-07-19 17:28:45,664 [WARN] DetailPanel:346 - Failed to get advertising image, set to default
2025-07-19 17:28:45,745 [FATAL] Updater:351 - Updater called before beeing initialized
2025-07-19 17:28:45,747 [FATAL] Updater:351 - Updater called before beeing initialized
2025-07-19 17:28:45,747 [FATAL] Updater:351 - Updater called before beeing initialized
2025-07-19 17:28:45,747 [WARN] DetailPanel:346 - Failed to get advertising image, set to default
2025-07-19 17:28:45,748 [FATAL] Updater:351 - Updater called before beeing initialized
2025-07-19 17:28:45,791 [ERROR] Updater:1198 - MainUpdater not yet initialized. External WinMGr cannot be set.
2025-07-19 17:28:45,792 [INFO] Updater:1134 - Updater Version found : 6.15.0
2025-07-19 17:28:45,808 [INFO] ApplicationProperties:184 - Using Application install path: C:\ST\STM32CubeIDE_1.18.1\STM32CubeIDE\plugins\com.st.stm32cube.common.mx_6.15.0.202507011659
2025-07-19 17:28:46,340 [INFO] ThirdPartyUpdaterWithRetryManager:70 - Updater plugin not ready yet. [2/15]
2025-07-19 17:28:47,393 [ERROR] LogOutputStream:75 - [STDERR_REDIRECT] Jul 19, 2025 5:28:47 PM java.util.prefs.WindowsPreferences <init>
2025-07-19 17:28:47,398 [ERROR] LogOutputStream:75 - [STDERR_REDIRECT] WARNING: Could not open/create prefs root node Software\JavaSoft\Prefs at root 0xffffffff80000002. Windows RegCreateKeyEx(...) returned error code 5.
2025-07-19 17:28:47,399 [ERROR] LogOutputStream:75 - [STDERR_REDIRECT] 
2025-07-19 17:28:48,539 [INFO] MainUpdater:2872 - connection check result : 10
2025-07-19 17:28:48,540 [INFO] MainUpdater:289 - Updater Check For Update Now.
2025-07-19 17:28:48,541 [INFO] MicroXplorer:498 - Change Database Version : DB.6.0.150
2025-07-19 17:28:48,555 [INFO] McuFinderGlobals:63 - Set McuFinder mode to 2 (CubeIDE integrated)
2025-07-19 17:28:48,556 [INFO] UserAuth:487 - Internet connection configuration mode: 1
2025-07-19 17:28:48,584 [INFO] JxBrowserEngine:152 - Initiate JxBrowser Engine with user profile folder
2025-07-19 17:28:48,769 [INFO] CheckServerUpdateThread:120 - End of CheckServer Thread
2025-07-19 17:28:48,958 [INFO] MainUpdater:2872 - connection check result : 10
2025-07-19 17:28:48,959 [INFO] MainUpdater:2872 - connection check result : 10
2025-07-19 17:28:49,014 [INFO] MicroXplorer:468 - Change Database Path : 
2025-07-19 17:28:49,015 [INFO] MicroXplorer:498 - Change Database Version : DB.6.0.150
2025-07-19 17:28:49,035 [WARN] ThirdParty:871 - waiting for thirdparty lock release [close project]
2025-07-19 17:28:49,544 [INFO] WebApp:169 - Instantiating new browser for Auth
2025-07-19 17:28:49,853 [WARN] PackLoader:240 - Cannot read IP mode file for STMicroelectronics.FP-SNS-MOTENVWB1.1.4.0
2025-07-19 17:28:49,874 [WARN] PackLoader:240 - Cannot read IP mode file for STMicroelectronics.FP-ATR-ASTRA1.2.0.2
2025-07-19 17:28:49,894 [WARN] PackLoader:240 - Cannot read IP mode file for STMicroelectronics.X-CUBE-SMBUS.2.1.0
2025-07-19 17:28:49,902 [WARN] PackLoader:240 - Cannot read IP mode file for STMicroelectronics.X-CUBE-ST60.1.0.0
2025-07-19 17:28:50,007 [WARN] PackLoader:240 - Cannot read IP mode file for STMicroelectronics.X-CUBE-AZRTOS-F7.1.1.0
2025-07-19 17:28:50,086 [WARN] PackLoader:240 - Cannot read IP mode file for Infineon.AIROC-Wi-Fi-Bluetooth-STM32.1.7.0
2025-07-19 17:28:50,168 [WARN] PackLoader:240 - Cannot read IP mode file for STMicroelectronics.X-CUBE-AZRTOS-H7.3.4.0
2025-07-19 17:28:50,195 [WARN] PackLoader:240 - Cannot read IP mode file for STMicroelectronics.X-CUBE-DISPLAY.3.0.0
2025-07-19 17:28:50,221 [WARN] PackLoader:240 - Cannot read IP mode file for STMicroelectronics.X-CUBE-NFC10.1.0.0
2025-07-19 17:28:50,252 [WARN] PackLoader:240 - Cannot read IP mode file for STMicroelectronics.X-CUBE-BLEMGR.4.0.0
2025-07-19 17:28:50,269 [WARN] PackLoader:240 - Cannot read IP mode file for emotas.I-CUBE-CANOPEN.1.3.0
2025-07-19 17:28:50,275 [WARN] ConditionMgr:438 - getConditionDescription Invalid condition id : Cortex-A Device cause : null
2025-07-19 17:28:50,305 [WARN] ConditionMgr:1044 - genDependencies : Invalid condition id : Cortex-A Device cause : null
2025-07-19 17:28:50,306 [WARN] ConditionMgr:1044 - genDependencies : Invalid condition id : Cortex-A Device cause : null
2025-07-19 17:28:50,306 [WARN] ConditionMgr:1044 - genDependencies : Invalid condition id : Cortex-A Device cause : null
2025-07-19 17:28:50,314 [WARN] PackLoader:240 - Cannot read IP mode file for STMicroelectronics.FP-SNS-SMARTAG2.1.2.0
2025-07-19 17:28:50,322 [WARN] PackLoader:240 - Cannot read IP mode file for STMicroelectronics.FP-SNS-FLIGHT1.5.1.0
2025-07-19 17:28:50,340 [INFO] LogOutputStream:77 - [STDOUT_REDIRECT] 1 : Invalid condition id : UX_CORESTACK_Condition cause : null
2025-07-19 17:28:50,347 [INFO] LogOutputStream:77 - [STDOUT_REDIRECT] 1 : Invalid condition id : UX_CORESTACK_Condition cause : null
2025-07-19 17:28:50,353 [INFO] LogOutputStream:77 - [STDOUT_REDIRECT] 1 : Invalid condition id : UX_CORESTACK_Condition cause : null
2025-07-19 17:28:50,357 [INFO] LogOutputStream:77 - [STDOUT_REDIRECT] 1 : Invalid condition id : UX_CORESTACK_Condition cause : null
2025-07-19 17:28:50,361 [INFO] LogOutputStream:77 - [STDOUT_REDIRECT] 1 : Invalid condition id : UX_CORESTACK_Condition cause : null
2025-07-19 17:28:50,369 [WARN] PackLoader:240 - Cannot read IP mode file for STMicroelectronics.X-CUBE-AZRTOS-WL.2.0.0
2025-07-19 17:28:50,379 [WARN] PackLoader:240 - Cannot read IP mode file for STMicroelectronics.FP-SNS-MOTENV1.5.0.0
2025-07-19 17:28:50,391 [WARN] PackLoader:240 - Cannot read IP mode file for WES.I-CUBE-Cesium.1.3.0
2025-07-19 17:28:50,408 [WARN] PackLoader:240 - Cannot read IP mode file for STMicroelectronics.X-CUBE-BLE2.3.3.0
2025-07-19 17:28:50,422 [WARN] PackLoader:240 - Cannot read IP mode file for STMicroelectronics.X-CUBE-NFC9.1.0.0
2025-07-19 17:28:50,431 [WARN] PackLoader:240 - Cannot read IP mode file for wolfSSL.I-CUBE-wolfSSL.5.8.0
2025-07-19 17:28:50,438 [WARN] PackLoader:240 - Cannot read IP mode file for STMicroelectronics.X-CUBE-BLE1.7.1.0
2025-07-19 17:28:50,448 [WARN] PackLoader:240 - Cannot read IP mode file for wolfSSL.I-CUBE-wolfMQTT.1.19.2
2025-07-19 17:28:50,464 [WARN] PackLoader:240 - Cannot read IP mode file for STMicroelectronics.X-CUBE-EEPRMA1.5.2.0
2025-07-19 17:28:50,474 [WARN] PackLoader:240 - Cannot read IP mode file for STMicroelectronics.X-CUBE-AI.10.1.0
2025-07-19 17:28:50,511 [WARN] PackLoader:240 - Cannot read IP mode file for STMicroelectronics.X-CUBE-AZRTOS-G0.1.1.0
2025-07-19 17:28:50,542 [WARN] PackLoader:240 - Cannot read IP mode file for STMicroelectronics.X-CUBE-SAFEA1.1.2.2
2025-07-19 17:28:50,560 [WARN] PackLoader:240 - Cannot read IP mode file for STMicroelectronics.X-CUBE-NFC4.3.0.0
2025-07-19 17:28:50,583 [WARN] PackLoader:240 - Cannot read IP mode file for EmbeddedOffice.I-CUBE-FS-RTOS.1.0.1
2025-07-19 17:28:50,594 [WARN] PackLoader:240 - Cannot read IP mode file for STMicroelectronics.X-CUBE-WB05N.2.0.0
2025-07-19 17:28:50,600 [WARN] PackLoader:240 - Cannot read IP mode file for wolfSSL.I-CUBE-wolfTPM.3.8.0
2025-07-19 17:28:50,617 [WARN] PackLoader:240 - Cannot read IP mode file for STMicroelectronics.X-CUBE-TCPP.4.2.0
2025-07-19 17:28:50,629 [WARN] PackLoader:240 - Cannot read IP mode file for RealThread.X-CUBE-RT-Thread_Nano.4.1.1
2025-07-19 17:28:50,636 [WARN] PackLoader:240 - Cannot read IP mode file for STMicroelectronics.FP-ATR-SIGFOX1.3.2.0
2025-07-19 17:28:50,644 [WARN] PackLoader:240 - Cannot read IP mode file for STMicroelectronics.X-CUBE-EEPRMA1.5.1.0
2025-07-19 17:28:50,658 [WARN] PackLoader:240 - Cannot read IP mode file for ITTIA_DB.I-CUBE-ITTIADB.8.9.0
2025-07-19 17:28:50,673 [WARN] PackLoader:240 - Cannot read IP mode file for STMicroelectronics.X-CUBE-ST67W61.1.0.0
2025-07-19 17:28:50,740 [WARN] PackLoader:240 - Cannot read IP mode file for SEGGER.I-CUBE-embOS.1.3.1
2025-07-19 17:28:50,970 [WARN] PackLoader:240 - Cannot read IP mode file for STMicroelectronics.X-CUBE-ALGOBUILD.1.4.0
2025-07-19 17:28:51,180 [WARN] PackLoader:240 - Cannot read IP mode file for STMicroelectronics.X-CUBE-MEMS1.11.3.0
2025-07-19 17:28:51,420 [WARN] PackLoader:240 - Cannot read IP mode file for STMicroelectronics.X-CUBE-PM33A1.1.0.0
2025-07-19 17:28:51,443 [WARN] PackLoader:240 - Cannot read IP mode file for STMicroelectronics.X-CUBE-AZRTOS-F4.1.1.0
2025-07-19 17:28:51,452 [WARN] PackLoader:240 - Cannot read IP mode file for Avnet-IotConnect.X-CUBE-IoTC-DA16k-PMOD.1.0.0
2025-07-19 17:28:51,456 [WARN] PackLoader:240 - Cannot read IP mode file for STMicroelectronics.X-CUBE-ISPU.2.1.0
2025-07-19 17:28:51,465 [WARN] PackLoader:240 - Cannot read IP mode file for STMicroelectronics.X-CUBE-NFC12.1.0.0
2025-07-19 17:28:51,496 [WARN] PackLoader:240 - Cannot read IP mode file for STMicroelectronics.X-CUBE-AZRTOS-L5.2.0.0
2025-07-19 17:28:51,510 [WARN] PackLoader:240 - Cannot read IP mode file for STMicroelectronics.X-CUBE-NFC6.3.1.0
2025-07-19 17:28:51,521 [WARN] PackLoader:240 - Cannot read IP mode file for STMicroelectronics.X-CUBE-FREERTOS.1.3.1
2025-07-19 17:28:51,528 [WARN] PackLoader:240 - Cannot read IP mode file for STMicroelectronics.FP-SNS-STAIOTCFT.1.0.0
2025-07-19 17:28:51,535 [WARN] PackLoader:240 - Cannot read IP mode file for STMicroelectronics.X-CUBE-DPower.1.3.0
2025-07-19 17:28:51,558 [WARN] ConditionMgr:438 - getConditionDescription Invalid condition id : LAN8742 Phy interface Condition cause : null
2025-07-19 17:28:51,559 [WARN] PackLoader:240 - Cannot read IP mode file for STMicroelectronics.X-CUBE-AZRTOS-L4.2.0.0
2025-07-19 17:28:51,560 [WARN] ConditionMgr:1044 - genDependencies : Invalid condition id : LAN8742 Phy interface Condition cause : null
2025-07-19 17:28:51,561 [WARN] ConditionMgr:1044 - genDependencies : Invalid condition id : LAN8742 Phy interface Condition cause : null
2025-07-19 17:28:51,561 [WARN] ConditionMgr:1044 - genDependencies : Invalid condition id : LAN8742 Phy interface Condition cause : null
2025-07-19 17:28:51,572 [WARN] PackLoader:240 - Cannot read IP mode file for STMicroelectronics.X-CUBE-SFXS2LP1.4.0.0
2025-07-19 17:28:51,600 [WARN] PackLoader:240 - Cannot read IP mode file for STMicroelectronics.X-CUBE-AZRTOS-H7.3.3.0
2025-07-19 17:28:51,622 [WARN] ConditionMgr:438 - getConditionDescription Invalid condition id : UX DEVICE CLASS RTOS Condition cause : null
2025-07-19 17:28:51,623 [WARN] ConditionMgr:438 - getConditionDescription Invalid condition id : UX DEVICE CLASS RTOS Condition cause : null
2025-07-19 17:28:51,627 [WARN] PackLoader:240 - Cannot read IP mode file for STMicroelectronics.X-CUBE-AZRTOS-WB.2.0.0
2025-07-19 17:28:51,627 [WARN] ConditionMgr:1044 - genDependencies : Invalid condition id : UX DEVICE CLASS RTOS Condition cause : null
2025-07-19 17:28:51,628 [WARN] ConditionMgr:1044 - genDependencies : Invalid condition id : UX DEVICE CLASS RTOS Condition cause : null
2025-07-19 17:28:51,628 [WARN] ConditionMgr:1044 - genDependencies : Invalid condition id : UX DEVICE CLASS RTOS Condition cause : null
2025-07-19 17:28:51,629 [WARN] ConditionMgr:1044 - genDependencies : Invalid condition id : UX DEVICE CLASS RTOS Condition cause : null
2025-07-19 17:28:51,629 [WARN] ConditionMgr:1044 - genDependencies : Invalid condition id : UX DEVICE CLASS RTOS Condition cause : null
2025-07-19 17:28:51,649 [WARN] PackLoader:240 - Cannot read IP mode file for STMicroelectronics.X-CUBE-GNSS1.7.0.1
2025-07-19 17:28:51,657 [WARN] PackLoader:240 - Cannot read IP mode file for STMicroelectronics.X-CUBE-TOUCHGFX.4.25.0
2025-07-19 17:28:51,667 [WARN] PackLoader:240 - Cannot read IP mode file for STMicroelectronics.FP-SNS-STBOX1.2.0.0
2025-07-19 17:28:51,685 [WARN] PackLoader:240 - Cannot read IP mode file for STMicroelectronics.X-CUBE-SUBG2.5.0.0
2025-07-19 17:28:51,722 [WARN] PackLoader:240 - Cannot read IP mode file for STMicroelectronics.X-CUBE-AZRTOS-H7RS.1.1.0
2025-07-19 17:28:51,733 [WARN] PackLoader:240 - Cannot read IP mode file for Cesanta.I-CUBE-Mongoose.7.13.0
2025-07-19 17:28:51,754 [WARN] PackLoader:240 - Cannot read IP mode file for STMicroelectronics.X-CUBE-AZRTOS-G4.2.0.0
2025-07-19 17:28:51,764 [WARN] PackLoader:240 - Cannot read IP mode file for wolfSSL.I-CUBE-wolfSSH.1.4.20
2025-07-19 17:28:51,771 [WARN] PackLoader:240 - Cannot read IP mode file for STMicroelectronics.X-CUBE-NFC7.2.0.0
2025-07-19 17:28:51,791 [WARN] PackLoader:240 - Cannot read IP mode file for STMicroelectronics.X-CUBE-IPS.3.1.0
2025-07-19 17:28:51,807 [WARN] PackLoader:240 - Cannot read IP mode file for STMicroelectronics.X-CUBE-ALS.1.0.2
2025-07-19 17:28:51,815 [WARN] PackLoader:240 - Cannot read IP mode file for portGmbH.I-Cube-SoM-uGOAL.1.1.0
2025-07-19 17:28:51,829 [WARN] PackLoader:240 - Cannot read IP mode file for STMicroelectronics.X-CUBE-TOF1.3.4.3
2025-07-19 17:28:51,848 [INFO] ThirdParty:978 - Integrity check success = true
2025-07-19 17:28:51,848 [INFO] IntegrityCheckThread:100 - exiting critical section [integrity check]
2025-07-19 17:28:51,849 [INFO] IntegrityCheckThread:103 - End integrity checks thread
2025-07-19 17:28:51,849 [INFO] ThirdParty:873 - entering critical section [close project]
2025-07-19 17:28:51,850 [INFO] ThirdParty:883 - exiting critical section [close project]
2025-07-19 17:28:51,853 [INFO] PinOutPanel:1589 - setPackage(No Configuration,No Configuration)
2025-07-19 17:28:51,855 [INFO] UtilMem:75 - Begin LoadConfig() Used Memory: 263967248 Bytes (293601280)
2025-07-19 17:28:51,857 [INFO] MicroXplorer:468 - Change Database Path : 
2025-07-19 17:28:51,857 [INFO] WebApp:463 - Apply proxy settings
2025-07-19 17:28:51,857 [INFO] MicroXplorer:498 - Change Database Version : DB.6.0.150
2025-07-19 17:28:51,858 [INFO] OpenFileManager:355 - Change cursor
2025-07-19 17:28:51,858 [INFO] WebApp:548 - Chromium requires no authentication
2025-07-19 17:28:51,870 [INFO] WebApp:491 - Direct internet connection detected
2025-07-19 17:28:51,886 [INFO] Mcu:2029 - Initializing MCU STM32F446R(C-E)Tx STM32F446RETx STM32F446RET6
2025-07-19 17:28:51,905 [INFO] WebApp:900 - Register for checkConnection events
2025-07-19 17:28:51,906 [INFO] WebApp:463 - Apply proxy settings
2025-07-19 17:28:51,906 [INFO] WebApp:548 - Chromium requires no authentication
2025-07-19 17:28:51,908 [INFO] WebApp:491 - Direct internet connection detected
2025-07-19 17:28:52,194 [INFO] WebApp:225 - Starting web application
2025-07-19 17:28:52,194 [INFO] WebApp:593 - Web application path used C:\ST\STM32CubeIDE_1.18.1\STM32CubeIDE\plugins\com.st.stm32cube.common.mx_6.15.0.202507011659\db\plugins\mcufinder\reactClient1\index.html
2025-07-19 17:28:52,575 [INFO] WebApp:191 - Connection restablished
2025-07-19 17:28:52,589 [INFO] UserAuth:487 - Internet connection configuration mode: 1
2025-07-19 17:28:55,341 [INFO] Context:786 - Trying to add GPIOservice into a context  which must be forbidden
2025-07-19 17:28:56,059 [INFO] ImportTextPane:234 - (OptionalMessage_ERROR) Pin15 (VP_RIF_VS_RIF1) cannot be retrieved for this MCU
2025-07-19 17:28:56,247 [INFO] RtosManager:558 - Registered RTOS mode: class=CMSIS, group=RTOS, mode=CMSIS_V1, owner=FREERTOS
2025-07-19 17:28:56,248 [INFO] RtosManager:558 - Registered RTOS mode: class=CMSIS, group=RTOS2, mode=CMSIS_V2, owner=FREERTOS
2025-07-19 17:28:56,248 [INFO] RtosManager:558 - Registered RTOS mode: class=RTOS, group=Core, mode=CMSIS_V1, owner=FREERTOS
2025-07-19 17:28:56,248 [INFO] RtosManager:558 - Registered RTOS mode: class=RTOS, group=Core, mode=CMSIS_V2, owner=FREERTOS
2025-07-19 17:28:56,249 [WARN] ModelIntegratedComponent:184 - Missing modes for component STMicroelectronics:FreeRTOS:0.0.1:STMicroelectronics:RTOS:FreeRTOS:Core:::10.2.0:
2025-07-19 17:28:56,318 [WARN] ModelIntegratedComponent:63 - No mode defined for component null
2025-07-19 17:28:56,319 [WARN] ModelIntegratedComponent:63 - No mode defined for component null
2025-07-19 17:28:56,319 [WARN] ModelIntegratedComponent:63 - No mode defined for component null
2025-07-19 17:28:56,319 [WARN] ModelIntegratedComponent:63 - No mode defined for component null
2025-07-19 17:28:56,319 [WARN] ModelIntegratedComponent:63 - No mode defined for component null
2025-07-19 17:28:56,319 [WARN] ModelIntegratedComponent:63 - No mode defined for component null
2025-07-19 17:28:56,319 [WARN] ModelIntegratedComponent:63 - No mode defined for component null
2025-07-19 17:28:56,319 [WARN] ModelIntegratedComponent:63 - No mode defined for component null
2025-07-19 17:28:56,319 [WARN] ModelIntegratedComponent:63 - No mode defined for component null
2025-07-19 17:28:56,319 [WARN] ModelIntegratedComponent:63 - No mode defined for component null
2025-07-19 17:28:56,319 [WARN] ModelIntegratedComponent:63 - No mode defined for component null
2025-07-19 17:28:56,320 [WARN] ModelIntegratedComponent:63 - No mode defined for component null
2025-07-19 17:28:56,320 [WARN] ModelIntegratedComponent:63 - No mode defined for component null
2025-07-19 17:28:56,320 [WARN] ModelIntegratedComponent:63 - No mode defined for component null
2025-07-19 17:28:56,320 [WARN] ModelIntegratedComponent:63 - No mode defined for component null
2025-07-19 17:28:56,320 [WARN] ModelIntegratedComponent:63 - No mode defined for component null
2025-07-19 17:28:56,320 [WARN] ModelIntegratedComponent:63 - No mode defined for component null
2025-07-19 17:28:56,321 [WARN] ModelIntegratedComponent:63 - No mode defined for component null
2025-07-19 17:28:56,321 [WARN] ModelIntegratedComponent:63 - No mode defined for component null
2025-07-19 17:28:56,321 [WARN] ModelIntegratedComponent:63 - No mode defined for component null
2025-07-19 17:28:56,323 [WARN] ModelIntegratedComponent:63 - No mode defined for component null
2025-07-19 17:28:56,323 [WARN] ModelIntegratedComponent:63 - No mode defined for component null
2025-07-19 17:28:56,323 [WARN] ModelIntegratedComponent:63 - No mode defined for component null
2025-07-19 17:28:56,323 [WARN] ModelIntegratedComponent:63 - No mode defined for component null
2025-07-19 17:28:56,323 [WARN] ModelIntegratedComponent:63 - No mode defined for component null
2025-07-19 17:28:56,323 [WARN] ModelIntegratedComponent:63 - No mode defined for component null
2025-07-19 17:28:56,323 [WARN] ModelIntegratedComponent:63 - No mode defined for component null
2025-07-19 17:28:56,323 [WARN] ModelIntegratedComponent:63 - No mode defined for component null
2025-07-19 17:28:56,323 [WARN] ModelIntegratedComponent:63 - No mode defined for component null
2025-07-19 17:28:56,323 [WARN] ModelIntegratedComponent:63 - No mode defined for component null
2025-07-19 17:28:56,324 [WARN] ModelIntegratedComponent:63 - No mode defined for component null
2025-07-19 17:28:56,324 [WARN] ModelIntegratedComponent:63 - No mode defined for component null
2025-07-19 17:28:56,324 [WARN] ModelIntegratedComponent:63 - No mode defined for component null
2025-07-19 17:28:56,324 [WARN] ModelIntegratedComponent:63 - No mode defined for component null
2025-07-19 17:28:56,324 [WARN] ModelIntegratedComponent:63 - No mode defined for component null
2025-07-19 17:28:56,324 [WARN] ModelPack:524 - Component already loaded: STMicroelectronics:HAL Drivers:0.0.0:STMicroelectronics:Device:STMicro_Driver:XSPI:HAL::0.0.1:HAL_XSPI
2025-07-19 17:28:57,094 [INFO] ThirdPartyModel:298 - Start build external matchings
2025-07-19 17:28:57,690 [INFO] ThirdPartyModel:316 - End build external matchings
2025-07-19 17:28:57,706 [INFO] RtosManager:1018 - Current active RTOS is FREERTOS [Cortex-M4NS]
2025-07-19 17:28:57,716 [INFO] ImportTextPane:234 - (OptionalMessage_ERROR) IP (RCC) : Invalid parameter (48MHZClocksFreq_Value)
2025-07-19 17:28:57,716 [INFO] ImportTextPane:234 - (OptionalMessage_ERROR) IP (RCC) : Invalid parameter (EthernetFreq_Value)
2025-07-19 17:28:57,717 [INFO] ImportTextPane:234 - (OptionalMessage_ERROR) IP (RCC) : Parameter (FLatency) has Id (AdvancedSettings) currently not set
2025-07-19 17:28:57,717 [INFO] ImportTextPane:234 - (OptionalMessage_ERROR) IP (RCC) : Invalid parameter (FamilyName)
2025-07-19 17:28:57,717 [INFO] ImportTextPane:234 - (OptionalMessage_ERROR) IP (RCC) : Invalid parameter (I2SClocksFreq_Value)
2025-07-19 17:28:57,718 [INFO] ImportTextPane:234 - (OptionalMessage_ERROR) IP (RCC) : Parameter (SDIOFreq_Value) has invalid value (168000000)
2025-07-19 17:28:57,719 [INFO] ImportTextPane:234 - (OptionalMessage_ERROR) IP (RCC) : Parameter (USBFreq_Value) has invalid value (168000000)
2025-07-19 17:28:57,719 [INFO] ImportTextPane:234 - (OptionalMessage_ERROR) IP (RCC) : Invalid parameter (VCOInputMFreq_Value)
2025-07-19 17:28:57,719 [INFO] ImportTextPane:234 - (OptionalMessage_ERROR) IP (RCC) : Invalid parameter (VcooutputI2S)
2025-07-19 17:28:58,225 [INFO] ApiDb:581 - Connected to CubeFinder SQLite database (C:\Users\aliya\.stmcufinder\plugins\mcufinder\mcu\cube-finder-db.db)
2025-07-19 17:28:58,359 [INFO] ApiDb:668 - CubeFinder database Data Model version=2.1
2025-07-19 17:28:58,359 [INFO] ApiDb:669 - CubeFinder database Configuration version=3.0.39
2025-07-19 17:28:58,359 [INFO] ApiDb:670 - CubeFinder database generation date=2025-06-24 (1750757100)
2025-07-19 17:28:58,360 [INFO] ApiDb:671 - CubeFinder database FW Pack versions=[FP-ATR-ASTRA1_V2.0.0, FP-SNS-FLIGHT1_V5.1.0, FP-SNS-MOTENV1_V5.0.0, FP-SNS-MOTENVWB1_V1.4.0, FP-SNS-SMARTAG2_V1.2.0, FP-SNS-STBOX1_V2.0.0, STM32Cube_FW_C0_V1.4.0, STM32Cube_FW_F4_V1.28.2, STM32Cube_FW_F7_V1.17.3, STM32Cube_FW_G0_V1.6.2, STM32Cube_FW_G4_V1.6.1, STM32Cube_FW_H5_V1.5.0, STM32Cube_FW_H7RS_V1.2.0, STM32Cube_FW_H7_V1.12.1, STM32Cube_FW_L0_V1.12.2, STM32Cube_FW_L4_V1.18.1, STM32Cube_FW_L5_V1.5.1, STM32Cube_FW_N6_V1.2.0, STM32Cube_FW_U0_V1.3.0, STM32Cube_FW_U3_V1.2.0, STM32Cube_FW_U5_V1.8.0, STM32Cube_FW_WB0_V1.3.0, STM32Cube_FW_WBA_V1.7.0, STM32Cube_FW_WB_V1.23.0, STM32Cube_FW_WL3_V1.2.0, STM32Cube_FW_WL_V1.3.1, X-CUBE-ALGOBUILD_V1.4.0, X-CUBE-ALS_V1.0.2, X-CUBE-AZRTOS-F4_V1.1.0, X-CUBE-AZRTOS-F7_V1.1.0, X-CUBE-AZRTOS-G0_V1.1.0, X-CUBE-AZRTOS-G4_V2.0.0, X-CUBE-AZRTOS-H7RS_V1.1.0, X-CUBE-AZRTOS-H7_V3.3.0, X-CUBE-AZRTOS-L4_V2.0.0, X-CUBE-AZRTOS-L5_V2.0.0, X-CUBE-AZRTOS-WB_V2.0.0, X-CUBE-AZRTOS-WL_V2.0.0, X-CUBE-BLE1_V7.1.0, X-CUBE-BLE2_V3.3.0, X-CUBE-BLEMGR_V4.0.0, X-CUBE-EEPRMA1_V5.1.0, X-CUBE-FREERTOS_V1.3.1, X-CUBE-GNSS1_V6.0.0, X-CUBE-MEMS1_V11.3.0, X-CUBE-NFC4_V3.0.0, X-CUBE-NFC7_V2.0.0, X-CUBE-SFXS2LP1_V4.0.0, X-CUBE-SUBG2_V5.0.0, X-CUBE-TOF1_V3.4.3]
2025-07-19 17:28:58,417 [INFO] DbBoardsSqlite:226 - include board P-NUCLEO-WB55-NUCLEO as a kit item of type 'Nucleo-64'
2025-07-19 17:28:58,418 [INFO] DbBoardsSqlite:226 - include board P-NUCLEO-WB55-USBDONGLE as a kit item of type 'Nucleo USB Dongle'
2025-07-19 17:28:58,418 [INFO] DbBoardsSqlite:226 - include board STEVAL-IDP005V1 as a kit item of type 'Evaluation Board'
2025-07-19 17:28:58,418 [INFO] DbBoardsSqlite:226 - include board STEVAL-IDP005V2 as a kit item of type 'Evaluation Board'
2025-07-19 17:28:58,484 [INFO] ApiDb:240 - Found 880 in-development CPN: [B-G473E-ZEST1S, B-WB1M-WPAN1, B-WBA5M-WPAN, B-WL5M-SUBG1, NUCLEO-C031C6, NUCLEO-C051C8, NUCLEO-C071RB, NUCLEO-C092RC, NUCLEO-H503RB, NUCLEO-H533RE, NUCLEO-H563ZI, NUCLEO-H7S3L8, NUCLEO-N657X0-Q, NUCLEO-U031R8, NUCLEO-U083RC, NUCLEO-U385RG-Q, NUCLEO-U545RE-Q, NUCLEO-U5A5ZJ-Q, NUCLEO-WB05KZ, NUCLEO-WB07CC, NUCLEO-WB09KE, NUCLEO-WBA52CG, NUCLEO-WBA55CG, NUCLEO-WL33CC1, NUCLEO-WL33CC2, STEVAL-PROTEUS1, STEVAL-SMARTAG2, STEVAL-STWINBX1, STM320518-EVAL, STM32C0116-DK, STM32C011D6Y3TR, STM32C011D6Y6TR, STM32C011F4P3, STM32C011F4P6, STM32C011F4U3, STM32C011F4U6TR, STM32C011F6P3, STM32C011F6P6, STM32C011F6U3, STM32C011F6U6TR, STM32C011J4M3, STM32C011J4M6, STM32C011J6M3, STM32C011J6M6, STM32C0316-DK, STM32C031C4T3, STM32C031C4T6, STM32C031C4U3, STM32C031C4U6, STM32C031C6T3, STM32C031C6T6, STM32C031C6U3, STM32C031C6U6, STM32C031F4P3, STM32C031F4P6, STM32C031F6P3, STM32C031F6P6, STM32C031G4U3, STM32C031G4U6, STM32C031G6U3, STM32C031G6U6, STM32C031K4T3, STM32C031K4T6, STM32C031K4U3, STM32C031K4U6, STM32C031K6T3, STM32C031K6T6, STM32C031K6U3, STM32C031K6U6, STM32C051C6T6, STM32C051C6U6, STM32C051C8T6, STM32C051C8U6, STM32C051D8Y6TR, STM32C051F6P6, STM32C051F8P6, STM32C051G6U6, STM32C051G8U6, STM32C051K6T6, STM32C051K6U6, STM32C051K8T6, STM32C071C8T6, STM32C071C8T6N, STM32C071C8U6, STM32C071C8U6N, STM32C071CBT6, STM32C071CBT6N, STM32C071CBU6, STM32C071CBU6N, STM32C071F8P6, STM32C071F8P6N, STM32C071FBP6, STM32C071FBP6N, STM32C071FBY6TR, STM32C071G8U6, STM32C071G8U6N, STM32C071GBU6, STM32C071GBU6N, STM32C071K8T6, STM32C071K8T6N, STM32C071K8U6, STM32C071K8U6N, STM32C071KBT6, STM32C071KBT6N, STM32C071KBU6, STM32C071KBU6N, STM32C071R8T6, STM32C071R8T6N, STM32C071RBI6N, STM32C071RBT6, STM32C071RBT6N, STM32C091CBT6, STM32C091CBU6, STM32C091CCT6, STM32C091CCU6, STM32C091ECY6TR, STM32C091FBP6, STM32C091FCP6, STM32C091GBU6, STM32C091GCU6, STM32C091KBT6, STM32C091KBU6, STM32C091KCT6, STM32C091KCU6, STM32C091RBT6, STM32C091RCI6, STM32C091RCT6, STM32C092CBT6, STM32C092CBU6, STM32C092CCT6, STM32C092CCU6, STM32C092ECY6TR, STM32C092FBP6, STM32C092FCP6, STM32C092GBU6, STM32C092GCU6, STM32C092KBT6, STM32C092KBU6, STM32C092KCT6, STM32C092KCU6, STM32C092RBT6, STM32C092RCI6, STM32C092RCT6, STM32G071K8TXN, STM32G071K8UXN, STM32G081GBU6N, STM32G081KBT6N, STM32G081KBUXN, STM32G0B1CCT6N, STM32G0B1KCT6, STM32G0B1NEY6TR, STM32G0B1RCT6N, STM32G0C1CCT6, STM32G0C1CCT6N, STM32G0C1CCU6N, STM32G0C1CET6N, STM32G0C1CEU6N, STM32G0C1KCT6, STM32G0C1NEY6TR, STM32G0C1RCI6N, STM32G0C1RCT6N, STM32G0C1REI6N, STM32G0C1RET6N, STM32G0C1VCI6, STM32G0C1VEI6, STM32G411C6T3, STM32G411C6T6, STM32G411C6U3, STM32G411C6U6, STM32G411C8T3, STM32G411C8T6, STM32G411C8U3, STM32G411C8U6, STM32G411CBT3, STM32G411CBT6, STM32G411CBU3, STM32G411CBU6, STM32G411K6T3, STM32G411K6T6, STM32G411K6U3, STM32G411K6U6, STM32G411K8T3, STM32G411K8T6, STM32G411K8U3, STM32G411K8U6, STM32G411KBT3, STM32G411KBT6, STM32G411KBU3, STM32G411KBU6, STM32G411M6T3, STM32G411M6T6, STM32G411M8T3, STM32G411M8T6, STM32G411MBT3, STM32G411MBT6, STM32G411R6T3, STM32G411R6T6, STM32G411R8T3, STM32G411R8T6, STM32G411RBT3, STM32G411RBT6, STM32G414CBT3, STM32G414CBT6, STM32G414CBU3, STM32G414CBU6, STM32G414CCT3, STM32G414CCT6, STM32G414CCU3, STM32G414CCU6, STM32G414MBT3, STM32G414MBT6, STM32G414MCT3, STM32G414MCT6, STM32G414RBT3, STM32G414RBT6, STM32G414RCT3, STM32G414RCT6, STM32G414VBT3, STM32G414VBT6, STM32G414VCT3, STM32G414VCT6, STM32G431CBT3Z, STM32G431RBT3Z, STM32G471CCT6, STM32G471CCU6, STM32G471CET3, STM32G471CET6, STM32G471CEU3, STM32G471CEU6, STM32G471MCT6, STM32G471MET3, STM32G471MET6, STM32G471MEY6TR, STM32G471QCT6, STM32G471QET3, STM32G471RCT6, STM32G471RET3, STM32G471RET6, STM32G471VCH6, STM32G471VCI6, STM32G471VCT6, STM32G471VEH3, STM32G471VEH6, STM32G471VEI3, STM32G471VEI6, STM32G471VET3, STM32G471VET6, STM32G473QET3Z, STM32G473RET3Z, STM32G474CCT6, STM32G491RET3Z, STM32H503CBT6, STM32H503CBU6, STM32H503EBY6TR, STM32H503KBU6, STM32H503RBT6, STM32H523CCT6, STM32H523CCU6, STM32H523CET6, STM32H523CEU6, STM32H523HEY6TR, STM32H523RCT6, STM32H523RET6, STM32H523VCI6, STM32H523VCT6, STM32H523VEI6, STM32H523VET6, STM32H523ZCJ6, STM32H523ZCT6, STM32H523ZEJ6, STM32H523ZET6, STM32H533CET6, STM32H533CEU6, STM32H533HEY6TR, STM32H533RET6, STM32H533VEI6, STM32H533VET6, STM32H533ZEJ6, STM32H533ZET6, STM32H562AGI6, STM32H562AII6, STM32H562IGK6, STM32H562IGT6, STM32H562IIK6, STM32H562IIT6, STM32H562RGT6, STM32H562RGV6, STM32H562RIT6, STM32H562RIV6, STM32H562VGT6, STM32H562VIT6, STM32H562ZGT6, STM32H562ZIT6, STM32H563AGI6, STM32H563AII3Q, STM32H563AII6, STM32H563IGK6, STM32H563IGT6, STM32H563IIK3Q, STM32H563IIK6, STM32H563IIT3Q, STM32H563IIT6, STM32H563MIY3QTR, STM32H563RGT6, STM32H563RGV6, STM32H563RIT6, STM32H563RIV6, STM32H563VGT6, STM32H563VIT3Q, STM32H563VIT6, STM32H563ZGT6, STM32H563ZIT3Q, STM32H563ZIT6, STM32H573AII3Q, STM32H573AII6, STM32H573I-DK, STM32H573IIK3Q, STM32H573IIK6, STM32H573IIT3Q, STM32H573IIT6, STM32H573MIY3QTR, STM32H573RIT6, STM32H573RIV6, STM32H573VIT3Q, STM32H573VIT6, STM32H573ZIT3Q, STM32H573ZIT6, STM32H7R3A8I6, STM32H7R3I8K6, STM32H7R3I8T6, STM32H7R3L8H6, STM32H7R3L8H6H, STM32H7R3R8V6, STM32H7R3V8H6, STM32H7R3V8T6, STM32H7R3V8Y6TR, STM32H7R3Z8J6, STM32H7R3Z8T6, STM32H7R7A8I6, STM32H7R7I8K6, STM32H7R7I8T6, STM32H7R7L8H6, STM32H7R7L8H6H, STM32H7R7Z8J6, STM32H7S3A8I6, STM32H7S3I8K6, STM32H7S3I8T6, STM32H7S3L8H6, STM32H7S3L8H6H, STM32H7S3R8V6, STM32H7S3V8H6, STM32H7S3V8T6, STM32H7S3V8Y6TR, STM32H7S3Z8J6, STM32H7S3Z8T6, STM32H7S78-DK, STM32H7S7A8I6, STM32H7S7I8K6, STM32H7S7I8T6, STM32H7S7L8H6, STM32H7S7L8H6H, STM32H7S7Z8J6, STM32L4R5QGI6STR, STM32MP131AAE3, STM32MP131AAF3, STM32MP131AAG3, STM32MP131CAE3, STM32MP131CAF3, STM32MP131CAG3, STM32MP131DAE7, STM32MP131DAF7, STM32MP131DAG7, STM32MP131FAE7, STM32MP131FAF7, STM32MP131FAG7, STM32MP133AAE3, STM32MP133AAF3, STM32MP133AAG3, STM32MP133CAE3, STM32MP133CAF3, STM32MP133CAG3, STM32MP133DAE7, STM32MP133DAF7, STM32MP133DAG7, STM32MP133FAE7, STM32MP133FAF7, STM32MP133FAG7, STM32MP135AAE3, STM32MP135AAF3, STM32MP135AAG3, STM32MP135CAE3, STM32MP135CAF3, STM32MP135CAG3, STM32MP135DAE7, STM32MP135DAF7, STM32MP135DAG7, STM32MP135F-DK, STM32MP135FAE7, STM32MP135FAF7, STM32MP135FAF7T, STM32MP135FAF7U, STM32MP135FAG7, STM32MP211AAL3, STM32MP211AAM3, STM32MP211AAN3, STM32MP211AAO3, STM32MP211CAL3, STM32MP211CAM3, STM32MP211CAN3, STM32MP211CAO3, STM32MP211DAL3, STM32MP211DAM3, STM32MP211DAN3, STM32MP211DAO3, STM32MP211FAL3, STM32MP211FAM3, STM32MP211FAN3, STM32MP211FAO3, STM32MP213AAL3, STM32MP213AAM3, STM32MP213AAN3, STM32MP213AAO3, STM32MP213CAL3, STM32MP213CAM3, STM32MP213CAN3, STM32MP213CAO3, STM32MP213DAL3, STM32MP213DAM3, STM32MP213DAN3, STM32MP213DAO3, STM32MP213FAL3, STM32MP213FAM3, STM32MP213FAN3, STM32MP213FAO3, STM32MP215AAL3, STM32MP215AAM3, STM32MP215AAN3, STM32MP215AAO3, STM32MP215CAL3, STM32MP215CAM3, STM32MP215CAN3, STM32MP215CAO3, STM32MP215DAL3, STM32MP215DAM3, STM32MP215DAN3, STM32MP215DAO3, STM32MP215F-DK, STM32MP215FAL3, STM32MP215FAM3, STM32MP215FAN3, STM32MP215FAO3, STM32MP231AAJ3, STM32MP231AAK3, STM32MP231AAL3, STM32MP231CAJ3, STM32MP231CAK3, STM32MP231CAL3, STM32MP231DAJ3, STM32MP231DAK3, STM32MP231DAL3, STM32MP231FAJ3, STM32MP231FAK3, STM32MP231FAL3, STM32MP233AAJ3, STM32MP233AAK3, STM32MP233AAL3, STM32MP233CAJ3, STM32MP233CAK3, STM32MP233CAL3, STM32MP233DAJ3, STM32MP233DAK3, STM32MP233DAL3, STM32MP233FAJ3, STM32MP233FAK3, STM32MP233FAL3, STM32MP235AAJ3, STM32MP235AAK3, STM32MP235AAL3, STM32MP235CAJ3, STM32MP235CAK3, STM32MP235CAL3, STM32MP235DAJ3, STM32MP235DAK3, STM32MP235DAL3, STM32MP235FAJ3, STM32MP235FAK3, STM32MP235FAL3, STM32MP251AAI3, STM32MP251AAK3, STM32MP251AAL3, STM32MP251CAI3, STM32MP251CAK3, STM32MP251CAL3, STM32MP251DAI3, STM32MP251DAK3, STM32MP251DAL3, STM32MP251FAI3, STM32MP251FAK3, STM32MP251FAL3, STM32MP253AAI3, STM32MP253AAK3, STM32MP253AAL3, STM32MP253CAI3, STM32MP253CAK3, STM32MP253CAL3, STM32MP253DAI3, STM32MP253DAK3, STM32MP253DAL3, STM32MP253FAI3, STM32MP253FAK3, STM32MP253FAL3, STM32MP255AAI3, STM32MP255AAK3, STM32MP255AAL3, STM32MP255CAI3, STM32MP255CAK3, STM32MP255CAL3, STM32MP255DAI3, STM32MP255DAK3, STM32MP255DAL3, STM32MP255FAI3, STM32MP255FAK3, STM32MP255FAL3, STM32MP257AAI3, STM32MP257AAK3, STM32MP257AAL3, STM32MP257CAI3, STM32MP257CAK3, STM32MP257CAL3, STM32MP257DAI3, STM32MP257DAK3, STM32MP257DAL3, STM32MP257F-DK, STM32MP257F-EV1, STM32MP257FAI3, STM32MP257FAK3, STM32MP257FAL3, STM32N645A0H3Q, STM32N645B0H3Q, STM32N645I0H3Q, STM32N645L0H3Q, STM32N645X0H3Q, STM32N645Z0H3Q, STM32N647A0H3Q, STM32N647B0H3Q, STM32N647I0H3Q, STM32N647L0H3Q, STM32N647X0H3Q, STM32N647Z0H3Q, STM32N655A0H3Q, STM32N655B0H3Q, STM32N655I0H3Q, STM32N655L0H3Q, STM32N655X0H3Q, STM32N655Z0H3Q, STM32N6570-DK, STM32N657A0H3Q, STM32N657B0H3Q, STM32N657I0H3Q, STM32N657L0H3Q, STM32N657X0H3Q, STM32N657Z0H3Q, STM32U031C6T6, STM32U031C6U6, STM32U031C8T6, STM32U031C8U6, STM32U031F4P6, STM32U031F6P6, STM32U031F8P6, STM32U031G6Y6TR, STM32U031G8Y6TR, STM32U031K4U6, STM32U031K6U6, STM32U031K8U6, STM32U031R6I6, STM32U031R6T6, STM32U031R8I6, STM32U031R8T6, STM32U073C8T6, STM32U073C8U6, STM32U073CBT6, STM32U073CBU6, STM32U073CCT6, STM32U073CCU6, STM32U073H8Y6TR, STM32U073HBY6TR, STM32U073HCY6TR, STM32U073K8U6, STM32U073KBU6, STM32U073KCU6, STM32U073M8I6, STM32U073M8T6, STM32U073MBI6, STM32U073MBT6, STM32U073MCI6, STM32U073MCT6, STM32U073R8I6, STM32U073R8T6, STM32U073RBI6, STM32U073RBT6, STM32U073RCI6, STM32U073RCT6, STM32U083C-DK, STM32U083CCT6, STM32U083CCU6, STM32U083HCY6TR, STM32U083KCU6, STM32U083MCI6, STM32U083MCT6, STM32U083RCI6, STM32U083RCT6, STM32U375CET6, STM32U375CET6Q, STM32U375CEU6, STM32U375CEU6Q, STM32U375CEY6QTR, STM32U375CGT6, STM32U375CGT6Q, STM32U375CGU6, STM32U375CGU6Q, STM32U375CGY6QTR, STM32U375KEU6, STM32U375KGU6, STM32U375REI6, STM32U375REI6Q, STM32U375RET6, STM32U375RET6Q, STM32U375REY6GTR, STM32U375REY6QTR, STM32U375RGI6, STM32U375RGI6Q, STM32U375RGT6, STM32U375RGT6Q, STM32U375RGY6GTR, STM32U375RGY6QTR, STM32U375VEI6, STM32U375VEI6Q, STM32U375VET6, STM32U375VET6Q, STM32U375VGI6, STM32U375VGI6Q, STM32U375VGT6, STM32U375VGT6Q, STM32U385CGT6, STM32U385CGT6Q, STM32U385CGU6, STM32U385CGU6Q, STM32U385CGY6QTR, STM32U385KGU6, STM32U385RGI6, STM32U385RGI6Q, STM32U385RGT6, STM32U385RGT6Q, STM32U385RGY6GTR, STM32U385RGY6QTR, STM32U385VGI6, STM32U385VGI6Q, STM32U385VGT6, STM32U385VGT6Q, STM32U535CBT6, STM32U535CBT6Q, STM32U535CBU6, STM32U535CBU6Q, STM32U535CCT6, STM32U535CCT6Q, STM32U535CCU6, STM32U535CCU6Q, STM32U535CET6, STM32U535CET6Q, STM32U535CEU6, STM32U535CEU6Q, STM32U535JEY6QTR, STM32U535NCY6QTR, STM32U535NEY6QTR, STM32U535RBI6, STM32U535RBI6Q, STM32U535RBT6, STM32U535RBT6Q, STM32U535RCI6, STM32U535RCI6Q, STM32U535RCT6, STM32U535RCT6Q, STM32U535REI6, STM32U535REI6Q, STM32U535RET6, STM32U535RET6Q, STM32U535VCI6, STM32U535VCI6Q, STM32U535VCT6, STM32U535VCT6Q, STM32U535VEI6, STM32U535VEI6Q, STM32U535VET6, STM32U535VET6Q, STM32U545CET6, STM32U545CET6Q, STM32U545CEU6, STM32U545CEU6Q, STM32U545JEY6QTR, STM32U545NEY6QTR, STM32U545REI6, STM32U545REI6Q, STM32U545RET6, STM32U545RET6Q, STM32U545VEI6, STM32U545VEI6Q, STM32U545VET6, STM32U545VET6Q, STM32U595AIH6, STM32U595AIH6Q, STM32U595AJH6, STM32U595AJH6Q, STM32U595QII6, STM32U595QII6Q, STM32U595QJI6, STM32U595QJI6Q, STM32U595RIT6, STM32U595RIT6Q, STM32U595RJT6, STM32U595RJT6Q, STM32U595VIT6, STM32U595VIT6Q, STM32U595VJT6, STM32U595VJT6Q, STM32U595ZIT6, STM32U595ZIT6Q, STM32U595ZIY6QTR, STM32U595ZJT6, STM32U595ZJT6Q, STM32U595ZJY6QTR, STM32U599BJY6QTR, STM32U599NIH6Q, STM32U599NJH6Q, STM32U599VIT6Q, STM32U599VJT6, STM32U599VJT6Q, STM32U599ZIT6Q, STM32U599ZIY6QTR, STM32U599ZJT6Q, STM32U599ZJY6QTR, STM32U5A5AJH6, STM32U5A5AJH6Q, STM32U5A5QII3Q , STM32U5A5QJI6, STM32U5A5QJI6Q, STM32U5A5RJT6, STM32U5A5RJT6Q, STM32U5A5VJT6, STM32U5A5VJT6Q, STM32U5A5ZJT6, STM32U5A5ZJT6Q, STM32U5A5ZJY6QTR, STM32U5A9BJY6QTR, STM32U5A9J-DK, STM32U5A9NJH6Q, STM32U5A9VJT6Q, STM32U5A9ZJT6Q, STM32U5A9ZJY6QTR, STM32U5F7VIT6, STM32U5F7VIT6Q, STM32U5F7VJT6, STM32U5F7VJT6Q, STM32U5F9BJY6QTR, STM32U5F9NJH6Q, STM32U5F9VIT6Q, STM32U5F9VJT6Q, STM32U5F9ZIJ6QTR, STM32U5F9ZIT6Q, STM32U5F9ZJJ6QTR, STM32U5F9ZJT6Q, STM32U5G7VJT6, STM32U5G7VJT6Q, STM32U5G9BJY6QTR, STM32U5G9J-DK1, STM32U5G9J-DK2, STM32U5G9NJH6Q, STM32U5G9VJT6Q, STM32U5G9ZJJ6QTR, STM32U5G9ZJT6Q, STM32WB05KZV6TR, STM32WB05KZV7TR, STM32WB05TZF6TR, STM32WB05TZF7TR, STM32WB06CCF6TR, STM32WB06CCF7TR, STM32WB06CCV6TR, STM32WB06CCV7TR, STM32WB06KCV6TR, STM32WB06KCV7TR, STM32WB07CCF6TR, STM32WB07CCF7TR, STM32WB07CCV6TR, STM32WB07CCV7TR, STM32WB07KCV6TR, STM32WB07KCV7TR, STM32WB09KEV6TR, STM32WB09KEV7TR, STM32WB09TEF6TR, STM32WB09TEF7TR, STM32WB1MMCH6, STM32WBA50KGU6, STM32WBA50KGU6TR, STM32WBA52CEU6, STM32WBA52CEU6TR, STM32WBA52CEU7, STM32WBA52CEU7TR, STM32WBA52CGU6, STM32WBA52CGU6TR, STM32WBA52CGU6U, STM32WBA52CGU7, STM32WBA52CGU7TR, STM32WBA52KEU6, STM32WBA52KEU6TR, STM32WBA52KGU6, STM32WBA52KGU6TR, STM32WBA54CEU6, STM32WBA54CEU6TR, STM32WBA54CEU7, STM32WBA54CEU7TR, STM32WBA54CGU6, STM32WBA54CGU6TR, STM32WBA54CGU7, STM32WBA54CGU7TR, STM32WBA54KEU6, STM32WBA54KEU6TR, STM32WBA54KEU7, STM32WBA54KEU7TR, STM32WBA54KGU6, STM32WBA54KGU6TR, STM32WBA54KGU7, STM32WBA54KGU7TR, STM32WBA55CEU6, STM32WBA55CEU6TR, STM32WBA55CEU7, STM32WBA55CEU7TR, STM32WBA55CGU6, STM32WBA55CGU6TR, STM32WBA55CGU6U, STM32WBA55CGU7, STM32WBA55CGU7TR, STM32WBA55G-DK1, STM32WBA55HEF6, STM32WBA55HEF7, STM32WBA55HGF6, STM32WBA55HGF7, STM32WBA55UEI6, STM32WBA55UEI6TR, STM32WBA55UEI7, STM32WBA55UEI7TR, STM32WBA55UGI6, STM32WBA55UGI6TR, STM32WBA55UGI7, STM32WBA55UGI7TR, STM32WBA5MMGH6TR, STM32WBA62MGF6, STM32WBA62MIF6, STM32WBA65MGF7, STM32WBA65MIF6, STM32WBA65MIF7, STM32WL30K8V6, STM32WL30KBV6, STM32WL31C8V6, STM32WL31CBV6, STM32WL31K8V6, STM32WL31KBV6, STM32WL33C8V6, STM32WL33C8V6X, STM32WL33CBV6, STM32WL33CBV6X, STM32WL33CCV6, STM32WL33CCV6A, STM32WL33CCV6X, STM32WL33K8V7, STM32WL33K8V7X, STM32WL33KBV7 , STM32WL33KBV7X, STM32WL33KCV7, STM32WL33KCV7X, STM32WL5MOCH6, STM32WL5MOCH6TR]
2025-07-19 17:28:58,742 [INFO] BoardInfo:889 - No configuration file found for board P-NUCLEO-WB55
2025-07-19 17:28:58,744 [INFO] DbBoards:161 - Kit is not supported: P-NUCLEO-WB55
2025-07-19 17:28:58,752 [INFO] BoardInfo:889 - No configuration file found for board STEVAL-BFA001V1B
2025-07-19 17:28:58,755 [INFO] DbBoards:161 - Kit is not supported: STEVAL-BFA001V1B
2025-07-19 17:28:58,756 [INFO] BoardInfo:889 - No configuration file found for board STEVAL-BFA001V2B
2025-07-19 17:28:58,759 [INFO] DbBoards:161 - Kit is not supported: STEVAL-BFA001V2B
2025-07-19 17:28:59,071 [INFO] DbBoards:168 - Found 212 boards, 209 are supported
2025-07-19 17:28:59,072 [INFO] DbBoards:169 - Found 212 boards, 43 of them is supported for  Bsp
2025-07-19 17:28:59,075 [INFO] ApiDb:668 - CubeFinder database Data Model version=2.1
2025-07-19 17:28:59,075 [INFO] ApiDb:669 - CubeFinder database Configuration version=3.0.39
2025-07-19 17:28:59,075 [INFO] ApiDb:670 - CubeFinder database generation date=2025-06-24 (1750757100)
2025-07-19 17:28:59,075 [INFO] ApiDb:671 - CubeFinder database FW Pack versions=[FP-ATR-ASTRA1_V2.0.0, FP-SNS-FLIGHT1_V5.1.0, FP-SNS-MOTENV1_V5.0.0, FP-SNS-MOTENVWB1_V1.4.0, FP-SNS-SMARTAG2_V1.2.0, FP-SNS-STBOX1_V2.0.0, STM32Cube_FW_C0_V1.4.0, STM32Cube_FW_F4_V1.28.2, STM32Cube_FW_F7_V1.17.3, STM32Cube_FW_G0_V1.6.2, STM32Cube_FW_G4_V1.6.1, STM32Cube_FW_H5_V1.5.0, STM32Cube_FW_H7RS_V1.2.0, STM32Cube_FW_H7_V1.12.1, STM32Cube_FW_L0_V1.12.2, STM32Cube_FW_L4_V1.18.1, STM32Cube_FW_L5_V1.5.1, STM32Cube_FW_N6_V1.2.0, STM32Cube_FW_U0_V1.3.0, STM32Cube_FW_U3_V1.2.0, STM32Cube_FW_U5_V1.8.0, STM32Cube_FW_WB0_V1.3.0, STM32Cube_FW_WBA_V1.7.0, STM32Cube_FW_WB_V1.23.0, STM32Cube_FW_WL3_V1.2.0, STM32Cube_FW_WL_V1.3.1, X-CUBE-ALGOBUILD_V1.4.0, X-CUBE-ALS_V1.0.2, X-CUBE-AZRTOS-F4_V1.1.0, X-CUBE-AZRTOS-F7_V1.1.0, X-CUBE-AZRTOS-G0_V1.1.0, X-CUBE-AZRTOS-G4_V2.0.0, X-CUBE-AZRTOS-H7RS_V1.1.0, X-CUBE-AZRTOS-H7_V3.3.0, X-CUBE-AZRTOS-L4_V2.0.0, X-CUBE-AZRTOS-L5_V2.0.0, X-CUBE-AZRTOS-WB_V2.0.0, X-CUBE-AZRTOS-WL_V2.0.0, X-CUBE-BLE1_V7.1.0, X-CUBE-BLE2_V3.3.0, X-CUBE-BLEMGR_V4.0.0, X-CUBE-EEPRMA1_V5.1.0, X-CUBE-FREERTOS_V1.3.1, X-CUBE-GNSS1_V6.0.0, X-CUBE-MEMS1_V11.3.0, X-CUBE-NFC4_V3.0.0, X-CUBE-NFC7_V2.0.0, X-CUBE-SFXS2LP1_V4.0.0, X-CUBE-SUBG2_V5.0.0, X-CUBE-TOF1_V3.4.3]
2025-07-19 17:29:02,106 [INFO] ApiDb:240 - Found 880 in-development CPN: [B-G473E-ZEST1S, B-WB1M-WPAN1, B-WBA5M-WPAN, B-WL5M-SUBG1, NUCLEO-C031C6, NUCLEO-C051C8, NUCLEO-C071RB, NUCLEO-C092RC, NUCLEO-H503RB, NUCLEO-H533RE, NUCLEO-H563ZI, NUCLEO-H7S3L8, NUCLEO-N657X0-Q, NUCLEO-U031R8, NUCLEO-U083RC, NUCLEO-U385RG-Q, NUCLEO-U545RE-Q, NUCLEO-U5A5ZJ-Q, NUCLEO-WB05KZ, NUCLEO-WB07CC, NUCLEO-WB09KE, NUCLEO-WBA52CG, NUCLEO-WBA55CG, NUCLEO-WL33CC1, NUCLEO-WL33CC2, STEVAL-PROTEUS1, STEVAL-SMARTAG2, STEVAL-STWINBX1, STM320518-EVAL, STM32C0116-DK, STM32C011D6Y3TR, STM32C011D6Y6TR, STM32C011F4P3, STM32C011F4P6, STM32C011F4U3, STM32C011F4U6TR, STM32C011F6P3, STM32C011F6P6, STM32C011F6U3, STM32C011F6U6TR, STM32C011J4M3, STM32C011J4M6, STM32C011J6M3, STM32C011J6M6, STM32C0316-DK, STM32C031C4T3, STM32C031C4T6, STM32C031C4U3, STM32C031C4U6, STM32C031C6T3, STM32C031C6T6, STM32C031C6U3, STM32C031C6U6, STM32C031F4P3, STM32C031F4P6, STM32C031F6P3, STM32C031F6P6, STM32C031G4U3, STM32C031G4U6, STM32C031G6U3, STM32C031G6U6, STM32C031K4T3, STM32C031K4T6, STM32C031K4U3, STM32C031K4U6, STM32C031K6T3, STM32C031K6T6, STM32C031K6U3, STM32C031K6U6, STM32C051C6T6, STM32C051C6U6, STM32C051C8T6, STM32C051C8U6, STM32C051D8Y6TR, STM32C051F6P6, STM32C051F8P6, STM32C051G6U6, STM32C051G8U6, STM32C051K6T6, STM32C051K6U6, STM32C051K8T6, STM32C071C8T6, STM32C071C8T6N, STM32C071C8U6, STM32C071C8U6N, STM32C071CBT6, STM32C071CBT6N, STM32C071CBU6, STM32C071CBU6N, STM32C071F8P6, STM32C071F8P6N, STM32C071FBP6, STM32C071FBP6N, STM32C071FBY6TR, STM32C071G8U6, STM32C071G8U6N, STM32C071GBU6, STM32C071GBU6N, STM32C071K8T6, STM32C071K8T6N, STM32C071K8U6, STM32C071K8U6N, STM32C071KBT6, STM32C071KBT6N, STM32C071KBU6, STM32C071KBU6N, STM32C071R8T6, STM32C071R8T6N, STM32C071RBI6N, STM32C071RBT6, STM32C071RBT6N, STM32C091CBT6, STM32C091CBU6, STM32C091CCT6, STM32C091CCU6, STM32C091ECY6TR, STM32C091FBP6, STM32C091FCP6, STM32C091GBU6, STM32C091GCU6, STM32C091KBT6, STM32C091KBU6, STM32C091KCT6, STM32C091KCU6, STM32C091RBT6, STM32C091RCI6, STM32C091RCT6, STM32C092CBT6, STM32C092CBU6, STM32C092CCT6, STM32C092CCU6, STM32C092ECY6TR, STM32C092FBP6, STM32C092FCP6, STM32C092GBU6, STM32C092GCU6, STM32C092KBT6, STM32C092KBU6, STM32C092KCT6, STM32C092KCU6, STM32C092RBT6, STM32C092RCI6, STM32C092RCT6, STM32G071K8TXN, STM32G071K8UXN, STM32G081GBU6N, STM32G081KBT6N, STM32G081KBUXN, STM32G0B1CCT6N, STM32G0B1KCT6, STM32G0B1NEY6TR, STM32G0B1RCT6N, STM32G0C1CCT6, STM32G0C1CCT6N, STM32G0C1CCU6N, STM32G0C1CET6N, STM32G0C1CEU6N, STM32G0C1KCT6, STM32G0C1NEY6TR, STM32G0C1RCI6N, STM32G0C1RCT6N, STM32G0C1REI6N, STM32G0C1RET6N, STM32G0C1VCI6, STM32G0C1VEI6, STM32G411C6T3, STM32G411C6T6, STM32G411C6U3, STM32G411C6U6, STM32G411C8T3, STM32G411C8T6, STM32G411C8U3, STM32G411C8U6, STM32G411CBT3, STM32G411CBT6, STM32G411CBU3, STM32G411CBU6, STM32G411K6T3, STM32G411K6T6, STM32G411K6U3, STM32G411K6U6, STM32G411K8T3, STM32G411K8T6, STM32G411K8U3, STM32G411K8U6, STM32G411KBT3, STM32G411KBT6, STM32G411KBU3, STM32G411KBU6, STM32G411M6T3, STM32G411M6T6, STM32G411M8T3, STM32G411M8T6, STM32G411MBT3, STM32G411MBT6, STM32G411R6T3, STM32G411R6T6, STM32G411R8T3, STM32G411R8T6, STM32G411RBT3, STM32G411RBT6, STM32G414CBT3, STM32G414CBT6, STM32G414CBU3, STM32G414CBU6, STM32G414CCT3, STM32G414CCT6, STM32G414CCU3, STM32G414CCU6, STM32G414MBT3, STM32G414MBT6, STM32G414MCT3, STM32G414MCT6, STM32G414RBT3, STM32G414RBT6, STM32G414RCT3, STM32G414RCT6, STM32G414VBT3, STM32G414VBT6, STM32G414VCT3, STM32G414VCT6, STM32G431CBT3Z, STM32G431RBT3Z, STM32G471CCT6, STM32G471CCU6, STM32G471CET3, STM32G471CET6, STM32G471CEU3, STM32G471CEU6, STM32G471MCT6, STM32G471MET3, STM32G471MET6, STM32G471MEY6TR, STM32G471QCT6, STM32G471QET3, STM32G471RCT6, STM32G471RET3, STM32G471RET6, STM32G471VCH6, STM32G471VCI6, STM32G471VCT6, STM32G471VEH3, STM32G471VEH6, STM32G471VEI3, STM32G471VEI6, STM32G471VET3, STM32G471VET6, STM32G473QET3Z, STM32G473RET3Z, STM32G474CCT6, STM32G491RET3Z, STM32H503CBT6, STM32H503CBU6, STM32H503EBY6TR, STM32H503KBU6, STM32H503RBT6, STM32H523CCT6, STM32H523CCU6, STM32H523CET6, STM32H523CEU6, STM32H523HEY6TR, STM32H523RCT6, STM32H523RET6, STM32H523VCI6, STM32H523VCT6, STM32H523VEI6, STM32H523VET6, STM32H523ZCJ6, STM32H523ZCT6, STM32H523ZEJ6, STM32H523ZET6, STM32H533CET6, STM32H533CEU6, STM32H533HEY6TR, STM32H533RET6, STM32H533VEI6, STM32H533VET6, STM32H533ZEJ6, STM32H533ZET6, STM32H562AGI6, STM32H562AII6, STM32H562IGK6, STM32H562IGT6, STM32H562IIK6, STM32H562IIT6, STM32H562RGT6, STM32H562RGV6, STM32H562RIT6, STM32H562RIV6, STM32H562VGT6, STM32H562VIT6, STM32H562ZGT6, STM32H562ZIT6, STM32H563AGI6, STM32H563AII3Q, STM32H563AII6, STM32H563IGK6, STM32H563IGT6, STM32H563IIK3Q, STM32H563IIK6, STM32H563IIT3Q, STM32H563IIT6, STM32H563MIY3QTR, STM32H563RGT6, STM32H563RGV6, STM32H563RIT6, STM32H563RIV6, STM32H563VGT6, STM32H563VIT3Q, STM32H563VIT6, STM32H563ZGT6, STM32H563ZIT3Q, STM32H563ZIT6, STM32H573AII3Q, STM32H573AII6, STM32H573I-DK, STM32H573IIK3Q, STM32H573IIK6, STM32H573IIT3Q, STM32H573IIT6, STM32H573MIY3QTR, STM32H573RIT6, STM32H573RIV6, STM32H573VIT3Q, STM32H573VIT6, STM32H573ZIT3Q, STM32H573ZIT6, STM32H7R3A8I6, STM32H7R3I8K6, STM32H7R3I8T6, STM32H7R3L8H6, STM32H7R3L8H6H, STM32H7R3R8V6, STM32H7R3V8H6, STM32H7R3V8T6, STM32H7R3V8Y6TR, STM32H7R3Z8J6, STM32H7R3Z8T6, STM32H7R7A8I6, STM32H7R7I8K6, STM32H7R7I8T6, STM32H7R7L8H6, STM32H7R7L8H6H, STM32H7R7Z8J6, STM32H7S3A8I6, STM32H7S3I8K6, STM32H7S3I8T6, STM32H7S3L8H6, STM32H7S3L8H6H, STM32H7S3R8V6, STM32H7S3V8H6, STM32H7S3V8T6, STM32H7S3V8Y6TR, STM32H7S3Z8J6, STM32H7S3Z8T6, STM32H7S78-DK, STM32H7S7A8I6, STM32H7S7I8K6, STM32H7S7I8T6, STM32H7S7L8H6, STM32H7S7L8H6H, STM32H7S7Z8J6, STM32L4R5QGI6STR, STM32MP131AAE3, STM32MP131AAF3, STM32MP131AAG3, STM32MP131CAE3, STM32MP131CAF3, STM32MP131CAG3, STM32MP131DAE7, STM32MP131DAF7, STM32MP131DAG7, STM32MP131FAE7, STM32MP131FAF7, STM32MP131FAG7, STM32MP133AAE3, STM32MP133AAF3, STM32MP133AAG3, STM32MP133CAE3, STM32MP133CAF3, STM32MP133CAG3, STM32MP133DAE7, STM32MP133DAF7, STM32MP133DAG7, STM32MP133FAE7, STM32MP133FAF7, STM32MP133FAG7, STM32MP135AAE3, STM32MP135AAF3, STM32MP135AAG3, STM32MP135CAE3, STM32MP135CAF3, STM32MP135CAG3, STM32MP135DAE7, STM32MP135DAF7, STM32MP135DAG7, STM32MP135F-DK, STM32MP135FAE7, STM32MP135FAF7, STM32MP135FAF7T, STM32MP135FAF7U, STM32MP135FAG7, STM32MP211AAL3, STM32MP211AAM3, STM32MP211AAN3, STM32MP211AAO3, STM32MP211CAL3, STM32MP211CAM3, STM32MP211CAN3, STM32MP211CAO3, STM32MP211DAL3, STM32MP211DAM3, STM32MP211DAN3, STM32MP211DAO3, STM32MP211FAL3, STM32MP211FAM3, STM32MP211FAN3, STM32MP211FAO3, STM32MP213AAL3, STM32MP213AAM3, STM32MP213AAN3, STM32MP213AAO3, STM32MP213CAL3, STM32MP213CAM3, STM32MP213CAN3, STM32MP213CAO3, STM32MP213DAL3, STM32MP213DAM3, STM32MP213DAN3, STM32MP213DAO3, STM32MP213FAL3, STM32MP213FAM3, STM32MP213FAN3, STM32MP213FAO3, STM32MP215AAL3, STM32MP215AAM3, STM32MP215AAN3, STM32MP215AAO3, STM32MP215CAL3, STM32MP215CAM3, STM32MP215CAN3, STM32MP215CAO3, STM32MP215DAL3, STM32MP215DAM3, STM32MP215DAN3, STM32MP215DAO3, STM32MP215F-DK, STM32MP215FAL3, STM32MP215FAM3, STM32MP215FAN3, STM32MP215FAO3, STM32MP231AAJ3, STM32MP231AAK3, STM32MP231AAL3, STM32MP231CAJ3, STM32MP231CAK3, STM32MP231CAL3, STM32MP231DAJ3, STM32MP231DAK3, STM32MP231DAL3, STM32MP231FAJ3, STM32MP231FAK3, STM32MP231FAL3, STM32MP233AAJ3, STM32MP233AAK3, STM32MP233AAL3, STM32MP233CAJ3, STM32MP233CAK3, STM32MP233CAL3, STM32MP233DAJ3, STM32MP233DAK3, STM32MP233DAL3, STM32MP233FAJ3, STM32MP233FAK3, STM32MP233FAL3, STM32MP235AAJ3, STM32MP235AAK3, STM32MP235AAL3, STM32MP235CAJ3, STM32MP235CAK3, STM32MP235CAL3, STM32MP235DAJ3, STM32MP235DAK3, STM32MP235DAL3, STM32MP235FAJ3, STM32MP235FAK3, STM32MP235FAL3, STM32MP251AAI3, STM32MP251AAK3, STM32MP251AAL3, STM32MP251CAI3, STM32MP251CAK3, STM32MP251CAL3, STM32MP251DAI3, STM32MP251DAK3, STM32MP251DAL3, STM32MP251FAI3, STM32MP251FAK3, STM32MP251FAL3, STM32MP253AAI3, STM32MP253AAK3, STM32MP253AAL3, STM32MP253CAI3, STM32MP253CAK3, STM32MP253CAL3, STM32MP253DAI3, STM32MP253DAK3, STM32MP253DAL3, STM32MP253FAI3, STM32MP253FAK3, STM32MP253FAL3, STM32MP255AAI3, STM32MP255AAK3, STM32MP255AAL3, STM32MP255CAI3, STM32MP255CAK3, STM32MP255CAL3, STM32MP255DAI3, STM32MP255DAK3, STM32MP255DAL3, STM32MP255FAI3, STM32MP255FAK3, STM32MP255FAL3, STM32MP257AAI3, STM32MP257AAK3, STM32MP257AAL3, STM32MP257CAI3, STM32MP257CAK3, STM32MP257CAL3, STM32MP257DAI3, STM32MP257DAK3, STM32MP257DAL3, STM32MP257F-DK, STM32MP257F-EV1, STM32MP257FAI3, STM32MP257FAK3, STM32MP257FAL3, STM32N645A0H3Q, STM32N645B0H3Q, STM32N645I0H3Q, STM32N645L0H3Q, STM32N645X0H3Q, STM32N645Z0H3Q, STM32N647A0H3Q, STM32N647B0H3Q, STM32N647I0H3Q, STM32N647L0H3Q, STM32N647X0H3Q, STM32N647Z0H3Q, STM32N655A0H3Q, STM32N655B0H3Q, STM32N655I0H3Q, STM32N655L0H3Q, STM32N655X0H3Q, STM32N655Z0H3Q, STM32N6570-DK, STM32N657A0H3Q, STM32N657B0H3Q, STM32N657I0H3Q, STM32N657L0H3Q, STM32N657X0H3Q, STM32N657Z0H3Q, STM32U031C6T6, STM32U031C6U6, STM32U031C8T6, STM32U031C8U6, STM32U031F4P6, STM32U031F6P6, STM32U031F8P6, STM32U031G6Y6TR, STM32U031G8Y6TR, STM32U031K4U6, STM32U031K6U6, STM32U031K8U6, STM32U031R6I6, STM32U031R6T6, STM32U031R8I6, STM32U031R8T6, STM32U073C8T6, STM32U073C8U6, STM32U073CBT6, STM32U073CBU6, STM32U073CCT6, STM32U073CCU6, STM32U073H8Y6TR, STM32U073HBY6TR, STM32U073HCY6TR, STM32U073K8U6, STM32U073KBU6, STM32U073KCU6, STM32U073M8I6, STM32U073M8T6, STM32U073MBI6, STM32U073MBT6, STM32U073MCI6, STM32U073MCT6, STM32U073R8I6, STM32U073R8T6, STM32U073RBI6, STM32U073RBT6, STM32U073RCI6, STM32U073RCT6, STM32U083C-DK, STM32U083CCT6, STM32U083CCU6, STM32U083HCY6TR, STM32U083KCU6, STM32U083MCI6, STM32U083MCT6, STM32U083RCI6, STM32U083RCT6, STM32U375CET6, STM32U375CET6Q, STM32U375CEU6, STM32U375CEU6Q, STM32U375CEY6QTR, STM32U375CGT6, STM32U375CGT6Q, STM32U375CGU6, STM32U375CGU6Q, STM32U375CGY6QTR, STM32U375KEU6, STM32U375KGU6, STM32U375REI6, STM32U375REI6Q, STM32U375RET6, STM32U375RET6Q, STM32U375REY6GTR, STM32U375REY6QTR, STM32U375RGI6, STM32U375RGI6Q, STM32U375RGT6, STM32U375RGT6Q, STM32U375RGY6GTR, STM32U375RGY6QTR, STM32U375VEI6, STM32U375VEI6Q, STM32U375VET6, STM32U375VET6Q, STM32U375VGI6, STM32U375VGI6Q, STM32U375VGT6, STM32U375VGT6Q, STM32U385CGT6, STM32U385CGT6Q, STM32U385CGU6, STM32U385CGU6Q, STM32U385CGY6QTR, STM32U385KGU6, STM32U385RGI6, STM32U385RGI6Q, STM32U385RGT6, STM32U385RGT6Q, STM32U385RGY6GTR, STM32U385RGY6QTR, STM32U385VGI6, STM32U385VGI6Q, STM32U385VGT6, STM32U385VGT6Q, STM32U535CBT6, STM32U535CBT6Q, STM32U535CBU6, STM32U535CBU6Q, STM32U535CCT6, STM32U535CCT6Q, STM32U535CCU6, STM32U535CCU6Q, STM32U535CET6, STM32U535CET6Q, STM32U535CEU6, STM32U535CEU6Q, STM32U535JEY6QTR, STM32U535NCY6QTR, STM32U535NEY6QTR, STM32U535RBI6, STM32U535RBI6Q, STM32U535RBT6, STM32U535RBT6Q, STM32U535RCI6, STM32U535RCI6Q, STM32U535RCT6, STM32U535RCT6Q, STM32U535REI6, STM32U535REI6Q, STM32U535RET6, STM32U535RET6Q, STM32U535VCI6, STM32U535VCI6Q, STM32U535VCT6, STM32U535VCT6Q, STM32U535VEI6, STM32U535VEI6Q, STM32U535VET6, STM32U535VET6Q, STM32U545CET6, STM32U545CET6Q, STM32U545CEU6, STM32U545CEU6Q, STM32U545JEY6QTR, STM32U545NEY6QTR, STM32U545REI6, STM32U545REI6Q, STM32U545RET6, STM32U545RET6Q, STM32U545VEI6, STM32U545VEI6Q, STM32U545VET6, STM32U545VET6Q, STM32U595AIH6, STM32U595AIH6Q, STM32U595AJH6, STM32U595AJH6Q, STM32U595QII6, STM32U595QII6Q, STM32U595QJI6, STM32U595QJI6Q, STM32U595RIT6, STM32U595RIT6Q, STM32U595RJT6, STM32U595RJT6Q, STM32U595VIT6, STM32U595VIT6Q, STM32U595VJT6, STM32U595VJT6Q, STM32U595ZIT6, STM32U595ZIT6Q, STM32U595ZIY6QTR, STM32U595ZJT6, STM32U595ZJT6Q, STM32U595ZJY6QTR, STM32U599BJY6QTR, STM32U599NIH6Q, STM32U599NJH6Q, STM32U599VIT6Q, STM32U599VJT6, STM32U599VJT6Q, STM32U599ZIT6Q, STM32U599ZIY6QTR, STM32U599ZJT6Q, STM32U599ZJY6QTR, STM32U5A5AJH6, STM32U5A5AJH6Q, STM32U5A5QII3Q , STM32U5A5QJI6, STM32U5A5QJI6Q, STM32U5A5RJT6, STM32U5A5RJT6Q, STM32U5A5VJT6, STM32U5A5VJT6Q, STM32U5A5ZJT6, STM32U5A5ZJT6Q, STM32U5A5ZJY6QTR, STM32U5A9BJY6QTR, STM32U5A9J-DK, STM32U5A9NJH6Q, STM32U5A9VJT6Q, STM32U5A9ZJT6Q, STM32U5A9ZJY6QTR, STM32U5F7VIT6, STM32U5F7VIT6Q, STM32U5F7VJT6, STM32U5F7VJT6Q, STM32U5F9BJY6QTR, STM32U5F9NJH6Q, STM32U5F9VIT6Q, STM32U5F9VJT6Q, STM32U5F9ZIJ6QTR, STM32U5F9ZIT6Q, STM32U5F9ZJJ6QTR, STM32U5F9ZJT6Q, STM32U5G7VJT6, STM32U5G7VJT6Q, STM32U5G9BJY6QTR, STM32U5G9J-DK1, STM32U5G9J-DK2, STM32U5G9NJH6Q, STM32U5G9VJT6Q, STM32U5G9ZJJ6QTR, STM32U5G9ZJT6Q, STM32WB05KZV6TR, STM32WB05KZV7TR, STM32WB05TZF6TR, STM32WB05TZF7TR, STM32WB06CCF6TR, STM32WB06CCF7TR, STM32WB06CCV6TR, STM32WB06CCV7TR, STM32WB06KCV6TR, STM32WB06KCV7TR, STM32WB07CCF6TR, STM32WB07CCF7TR, STM32WB07CCV6TR, STM32WB07CCV7TR, STM32WB07KCV6TR, STM32WB07KCV7TR, STM32WB09KEV6TR, STM32WB09KEV7TR, STM32WB09TEF6TR, STM32WB09TEF7TR, STM32WB1MMCH6, STM32WBA50KGU6, STM32WBA50KGU6TR, STM32WBA52CEU6, STM32WBA52CEU6TR, STM32WBA52CEU7, STM32WBA52CEU7TR, STM32WBA52CGU6, STM32WBA52CGU6TR, STM32WBA52CGU6U, STM32WBA52CGU7, STM32WBA52CGU7TR, STM32WBA52KEU6, STM32WBA52KEU6TR, STM32WBA52KGU6, STM32WBA52KGU6TR, STM32WBA54CEU6, STM32WBA54CEU6TR, STM32WBA54CEU7, STM32WBA54CEU7TR, STM32WBA54CGU6, STM32WBA54CGU6TR, STM32WBA54CGU7, STM32WBA54CGU7TR, STM32WBA54KEU6, STM32WBA54KEU6TR, STM32WBA54KEU7, STM32WBA54KEU7TR, STM32WBA54KGU6, STM32WBA54KGU6TR, STM32WBA54KGU7, STM32WBA54KGU7TR, STM32WBA55CEU6, STM32WBA55CEU6TR, STM32WBA55CEU7, STM32WBA55CEU7TR, STM32WBA55CGU6, STM32WBA55CGU6TR, STM32WBA55CGU6U, STM32WBA55CGU7, STM32WBA55CGU7TR, STM32WBA55G-DK1, STM32WBA55HEF6, STM32WBA55HEF7, STM32WBA55HGF6, STM32WBA55HGF7, STM32WBA55UEI6, STM32WBA55UEI6TR, STM32WBA55UEI7, STM32WBA55UEI7TR, STM32WBA55UGI6, STM32WBA55UGI6TR, STM32WBA55UGI7, STM32WBA55UGI7TR, STM32WBA5MMGH6TR, STM32WBA62MGF6, STM32WBA62MIF6, STM32WBA65MGF7, STM32WBA65MIF6, STM32WBA65MIF7, STM32WL30K8V6, STM32WL30KBV6, STM32WL31C8V6, STM32WL31CBV6, STM32WL31K8V6, STM32WL31KBV6, STM32WL33C8V6, STM32WL33C8V6X, STM32WL33CBV6, STM32WL33CBV6X, STM32WL33CCV6, STM32WL33CCV6A, STM32WL33CCV6X, STM32WL33K8V7, STM32WL33K8V7X, STM32WL33KBV7 , STM32WL33KBV7X, STM32WL33KCV7, STM32WL33KCV7X, STM32WL5MOCH6, STM32WL5MOCH6TR]
2025-07-19 17:29:02,119 [INFO] DbMcus:218 - Found 4801 MCUs, 4801 are supported
2025-07-19 17:29:02,120 [INFO] ApiDb:423 - Load user favorites file C:\Users\aliya/.stm32cubeide/favorites.mcus.txt: 0 item(s)
2025-07-19 17:29:02,120 [INFO] ApiDb:427 - User favorites MCUs=[]
2025-07-19 17:29:02,121 [INFO] DbMcus:224 - Set 0 / 0 favorites MCUs
2025-07-19 17:29:03,273 [INFO] ApiDb:423 - Load user favorites file C:\Users\aliya/.stm32cubeide/favorites.boards.txt: 1 item(s)
2025-07-19 17:29:03,273 [INFO] ApiDb:427 - User favorites Boards=[NUCLEO-F446RE]
2025-07-19 17:29:03,273 [INFO] DbBoards:198 - Set 1 / 1 favorites Boards
2025-07-19 17:29:03,317 [INFO] UtilMem:75 - End LoadConfig() Used Memory: 316188448 Bytes (371195904)
2025-07-19 17:29:03,909 [WARN] ThirdParty:833 - waiting for thirdparty lock release [change project]
2025-07-19 17:29:03,910 [INFO] ThirdParty:835 - entering critical section [change project]
2025-07-19 17:29:03,912 [INFO] ThirdParty:1030 - CMSIS Pack Vendor :STMicroelectronics X-CUBE-PM33A1 1.0.0
2025-07-19 17:29:03,912 [INFO] ThirdParty:1030 - CMSIS Pack Vendor :STMicroelectronics USBPD 4.1
2025-07-19 17:29:03,912 [INFO] ThirdParty:1030 - CMSIS Pack Vendor :STMicroelectronics X-CUBE-AZRTOS-H7 3.3.0
2025-07-19 17:29:03,912 [INFO] ThirdParty:1030 - CMSIS Pack Vendor :STMicroelectronics X-CUBE-NFC9 1.0.0
2025-07-19 17:29:03,912 [INFO] ThirdParty:1030 - CMSIS Pack Vendor :wolfSSL I-CUBE-wolfSSL 5.8.0
2025-07-19 17:29:03,913 [INFO] ThirdParty:1030 - CMSIS Pack Vendor :STMicroelectronics USB_HOST 2.0.0
2025-07-19 17:29:03,913 [INFO] ThirdParty:1030 - CMSIS Pack Vendor :STMicroelectronics FP-SNS-MOTENVWB1 1.4.0
2025-07-19 17:29:03,913 [INFO] ThirdParty:1030 - CMSIS Pack Vendor :STMicroelectronics X-CUBE-AZRTOS-F4 1.1.0
2025-07-19 17:29:03,913 [INFO] ThirdParty:1030 - CMSIS Pack Vendor :STMicroelectronics LIBJPEG 8.0.0
2025-07-19 17:29:03,914 [INFO] ThirdParty:1030 - CMSIS Pack Vendor :STMicroelectronics FP-ATR-ASTRA1 2.0.2
2025-07-19 17:29:03,916 [INFO] ThirdParty:1030 - CMSIS Pack Vendor :STMicroelectronics X-CUBE-BLE1 7.1.0
2025-07-19 17:29:03,917 [INFO] ThirdParty:1030 - CMSIS Pack Vendor :Avnet-IotConnect X-CUBE-IoTC-DA16k-PMOD 1.0.0
2025-07-19 17:29:03,917 [INFO] ThirdParty:1030 - CMSIS Pack Vendor :STMicroelectronics X-CUBE-SMBUS 2.1.0
2025-07-19 17:29:03,917 [INFO] ThirdParty:1030 - CMSIS Pack Vendor :wolfSSL I-CUBE-wolfMQTT 1.19.2
2025-07-19 17:29:03,917 [INFO] ThirdParty:1030 - CMSIS Pack Vendor :STMicroelectronics USB_DEVICE 3.0.0
2025-07-19 17:29:03,917 [INFO] ThirdParty:1030 - CMSIS Pack Vendor :STMicroelectronics X-CUBE-ISPU 2.1.0
2025-07-19 17:29:03,917 [INFO] ThirdParty:1030 - CMSIS Pack Vendor :STMicroelectronics X-CUBE-EEPRMA1 5.2.0
2025-07-19 17:29:03,917 [INFO] ThirdParty:1030 - CMSIS Pack Vendor :STMicroelectronics X-CUBE-AZRTOS-WB 2.0.0
2025-07-19 17:29:03,917 [INFO] ThirdParty:1030 - CMSIS Pack Vendor :STMicroelectronics X-CUBE-ST60 1.0.0
2025-07-19 17:29:03,918 [INFO] ThirdParty:1030 - CMSIS Pack Vendor :STMicroelectronics X-CUBE-GNSS1 7.0.1
2025-07-19 17:29:03,919 [INFO] ThirdParty:1030 - CMSIS Pack Vendor :STMicroelectronics X-CUBE-NFC12 1.0.0
2025-07-19 17:29:03,919 [INFO] ThirdParty:1030 - CMSIS Pack Vendor :STMicroelectronics X-CUBE-AZRTOS-F7 1.1.0
2025-07-19 17:29:03,919 [INFO] ThirdParty:1030 - CMSIS Pack Vendor :STMicroelectronics X-CUBE-AZRTOS-L5 2.0.0
2025-07-19 17:29:03,920 [INFO] ThirdParty:1030 - CMSIS Pack Vendor :STMicroelectronics X-CUBE-TOUCHGFX 4.25.0
2025-07-19 17:29:03,921 [INFO] ThirdParty:1030 - CMSIS Pack Vendor :STMicroelectronics USB_DEVICE 2.0.0
2025-07-19 17:29:03,921 [INFO] ThirdParty:1030 - CMSIS Pack Vendor :STMicroelectronics X-CUBE-NFC6 3.1.0
2025-07-19 17:29:03,921 [INFO] ThirdParty:1030 - CMSIS Pack Vendor :STMicroelectronics X-CUBE-AI 10.1.0
2025-07-19 17:29:03,923 [INFO] ThirdParty:1030 - CMSIS Pack Vendor :STMicroelectronics FP-SNS-STBOX1 2.0.0
2025-07-19 17:29:03,928 [INFO] ThirdParty:1030 - CMSIS Pack Vendor :STMicroelectronics FreeRTOS 0.0.1
2025-07-19 17:29:03,939 [INFO] ThirdParty:1030 - CMSIS Pack Vendor :STMicroelectronics X-CUBE-AZRTOS-G0 1.1.0
2025-07-19 17:29:03,940 [INFO] ThirdParty:1030 - CMSIS Pack Vendor :STMicroelectronics X-CUBE-SAFEA1 1.2.2
2025-07-19 17:29:03,940 [INFO] ThirdParty:1030 - CMSIS Pack Vendor :STMicroelectronics X-CUBE-NFC4 3.0.0
2025-07-19 17:29:03,940 [INFO] ThirdParty:1030 - CMSIS Pack Vendor :STMicroelectronics X-CUBE-SUBG2 5.0.0
2025-07-19 17:29:03,941 [INFO] ThirdParty:1030 - CMSIS Pack Vendor :STMicroelectronics X-CUBE-AZRTOS-H7RS 1.1.0
2025-07-19 17:29:03,942 [INFO] ThirdParty:1030 - CMSIS Pack Vendor :STMicroelectronics STM32_WPAN 1.0.0
2025-07-19 17:29:03,942 [INFO] ThirdParty:1030 - CMSIS Pack Vendor :EmbeddedOffice I-CUBE-FS-RTOS 1.0.1
2025-07-19 17:29:03,942 [INFO] ThirdParty:1030 - CMSIS Pack Vendor :STMicroelectronics lwIP 2.0.3
2025-07-19 17:29:03,942 [INFO] ThirdParty:1030 - CMSIS Pack Vendor :Cesanta I-CUBE-Mongoose 7.13.0
2025-07-19 17:29:03,942 [INFO] ThirdParty:1030 - CMSIS Pack Vendor :STMicroelectronics USB_HOST 1.0.0
2025-07-19 17:29:03,942 [INFO] ThirdParty:1030 - CMSIS Pack Vendor :Infineon AIROC-Wi-Fi-Bluetooth-STM32 1.7.0
2025-07-19 17:29:03,943 [INFO] ThirdParty:1030 - CMSIS Pack Vendor :STMicroelectronics X-CUBE-AZRTOS-G4 2.0.0
2025-07-19 17:29:03,944 [INFO] ThirdParty:1030 - CMSIS Pack Vendor :STMicroelectronics X-CUBE-WB05N 2.0.0
2025-07-19 17:29:03,944 [INFO] ThirdParty:1030 - CMSIS Pack Vendor :STMicroelectronics PDM2PCM 3.1.0
2025-07-19 17:29:03,944 [INFO] ThirdParty:1030 - CMSIS Pack Vendor :STMicroelectronics PDM2PCM 3.3.0
2025-07-19 17:29:03,944 [INFO] ThirdParty:1030 - CMSIS Pack Vendor :wolfSSL I-CUBE-wolfTPM 3.8.0
2025-07-19 17:29:03,945 [INFO] ThirdParty:1030 - CMSIS Pack Vendor :STMicroelectronics X-CUBE-AZRTOS-H7 3.4.0
2025-07-19 17:29:03,945 [INFO] ThirdParty:1030 - CMSIS Pack Vendor :STMicroelectronics X-CUBE-DISPLAY 3.0.0
2025-07-19 17:29:03,946 [INFO] ThirdParty:1030 - CMSIS Pack Vendor :wolfSSL I-CUBE-wolfSSH 1.4.20
2025-07-19 17:29:03,946 [INFO] ThirdParty:1030 - CMSIS Pack Vendor :STMicroelectronics X-CUBE-NFC7 2.0.0
2025-07-19 17:29:03,946 [INFO] ThirdParty:1030 - CMSIS Pack Vendor :STMicroelectronics X-CUBE-TCPP 4.2.0
2025-07-19 17:29:03,946 [INFO] ThirdParty:1030 - CMSIS Pack Vendor :RealThread X-CUBE-RT-Thread_Nano 4.1.1
2025-07-19 17:29:03,946 [INFO] ThirdParty:1030 - CMSIS Pack Vendor :STMicroelectronics FP-ATR-SIGFOX1 3.2.0
2025-07-19 17:29:03,947 [INFO] ThirdParty:1030 - CMSIS Pack Vendor :STMicroelectronics X-CUBE-NFC10 1.0.0
2025-07-19 17:29:03,947 [INFO] ThirdParty:1030 - CMSIS Pack Vendor :STMicroelectronics X-CUBE-BLEMGR 4.0.0
2025-07-19 17:29:03,947 [INFO] ThirdParty:1030 - CMSIS Pack Vendor :STMicroelectronics X-CUBE-EEPRMA1 5.1.0
2025-07-19 17:29:03,947 [INFO] ThirdParty:1030 - CMSIS Pack Vendor :STMicroelectronics X-CUBE-FREERTOS 1.3.1
2025-07-19 17:29:03,947 [INFO] ThirdParty:1030 - CMSIS Pack Vendor :STMicroelectronics HAL Drivers 0.0.0
2025-07-19 17:29:03,950 [INFO] ThirdParty:1030 - CMSIS Pack Vendor :STMicroelectronics MBEDTLS 2.16.2
2025-07-19 17:29:03,950 [INFO] ThirdParty:1030 - CMSIS Pack Vendor :STMicroelectronics X-CUBE-IPS 3.1.0
2025-07-19 17:29:03,951 [INFO] ThirdParty:1030 - CMSIS Pack Vendor :STMicroelectronics X-CUBE-ALS 1.0.2
2025-07-19 17:29:03,951 [INFO] ThirdParty:1030 - CMSIS Pack Vendor :emotas I-CUBE-CANOPEN 1.3.0
2025-07-19 17:29:03,951 [INFO] ThirdParty:1030 - CMSIS Pack Vendor :STMicroelectronics MBEDTLS 2.14.1
2025-07-19 17:29:03,951 [INFO] ThirdParty:1030 - CMSIS Pack Vendor :ITTIA_DB I-CUBE-ITTIADB 8.9.0
2025-07-19 17:29:03,951 [INFO] ThirdParty:1030 - CMSIS Pack Vendor :portGmbH I-Cube-SoM-uGOAL 1.1.0
2025-07-19 17:29:03,951 [INFO] ThirdParty:1030 - CMSIS Pack Vendor :quantropi X-CUBE-qispace-sdk-base 2.0.0
2025-07-19 17:29:03,953 [INFO] ThirdParty:1030 - CMSIS Pack Vendor :STMicroelectronics X-CUBE-ST67W61 1.0.0
2025-07-19 17:29:03,953 [INFO] ThirdParty:1030 - CMSIS Pack Vendor :STMicroelectronics FP-SNS-STAIOTCFT 1.0.0
2025-07-19 17:29:03,953 [INFO] ThirdParty:1030 - CMSIS Pack Vendor :STMicroelectronics ThreadX 1.0.0
2025-07-19 17:29:03,953 [INFO] ThirdParty:1030 - CMSIS Pack Vendor :STMicroelectronics FP-SNS-SMARTAG2 1.2.0
2025-07-19 17:29:03,954 [INFO] ThirdParty:1030 - CMSIS Pack Vendor :STMicroelectronics FP-SNS-FLIGHT1 5.1.0
2025-07-19 17:29:03,955 [INFO] ThirdParty:1030 - CMSIS Pack Vendor :STMicroelectronics X-CUBE-AZRTOS-WL 2.0.0
2025-07-19 17:29:03,955 [INFO] ThirdParty:1030 - CMSIS Pack Vendor :SEGGER I-CUBE-embOS 1.3.1
2025-07-19 17:29:03,955 [INFO] ThirdParty:1030 - CMSIS Pack Vendor :STMicroelectronics X-CUBE-ALGOBUILD 1.4.0
2025-07-19 17:29:03,955 [INFO] ThirdParty:1030 - CMSIS Pack Vendor :STMicroelectronics X-CUBE-DPower 1.3.0
2025-07-19 17:29:03,955 [INFO] ThirdParty:1030 - CMSIS Pack Vendor :STMicroelectronics X-CUBE-MEMS1 11.3.0
2025-07-19 17:29:03,956 [INFO] ThirdParty:1030 - CMSIS Pack Vendor :STMicroelectronics FP-SNS-MOTENV1 5.0.0
2025-07-19 17:29:03,957 [INFO] ThirdParty:1030 - CMSIS Pack Vendor :STMicroelectronics USB_DEVICE 1.0.0
2025-07-19 17:29:03,957 [INFO] ThirdParty:1030 - CMSIS Pack Vendor :STMicroelectronics X-CUBE-AZRTOS-L4 2.0.0
2025-07-19 17:29:03,957 [INFO] ThirdParty:1030 - CMSIS Pack Vendor :STMicroelectronics ThreadX 0.0.2
2025-07-19 17:29:03,957 [INFO] ThirdParty:1030 - CMSIS Pack Vendor :WES I-CUBE-Cesium 1.3.0
2025-07-19 17:29:03,958 [INFO] ThirdParty:1030 - CMSIS Pack Vendor :STMicroelectronics lwIP 2.1.2
2025-07-19 17:29:03,958 [INFO] ThirdParty:1030 - CMSIS Pack Vendor :STMicroelectronics X-CUBE-SFXS2LP1 4.0.0
2025-07-19 17:29:03,959 [INFO] ThirdParty:1030 - CMSIS Pack Vendor :STMicroelectronics X-CUBE-BLE2 3.3.0
2025-07-19 17:29:03,959 [INFO] ThirdParty:1030 - CMSIS Pack Vendor :STMicroelectronics X-CUBE-TOF1 3.4.3
2025-07-19 17:29:03,959 [INFO] ThirdParty:1030 - CMSIS Pack Vendor :STMicroelectronics PDM2PCM 3.2.0
2025-07-19 17:29:03,960 [INFO] ThirdParty:841 - exiting critical section [change project]
2025-07-19 17:29:05,070 [INFO] PinOutPanel:1589 - setPackage(No Configuration,No Configuration)
2025-07-19 17:29:05,072 [INFO] PinOutPanel:1589 - setPackage(STM32F446RETx,LQFP64)
2025-07-19 17:29:07,072 [INFO] UtilMem:75 - Before build in PCC Used Memory: 318093472 Bytes (405798912)
2025-07-19 17:29:08,396 [INFO] UtilMem:75 - After build in PCC Used Memory: 285168248 Bytes (416284672)
2025-07-19 17:29:08,640 [INFO] ApiDbMcu:532 - Load IP Config File for FREERTOS
2025-07-19 17:29:08,888 [INFO] IPUIPlugin:80 - create IPUIPlugin
2025-07-19 17:29:08,889 [INFO] IPUIPlugin:80 - create IPUIPlugin
2025-07-19 17:29:08,889 [INFO] IPUIPlugin:80 - create IPUIPlugin
2025-07-19 17:29:08,889 [INFO] IPUIPlugin:80 - create IPUIPlugin
2025-07-19 17:29:08,891 [INFO] IPUIPlugin:80 - create IPUIPlugin
2025-07-19 17:29:08,892 [INFO] IPUIPlugin:80 - create IPUIPlugin
2025-07-19 17:29:08,894 [INFO] IPUIPlugin:80 - create IPUIPlugin
2025-07-19 17:29:08,896 [INFO] IPUIPlugin:80 - create IPUIPlugin
2025-07-19 17:29:08,897 [INFO] IPUIPlugin:80 - create IPUIPlugin
2025-07-19 17:29:08,897 [INFO] IPUIPlugin:80 - create IPUIPlugin
2025-07-19 17:29:08,898 [INFO] IPUIPlugin:80 - create IPUIPlugin
2025-07-19 17:29:08,900 [INFO] IPUIPlugin:80 - create IPUIPlugin
2025-07-19 17:29:08,900 [INFO] IPUIPlugin:80 - create IPUIPlugin
2025-07-19 17:29:08,902 [INFO] IPUIPlugin:80 - create IPUIPlugin
2025-07-19 17:29:08,904 [INFO] IPUIPlugin:80 - create IPUIPlugin
2025-07-19 17:29:08,905 [INFO] IPUIPlugin:80 - create IPUIPlugin
2025-07-19 17:29:08,906 [INFO] IPUIPlugin:80 - create IPUIPlugin
2025-07-19 17:29:08,917 [INFO] IPUIPlugin:80 - create IPUIPlugin
2025-07-19 17:29:08,924 [INFO] IPUIPlugin:80 - create IPUIPlugin
2025-07-19 17:29:08,964 [INFO] IPUIPlugin:80 - create IPUIPlugin
2025-07-19 17:29:08,968 [INFO] IPUIPlugin:80 - create IPUIPlugin
2025-07-19 17:29:08,971 [INFO] IPUIPlugin:80 - create IPUIPlugin
2025-07-19 17:29:08,973 [INFO] IPUIPlugin:80 - create IPUIPlugin
2025-07-19 17:29:08,974 [INFO] IPUIPlugin:80 - create IPUIPlugin
2025-07-19 17:29:08,974 [INFO] IPUIPlugin:80 - create IPUIPlugin
2025-07-19 17:29:08,982 [INFO] IPUIPlugin:80 - create IPUIPlugin
2025-07-19 17:29:08,984 [INFO] IPUIPlugin:80 - create IPUIPlugin
2025-07-19 17:29:08,985 [INFO] IPUIPlugin:80 - create IPUIPlugin
2025-07-19 17:29:08,987 [INFO] IPUIPlugin:80 - create IPUIPlugin
2025-07-19 17:29:08,988 [INFO] IPUIPlugin:80 - create IPUIPlugin
2025-07-19 17:29:08,990 [INFO] IPUIPlugin:80 - create IPUIPlugin
2025-07-19 17:29:08,992 [INFO] IPUIPlugin:80 - create IPUIPlugin
2025-07-19 17:29:08,994 [INFO] IPUIPlugin:80 - create IPUIPlugin
2025-07-19 17:29:08,996 [INFO] IPUIPlugin:80 - create IPUIPlugin
2025-07-19 17:29:08,998 [INFO] IPUIPlugin:80 - create IPUIPlugin
2025-07-19 17:29:08,999 [INFO] IPUIPlugin:80 - create IPUIPlugin
2025-07-19 17:29:09,002 [INFO] IPUIPlugin:80 - create IPUIPlugin
2025-07-19 17:29:09,006 [INFO] IPUIPlugin:80 - create IPUIPlugin
2025-07-19 17:29:09,013 [INFO] IPUIPlugin:80 - create IPUIPlugin
2025-07-19 17:29:09,015 [INFO] IPUIPlugin:80 - create IPUIPlugin
2025-07-19 17:29:09,016 [INFO] IPUIPlugin:80 - create IPUIPlugin
2025-07-19 17:29:09,018 [INFO] IPUIPlugin:80 - create IPUIPlugin
2025-07-19 17:29:09,019 [INFO] IPUIPlugin:80 - create IPUIPlugin
2025-07-19 17:29:09,019 [INFO] IPUIPlugin:80 - create IPUIPlugin
2025-07-19 17:29:09,021 [INFO] IPUIPlugin:80 - create IPUIPlugin
2025-07-19 17:29:09,023 [INFO] IPUIPlugin:80 - create IPUIPlugin
2025-07-19 17:29:09,024 [INFO] IPUIPlugin:80 - create IPUIPlugin
2025-07-19 17:29:09,027 [INFO] IPUIPlugin:80 - create IPUIPlugin
2025-07-19 17:29:09,030 [INFO] IPUIPlugin:80 - create IPUIPlugin
2025-07-19 17:29:09,033 [INFO] IPUIPlugin:80 - create IPUIPlugin
2025-07-19 17:29:09,034 [INFO] IPUIPlugin:80 - create IPUIPlugin
2025-07-19 17:29:09,036 [INFO] IPUIPlugin:80 - create IPUIPlugin
2025-07-19 17:29:09,044 [INFO] IPUIPlugin:80 - create IPUIPlugin
2025-07-19 17:29:09,050 [INFO] IPUIPlugin:80 - create IPUIPlugin
2025-07-19 17:29:09,054 [INFO] IPUIPlugin:80 - create IPUIPlugin
2025-07-19 17:29:09,068 [INFO] IPUIPlugin:80 - create IPUIPlugin
2025-07-19 17:29:09,071 [INFO] IPUIPlugin:80 - create IPUIPlugin
2025-07-19 17:29:09,073 [INFO] IPUIPlugin:80 - create IPUIPlugin
2025-07-19 17:29:09,078 [INFO] IPUIPlugin:80 - create IPUIPlugin
2025-07-19 17:29:09,082 [INFO] IPUIPlugin:80 - create IPUIPlugin
2025-07-19 17:29:09,129 [INFO] ApiDbMcu:532 - Load IP Config File for PDM2PCM
2025-07-19 17:29:09,159 [WARN] IP:2250 - I2C_Coeff_DF not found: check if there is a RefParameter without a condition.
2025-07-19 17:29:09,159 [WARN] IP:2250 - Analog_Filter not found: check if there is a RefParameter without a condition.
2025-07-19 17:29:09,296 [WARN] FreeRTOS:1023 - Null or empty value: should not occur! (nothing added to the table)
2025-07-19 17:29:09,877 [INFO] CADModel:165 - CPN selected for project levelSTM32F446RET6
2025-07-19 17:29:09,877 [INFO] CADModel:114 - Register for checkConnection events
2025-07-19 17:29:09,881 [INFO] RtosManager:728 - Active RTOS found at IOC load: FREERTOS [Cortex-M4NS]
2025-07-19 17:29:09,932 [INFO] OpenFileManager:386 - Restore cursor
2025-07-19 17:29:10,293 [WARN] IP:2250 - I2C_Coeff_DF not found: check if there is a RefParameter without a condition.
2025-07-19 17:29:10,293 [WARN] IP:2250 - Analog_Filter not found: check if there is a RefParameter without a condition.
2025-07-19 17:29:10,295 [WARN] IP:2250 - I2C_Coeff_DF not found: check if there is a RefParameter without a condition.
2025-07-19 17:29:10,295 [WARN] IP:2250 - Analog_Filter not found: check if there is a RefParameter without a condition.
2025-07-19 18:26:32,955 [ERROR] RtosPanel:558 - Can not restore the selected Tab for FREERTOS(A reason can be that the tab is no more available.)
2025-07-19 18:26:34,614 [ERROR] RtosPanel:558 - Can not restore the selected Tab for FREERTOS(A reason can be that the tab is no more available.)
2025-07-19 18:26:34,955 [ERROR] RtosPanel:558 - Can not restore the selected Tab for FREERTOS(A reason can be that the tab is no more available.)
2025-07-19 18:26:37,058 [INFO] RtosManager:1029 - There is no active RTOS [Cortex-M4NS]
2025-07-19 18:26:38,173 [INFO] UtilMem:75 - End SaveConfig() Used Memory: 542289616 Bytes (942669824)
2025-07-19 18:26:39,342 [INFO] UtilMem:75 - End SaveConfig() Used Memory: 566406864 Bytes (942669824)
2025-07-19 18:26:40,341 [INFO] UtilMem:75 - End SaveConfig() Used Memory: 657106640 Bytes (942669824)
2025-07-19 18:26:41,160 [INFO] BlockDiagram:2775 - set Specific Code input for plugin: SYS
2025-07-19 18:26:41,161 [INFO] BlockDiagram:2775 - set Specific Code input for plugin: RCC
2025-07-19 18:26:41,165 [INFO] BlockDiagram:2775 - set Specific Code input for plugin: I2C
2025-07-19 18:26:41,166 [INFO] BlockDiagram:2775 - set Specific Code input for plugin: NVIC
2025-07-19 18:26:41,167 [INFO] BlockDiagram:2775 - set Specific Code input for plugin: USART
2025-07-19 18:26:41,170 [INFO] BlockDiagram:2775 - set Specific Code input for plugin: GPIO
2025-07-19 18:26:41,177 [INFO] CodeGenerator:892 - code generatio: config db path: C:\ST\STM32CubeIDE_1.18.1\STM32CubeIDE\plugins\com.st.stm32cube.common.mx_6.15.0.202507011659\\db\
2025-07-19 18:26:41,217 [WARN] IP:2250 - I2C_Coeff_DF not found: check if there is a RefParameter without a condition.
2025-07-19 18:26:41,217 [WARN] IP:2250 - Analog_Filter not found: check if there is a RefParameter without a condition.
2025-07-19 18:26:42,170 [INFO] CodeEngine:265 - oldGeneratedFile, C:\Users\aliya\proje\KontrolOrtakCalisma\Kontroll4\MXTmpFiles\license.tmp_save
2025-07-19 18:26:42,707 [INFO] CodeEngine:289 - Generated code: C:\Users\aliya\proje\KontrolOrtakCalisma\Kontroll4\MXTmpFiles\license.tmp
2025-07-19 18:26:42,771 [INFO] CodeEngine:265 - oldGeneratedFile, C:\Users\aliya\proje\KontrolOrtakCalisma\Kontroll4\MXTmpFiles\gpio.tmp_save
2025-07-19 18:26:42,979 [INFO] CodeEngine:289 - Generated code: C:\Users\aliya\proje\KontrolOrtakCalisma\Kontroll4\MXTmpFiles\gpio.tmp
2025-07-19 18:26:43,754 [INFO] CodeEngine:265 - oldGeneratedFile, C:\Users\aliya\proje\KontrolOrtakCalisma\Kontroll4\Core\Src\stm32f4xx_it.c_save
2025-07-19 18:26:43,949 [INFO] CodeEngine:289 - Generated code: C:\Users\aliya\proje\KontrolOrtakCalisma\Kontroll4\Core\Src\stm32f4xx_it.c
2025-07-19 18:26:43,957 [INFO] CodeEngine:265 - oldGeneratedFile, C:\Users\aliya\proje\KontrolOrtakCalisma\Kontroll4\Core\Inc\stm32f4xx_it.h_save
2025-07-19 18:26:44,053 [INFO] CodeEngine:289 - Generated code: C:\Users\aliya\proje\KontrolOrtakCalisma\Kontroll4\Core\Inc\stm32f4xx_it.h
2025-07-19 18:26:44,074 [INFO] CodeEngine:265 - oldGeneratedFile, C:\Users\aliya\proje\KontrolOrtakCalisma\Kontroll4\Core\Src\stm32f4xx_hal_msp.c_save
2025-07-19 18:26:44,455 [INFO] CodeEngine:289 - Generated code: C:\Users\aliya\proje\KontrolOrtakCalisma\Kontroll4\Core\Src\stm32f4xx_hal_msp.c
2025-07-19 18:26:44,467 [INFO] CodeEngine:265 - oldGeneratedFile, C:\Users\aliya\proje\KontrolOrtakCalisma\Kontroll4\MXTmpFiles\system.tmp_save
2025-07-19 18:26:44,603 [INFO] CodeEngine:289 - Generated code: C:\Users\aliya\proje\KontrolOrtakCalisma\Kontroll4\MXTmpFiles\system.tmp
2025-07-19 18:26:44,612 [INFO] CodeEngine:265 - oldGeneratedFile, C:\Users\aliya\proje\KontrolOrtakCalisma\Kontroll4\Core\Src\stm32f4xx_hal_timebase_tim.c_save
2025-07-19 18:26:44,781 [INFO] CodeEngine:289 - Generated code: C:\Users\aliya\proje\KontrolOrtakCalisma\Kontroll4\Core\Src\stm32f4xx_hal_timebase_tim.c
2025-07-19 18:26:44,800 [INFO] CodeEngine:321 - oldGeneratedFile, C:\Users\aliya\proje\KontrolOrtakCalisma\Kontroll4\Core\Inc\stm32f4xx_hal_conf.h_save
2025-07-19 18:26:44,925 [INFO] CodeEngine:345 - Generated code: C:\Users\aliya\proje\KontrolOrtakCalisma\Kontroll4\Core\Inc\stm32f4xx_hal_conf.h
2025-07-19 18:26:44,987 [WARN] IPConfigManager:3238 - Warning: the RefConfig PLL2P_FOR_MCO is not available in your config.xml file
2025-07-19 18:26:45,004 [INFO] ApiDbMcu:532 - Load IP Config File for I2C2
2025-07-19 18:26:45,010 [INFO] ApiDbMcu:532 - Load IP Config File for USART2
2025-07-19 18:26:45,016 [INFO] ApiDbMcu:532 - Load IP Config File for RCC
2025-07-19 18:26:45,033 [INFO] CodeEngine:265 - oldGeneratedFile, C:\Users\aliya\proje\KontrolOrtakCalisma\Kontroll4\Core\Inc\main.h_save
2025-07-19 18:26:45,267 [INFO] CodeEngine:289 - Generated code: C:\Users\aliya\proje\KontrolOrtakCalisma\Kontroll4\Core\Inc\main.h
2025-07-19 18:26:45,295 [INFO] CodeEngine:265 - oldGeneratedFile, C:\Users\aliya\proje\KontrolOrtakCalisma\Kontroll4\Core\Src\main.c_save
2025-07-19 18:26:46,577 [INFO] CodeEngine:289 - Generated code: C:\Users\aliya\proje\KontrolOrtakCalisma\Kontroll4\Core\Src\main.c
2025-07-19 18:26:47,465 [INFO] ProjectBuilder:3606 - Time for Copy HAL[1] : 317mS.
2025-07-19 18:26:47,476 [INFO] ProjectBuilder:5216 - Project Generator version: 4.7.0-B52
2025-07-19 18:26:47,759 [INFO] ConfigFileManager:1595 - The Die is : DIE421
2025-07-19 18:26:47,778 [INFO] ApiDbMcu:532 - Load IP Config File for FATFS
2025-07-19 18:26:47,783 [INFO] ApiDbMcu:532 - Load IP Config File for LIBJPEG
2025-07-19 18:26:47,800 [INFO] ApiDbMcu:532 - Load IP Config File for MBEDTLS
2025-07-19 18:26:47,816 [INFO] ApiDbMcu:532 - Load IP Config File for USB_DEVICE
2025-07-19 18:26:47,828 [INFO] ApiDbMcu:532 - Load IP Config File for USB_HOST
2025-07-19 18:26:48,926 [INFO] LogOutputStream:77 - [STDOUT_REDIRECT] 
2025-07-19 18:26:53,958 [INFO] ProjectBuilder:5496 - Time for Generating toolchain IDE Files: 6481mS.
2025-07-19 18:26:53,959 [INFO] ProjectBuilder:3463 - Time for Copy CMSIS : 1mS.
2025-07-19 18:26:53,964 [INFO] ProjectBuilder:3463 - Time for Copy CMSIS : 1mS.
2025-07-19 18:27:00,716 [INFO] RtosManager:1018 - Current active RTOS is FREERTOS [Cortex-M4NS]
2025-07-19 18:27:01,349 [ERROR] RtosPanel:558 - Can not restore the selected Tab for FREERTOS(A reason can be that the tab is no more available.)
2025-07-19 18:27:01,418 [ERROR] RtosPanel:558 - Can not restore the selected Tab for FREERTOS(A reason can be that the tab is no more available.)
2025-07-19 18:27:01,872 [INFO] UtilMem:75 - End SaveConfig() Used Memory: 811607424 Bytes (962592768)
2025-07-19 18:27:03,055 [INFO] UtilMem:75 - End SaveConfig() Used Memory: 835202432 Bytes (962592768)
2025-07-19 18:27:03,758 [INFO] UtilMem:75 - End SaveConfig() Used Memory: 324727064 Bytes (962592768)
2025-07-19 18:27:14,477 [INFO] BlockDiagram:2775 - set Specific Code input for plugin: FREERTOS
2025-07-19 18:27:14,477 [INFO] BlockDiagram:2775 - set Specific Code input for plugin: SYS
2025-07-19 18:27:14,478 [INFO] BlockDiagram:2775 - set Specific Code input for plugin: RCC
2025-07-19 18:27:14,479 [INFO] BlockDiagram:2775 - set Specific Code input for plugin: I2C
2025-07-19 18:27:14,479 [INFO] BlockDiagram:2775 - set Specific Code input for plugin: NVIC
2025-07-19 18:27:14,479 [INFO] BlockDiagram:2775 - set Specific Code input for plugin: USART
2025-07-19 18:27:14,480 [INFO] BlockDiagram:2775 - set Specific Code input for plugin: GPIO
2025-07-19 18:27:14,483 [INFO] CodeGenerator:892 - code generatio: config db path: C:\ST\STM32CubeIDE_1.18.1\STM32CubeIDE\plugins\com.st.stm32cube.common.mx_6.15.0.202507011659\\db\
2025-07-19 18:27:14,493 [WARN] IP:2250 - I2C_Coeff_DF not found: check if there is a RefParameter without a condition.
2025-07-19 18:27:14,493 [WARN] IP:2250 - Analog_Filter not found: check if there is a RefParameter without a condition.
2025-07-19 18:27:14,620 [INFO] CodeEngine:265 - oldGeneratedFile, C:\Users\aliya\proje\KontrolOrtakCalisma\Kontroll4\MXTmpFiles\license.tmp_save
2025-07-19 18:27:14,706 [INFO] CodeEngine:289 - Generated code: C:\Users\aliya\proje\KontrolOrtakCalisma\Kontroll4\MXTmpFiles\license.tmp
2025-07-19 18:27:14,733 [INFO] CodeEngine:265 - oldGeneratedFile, C:\Users\aliya\proje\KontrolOrtakCalisma\Kontroll4\MXTmpFiles\gpio.tmp_save
2025-07-19 18:27:14,850 [INFO] CodeEngine:289 - Generated code: C:\Users\aliya\proje\KontrolOrtakCalisma\Kontroll4\MXTmpFiles\gpio.tmp
2025-07-19 18:27:15,076 [INFO] Middleware:1452 - No code input for Bsp Dependency
2025-07-19 18:27:15,088 [INFO] CodeEngine:265 - oldGeneratedFile, C:\Users\aliya\proje\KontrolOrtakCalisma\Kontroll4\MXTmpFiles\rtos_inc.tmp_save
2025-07-19 18:27:15,169 [INFO] CodeEngine:289 - Generated code: C:\Users\aliya\proje\KontrolOrtakCalisma\Kontroll4\MXTmpFiles\rtos_inc.tmp
2025-07-19 18:27:15,174 [INFO] CodeEngine:265 - oldGeneratedFile, C:\Users\aliya\proje\KontrolOrtakCalisma\Kontroll4\MXTmpFiles\rtos_vars.tmp_save
2025-07-19 18:27:15,292 [INFO] CodeEngine:289 - Generated code: C:\Users\aliya\proje\KontrolOrtakCalisma\Kontroll4\MXTmpFiles\rtos_vars.tmp
2025-07-19 18:27:15,301 [INFO] CodeEngine:265 - oldGeneratedFile, C:\Users\aliya\proje\KontrolOrtakCalisma\Kontroll4\MXTmpFiles\rtos_pfp.tmp_save
2025-07-19 18:27:15,370 [INFO] CodeEngine:289 - Generated code: C:\Users\aliya\proje\KontrolOrtakCalisma\Kontroll4\MXTmpFiles\rtos_pfp.tmp
2025-07-19 18:27:15,374 [INFO] CodeEngine:265 - oldGeneratedFile, C:\Users\aliya\proje\KontrolOrtakCalisma\Kontroll4\MXTmpFiles\rtos_obj_creat.tmp_save
2025-07-19 18:27:15,435 [INFO] CodeEngine:289 - Generated code: C:\Users\aliya\proje\KontrolOrtakCalisma\Kontroll4\MXTmpFiles\rtos_obj_creat.tmp
2025-07-19 18:27:15,440 [INFO] CodeEngine:265 - oldGeneratedFile, C:\Users\aliya\proje\KontrolOrtakCalisma\Kontroll4\MXTmpFiles\rtos_kernelStart.tmp_save
2025-07-19 18:27:15,492 [INFO] CodeEngine:289 - Generated code: C:\Users\aliya\proje\KontrolOrtakCalisma\Kontroll4\MXTmpFiles\rtos_kernelStart.tmp
2025-07-19 18:27:15,497 [INFO] CodeEngine:265 - oldGeneratedFile, C:\Users\aliya\proje\KontrolOrtakCalisma\Kontroll4\MXTmpFiles\rtos_default_thread.tmp_save
2025-07-19 18:27:15,559 [INFO] CodeEngine:289 - Generated code: C:\Users\aliya\proje\KontrolOrtakCalisma\Kontroll4\MXTmpFiles\rtos_default_thread.tmp
2025-07-19 18:27:15,566 [INFO] CodeEngine:265 - oldGeneratedFile, C:\Users\aliya\proje\KontrolOrtakCalisma\Kontroll4\MXTmpFiles\rtos_threads.tmp_save
2025-07-19 18:27:15,627 [INFO] CodeEngine:289 - Generated code: C:\Users\aliya\proje\KontrolOrtakCalisma\Kontroll4\MXTmpFiles\rtos_threads.tmp
2025-07-19 18:27:15,646 [INFO] Middleware:1452 - No code input for Bsp Dependency
2025-07-19 18:27:15,656 [INFO] CodeEngine:265 - oldGeneratedFile, C:\Users\aliya\proje\KontrolOrtakCalisma\Kontroll4\MXTmpFiles\rtos_inc.tmp_save
2025-07-19 18:27:15,712 [INFO] CodeEngine:289 - Generated code: C:\Users\aliya\proje\KontrolOrtakCalisma\Kontroll4\MXTmpFiles\rtos_inc.tmp
2025-07-19 18:27:15,719 [INFO] CodeEngine:265 - oldGeneratedFile, C:\Users\aliya\proje\KontrolOrtakCalisma\Kontroll4\MXTmpFiles\rtos_vars.tmp_save
2025-07-19 18:27:15,778 [INFO] CodeEngine:289 - Generated code: C:\Users\aliya\proje\KontrolOrtakCalisma\Kontroll4\MXTmpFiles\rtos_vars.tmp
2025-07-19 18:27:15,786 [INFO] CodeEngine:265 - oldGeneratedFile, C:\Users\aliya\proje\KontrolOrtakCalisma\Kontroll4\MXTmpFiles\rtos_pfp.tmp_save
2025-07-19 18:27:15,845 [INFO] CodeEngine:289 - Generated code: C:\Users\aliya\proje\KontrolOrtakCalisma\Kontroll4\MXTmpFiles\rtos_pfp.tmp
2025-07-19 18:27:15,852 [INFO] CodeEngine:265 - oldGeneratedFile, C:\Users\aliya\proje\KontrolOrtakCalisma\Kontroll4\MXTmpFiles\rtos_obj_creat.tmp_save
2025-07-19 18:27:15,913 [INFO] CodeEngine:289 - Generated code: C:\Users\aliya\proje\KontrolOrtakCalisma\Kontroll4\MXTmpFiles\rtos_obj_creat.tmp
2025-07-19 18:27:15,920 [INFO] CodeEngine:265 - oldGeneratedFile, C:\Users\aliya\proje\KontrolOrtakCalisma\Kontroll4\MXTmpFiles\rtos_kernelStart.tmp_save
2025-07-19 18:27:15,975 [INFO] CodeEngine:289 - Generated code: C:\Users\aliya\proje\KontrolOrtakCalisma\Kontroll4\MXTmpFiles\rtos_kernelStart.tmp
2025-07-19 18:27:15,982 [INFO] CodeEngine:265 - oldGeneratedFile, C:\Users\aliya\proje\KontrolOrtakCalisma\Kontroll4\MXTmpFiles\rtos_default_thread.tmp_save
2025-07-19 18:27:16,037 [INFO] CodeEngine:289 - Generated code: C:\Users\aliya\proje\KontrolOrtakCalisma\Kontroll4\MXTmpFiles\rtos_default_thread.tmp
2025-07-19 18:27:16,045 [INFO] CodeEngine:265 - oldGeneratedFile, C:\Users\aliya\proje\KontrolOrtakCalisma\Kontroll4\MXTmpFiles\rtos_threads.tmp_save
2025-07-19 18:27:16,100 [INFO] CodeEngine:289 - Generated code: C:\Users\aliya\proje\KontrolOrtakCalisma\Kontroll4\MXTmpFiles\rtos_threads.tmp
2025-07-19 18:27:16,106 [INFO] CodeEngine:265 - oldGeneratedFile, C:\Users\aliya\proje\KontrolOrtakCalisma\Kontroll4\Core\Inc\FreeRTOSConfig.h_save
2025-07-19 18:27:16,195 [INFO] CodeEngine:289 - Generated code: C:\Users\aliya\proje\KontrolOrtakCalisma\Kontroll4\Core\Inc\FreeRTOSConfig.h
2025-07-19 18:27:16,216 [INFO] CodeEngine:265 - oldGeneratedFile, C:\Users\aliya\proje\KontrolOrtakCalisma\Kontroll4\Core\Src\freertos.c_save
2025-07-19 18:27:16,378 [INFO] CodeEngine:289 - Generated code: C:\Users\aliya\proje\KontrolOrtakCalisma\Kontroll4\Core\Src\freertos.c
2025-07-19 18:27:16,400 [INFO] CodeEngine:265 - oldGeneratedFile, C:\Users\aliya\proje\KontrolOrtakCalisma\Kontroll4\Core\Src\stm32f4xx_it.c_save
2025-07-19 18:27:16,491 [INFO] CodeEngine:289 - Generated code: C:\Users\aliya\proje\KontrolOrtakCalisma\Kontroll4\Core\Src\stm32f4xx_it.c
2025-07-19 18:27:16,502 [INFO] CodeEngine:265 - oldGeneratedFile, C:\Users\aliya\proje\KontrolOrtakCalisma\Kontroll4\Core\Inc\stm32f4xx_it.h_save
2025-07-19 18:27:16,578 [INFO] CodeEngine:289 - Generated code: C:\Users\aliya\proje\KontrolOrtakCalisma\Kontroll4\Core\Inc\stm32f4xx_it.h
2025-07-19 18:27:16,613 [INFO] CodeEngine:265 - oldGeneratedFile, C:\Users\aliya\proje\KontrolOrtakCalisma\Kontroll4\Core\Src\stm32f4xx_hal_msp.c_save
2025-07-19 18:27:16,773 [INFO] CodeEngine:289 - Generated code: C:\Users\aliya\proje\KontrolOrtakCalisma\Kontroll4\Core\Src\stm32f4xx_hal_msp.c
2025-07-19 18:27:16,787 [INFO] CodeEngine:265 - oldGeneratedFile, C:\Users\aliya\proje\KontrolOrtakCalisma\Kontroll4\MXTmpFiles\system.tmp_save
2025-07-19 18:27:16,877 [INFO] CodeEngine:289 - Generated code: C:\Users\aliya\proje\KontrolOrtakCalisma\Kontroll4\MXTmpFiles\system.tmp
2025-07-19 18:27:16,886 [INFO] CodeEngine:265 - oldGeneratedFile, C:\Users\aliya\proje\KontrolOrtakCalisma\Kontroll4\Core\Src\stm32f4xx_hal_timebase_tim.c_save
2025-07-19 18:27:17,124 [INFO] CodeEngine:289 - Generated code: C:\Users\aliya\proje\KontrolOrtakCalisma\Kontroll4\Core\Src\stm32f4xx_hal_timebase_tim.c
2025-07-19 18:27:17,206 [INFO] CodeEngine:321 - oldGeneratedFile, C:\Users\aliya\proje\KontrolOrtakCalisma\Kontroll4\Core\Inc\stm32f4xx_hal_conf.h_save
2025-07-19 18:27:17,400 [INFO] CodeEngine:345 - Generated code: C:\Users\aliya\proje\KontrolOrtakCalisma\Kontroll4\Core\Inc\stm32f4xx_hal_conf.h
2025-07-19 18:27:17,421 [WARN] IPConfigManager:3238 - Warning: the RefConfig PLL2P_FOR_MCO is not available in your config.xml file
2025-07-19 18:27:17,438 [INFO] CodeEngine:265 - oldGeneratedFile, C:\Users\aliya\proje\KontrolOrtakCalisma\Kontroll4\Core\Inc\main.h_save
2025-07-19 18:27:17,505 [INFO] CodeEngine:289 - Generated code: C:\Users\aliya\proje\KontrolOrtakCalisma\Kontroll4\Core\Inc\main.h
2025-07-19 18:27:17,510 [INFO] CodeEngine:265 - oldGeneratedFile, C:\Users\aliya\proje\KontrolOrtakCalisma\Kontroll4\Core\Src\main.c_save
2025-07-19 18:27:17,634 [INFO] CodeEngine:289 - Generated code: C:\Users\aliya\proje\KontrolOrtakCalisma\Kontroll4\Core\Src\main.c
2025-07-19 18:27:18,126 [INFO] ProjectBuilder:3606 - Time for Copy HAL[1] : 320mS.
2025-07-19 18:27:18,132 [INFO] ProjectBuilder:5216 - Project Generator version: 4.7.0-B52
2025-07-19 18:27:18,269 [INFO] ConfigFileManager:1595 - The Die is : DIE421
2025-07-19 18:27:21,788 [INFO] ProjectBuilder:5496 - Time for Generating toolchain IDE Files: 3655mS.
2025-07-19 18:27:21,789 [INFO] ProjectBuilder:3463 - Time for Copy CMSIS : 1mS.
2025-07-19 18:27:21,806 [INFO] ProjectBuilder:3463 - Time for Copy CMSIS : 0mS.
2025-07-19 18:28:02,295 [ERROR] RtosPanel:558 - Can not restore the selected Tab for FREERTOS(A reason can be that the tab is no more available.)
2025-07-19 18:28:02,395 [ERROR] RtosPanel:558 - Can not restore the selected Tab for FREERTOS(A reason can be that the tab is no more available.)
2025-07-19 18:28:02,840 [ERROR] RtosPanel:558 - Can not restore the selected Tab for FREERTOS(A reason can be that the tab is no more available.)
2025-07-19 18:28:13,507 [INFO] UtilMem:75 - End SaveConfig() Used Memory: 682700624 Bytes (962592768)
2025-07-19 18:28:14,386 [INFO] UtilMem:75 - End SaveConfig() Used Memory: 706291536 Bytes (962592768)
2025-07-19 18:28:14,786 [INFO] UtilMem:75 - End SaveConfig() Used Memory: 302943528 Bytes (962592768)
2025-07-19 18:28:16,561 [INFO] BlockDiagram:2775 - set Specific Code input for plugin: FREERTOS
2025-07-19 18:28:16,562 [INFO] BlockDiagram:2775 - set Specific Code input for plugin: SYS
2025-07-19 18:28:16,562 [INFO] BlockDiagram:2775 - set Specific Code input for plugin: RCC
2025-07-19 18:28:16,563 [INFO] BlockDiagram:2775 - set Specific Code input for plugin: I2C
2025-07-19 18:28:16,563 [INFO] BlockDiagram:2775 - set Specific Code input for plugin: NVIC
2025-07-19 18:28:16,563 [INFO] BlockDiagram:2775 - set Specific Code input for plugin: USART
2025-07-19 18:28:16,564 [INFO] BlockDiagram:2775 - set Specific Code input for plugin: GPIO
2025-07-19 18:28:16,567 [INFO] CodeGenerator:892 - code generatio: config db path: C:\ST\STM32CubeIDE_1.18.1\STM32CubeIDE\plugins\com.st.stm32cube.common.mx_6.15.0.202507011659\\db\
2025-07-19 18:28:16,576 [WARN] IP:2250 - I2C_Coeff_DF not found: check if there is a RefParameter without a condition.
2025-07-19 18:28:16,576 [WARN] IP:2250 - Analog_Filter not found: check if there is a RefParameter without a condition.
2025-07-19 18:28:16,673 [INFO] CodeEngine:265 - oldGeneratedFile, C:\Users\aliya\proje\KontrolOrtakCalisma\Kontroll4\MXTmpFiles\license.tmp_save
2025-07-19 18:28:16,749 [INFO] CodeEngine:289 - Generated code: C:\Users\aliya\proje\KontrolOrtakCalisma\Kontroll4\MXTmpFiles\license.tmp
2025-07-19 18:28:16,767 [INFO] CodeEngine:265 - oldGeneratedFile, C:\Users\aliya\proje\KontrolOrtakCalisma\Kontroll4\MXTmpFiles\gpio.tmp_save
2025-07-19 18:28:16,849 [INFO] CodeEngine:289 - Generated code: C:\Users\aliya\proje\KontrolOrtakCalisma\Kontroll4\MXTmpFiles\gpio.tmp
2025-07-19 18:28:16,925 [INFO] Middleware:1452 - No code input for Bsp Dependency
2025-07-19 18:28:16,934 [INFO] CodeEngine:265 - oldGeneratedFile, C:\Users\aliya\proje\KontrolOrtakCalisma\Kontroll4\MXTmpFiles\rtos_inc.tmp_save
2025-07-19 18:28:16,999 [INFO] CodeEngine:289 - Generated code: C:\Users\aliya\proje\KontrolOrtakCalisma\Kontroll4\MXTmpFiles\rtos_inc.tmp
2025-07-19 18:28:17,004 [INFO] CodeEngine:265 - oldGeneratedFile, C:\Users\aliya\proje\KontrolOrtakCalisma\Kontroll4\MXTmpFiles\rtos_kernelInit.tmp_save
2025-07-19 18:28:17,071 [INFO] CodeEngine:289 - Generated code: C:\Users\aliya\proje\KontrolOrtakCalisma\Kontroll4\MXTmpFiles\rtos_kernelInit.tmp
2025-07-19 18:28:17,077 [INFO] CodeEngine:265 - oldGeneratedFile, C:\Users\aliya\proje\KontrolOrtakCalisma\Kontroll4\MXTmpFiles\rtos_kernelStart.tmp_save
2025-07-19 18:28:17,132 [INFO] CodeEngine:289 - Generated code: C:\Users\aliya\proje\KontrolOrtakCalisma\Kontroll4\MXTmpFiles\rtos_kernelStart.tmp
2025-07-19 18:28:17,137 [INFO] CodeEngine:265 - oldGeneratedFile, C:\Users\aliya\proje\KontrolOrtakCalisma\Kontroll4\MXTmpFiles\rtos_typedefs.tmp_save
2025-07-19 18:28:17,191 [INFO] CodeEngine:289 - Generated code: C:\Users\aliya\proje\KontrolOrtakCalisma\Kontroll4\MXTmpFiles\rtos_typedefs.tmp
2025-07-19 18:28:17,196 [INFO] CodeEngine:265 - oldGeneratedFile, C:\Users\aliya\proje\KontrolOrtakCalisma\Kontroll4\MXTmpFiles\rtos_vars.tmp_save
2025-07-19 18:28:17,283 [INFO] CodeEngine:289 - Generated code: C:\Users\aliya\proje\KontrolOrtakCalisma\Kontroll4\MXTmpFiles\rtos_vars.tmp
2025-07-19 18:28:17,288 [INFO] CodeEngine:265 - oldGeneratedFile, C:\Users\aliya\proje\KontrolOrtakCalisma\Kontroll4\MXTmpFiles\rtos_pfp.tmp_save
2025-07-19 18:28:17,345 [INFO] CodeEngine:289 - Generated code: C:\Users\aliya\proje\KontrolOrtakCalisma\Kontroll4\MXTmpFiles\rtos_pfp.tmp
2025-07-19 18:28:17,350 [INFO] CodeEngine:265 - oldGeneratedFile, C:\Users\aliya\proje\KontrolOrtakCalisma\Kontroll4\MXTmpFiles\rtos_obj_creat.tmp_save
2025-07-19 18:28:17,408 [INFO] CodeEngine:289 - Generated code: C:\Users\aliya\proje\KontrolOrtakCalisma\Kontroll4\MXTmpFiles\rtos_obj_creat.tmp
2025-07-19 18:28:17,413 [INFO] CodeEngine:265 - oldGeneratedFile, C:\Users\aliya\proje\KontrolOrtakCalisma\Kontroll4\MXTmpFiles\rtos_default_thread.tmp_save
2025-07-19 18:28:17,481 [INFO] CodeEngine:289 - Generated code: C:\Users\aliya\proje\KontrolOrtakCalisma\Kontroll4\MXTmpFiles\rtos_default_thread.tmp
2025-07-19 18:28:17,485 [INFO] CodeEngine:265 - oldGeneratedFile, C:\Users\aliya\proje\KontrolOrtakCalisma\Kontroll4\MXTmpFiles\rtos_threads.tmp_save
2025-07-19 18:28:17,544 [INFO] CodeEngine:289 - Generated code: C:\Users\aliya\proje\KontrolOrtakCalisma\Kontroll4\MXTmpFiles\rtos_threads.tmp
2025-07-19 18:28:17,558 [INFO] Middleware:1452 - No code input for Bsp Dependency
2025-07-19 18:28:17,568 [INFO] CodeEngine:265 - oldGeneratedFile, C:\Users\aliya\proje\KontrolOrtakCalisma\Kontroll4\MXTmpFiles\rtos_inc.tmp_save
2025-07-19 18:28:17,625 [INFO] CodeEngine:289 - Generated code: C:\Users\aliya\proje\KontrolOrtakCalisma\Kontroll4\MXTmpFiles\rtos_inc.tmp
2025-07-19 18:28:17,637 [INFO] CodeEngine:265 - oldGeneratedFile, C:\Users\aliya\proje\KontrolOrtakCalisma\Kontroll4\MXTmpFiles\rtos_kernelInit.tmp_save
2025-07-19 18:28:17,726 [INFO] CodeEngine:289 - Generated code: C:\Users\aliya\proje\KontrolOrtakCalisma\Kontroll4\MXTmpFiles\rtos_kernelInit.tmp
2025-07-19 18:28:17,737 [INFO] CodeEngine:265 - oldGeneratedFile, C:\Users\aliya\proje\KontrolOrtakCalisma\Kontroll4\MXTmpFiles\rtos_kernelStart.tmp_save
2025-07-19 18:28:17,822 [INFO] CodeEngine:289 - Generated code: C:\Users\aliya\proje\KontrolOrtakCalisma\Kontroll4\MXTmpFiles\rtos_kernelStart.tmp
2025-07-19 18:28:17,831 [INFO] CodeEngine:265 - oldGeneratedFile, C:\Users\aliya\proje\KontrolOrtakCalisma\Kontroll4\MXTmpFiles\rtos_typedefs.tmp_save
2025-07-19 18:28:17,907 [INFO] CodeEngine:289 - Generated code: C:\Users\aliya\proje\KontrolOrtakCalisma\Kontroll4\MXTmpFiles\rtos_typedefs.tmp
2025-07-19 18:28:17,919 [INFO] CodeEngine:265 - oldGeneratedFile, C:\Users\aliya\proje\KontrolOrtakCalisma\Kontroll4\MXTmpFiles\rtos_vars.tmp_save
2025-07-19 18:28:18,020 [INFO] CodeEngine:289 - Generated code: C:\Users\aliya\proje\KontrolOrtakCalisma\Kontroll4\MXTmpFiles\rtos_vars.tmp
2025-07-19 18:28:18,029 [INFO] CodeEngine:265 - oldGeneratedFile, C:\Users\aliya\proje\KontrolOrtakCalisma\Kontroll4\MXTmpFiles\rtos_pfp.tmp_save
2025-07-19 18:28:18,129 [INFO] CodeEngine:289 - Generated code: C:\Users\aliya\proje\KontrolOrtakCalisma\Kontroll4\MXTmpFiles\rtos_pfp.tmp
2025-07-19 18:28:18,140 [INFO] CodeEngine:265 - oldGeneratedFile, C:\Users\aliya\proje\KontrolOrtakCalisma\Kontroll4\MXTmpFiles\rtos_obj_creat.tmp_save
2025-07-19 18:28:18,263 [INFO] CodeEngine:289 - Generated code: C:\Users\aliya\proje\KontrolOrtakCalisma\Kontroll4\MXTmpFiles\rtos_obj_creat.tmp
2025-07-19 18:28:18,291 [INFO] CodeEngine:265 - oldGeneratedFile, C:\Users\aliya\proje\KontrolOrtakCalisma\Kontroll4\MXTmpFiles\rtos_default_thread.tmp_save
2025-07-19 18:28:18,638 [INFO] CodeEngine:289 - Generated code: C:\Users\aliya\proje\KontrolOrtakCalisma\Kontroll4\MXTmpFiles\rtos_default_thread.tmp
2025-07-19 18:28:18,758 [INFO] CodeEngine:265 - oldGeneratedFile, C:\Users\aliya\proje\KontrolOrtakCalisma\Kontroll4\MXTmpFiles\rtos_threads.tmp_save
2025-07-19 18:28:18,907 [INFO] CodeEngine:289 - Generated code: C:\Users\aliya\proje\KontrolOrtakCalisma\Kontroll4\MXTmpFiles\rtos_threads.tmp
2025-07-19 18:28:18,915 [INFO] CodeEngine:265 - oldGeneratedFile, C:\Users\aliya\proje\KontrolOrtakCalisma\Kontroll4\Core\Inc\FreeRTOSConfig.h_save
2025-07-19 18:28:18,990 [INFO] CodeEngine:289 - Generated code: C:\Users\aliya\proje\KontrolOrtakCalisma\Kontroll4\Core\Inc\FreeRTOSConfig.h
2025-07-19 18:28:18,998 [INFO] CodeEngine:265 - oldGeneratedFile, C:\Users\aliya\proje\KontrolOrtakCalisma\Kontroll4\Core\Src\freertos.c_save
2025-07-19 18:28:19,068 [INFO] CodeEngine:289 - Generated code: C:\Users\aliya\proje\KontrolOrtakCalisma\Kontroll4\Core\Src\freertos.c
2025-07-19 18:28:19,090 [INFO] CodeEngine:265 - oldGeneratedFile, C:\Users\aliya\proje\KontrolOrtakCalisma\Kontroll4\Core\Src\stm32f4xx_it.c_save
2025-07-19 18:28:19,185 [INFO] CodeEngine:289 - Generated code: C:\Users\aliya\proje\KontrolOrtakCalisma\Kontroll4\Core\Src\stm32f4xx_it.c
2025-07-19 18:28:19,199 [INFO] CodeEngine:265 - oldGeneratedFile, C:\Users\aliya\proje\KontrolOrtakCalisma\Kontroll4\Core\Inc\stm32f4xx_it.h_save
2025-07-19 18:28:19,399 [INFO] CodeEngine:289 - Generated code: C:\Users\aliya\proje\KontrolOrtakCalisma\Kontroll4\Core\Inc\stm32f4xx_it.h
2025-07-19 18:28:19,424 [INFO] CodeEngine:265 - oldGeneratedFile, C:\Users\aliya\proje\KontrolOrtakCalisma\Kontroll4\Core\Src\stm32f4xx_hal_msp.c_save
2025-07-19 18:28:19,605 [INFO] CodeEngine:289 - Generated code: C:\Users\aliya\proje\KontrolOrtakCalisma\Kontroll4\Core\Src\stm32f4xx_hal_msp.c
2025-07-19 18:28:19,615 [INFO] CodeEngine:265 - oldGeneratedFile, C:\Users\aliya\proje\KontrolOrtakCalisma\Kontroll4\MXTmpFiles\system.tmp_save
2025-07-19 18:28:19,691 [INFO] CodeEngine:289 - Generated code: C:\Users\aliya\proje\KontrolOrtakCalisma\Kontroll4\MXTmpFiles\system.tmp
2025-07-19 18:28:19,701 [INFO] CodeEngine:265 - oldGeneratedFile, C:\Users\aliya\proje\KontrolOrtakCalisma\Kontroll4\Core\Src\stm32f4xx_hal_timebase_tim.c_save
2025-07-19 18:28:19,806 [INFO] CodeEngine:289 - Generated code: C:\Users\aliya\proje\KontrolOrtakCalisma\Kontroll4\Core\Src\stm32f4xx_hal_timebase_tim.c
2025-07-19 18:28:19,835 [INFO] CodeEngine:321 - oldGeneratedFile, C:\Users\aliya\proje\KontrolOrtakCalisma\Kontroll4\Core\Inc\stm32f4xx_hal_conf.h_save
2025-07-19 18:28:19,970 [INFO] CodeEngine:345 - Generated code: C:\Users\aliya\proje\KontrolOrtakCalisma\Kontroll4\Core\Inc\stm32f4xx_hal_conf.h
2025-07-19 18:28:19,989 [WARN] IPConfigManager:3238 - Warning: the RefConfig PLL2P_FOR_MCO is not available in your config.xml file
2025-07-19 18:28:20,005 [INFO] CodeEngine:265 - oldGeneratedFile, C:\Users\aliya\proje\KontrolOrtakCalisma\Kontroll4\Core\Inc\main.h_save
2025-07-19 18:28:20,076 [INFO] CodeEngine:289 - Generated code: C:\Users\aliya\proje\KontrolOrtakCalisma\Kontroll4\Core\Inc\main.h
2025-07-19 18:28:20,083 [INFO] CodeEngine:265 - oldGeneratedFile, C:\Users\aliya\proje\KontrolOrtakCalisma\Kontroll4\Core\Src\main.c_save
2025-07-19 18:28:20,235 [INFO] CodeEngine:289 - Generated code: C:\Users\aliya\proje\KontrolOrtakCalisma\Kontroll4\Core\Src\main.c
2025-07-19 18:28:20,996 [INFO] ProjectBuilder:4221 - Deleted empty folder: C:\Users\aliya\proje\KontrolOrtakCalisma\Kontroll4\Middlewares\Third_Party\FreeRTOS\Source\CMSIS_RTOS
2025-07-19 18:28:21,010 [INFO] ProjectBuilder:3606 - Time for Copy HAL[1] : 479mS.
2025-07-19 18:28:21,022 [INFO] ProjectBuilder:5216 - Project Generator version: 4.7.0-B52
2025-07-19 18:28:21,251 [INFO] ConfigFileManager:1595 - The Die is : DIE421
2025-07-19 18:28:22,763 [INFO] ProjectBuilder:5496 - Time for Generating toolchain IDE Files: 1741mS.
2025-07-19 18:28:22,764 [INFO] ProjectBuilder:3463 - Time for Copy CMSIS : 0mS.
2025-07-19 18:28:22,777 [INFO] ProjectBuilder:3463 - Time for Copy CMSIS : 0mS.
2025-07-19 18:28:25,292 [ERROR] LogOutputStream:75 - [STDERR_REDIRECT] 
2025-07-19 18:28:25,293 [ERROR] LogOutputStream:75 - [STDERR_REDIRECT] 
2025-07-19 19:50:15,295 [INFO] Activator:176 - 


2025-07-19 19:50:15,297 [INFO] Activator:177 - !SESSION log4j initialized
2025-07-19 19:50:23,767 [INFO] LogOutputStream:77 - [STDOUT_REDIRECT] 
2025-07-19 19:50:35,627 [INFO] ApplicationProperties:184 - Using Application install path: C:\ST\STM32CubeIDE_1.18.1\STM32CubeIDE\plugins\com.st.stm32cube.common.mx_6.15.0.202507011659
2025-07-19 19:50:35,641 [INFO] DbMcusXml:78 - Set database path to: C:\ST\STM32CubeIDE_1.18.1\STM32CubeIDE\plugins\com.st.stm32cube.common.mx_6.15.0.202507011659\\db\/mcu/
2025-07-19 19:50:35,642 [INFO] ApiDb:274 - Set plugin database path to: C:\ST\STM32CubeIDE_1.18.1\STM32CubeIDE\plugins\com.st.stm32cube.common.mx_6.15.0.202507011659\\db\/plugins/boardmanager/
2025-07-19 19:50:35,642 [WARN] ApiDb:259 - Overriding images path with different value:  => C:\ST\STM32CubeIDE_1.18.1\STM32CubeIDE\plugins\com.st.stm32cube.common.mx_6.15.0.202507011659\\db\/plugins/mcufinder/images/
2025-07-19 19:50:35,647 [INFO] ApiDb:250 - Set database path to: C:\Users\aliya\.stmcufinder\plugins\mcufinder//mcu/
2025-07-19 19:50:35,648 [INFO] DbMcusAds:125 - Set database path to: C:\Users\aliya\.stmcufinder\plugins\mcufinder//mcu/
2025-07-19 19:50:35,687 [INFO] CrossReferenceDbSqlite:203 - Set database path to: C:\Users\aliya\.stmcufinder\plugins\mcufinder//mcu/cs/
2025-07-19 19:50:35,839 [INFO] RulesReader:64 - Compatibility file has been processed (317 Rules)
2025-07-19 19:50:35,906 [INFO] DbMcusXml:78 - Set database path to: C:\ST\STM32CubeIDE_1.18.1\STM32CubeIDE\plugins\com.st.stm32cube.common.mx_6.15.0.202507011659\\db\/mcu/
2025-07-19 19:50:35,906 [INFO] ApiDb:274 - Set plugin database path to: C:\ST\STM32CubeIDE_1.18.1\STM32CubeIDE\plugins\com.st.stm32cube.common.mx_6.15.0.202507011659\\db\/plugins/boardmanager/
2025-07-19 19:50:35,906 [INFO] ApiDb:261 - Set plugin images path to: C:\ST\STM32CubeIDE_1.18.1\STM32CubeIDE\plugins\com.st.stm32cube.common.mx_6.15.0.202507011659\\db\/plugins/mcufinder/images/
2025-07-19 19:50:35,907 [WARN] DbFile:41 - Overriding database path with different value: C:\Users\aliya\.stmcufinder\plugins\mcufinder/ => C:\Users\aliya\.stmcufinder\plugins\mcufinder
2025-07-19 19:50:35,907 [INFO] ApiDb:250 - Set database path to: C:\Users\aliya\.stmcufinder\plugins\mcufinder//mcu/
2025-07-19 19:50:35,907 [WARN] DbFile:41 - Overriding database path with different value: C:\Users\aliya\.stmcufinder\plugins\mcufinder/ => C:\Users\aliya\.stmcufinder\plugins\mcufinder
2025-07-19 19:50:35,907 [INFO] DbMcusAds:125 - Set database path to: C:\Users\aliya\.stmcufinder\plugins\mcufinder//mcu/
2025-07-19 19:50:35,907 [WARN] DbFile:41 - Overriding database path with different value: C:\Users\aliya\.stmcufinder\plugins\mcufinder/ => C:\Users\aliya\.stmcufinder\plugins\mcufinder
2025-07-19 19:50:35,907 [WARN] DbFile:41 - Overriding database path with different value: C:\Users\aliya\.stmcufinder\plugins\mcufinder/ => C:\Users\aliya\.stmcufinder\plugins\mcufinder
2025-07-19 19:50:35,907 [INFO] CrossReferenceDbSqlite:203 - Set database path to: C:\Users\aliya\.stmcufinder\plugins\mcufinder//mcu/cs/
2025-07-19 19:50:35,970 [INFO] MainPanel:274 - HeapMemory: 268435456
2025-07-19 19:50:36,047 [INFO] DbMcusXml:78 - Set database path to: C:\ST\STM32CubeIDE_1.18.1\STM32CubeIDE\plugins\com.st.stm32cube.common.mx_6.15.0.202507011659\\db\/mcu/
2025-07-19 19:50:36,047 [INFO] ApiDb:274 - Set plugin database path to: C:\ST\STM32CubeIDE_1.18.1\STM32CubeIDE\plugins\com.st.stm32cube.common.mx_6.15.0.202507011659\\db\/plugins/boardmanager/
2025-07-19 19:50:36,047 [INFO] ApiDb:261 - Set plugin images path to: C:\ST\STM32CubeIDE_1.18.1\STM32CubeIDE\plugins\com.st.stm32cube.common.mx_6.15.0.202507011659\\db\/plugins/mcufinder/images/
2025-07-19 19:50:36,047 [WARN] DbFile:41 - Overriding database path with different value: C:\Users\aliya\.stmcufinder\plugins\mcufinder/ => C:\Users\aliya\.stmcufinder\plugins\mcufinder
2025-07-19 19:50:36,047 [INFO] ApiDb:250 - Set database path to: C:\Users\aliya\.stmcufinder\plugins\mcufinder//mcu/
2025-07-19 19:50:36,048 [WARN] DbFile:41 - Overriding database path with different value: C:\Users\aliya\.stmcufinder\plugins\mcufinder/ => C:\Users\aliya\.stmcufinder\plugins\mcufinder
2025-07-19 19:50:36,048 [INFO] DbMcusAds:125 - Set database path to: C:\Users\aliya\.stmcufinder\plugins\mcufinder//mcu/
2025-07-19 19:50:36,048 [WARN] DbFile:41 - Overriding database path with different value: C:\Users\aliya\.stmcufinder\plugins\mcufinder/ => C:\Users\aliya\.stmcufinder\plugins\mcufinder
2025-07-19 19:50:36,048 [WARN] DbFile:41 - Overriding database path with different value: C:\Users\aliya\.stmcufinder\plugins\mcufinder/ => C:\Users\aliya\.stmcufinder\plugins\mcufinder
2025-07-19 19:50:36,048 [INFO] CrossReferenceDbSqlite:203 - Set database path to: C:\Users\aliya\.stmcufinder\plugins\mcufinder//mcu/cs/
2025-07-19 19:50:36,062 [INFO] ApplicationProperties:184 - Using Application install path: C:\ST\STM32CubeIDE_1.18.1\STM32CubeIDE\plugins\com.st.stm32cube.common.mx_6.15.0.202507011659
2025-07-19 19:50:36,064 [INFO] PluginManage:196 - Search for loadable plugins [exclusion list=, ]
2025-07-19 19:50:36,064 [INFO] PluginManage:310 - Check plugin analytics
2025-07-19 19:50:36,312 [INFO] AnalyticsPlugin:253 - Accepted Software Licenses: 
2025-07-19 19:50:36,313 [INFO] AnalyticsPlugin:255 - Accepted CMSIS Pack Licenses: 
2025-07-19 19:50:36,313 [INFO] AnalyticsPlugin:257 - Accepted Firmware Licenses: 
2025-07-19 19:50:36,317 [INFO] PluginManage:359 - Loaded plugin analytics (category:tool,tabindex:-1)
2025-07-19 19:50:36,318 [INFO] PluginManage:310 - Check plugin cadmodel
2025-07-19 19:50:36,322 [INFO] CADModel:105 - Init CAD model plugin
2025-07-19 19:50:36,322 [INFO] PluginManage:359 - Loaded plugin cadmodel (category:power,tabindex:5)
2025-07-19 19:50:36,323 [INFO] PluginManage:310 - Check plugin clock
2025-07-19 19:50:36,330 [INFO] PluginManage:359 - Loaded plugin clock (category:base,tabindex:2)
2025-07-19 19:50:36,330 [INFO] PluginManage:310 - Check plugin ddr
2025-07-19 19:50:36,332 [INFO] PluginManage:359 - Loaded plugin ddr (category:tool,tabindex:6)
2025-07-19 19:50:36,332 [INFO] PluginManage:310 - Check plugin filemanager
2025-07-19 19:50:36,500 [INFO] PluginManage:359 - Loaded plugin filemanager (category:base,tabindex:10)
2025-07-19 19:50:36,500 [INFO] PluginManage:310 - Check plugin ipmanager
2025-07-19 19:50:36,508 [INFO] PluginManage:359 - Loaded plugin ipmanager (category:base,tabindex:5)
2025-07-19 19:50:36,508 [INFO] PluginManage:310 - Check plugin lpbam
2025-07-19 19:50:36,515 [INFO] PluginManage:359 - Loaded plugin lpbam (category:base,tabindex:0)
2025-07-19 19:50:36,516 [INFO] PluginManage:310 - Check plugin memorymap
2025-07-19 19:50:36,530 [INFO] PluginManage:359 - Loaded plugin memorymap (category:base,tabindex:4)
2025-07-19 19:50:36,530 [INFO] PluginManage:310 - Check plugin pinoutandconfiguration
2025-07-19 19:50:36,538 [INFO] PluginManage:359 - Loaded plugin pinoutandconfiguration (category:base,tabindex:1)
2025-07-19 19:50:36,538 [INFO] PluginManage:310 - Check plugin pinoutconfig
2025-07-19 19:50:36,614 [WARN] SupportedApi:132 - Cannot load RTOS API schema: s4s-elt-must-match.1: The content of 'definitions' must match (annotation?, (simpleType | complexType)?, (unique | key | keyref)*)). A problem was found starting at: attribute.
2025-07-19 19:50:36,779 [INFO] PluginManage:359 - Loaded plugin pinoutconfig (category:base,tabindex:0)
2025-07-19 19:50:36,779 [INFO] PluginManage:310 - Check plugin power
2025-07-19 19:50:36,789 [INFO] PluginManage:359 - Loaded plugin power (category:power,tabindex:4)
2025-07-19 19:50:36,789 [INFO] PluginManage:310 - Check plugin projectmanager
2025-07-19 19:50:36,821 [INFO] PluginManage:359 - Loaded plugin projectmanager (category:projectmanager,tabindex:4)
2025-07-19 19:50:36,822 [INFO] PluginManage:310 - Check plugin rif
2025-07-19 19:50:36,829 [INFO] PluginManage:359 - Loaded plugin rif (category:base,tabindex:3)
2025-07-19 19:50:36,829 [INFO] PluginManage:310 - Check plugin thirdparty
2025-07-19 19:50:36,995 [INFO] PluginManage:359 - Loaded plugin thirdparty (category:base,tabindex:-1)
2025-07-19 19:50:36,996 [INFO] PluginManage:310 - Check plugin tools
2025-07-19 19:50:36,995 [WARN] IntegrityCheckThread:84 - waiting for thirdparty lock release [integrity check]
2025-07-19 19:50:36,996 [INFO] IntegrityCheckThread:86 - entering critical section [integrity check]
2025-07-19 19:50:36,998 [INFO] ThirdPartyUpdaterWithRetryManager:70 - Updater plugin not ready yet. [1/15]
2025-07-19 19:50:37,000 [INFO] PluginManage:359 - Loaded plugin tools (category:base,tabindex:7)
2025-07-19 19:50:37,001 [INFO] PluginManage:310 - Check plugin tutovideos
2025-07-19 19:50:37,174 [INFO] PluginManage:359 - Loaded plugin tutovideos (category:base,tabindex:-1)
2025-07-19 19:50:37,175 [INFO] PluginManage:310 - Check plugin updater
2025-07-19 19:50:37,241 [INFO] PluginManage:359 - Loaded plugin updater (category:base,tabindex:12)
2025-07-19 19:50:37,241 [INFO] PluginManage:310 - Check plugin userauth
2025-07-19 19:50:37,252 [INFO] UserAuth:118 - Init User Auth plugin
2025-07-19 19:50:37,255 [INFO] PluginManage:359 - Loaded plugin userauth (category:base,tabindex:14)
2025-07-19 19:50:37,257 [INFO] PluginManage:283 - PluginManage : Loaded plugins [18]
2025-07-19 19:50:37,726 [INFO] PinOutPanel:1589 - setPackage(No Configuration,No Configuration)
2025-07-19 19:50:37,919 [INFO] CADModel:165 - CPN selected for project level
2025-07-19 19:50:37,919 [INFO] CADModel:114 - Register for checkConnection events
2025-07-19 19:50:37,940 [INFO] IPUIPlugin:80 - create IPUIPlugin
2025-07-19 19:50:37,940 [INFO] PluginManager:220 - loadIPPluginJar : add adc
2025-07-19 19:50:37,951 [INFO] IPUIPlugin:80 - create IPUIPlugin
2025-07-19 19:50:37,951 [INFO] PluginManager:220 - loadIPPluginJar : add aes
2025-07-19 19:50:37,957 [INFO] IPUIPlugin:80 - create IPUIPlugin
2025-07-19 19:50:37,957 [INFO] PluginManager:220 - loadIPPluginJar : add can
2025-07-19 19:50:37,961 [INFO] IPUIPlugin:80 - create IPUIPlugin
2025-07-19 19:50:37,961 [INFO] PluginManager:220 - loadIPPluginJar : add comp
2025-07-19 19:50:37,964 [INFO] IPUIPlugin:80 - create IPUIPlugin
2025-07-19 19:50:37,964 [INFO] PluginManager:220 - loadIPPluginJar : add cryp
2025-07-19 19:50:37,969 [INFO] IPUIPlugin:80 - create IPUIPlugin
2025-07-19 19:50:37,969 [INFO] PluginManager:220 - loadIPPluginJar : add ddr_ctrl_phy
2025-07-19 19:50:37,973 [INFO] IPUIPlugin:80 - create IPUIPlugin
2025-07-19 19:50:37,973 [INFO] PluginManager:220 - loadIPPluginJar : add dfsdm
2025-07-19 19:50:37,979 [INFO] IPUIPlugin:80 - create IPUIPlugin
2025-07-19 19:50:37,980 [INFO] PluginManager:220 - loadIPPluginJar : add dma
2025-07-19 19:50:37,984 [INFO] IPUIPlugin:80 - create IPUIPlugin
2025-07-19 19:50:37,984 [INFO] PluginManager:220 - loadIPPluginJar : add dma3
2025-07-19 19:50:37,990 [INFO] IPUIPlugin:80 - create IPUIPlugin
2025-07-19 19:50:37,990 [INFO] PluginManager:220 - loadIPPluginJar : add extmemmanager
2025-07-19 19:50:37,992 [INFO] IPUIPlugin:80 - create IPUIPlugin
2025-07-19 19:50:37,992 [INFO] PluginManager:220 - loadIPPluginJar : add fatfs
2025-07-19 19:50:37,998 [INFO] IPUIPlugin:80 - create IPUIPlugin
2025-07-19 19:50:37,998 [INFO] PluginManager:220 - loadIPPluginJar : add fmc
2025-07-19 19:50:38,007 [INFO] IPUIPlugin:80 - create IPUIPlugin
2025-07-19 19:50:38,007 [INFO] PluginManager:220 - loadIPPluginJar : add freertos
2025-07-19 19:50:38,009 [INFO] IPUIPlugin:80 - create IPUIPlugin
2025-07-19 19:50:38,009 [INFO] PluginManager:220 - loadIPPluginJar : add genericplugin
2025-07-19 19:50:38,012 [INFO] IPUIPlugin:80 - create IPUIPlugin
2025-07-19 19:50:38,012 [INFO] PluginManager:220 - loadIPPluginJar : add gfxmmu
2025-07-19 19:50:38,021 [INFO] IPUIPlugin:80 - create IPUIPlugin
2025-07-19 19:50:38,021 [INFO] PluginManager:220 - loadIPPluginJar : add gic
2025-07-19 19:50:38,026 [INFO] IPUIPlugin:80 - create IPUIPlugin
2025-07-19 19:50:38,027 [INFO] PluginManager:220 - loadIPPluginJar : add gpio
2025-07-19 19:50:38,030 [INFO] IPUIPlugin:80 - create IPUIPlugin
2025-07-19 19:50:38,030 [INFO] PluginManager:220 - loadIPPluginJar : add gtzc
2025-07-19 19:50:38,034 [INFO] IPUIPlugin:80 - create IPUIPlugin
2025-07-19 19:50:38,034 [INFO] PluginManager:220 - loadIPPluginJar : add hash
2025-07-19 19:50:38,039 [INFO] IPUIPlugin:80 - create IPUIPlugin
2025-07-19 19:50:38,040 [INFO] PluginManager:220 - loadIPPluginJar : add i2c
2025-07-19 19:50:38,043 [INFO] IPUIPlugin:80 - create IPUIPlugin
2025-07-19 19:50:38,043 [INFO] PluginManager:220 - loadIPPluginJar : add i2s
2025-07-19 19:50:38,048 [INFO] IPUIPlugin:80 - create IPUIPlugin
2025-07-19 19:50:38,048 [INFO] PluginManager:220 - loadIPPluginJar : add i3c
2025-07-19 19:50:38,053 [INFO] IPUIPlugin:80 - create IPUIPlugin
2025-07-19 19:50:38,053 [INFO] PluginManager:220 - loadIPPluginJar : add ipddr
2025-07-19 19:50:38,062 [INFO] IPUIPlugin:80 - create IPUIPlugin
2025-07-19 19:50:38,062 [INFO] PluginManager:220 - loadIPPluginJar : add linkedlist
2025-07-19 19:50:38,067 [INFO] IPUIPlugin:80 - create IPUIPlugin
2025-07-19 19:50:38,068 [INFO] PluginManager:220 - loadIPPluginJar : add lorawan
2025-07-19 19:50:38,071 [INFO] IPUIPlugin:80 - create IPUIPlugin
2025-07-19 19:50:38,071 [INFO] PluginManager:220 - loadIPPluginJar : add ltdc
2025-07-19 19:50:38,079 [INFO] IPUIPlugin:80 - create IPUIPlugin
2025-07-19 19:50:38,079 [INFO] PluginManager:220 - loadIPPluginJar : add mdma
2025-07-19 19:50:38,088 [INFO] IPUIPlugin:80 - create IPUIPlugin
2025-07-19 19:50:38,088 [INFO] PluginManager:220 - loadIPPluginJar : add nvic
2025-07-19 19:50:38,091 [INFO] IPUIPlugin:80 - create IPUIPlugin
2025-07-19 19:50:38,091 [INFO] PluginManager:220 - loadIPPluginJar : add opamp
2025-07-19 19:50:38,095 [INFO] IPUIPlugin:80 - create IPUIPlugin
2025-07-19 19:50:38,095 [INFO] PluginManager:220 - loadIPPluginJar : add openamp
2025-07-19 19:50:38,098 [INFO] IPUIPlugin:80 - create IPUIPlugin
2025-07-19 19:50:38,098 [INFO] PluginManager:220 - loadIPPluginJar : add pdm2pcm
2025-07-19 19:50:38,104 [INFO] IPUIPlugin:80 - create IPUIPlugin
2025-07-19 19:50:38,106 [INFO] PluginManager:220 - loadIPPluginJar : add plateformsettings
2025-07-19 19:50:38,108 [INFO] IPUIPlugin:80 - create IPUIPlugin
2025-07-19 19:50:38,108 [INFO] PluginManager:220 - loadIPPluginJar : add quadspi
2025-07-19 19:50:38,110 [INFO] IPUIPlugin:80 - create IPUIPlugin
2025-07-19 19:50:38,110 [INFO] PluginManager:220 - loadIPPluginJar : add radio
2025-07-19 19:50:38,115 [INFO] IPUIPlugin:80 - create IPUIPlugin
2025-07-19 19:50:38,115 [INFO] PluginManager:220 - loadIPPluginJar : add resmgrutility
2025-07-19 19:50:38,119 [INFO] IPUIPlugin:80 - create IPUIPlugin
2025-07-19 19:50:38,119 [INFO] PluginManager:220 - loadIPPluginJar : add sai
2025-07-19 19:50:38,121 [INFO] IPUIPlugin:80 - create IPUIPlugin
2025-07-19 19:50:38,121 [INFO] PluginManager:220 - loadIPPluginJar : add spi
2025-07-19 19:50:38,130 [INFO] IPUIPlugin:80 - create IPUIPlugin
2025-07-19 19:50:38,131 [INFO] PluginManager:220 - loadIPPluginJar : add stm32_wpan
2025-07-19 19:50:38,132 [INFO] IPUIPlugin:80 - create IPUIPlugin
2025-07-19 19:50:38,132 [INFO] PluginManager:220 - loadIPPluginJar : add tim
2025-07-19 19:50:38,136 [INFO] IPUIPlugin:80 - create IPUIPlugin
2025-07-19 19:50:38,137 [INFO] PluginManager:220 - loadIPPluginJar : add touchsensing
2025-07-19 19:50:38,139 [INFO] IPUIPlugin:80 - create IPUIPlugin
2025-07-19 19:50:38,139 [INFO] PluginManager:220 - loadIPPluginJar : add tracer_emb
2025-07-19 19:50:38,140 [INFO] IPUIPlugin:80 - create IPUIPlugin
2025-07-19 19:50:38,141 [INFO] PluginManager:220 - loadIPPluginJar : add ts
2025-07-19 19:50:38,142 [INFO] IPUIPlugin:80 - create IPUIPlugin
2025-07-19 19:50:38,142 [INFO] PluginManager:220 - loadIPPluginJar : add tsc
2025-07-19 19:50:38,144 [INFO] IPUIPlugin:80 - create IPUIPlugin
2025-07-19 19:50:38,144 [INFO] PluginManager:220 - loadIPPluginJar : add ucpd
2025-07-19 19:50:38,146 [INFO] IPUIPlugin:80 - create IPUIPlugin
2025-07-19 19:50:38,146 [INFO] PluginManager:220 - loadIPPluginJar : add usart
2025-07-19 19:50:38,149 [INFO] IPUIPlugin:80 - create IPUIPlugin
2025-07-19 19:50:38,149 [INFO] PluginManager:220 - loadIPPluginJar : add usbx
2025-07-19 19:50:38,283 [FATAL] Updater:351 - Updater called before beeing initialized
2025-07-19 19:50:38,327 [INFO] RulesReader:64 - Compatibility file has been processed (317 Rules)
2025-07-19 19:50:38,343 [INFO] RulesReader:64 - Compatibility file has been processed (317 Rules)
2025-07-19 19:50:38,353 [INFO] CADModel:165 - CPN selected for project level
2025-07-19 19:50:38,353 [INFO] CADModel:114 - Register for checkConnection events
2025-07-19 19:50:38,354 [FATAL] Updater:351 - Updater called before beeing initialized
2025-07-19 19:50:38,354 [ERROR] CADModel:125 - Updater not yet initialized, retry later 
2025-07-19 19:50:38,505 [FATAL] Updater:351 - Updater called before beeing initialized
2025-07-19 19:50:38,506 [INFO] CADModel:165 - CPN selected for project level
2025-07-19 19:50:38,506 [INFO] CADModel:114 - Register for checkConnection events
2025-07-19 19:50:38,506 [FATAL] Updater:351 - Updater called before beeing initialized
2025-07-19 19:50:38,506 [ERROR] CADModel:125 - Updater not yet initialized, retry later 
2025-07-19 19:50:38,509 [FATAL] Updater:351 - Updater called before beeing initialized
2025-07-19 19:50:38,637 [FATAL] Updater:351 - Updater called before beeing initialized
2025-07-19 19:50:38,640 [INFO] DbMcusAds:53 - JSON generation date=Tue Jul 08 11:14:23 TRT 2025 (1751962463562)
2025-07-19 19:50:38,641 [FATAL] Updater:351 - Updater called before beeing initialized
2025-07-19 19:50:38,813 [WARN] DetailPanel:346 - Failed to get advertising image, set to default
2025-07-19 19:50:38,932 [FATAL] Updater:351 - Updater called before beeing initialized
2025-07-19 19:50:38,934 [FATAL] Updater:351 - Updater called before beeing initialized
2025-07-19 19:50:38,934 [FATAL] Updater:351 - Updater called before beeing initialized
2025-07-19 19:50:38,934 [WARN] DetailPanel:346 - Failed to get advertising image, set to default
2025-07-19 19:50:38,936 [FATAL] Updater:351 - Updater called before beeing initialized
2025-07-19 19:50:38,977 [ERROR] Updater:1198 - MainUpdater not yet initialized. External WinMGr cannot be set.
2025-07-19 19:50:38,979 [INFO] Updater:1134 - Updater Version found : 6.15.0
2025-07-19 19:50:38,994 [INFO] ApplicationProperties:184 - Using Application install path: C:\ST\STM32CubeIDE_1.18.1\STM32CubeIDE\plugins\com.st.stm32cube.common.mx_6.15.0.202507011659
2025-07-19 19:50:40,000 [INFO] ThirdPartyUpdaterWithRetryManager:70 - Updater plugin not ready yet. [2/15]
2025-07-19 19:50:40,578 [ERROR] LogOutputStream:75 - [STDERR_REDIRECT] Jul 19, 2025 7:50:40 PM java.util.prefs.WindowsPreferences <init>
2025-07-19 19:50:40,580 [ERROR] LogOutputStream:75 - [STDERR_REDIRECT] WARNING: Could not open/create prefs root node Software\JavaSoft\Prefs at root 0xffffffff80000002. Windows RegCreateKeyEx(...) returned error code 5.
2025-07-19 19:50:40,580 [ERROR] LogOutputStream:75 - [STDERR_REDIRECT] 
2025-07-19 19:50:42,494 [INFO] MainUpdater:2872 - connection check result : 10
2025-07-19 19:50:42,496 [INFO] MainUpdater:289 - Updater Check For Update Now.
2025-07-19 19:50:42,497 [INFO] MicroXplorer:498 - Change Database Version : DB.6.0.150
2025-07-19 19:50:42,521 [INFO] McuFinderGlobals:63 - Set McuFinder mode to 2 (CubeIDE integrated)
2025-07-19 19:50:42,523 [INFO] UserAuth:487 - Internet connection configuration mode: 1
2025-07-19 19:50:42,704 [INFO] JxBrowserEngine:152 - Initiate JxBrowser Engine with user profile folder
2025-07-19 19:50:43,008 [WARN] MainUpdater:1193 - Updater busy. Cannot search thirdparties
2025-07-19 19:50:43,008 [INFO] ThirdPartyUpdaterWithRetryManager:96 - Updater plugin is busy. [1/15]
2025-07-19 19:50:43,257 [INFO] CheckServerUpdateThread:120 - End of CheckServer Thread
2025-07-19 19:50:44,488 [INFO] WebApp:169 - Instantiating new browser for Auth
2025-07-19 19:50:45,465 [INFO] WebApp:463 - Apply proxy settings
2025-07-19 19:50:45,465 [INFO] WebApp:548 - Chromium requires no authentication
2025-07-19 19:50:45,477 [INFO] WebApp:491 - Direct internet connection detected
2025-07-19 19:50:45,515 [INFO] WebApp:900 - Register for checkConnection events
2025-07-19 19:50:45,516 [INFO] WebApp:463 - Apply proxy settings
2025-07-19 19:50:45,517 [INFO] WebApp:548 - Chromium requires no authentication
2025-07-19 19:50:45,518 [INFO] WebApp:491 - Direct internet connection detected
2025-07-19 19:50:45,665 [INFO] WebApp:225 - Starting web application
2025-07-19 19:50:45,665 [INFO] WebApp:593 - Web application path used C:\ST\STM32CubeIDE_1.18.1\STM32CubeIDE\plugins\com.st.stm32cube.common.mx_6.15.0.202507011659\db\plugins\mcufinder\reactClient1\index.html
2025-07-19 19:50:45,769 [INFO] UserAuth:487 - Internet connection configuration mode: 1
2025-07-19 19:50:46,003 [INFO] WebApp:191 - Connection restablished
2025-07-19 19:50:47,097 [WARN] PackLoader:240 - Cannot read IP mode file for STMicroelectronics.FP-SNS-MOTENVWB1.1.4.0
2025-07-19 19:50:47,155 [WARN] PackLoader:240 - Cannot read IP mode file for STMicroelectronics.FP-ATR-ASTRA1.2.0.2
2025-07-19 19:50:47,172 [WARN] PackLoader:240 - Cannot read IP mode file for STMicroelectronics.X-CUBE-SMBUS.2.1.0
2025-07-19 19:50:47,189 [WARN] PackLoader:240 - Cannot read IP mode file for STMicroelectronics.X-CUBE-ST60.1.0.0
2025-07-19 19:50:47,564 [WARN] PackLoader:240 - Cannot read IP mode file for STMicroelectronics.X-CUBE-AZRTOS-F7.1.1.0
2025-07-19 19:50:47,748 [WARN] PackLoader:240 - Cannot read IP mode file for Infineon.AIROC-Wi-Fi-Bluetooth-STM32.1.7.0
2025-07-19 19:50:47,942 [WARN] PackLoader:240 - Cannot read IP mode file for STMicroelectronics.X-CUBE-AZRTOS-H7.3.4.0
2025-07-19 19:50:47,977 [WARN] PackLoader:240 - Cannot read IP mode file for STMicroelectronics.X-CUBE-DISPLAY.3.0.0
2025-07-19 19:50:48,077 [WARN] PackLoader:240 - Cannot read IP mode file for STMicroelectronics.X-CUBE-NFC10.1.0.0
2025-07-19 19:50:48,159 [WARN] PackLoader:240 - Cannot read IP mode file for STMicroelectronics.X-CUBE-BLEMGR.4.0.0
2025-07-19 19:50:48,240 [WARN] PackLoader:240 - Cannot read IP mode file for emotas.I-CUBE-CANOPEN.1.3.0
2025-07-19 19:50:48,263 [WARN] ConditionMgr:438 - getConditionDescription Invalid condition id : Cortex-A Device cause : null
2025-07-19 19:50:48,357 [WARN] ConditionMgr:1044 - genDependencies : Invalid condition id : Cortex-A Device cause : null
2025-07-19 19:50:48,358 [WARN] ConditionMgr:1044 - genDependencies : Invalid condition id : Cortex-A Device cause : null
2025-07-19 19:50:48,358 [WARN] ConditionMgr:1044 - genDependencies : Invalid condition id : Cortex-A Device cause : null
2025-07-19 19:50:48,378 [WARN] PackLoader:240 - Cannot read IP mode file for STMicroelectronics.FP-SNS-SMARTAG2.1.2.0
2025-07-19 19:50:48,399 [WARN] PackLoader:240 - Cannot read IP mode file for STMicroelectronics.FP-SNS-FLIGHT1.5.1.0
2025-07-19 19:50:48,453 [INFO] LogOutputStream:77 - [STDOUT_REDIRECT] 1 : Invalid condition id : UX_CORESTACK_Condition cause : null
2025-07-19 19:50:48,456 [INFO] LogOutputStream:77 - [STDOUT_REDIRECT] 1 : Invalid condition id : UX_CORESTACK_Condition cause : null
2025-07-19 19:50:48,465 [INFO] LogOutputStream:77 - [STDOUT_REDIRECT] 1 : Invalid condition id : UX_CORESTACK_Condition cause : null
2025-07-19 19:50:48,471 [INFO] LogOutputStream:77 - [STDOUT_REDIRECT] 1 : Invalid condition id : UX_CORESTACK_Condition cause : null
2025-07-19 19:50:48,488 [INFO] LogOutputStream:77 - [STDOUT_REDIRECT] 1 : Invalid condition id : UX_CORESTACK_Condition cause : null
2025-07-19 19:50:48,500 [WARN] PackLoader:240 - Cannot read IP mode file for STMicroelectronics.X-CUBE-AZRTOS-WL.2.0.0
2025-07-19 19:50:48,546 [WARN] PackLoader:240 - Cannot read IP mode file for STMicroelectronics.FP-SNS-MOTENV1.5.0.0
2025-07-19 19:50:48,585 [WARN] PackLoader:240 - Cannot read IP mode file for WES.I-CUBE-Cesium.1.3.0
2025-07-19 19:50:48,624 [WARN] PackLoader:240 - Cannot read IP mode file for STMicroelectronics.X-CUBE-BLE2.3.3.0
2025-07-19 19:50:48,662 [WARN] PackLoader:240 - Cannot read IP mode file for STMicroelectronics.X-CUBE-NFC9.1.0.0
2025-07-19 19:50:48,703 [WARN] PackLoader:240 - Cannot read IP mode file for wolfSSL.I-CUBE-wolfSSL.5.8.0
2025-07-19 19:50:48,732 [WARN] PackLoader:240 - Cannot read IP mode file for STMicroelectronics.X-CUBE-BLE1.7.1.0
2025-07-19 19:50:48,754 [WARN] PackLoader:240 - Cannot read IP mode file for wolfSSL.I-CUBE-wolfMQTT.1.19.2
2025-07-19 19:50:48,777 [WARN] PackLoader:240 - Cannot read IP mode file for STMicroelectronics.X-CUBE-EEPRMA1.5.2.0
2025-07-19 19:50:48,804 [WARN] PackLoader:240 - Cannot read IP mode file for STMicroelectronics.X-CUBE-AI.10.1.0
2025-07-19 19:50:48,897 [WARN] PackLoader:240 - Cannot read IP mode file for STMicroelectronics.X-CUBE-AZRTOS-G0.1.1.0
2025-07-19 19:50:48,980 [WARN] PackLoader:240 - Cannot read IP mode file for STMicroelectronics.X-CUBE-SAFEA1.1.2.2
2025-07-19 19:50:49,004 [WARN] PackLoader:240 - Cannot read IP mode file for STMicroelectronics.X-CUBE-NFC4.3.0.0
2025-07-19 19:50:49,047 [WARN] PackLoader:240 - Cannot read IP mode file for EmbeddedOffice.I-CUBE-FS-RTOS.1.0.1
2025-07-19 19:50:49,062 [WARN] PackLoader:240 - Cannot read IP mode file for STMicroelectronics.X-CUBE-WB05N.2.0.0
2025-07-19 19:50:49,076 [WARN] PackLoader:240 - Cannot read IP mode file for wolfSSL.I-CUBE-wolfTPM.3.8.0
2025-07-19 19:50:49,096 [WARN] PackLoader:240 - Cannot read IP mode file for STMicroelectronics.X-CUBE-TCPP.4.2.0
2025-07-19 19:50:49,134 [WARN] PackLoader:240 - Cannot read IP mode file for RealThread.X-CUBE-RT-Thread_Nano.4.1.1
2025-07-19 19:50:49,152 [WARN] PackLoader:240 - Cannot read IP mode file for STMicroelectronics.FP-ATR-SIGFOX1.3.2.0
2025-07-19 19:50:49,171 [WARN] PackLoader:240 - Cannot read IP mode file for STMicroelectronics.X-CUBE-EEPRMA1.5.1.0
2025-07-19 19:50:49,194 [WARN] PackLoader:240 - Cannot read IP mode file for ITTIA_DB.I-CUBE-ITTIADB.8.9.0
2025-07-19 19:50:49,223 [WARN] PackLoader:240 - Cannot read IP mode file for STMicroelectronics.X-CUBE-ST67W61.1.0.0
2025-07-19 19:50:49,331 [WARN] PackLoader:240 - Cannot read IP mode file for SEGGER.I-CUBE-embOS.1.3.1
2025-07-19 19:50:49,622 [WARN] PackLoader:240 - Cannot read IP mode file for STMicroelectronics.X-CUBE-ALGOBUILD.1.4.0
2025-07-19 19:50:50,163 [WARN] PackLoader:240 - Cannot read IP mode file for STMicroelectronics.X-CUBE-MEMS1.11.3.0
2025-07-19 19:50:50,879 [WARN] PackLoader:240 - Cannot read IP mode file for STMicroelectronics.X-CUBE-PM33A1.1.0.0
2025-07-19 19:50:50,969 [WARN] PackLoader:240 - Cannot read IP mode file for STMicroelectronics.X-CUBE-AZRTOS-F4.1.1.0
2025-07-19 19:50:50,984 [WARN] PackLoader:240 - Cannot read IP mode file for Avnet-IotConnect.X-CUBE-IoTC-DA16k-PMOD.1.0.0
2025-07-19 19:50:51,000 [WARN] PackLoader:240 - Cannot read IP mode file for STMicroelectronics.X-CUBE-ISPU.2.1.0
2025-07-19 19:50:51,024 [WARN] PackLoader:240 - Cannot read IP mode file for STMicroelectronics.X-CUBE-NFC12.1.0.0
2025-07-19 19:50:51,088 [WARN] PackLoader:240 - Cannot read IP mode file for STMicroelectronics.X-CUBE-AZRTOS-L5.2.0.0
2025-07-19 19:50:51,119 [WARN] PackLoader:240 - Cannot read IP mode file for STMicroelectronics.X-CUBE-NFC6.3.1.0
2025-07-19 19:50:51,158 [WARN] PackLoader:240 - Cannot read IP mode file for STMicroelectronics.X-CUBE-FREERTOS.1.3.1
2025-07-19 19:50:51,170 [WARN] PackLoader:240 - Cannot read IP mode file for STMicroelectronics.FP-SNS-STAIOTCFT.1.0.0
2025-07-19 19:50:51,180 [WARN] PackLoader:240 - Cannot read IP mode file for STMicroelectronics.X-CUBE-DPower.1.3.0
2025-07-19 19:50:51,232 [WARN] ConditionMgr:438 - getConditionDescription Invalid condition id : LAN8742 Phy interface Condition cause : null
2025-07-19 19:50:51,233 [WARN] PackLoader:240 - Cannot read IP mode file for STMicroelectronics.X-CUBE-AZRTOS-L4.2.0.0
2025-07-19 19:50:51,238 [WARN] ConditionMgr:1044 - genDependencies : Invalid condition id : LAN8742 Phy interface Condition cause : null
2025-07-19 19:50:51,239 [WARN] ConditionMgr:1044 - genDependencies : Invalid condition id : LAN8742 Phy interface Condition cause : null
2025-07-19 19:50:51,241 [WARN] ConditionMgr:1044 - genDependencies : Invalid condition id : LAN8742 Phy interface Condition cause : null
2025-07-19 19:50:51,260 [WARN] PackLoader:240 - Cannot read IP mode file for STMicroelectronics.X-CUBE-SFXS2LP1.4.0.0
2025-07-19 19:50:51,322 [WARN] PackLoader:240 - Cannot read IP mode file for STMicroelectronics.X-CUBE-AZRTOS-H7.3.3.0
2025-07-19 19:50:51,360 [WARN] ConditionMgr:438 - getConditionDescription Invalid condition id : UX DEVICE CLASS RTOS Condition cause : null
2025-07-19 19:50:51,361 [WARN] ConditionMgr:438 - getConditionDescription Invalid condition id : UX DEVICE CLASS RTOS Condition cause : null
2025-07-19 19:50:51,368 [WARN] PackLoader:240 - Cannot read IP mode file for STMicroelectronics.X-CUBE-AZRTOS-WB.2.0.0
2025-07-19 19:50:51,369 [WARN] ConditionMgr:1044 - genDependencies : Invalid condition id : UX DEVICE CLASS RTOS Condition cause : null
2025-07-19 19:50:51,370 [WARN] ConditionMgr:1044 - genDependencies : Invalid condition id : UX DEVICE CLASS RTOS Condition cause : null
2025-07-19 19:50:51,370 [WARN] ConditionMgr:1044 - genDependencies : Invalid condition id : UX DEVICE CLASS RTOS Condition cause : null
2025-07-19 19:50:51,370 [WARN] ConditionMgr:1044 - genDependencies : Invalid condition id : UX DEVICE CLASS RTOS Condition cause : null
2025-07-19 19:50:51,370 [WARN] ConditionMgr:1044 - genDependencies : Invalid condition id : UX DEVICE CLASS RTOS Condition cause : null
2025-07-19 19:50:51,385 [WARN] PackLoader:240 - Cannot read IP mode file for STMicroelectronics.X-CUBE-GNSS1.7.0.1
2025-07-19 19:50:51,395 [WARN] PackLoader:240 - Cannot read IP mode file for STMicroelectronics.X-CUBE-TOUCHGFX.4.25.0
2025-07-19 19:50:51,407 [WARN] PackLoader:240 - Cannot read IP mode file for STMicroelectronics.FP-SNS-STBOX1.2.0.0
2025-07-19 19:50:51,430 [WARN] PackLoader:240 - Cannot read IP mode file for STMicroelectronics.X-CUBE-SUBG2.5.0.0
2025-07-19 19:50:51,493 [WARN] PackLoader:240 - Cannot read IP mode file for STMicroelectronics.X-CUBE-AZRTOS-H7RS.1.1.0
2025-07-19 19:50:51,502 [WARN] PackLoader:240 - Cannot read IP mode file for Cesanta.I-CUBE-Mongoose.7.13.0
2025-07-19 19:50:51,526 [WARN] PackLoader:240 - Cannot read IP mode file for STMicroelectronics.X-CUBE-AZRTOS-G4.2.0.0
2025-07-19 19:50:51,538 [WARN] PackLoader:240 - Cannot read IP mode file for wolfSSL.I-CUBE-wolfSSH.1.4.20
2025-07-19 19:50:51,547 [WARN] PackLoader:240 - Cannot read IP mode file for STMicroelectronics.X-CUBE-NFC7.2.0.0
2025-07-19 19:50:51,566 [WARN] PackLoader:240 - Cannot read IP mode file for STMicroelectronics.X-CUBE-IPS.3.1.0
2025-07-19 19:50:51,587 [WARN] PackLoader:240 - Cannot read IP mode file for STMicroelectronics.X-CUBE-ALS.1.0.2
2025-07-19 19:50:51,595 [WARN] PackLoader:240 - Cannot read IP mode file for portGmbH.I-Cube-SoM-uGOAL.1.1.0
2025-07-19 19:50:51,612 [WARN] PackLoader:240 - Cannot read IP mode file for STMicroelectronics.X-CUBE-TOF1.3.4.3
2025-07-19 19:50:51,662 [INFO] ThirdParty:978 - Integrity check success = true
2025-07-19 19:50:51,662 [INFO] IntegrityCheckThread:100 - exiting critical section [integrity check]
2025-07-19 19:50:51,662 [INFO] IntegrityCheckThread:103 - End integrity checks thread
