2025-07-20 01:32:18,092 [INFO] Activator:176 - 


2025-07-20 01:32:18,148 [INFO] Activator:177 - !SESSION log4j initialized
2025-07-20 01:32:27,676 [INFO] LogOutputStream:77 - [STDOUT_REDIRECT] 
2025-07-20 01:32:39,305 [INFO] ApplicationProperties:184 - Using Application install path: C:\ST\STM32CubeIDE_1.18.1\STM32CubeIDE\plugins\com.st.stm32cube.common.mx_6.15.0.202507011659
2025-07-20 01:32:39,326 [INFO] DbMcusXml:78 - Set database path to: C:\ST\STM32CubeIDE_1.18.1\STM32CubeIDE\plugins\com.st.stm32cube.common.mx_6.15.0.202507011659\\db\/mcu/
2025-07-20 01:32:39,326 [INFO] ApiDb:274 - Set plugin database path to: C:\ST\STM32CubeIDE_1.18.1\STM32CubeIDE\plugins\com.st.stm32cube.common.mx_6.15.0.202507011659\\db\/plugins/boardmanager/
2025-07-20 01:32:39,372 [WARN] ApiDb:259 - Overriding images path with different value:  => C:\ST\STM32CubeIDE_1.18.1\STM32CubeIDE\plugins\com.st.stm32cube.common.mx_6.15.0.202507011659\\db\/plugins/mcufinder/images/
2025-07-20 01:32:39,387 [INFO] ApiDb:250 - Set database path to: C:\Users\aliya\.stmcufinder\plugins\mcufinder//mcu/
2025-07-20 01:32:39,391 [INFO] DbMcusAds:125 - Set database path to: C:\Users\aliya\.stmcufinder\plugins\mcufinder//mcu/
2025-07-20 01:32:39,517 [INFO] CrossReferenceDbSqlite:203 - Set database path to: C:\Users\aliya\.stmcufinder\plugins\mcufinder//mcu/cs/
2025-07-20 01:32:40,023 [INFO] RulesReader:64 - Compatibility file has been processed (317 Rules)
2025-07-20 01:32:40,086 [INFO] McuFinderGlobals:63 - Set McuFinder mode to 2 (CubeIDE integrated)
2025-07-20 01:32:40,254 [INFO] DbMcusXml:78 - Set database path to: C:\ST\STM32CubeIDE_1.18.1\STM32CubeIDE\plugins\com.st.stm32cube.common.mx_6.15.0.202507011659\\db\/mcu/
2025-07-20 01:32:40,255 [INFO] ApiDb:274 - Set plugin database path to: C:\ST\STM32CubeIDE_1.18.1\STM32CubeIDE\plugins\com.st.stm32cube.common.mx_6.15.0.202507011659\\db\/plugins/boardmanager/
2025-07-20 01:32:40,255 [INFO] ApiDb:261 - Set plugin images path to: C:\ST\STM32CubeIDE_1.18.1\STM32CubeIDE\plugins\com.st.stm32cube.common.mx_6.15.0.202507011659\\db\/plugins/mcufinder/images/
2025-07-20 01:32:40,255 [WARN] DbFile:41 - Overriding database path with different value: C:\Users\aliya\.stmcufinder\plugins\mcufinder/ => C:\Users\aliya\.stmcufinder\plugins\mcufinder
2025-07-20 01:32:40,255 [INFO] ApiDb:250 - Set database path to: C:\Users\aliya\.stmcufinder\plugins\mcufinder//mcu/
2025-07-20 01:32:40,256 [WARN] DbFile:41 - Overriding database path with different value: C:\Users\aliya\.stmcufinder\plugins\mcufinder/ => C:\Users\aliya\.stmcufinder\plugins\mcufinder
2025-07-20 01:32:40,256 [INFO] DbMcusAds:125 - Set database path to: C:\Users\aliya\.stmcufinder\plugins\mcufinder//mcu/
2025-07-20 01:32:40,256 [WARN] DbFile:41 - Overriding database path with different value: C:\Users\aliya\.stmcufinder\plugins\mcufinder/ => C:\Users\aliya\.stmcufinder\plugins\mcufinder
2025-07-20 01:32:40,256 [WARN] DbFile:41 - Overriding database path with different value: C:\Users\aliya\.stmcufinder\plugins\mcufinder/ => C:\Users\aliya\.stmcufinder\plugins\mcufinder
2025-07-20 01:32:40,256 [INFO] CrossReferenceDbSqlite:203 - Set database path to: C:\Users\aliya\.stmcufinder\plugins\mcufinder//mcu/cs/
2025-07-20 01:32:40,320 [INFO] MainPanel:274 - HeapMemory: 268435456
2025-07-20 01:32:40,392 [INFO] DbMcusXml:78 - Set database path to: C:\ST\STM32CubeIDE_1.18.1\STM32CubeIDE\plugins\com.st.stm32cube.common.mx_6.15.0.202507011659\\db\/mcu/
2025-07-20 01:32:40,392 [INFO] ApiDb:274 - Set plugin database path to: C:\ST\STM32CubeIDE_1.18.1\STM32CubeIDE\plugins\com.st.stm32cube.common.mx_6.15.0.202507011659\\db\/plugins/boardmanager/
2025-07-20 01:32:40,392 [INFO] ApiDb:261 - Set plugin images path to: C:\ST\STM32CubeIDE_1.18.1\STM32CubeIDE\plugins\com.st.stm32cube.common.mx_6.15.0.202507011659\\db\/plugins/mcufinder/images/
2025-07-20 01:32:40,392 [WARN] DbFile:41 - Overriding database path with different value: C:\Users\aliya\.stmcufinder\plugins\mcufinder/ => C:\Users\aliya\.stmcufinder\plugins\mcufinder
2025-07-20 01:32:40,392 [INFO] ApiDb:250 - Set database path to: C:\Users\aliya\.stmcufinder\plugins\mcufinder//mcu/
2025-07-20 01:32:40,392 [WARN] DbFile:41 - Overriding database path with different value: C:\Users\aliya\.stmcufinder\plugins\mcufinder/ => C:\Users\aliya\.stmcufinder\plugins\mcufinder
2025-07-20 01:32:40,392 [INFO] DbMcusAds:125 - Set database path to: C:\Users\aliya\.stmcufinder\plugins\mcufinder//mcu/
2025-07-20 01:32:40,392 [WARN] DbFile:41 - Overriding database path with different value: C:\Users\aliya\.stmcufinder\plugins\mcufinder/ => C:\Users\aliya\.stmcufinder\plugins\mcufinder
2025-07-20 01:32:40,392 [WARN] DbFile:41 - Overriding database path with different value: C:\Users\aliya\.stmcufinder\plugins\mcufinder/ => C:\Users\aliya\.stmcufinder\plugins\mcufinder
2025-07-20 01:32:40,393 [INFO] CrossReferenceDbSqlite:203 - Set database path to: C:\Users\aliya\.stmcufinder\plugins\mcufinder//mcu/cs/
2025-07-20 01:32:40,406 [INFO] ApplicationProperties:184 - Using Application install path: C:\ST\STM32CubeIDE_1.18.1\STM32CubeIDE\plugins\com.st.stm32cube.common.mx_6.15.0.202507011659
2025-07-20 01:32:40,407 [INFO] PluginManage:196 - Search for loadable plugins [exclusion list=, ]
2025-07-20 01:32:40,408 [INFO] PluginManage:310 - Check plugin analytics
2025-07-20 01:32:40,641 [INFO] AnalyticsPlugin:253 - Accepted Software Licenses: 
2025-07-20 01:32:40,641 [INFO] AnalyticsPlugin:255 - Accepted CMSIS Pack Licenses: 
2025-07-20 01:32:40,642 [INFO] AnalyticsPlugin:257 - Accepted Firmware Licenses: 
2025-07-20 01:32:40,645 [INFO] PluginManage:359 - Loaded plugin analytics (category:tool,tabindex:-1)
2025-07-20 01:32:40,645 [INFO] PluginManage:310 - Check plugin cadmodel
2025-07-20 01:32:40,650 [INFO] CADModel:105 - Init CAD model plugin
2025-07-20 01:32:40,650 [INFO] PluginManage:359 - Loaded plugin cadmodel (category:power,tabindex:5)
2025-07-20 01:32:40,650 [INFO] PluginManage:310 - Check plugin clock
2025-07-20 01:32:40,661 [INFO] PluginManage:359 - Loaded plugin clock (category:base,tabindex:2)
2025-07-20 01:32:40,662 [INFO] PluginManage:310 - Check plugin ddr
2025-07-20 01:32:40,664 [INFO] PluginManage:359 - Loaded plugin ddr (category:tool,tabindex:6)
2025-07-20 01:32:40,664 [INFO] PluginManage:310 - Check plugin filemanager
2025-07-20 01:32:40,804 [INFO] PluginManage:359 - Loaded plugin filemanager (category:base,tabindex:10)
2025-07-20 01:32:40,804 [INFO] PluginManage:310 - Check plugin ipmanager
2025-07-20 01:32:40,810 [INFO] PluginManage:359 - Loaded plugin ipmanager (category:base,tabindex:5)
2025-07-20 01:32:40,810 [INFO] PluginManage:310 - Check plugin lpbam
2025-07-20 01:32:40,820 [INFO] PluginManage:359 - Loaded plugin lpbam (category:base,tabindex:0)
2025-07-20 01:32:40,820 [INFO] PluginManage:310 - Check plugin memorymap
2025-07-20 01:32:40,830 [INFO] PluginManage:359 - Loaded plugin memorymap (category:base,tabindex:4)
2025-07-20 01:32:40,830 [INFO] PluginManage:310 - Check plugin pinoutandconfiguration
2025-07-20 01:32:40,836 [INFO] PluginManage:359 - Loaded plugin pinoutandconfiguration (category:base,tabindex:1)
2025-07-20 01:32:40,837 [INFO] PluginManage:310 - Check plugin pinoutconfig
2025-07-20 01:32:40,913 [WARN] SupportedApi:132 - Cannot load RTOS API schema: s4s-elt-must-match.1: The content of 'definitions' must match (annotation?, (simpleType | complexType)?, (unique | key | keyref)*)). A problem was found starting at: attribute.
2025-07-20 01:32:41,063 [INFO] PluginManage:359 - Loaded plugin pinoutconfig (category:base,tabindex:0)
2025-07-20 01:32:41,063 [INFO] PluginManage:310 - Check plugin power
2025-07-20 01:32:41,074 [INFO] PluginManage:359 - Loaded plugin power (category:power,tabindex:4)
2025-07-20 01:32:41,074 [INFO] PluginManage:310 - Check plugin projectmanager
2025-07-20 01:32:41,096 [INFO] PluginManage:359 - Loaded plugin projectmanager (category:projectmanager,tabindex:4)
2025-07-20 01:32:41,096 [INFO] PluginManage:310 - Check plugin rif
2025-07-20 01:32:41,106 [INFO] PluginManage:359 - Loaded plugin rif (category:base,tabindex:3)
2025-07-20 01:32:41,107 [INFO] PluginManage:310 - Check plugin thirdparty
2025-07-20 01:32:41,240 [WARN] IntegrityCheckThread:84 - waiting for thirdparty lock release [integrity check]
2025-07-20 01:32:41,242 [INFO] IntegrityCheckThread:86 - entering critical section [integrity check]
2025-07-20 01:32:41,242 [INFO] PluginManage:359 - Loaded plugin thirdparty (category:base,tabindex:-1)
2025-07-20 01:32:41,242 [INFO] PluginManage:310 - Check plugin tools
2025-07-20 01:32:41,242 [INFO] ThirdPartyUpdaterWithRetryManager:70 - Updater plugin not ready yet. [1/15]
2025-07-20 01:32:41,244 [INFO] PluginManage:359 - Loaded plugin tools (category:base,tabindex:7)
2025-07-20 01:32:41,244 [INFO] PluginManage:310 - Check plugin tutovideos
2025-07-20 01:32:41,440 [INFO] PluginManage:359 - Loaded plugin tutovideos (category:base,tabindex:-1)
2025-07-20 01:32:41,440 [INFO] PluginManage:310 - Check plugin updater
2025-07-20 01:32:41,466 [INFO] PluginManage:359 - Loaded plugin updater (category:base,tabindex:12)
2025-07-20 01:32:41,466 [INFO] PluginManage:310 - Check plugin userauth
2025-07-20 01:32:41,472 [INFO] UserAuth:118 - Init User Auth plugin
2025-07-20 01:32:41,473 [INFO] PluginManage:359 - Loaded plugin userauth (category:base,tabindex:14)
2025-07-20 01:32:41,474 [INFO] PluginManage:283 - PluginManage : Loaded plugins [18]
2025-07-20 01:32:41,869 [INFO] PinOutPanel:1589 - setPackage(No Configuration,No Configuration)
2025-07-20 01:32:41,949 [INFO] CADModel:165 - CPN selected for project level
2025-07-20 01:32:41,949 [INFO] CADModel:114 - Register for checkConnection events
2025-07-20 01:32:41,967 [INFO] IPUIPlugin:80 - create IPUIPlugin
2025-07-20 01:32:41,967 [INFO] PluginManager:220 - loadIPPluginJar : add adc
2025-07-20 01:32:41,969 [INFO] IPUIPlugin:80 - create IPUIPlugin
2025-07-20 01:32:41,969 [INFO] PluginManager:220 - loadIPPluginJar : add aes
2025-07-20 01:32:41,972 [INFO] IPUIPlugin:80 - create IPUIPlugin
2025-07-20 01:32:41,972 [INFO] PluginManager:220 - loadIPPluginJar : add can
2025-07-20 01:32:41,974 [INFO] IPUIPlugin:80 - create IPUIPlugin
2025-07-20 01:32:41,974 [INFO] PluginManager:220 - loadIPPluginJar : add comp
2025-07-20 01:32:41,976 [INFO] IPUIPlugin:80 - create IPUIPlugin
2025-07-20 01:32:41,977 [INFO] PluginManager:220 - loadIPPluginJar : add cryp
2025-07-20 01:32:41,979 [INFO] IPUIPlugin:80 - create IPUIPlugin
2025-07-20 01:32:41,979 [INFO] PluginManager:220 - loadIPPluginJar : add ddr_ctrl_phy
2025-07-20 01:32:41,981 [INFO] IPUIPlugin:80 - create IPUIPlugin
2025-07-20 01:32:41,981 [INFO] PluginManager:220 - loadIPPluginJar : add dfsdm
2025-07-20 01:32:41,986 [INFO] IPUIPlugin:80 - create IPUIPlugin
2025-07-20 01:32:41,987 [INFO] PluginManager:220 - loadIPPluginJar : add dma
2025-07-20 01:32:41,989 [INFO] IPUIPlugin:80 - create IPUIPlugin
2025-07-20 01:32:41,989 [INFO] PluginManager:220 - loadIPPluginJar : add dma3
2025-07-20 01:32:41,992 [INFO] IPUIPlugin:80 - create IPUIPlugin
2025-07-20 01:32:41,992 [INFO] PluginManager:220 - loadIPPluginJar : add extmemmanager
2025-07-20 01:32:41,993 [INFO] IPUIPlugin:80 - create IPUIPlugin
2025-07-20 01:32:41,994 [INFO] PluginManager:220 - loadIPPluginJar : add fatfs
2025-07-20 01:32:41,998 [INFO] IPUIPlugin:80 - create IPUIPlugin
2025-07-20 01:32:41,998 [INFO] PluginManager:220 - loadIPPluginJar : add fmc
2025-07-20 01:32:42,003 [INFO] IPUIPlugin:80 - create IPUIPlugin
2025-07-20 01:32:42,003 [INFO] PluginManager:220 - loadIPPluginJar : add freertos
2025-07-20 01:32:42,004 [INFO] IPUIPlugin:80 - create IPUIPlugin
2025-07-20 01:32:42,004 [INFO] PluginManager:220 - loadIPPluginJar : add genericplugin
2025-07-20 01:32:42,006 [INFO] IPUIPlugin:80 - create IPUIPlugin
2025-07-20 01:32:42,006 [INFO] PluginManager:220 - loadIPPluginJar : add gfxmmu
2025-07-20 01:32:42,011 [INFO] IPUIPlugin:80 - create IPUIPlugin
2025-07-20 01:32:42,011 [INFO] PluginManager:220 - loadIPPluginJar : add gic
2025-07-20 01:32:42,015 [INFO] IPUIPlugin:80 - create IPUIPlugin
2025-07-20 01:32:42,015 [INFO] PluginManager:220 - loadIPPluginJar : add gpio
2025-07-20 01:32:42,018 [INFO] IPUIPlugin:80 - create IPUIPlugin
2025-07-20 01:32:42,018 [INFO] PluginManager:220 - loadIPPluginJar : add gtzc
2025-07-20 01:32:42,020 [INFO] IPUIPlugin:80 - create IPUIPlugin
2025-07-20 01:32:42,020 [INFO] PluginManager:220 - loadIPPluginJar : add hash
2025-07-20 01:32:42,022 [INFO] IPUIPlugin:80 - create IPUIPlugin
2025-07-20 01:32:42,022 [INFO] PluginManager:220 - loadIPPluginJar : add i2c
2025-07-20 01:32:42,025 [INFO] IPUIPlugin:80 - create IPUIPlugin
2025-07-20 01:32:42,025 [INFO] PluginManager:220 - loadIPPluginJar : add i2s
2025-07-20 01:32:42,029 [INFO] IPUIPlugin:80 - create IPUIPlugin
2025-07-20 01:32:42,029 [INFO] PluginManager:220 - loadIPPluginJar : add i3c
2025-07-20 01:32:42,033 [INFO] IPUIPlugin:80 - create IPUIPlugin
2025-07-20 01:32:42,034 [INFO] PluginManager:220 - loadIPPluginJar : add ipddr
2025-07-20 01:32:42,041 [INFO] IPUIPlugin:80 - create IPUIPlugin
2025-07-20 01:32:42,041 [INFO] PluginManager:220 - loadIPPluginJar : add linkedlist
2025-07-20 01:32:42,043 [INFO] IPUIPlugin:80 - create IPUIPlugin
2025-07-20 01:32:42,044 [INFO] PluginManager:220 - loadIPPluginJar : add lorawan
2025-07-20 01:32:42,045 [INFO] IPUIPlugin:80 - create IPUIPlugin
2025-07-20 01:32:42,045 [INFO] PluginManager:220 - loadIPPluginJar : add ltdc
2025-07-20 01:32:42,050 [INFO] IPUIPlugin:80 - create IPUIPlugin
2025-07-20 01:32:42,051 [INFO] PluginManager:220 - loadIPPluginJar : add mdma
2025-07-20 01:32:42,055 [INFO] IPUIPlugin:80 - create IPUIPlugin
2025-07-20 01:32:42,055 [INFO] PluginManager:220 - loadIPPluginJar : add nvic
2025-07-20 01:32:42,057 [INFO] IPUIPlugin:80 - create IPUIPlugin
2025-07-20 01:32:42,057 [INFO] PluginManager:220 - loadIPPluginJar : add opamp
2025-07-20 01:32:42,060 [INFO] IPUIPlugin:80 - create IPUIPlugin
2025-07-20 01:32:42,060 [INFO] PluginManager:220 - loadIPPluginJar : add openamp
2025-07-20 01:32:42,063 [INFO] IPUIPlugin:80 - create IPUIPlugin
2025-07-20 01:32:42,063 [INFO] PluginManager:220 - loadIPPluginJar : add pdm2pcm
2025-07-20 01:32:42,070 [INFO] IPUIPlugin:80 - create IPUIPlugin
2025-07-20 01:32:42,073 [INFO] PluginManager:220 - loadIPPluginJar : add plateformsettings
2025-07-20 01:32:42,074 [INFO] IPUIPlugin:80 - create IPUIPlugin
2025-07-20 01:32:42,074 [INFO] PluginManager:220 - loadIPPluginJar : add quadspi
2025-07-20 01:32:42,076 [INFO] IPUIPlugin:80 - create IPUIPlugin
2025-07-20 01:32:42,077 [INFO] PluginManager:220 - loadIPPluginJar : add radio
2025-07-20 01:32:42,081 [INFO] IPUIPlugin:80 - create IPUIPlugin
2025-07-20 01:32:42,081 [INFO] PluginManager:220 - loadIPPluginJar : add resmgrutility
2025-07-20 01:32:42,083 [INFO] IPUIPlugin:80 - create IPUIPlugin
2025-07-20 01:32:42,084 [INFO] PluginManager:220 - loadIPPluginJar : add sai
2025-07-20 01:32:42,086 [INFO] IPUIPlugin:80 - create IPUIPlugin
2025-07-20 01:32:42,086 [INFO] PluginManager:220 - loadIPPluginJar : add spi
2025-07-20 01:32:42,091 [INFO] IPUIPlugin:80 - create IPUIPlugin
2025-07-20 01:32:42,092 [INFO] PluginManager:220 - loadIPPluginJar : add stm32_wpan
2025-07-20 01:32:42,094 [INFO] IPUIPlugin:80 - create IPUIPlugin
2025-07-20 01:32:42,094 [INFO] PluginManager:220 - loadIPPluginJar : add tim
2025-07-20 01:32:42,098 [INFO] IPUIPlugin:80 - create IPUIPlugin
2025-07-20 01:32:42,098 [INFO] PluginManager:220 - loadIPPluginJar : add touchsensing
2025-07-20 01:32:42,100 [INFO] IPUIPlugin:80 - create IPUIPlugin
2025-07-20 01:32:42,100 [INFO] PluginManager:220 - loadIPPluginJar : add tracer_emb
2025-07-20 01:32:42,101 [INFO] IPUIPlugin:80 - create IPUIPlugin
2025-07-20 01:32:42,101 [INFO] PluginManager:220 - loadIPPluginJar : add ts
2025-07-20 01:32:42,103 [INFO] IPUIPlugin:80 - create IPUIPlugin
2025-07-20 01:32:42,103 [INFO] PluginManager:220 - loadIPPluginJar : add tsc
2025-07-20 01:32:42,104 [INFO] IPUIPlugin:80 - create IPUIPlugin
2025-07-20 01:32:42,105 [INFO] PluginManager:220 - loadIPPluginJar : add ucpd
2025-07-20 01:32:42,107 [INFO] IPUIPlugin:80 - create IPUIPlugin
2025-07-20 01:32:42,107 [INFO] PluginManager:220 - loadIPPluginJar : add usart
2025-07-20 01:32:42,111 [INFO] IPUIPlugin:80 - create IPUIPlugin
2025-07-20 01:32:42,111 [INFO] PluginManager:220 - loadIPPluginJar : add usbx
2025-07-20 01:32:42,230 [FATAL] Updater:351 - Updater called before beeing initialized
2025-07-20 01:32:42,253 [INFO] RulesReader:64 - Compatibility file has been processed (317 Rules)
2025-07-20 01:32:42,266 [INFO] RulesReader:64 - Compatibility file has been processed (317 Rules)
2025-07-20 01:32:42,274 [INFO] CADModel:165 - CPN selected for project level
2025-07-20 01:32:42,274 [INFO] CADModel:114 - Register for checkConnection events
2025-07-20 01:32:42,274 [FATAL] Updater:351 - Updater called before beeing initialized
2025-07-20 01:32:42,274 [ERROR] CADModel:125 - Updater not yet initialized, retry later 
2025-07-20 01:32:42,422 [FATAL] Updater:351 - Updater called before beeing initialized
2025-07-20 01:32:42,424 [INFO] CADModel:165 - CPN selected for project level
2025-07-20 01:32:42,424 [INFO] CADModel:114 - Register for checkConnection events
2025-07-20 01:32:42,424 [FATAL] Updater:351 - Updater called before beeing initialized
2025-07-20 01:32:42,424 [ERROR] CADModel:125 - Updater not yet initialized, retry later 
2025-07-20 01:32:42,429 [FATAL] Updater:351 - Updater called before beeing initialized
2025-07-20 01:32:42,568 [FATAL] Updater:351 - Updater called before beeing initialized
2025-07-20 01:32:42,575 [INFO] DbMcusAds:53 - JSON generation date=Tue Jul 08 11:14:23 TRT 2025 (1751962463562)
2025-07-20 01:32:42,575 [FATAL] Updater:351 - Updater called before beeing initialized
2025-07-20 01:32:42,620 [WARN] DetailPanel:346 - Failed to get advertising image, set to default
2025-07-20 01:32:42,705 [FATAL] Updater:351 - Updater called before beeing initialized
2025-07-20 01:32:42,706 [FATAL] Updater:351 - Updater called before beeing initialized
2025-07-20 01:32:42,706 [FATAL] Updater:351 - Updater called before beeing initialized
2025-07-20 01:32:42,706 [WARN] DetailPanel:346 - Failed to get advertising image, set to default
2025-07-20 01:32:42,707 [FATAL] Updater:351 - Updater called before beeing initialized
2025-07-20 01:32:42,760 [ERROR] Updater:1198 - MainUpdater not yet initialized. External WinMGr cannot be set.
2025-07-20 01:32:42,762 [INFO] Updater:1134 - Updater Version found : 6.15.0
2025-07-20 01:32:42,776 [INFO] ApplicationProperties:184 - Using Application install path: C:\ST\STM32CubeIDE_1.18.1\STM32CubeIDE\plugins\com.st.stm32cube.common.mx_6.15.0.202507011659
2025-07-20 01:32:44,243 [INFO] ThirdPartyUpdaterWithRetryManager:70 - Updater plugin not ready yet. [2/15]
2025-07-20 01:32:44,346 [ERROR] LogOutputStream:75 - [STDERR_REDIRECT] Jul 20, 2025 1:32:44 AM java.util.prefs.WindowsPreferences <init>
2025-07-20 01:32:44,347 [ERROR] LogOutputStream:75 - [STDERR_REDIRECT] WARNING: Could not open/create prefs root node Software\JavaSoft\Prefs at root 0xffffffff80000002. Windows RegCreateKeyEx(...) returned error code 5.
2025-07-20 01:32:44,347 [ERROR] LogOutputStream:75 - [STDERR_REDIRECT] 
2025-07-20 01:32:44,809 [INFO] MainUpdater:2872 - connection check result : 10
2025-07-20 01:32:44,811 [INFO] MainUpdater:289 - Updater Check For Update Now.
2025-07-20 01:32:44,811 [INFO] MicroXplorer:498 - Change Database Version : DB.6.0.150
2025-07-20 01:32:44,821 [INFO] McuFinderGlobals:63 - Set McuFinder mode to 2 (CubeIDE integrated)
2025-07-20 01:32:44,822 [INFO] UserAuth:487 - Internet connection configuration mode: 1
2025-07-20 01:32:44,845 [INFO] JxBrowserEngine:152 - Initiate JxBrowser Engine with user profile folder
2025-07-20 01:32:45,015 [INFO] CheckServerUpdateThread:120 - End of CheckServer Thread
2025-07-20 01:32:45,024 [INFO] MainUpdater:2872 - connection check result : 10
2025-07-20 01:32:45,025 [INFO] MainUpdater:2872 - connection check result : 10
2025-07-20 01:32:45,056 [INFO] MicroXplorer:468 - Change Database Path : 
2025-07-20 01:32:45,056 [INFO] MicroXplorer:498 - Change Database Version : DB.6.0.150
2025-07-20 01:32:45,066 [WARN] ThirdParty:871 - waiting for thirdparty lock release [close project]
2025-07-20 01:32:45,619 [INFO] WebApp:169 - Instantiating new browser for Auth
2025-07-20 01:32:46,561 [INFO] WebApp:463 - Apply proxy settings
2025-07-20 01:32:46,561 [INFO] WebApp:548 - Chromium requires no authentication
2025-07-20 01:32:46,567 [INFO] WebApp:491 - Direct internet connection detected
2025-07-20 01:32:46,603 [INFO] WebApp:900 - Register for checkConnection events
2025-07-20 01:32:46,603 [INFO] WebApp:463 - Apply proxy settings
2025-07-20 01:32:46,603 [INFO] WebApp:548 - Chromium requires no authentication
2025-07-20 01:32:46,603 [INFO] WebApp:491 - Direct internet connection detected
2025-07-20 01:32:47,133 [INFO] WebApp:191 - Connection restablished
2025-07-20 01:32:47,194 [INFO] WebApp:225 - Starting web application
2025-07-20 01:32:47,195 [INFO] WebApp:593 - Web application path used C:\ST\STM32CubeIDE_1.18.1\STM32CubeIDE\plugins\com.st.stm32cube.common.mx_6.15.0.202507011659\db\plugins\mcufinder\reactClient1\index.html
2025-07-20 01:32:48,001 [INFO] UserAuth:487 - Internet connection configuration mode: 1
2025-07-20 01:32:48,459 [WARN] PackLoader:240 - Cannot read IP mode file for STMicroelectronics.FP-SNS-MOTENVWB1.1.4.0
2025-07-20 01:32:48,496 [WARN] PackLoader:240 - Cannot read IP mode file for STMicroelectronics.FP-ATR-ASTRA1.2.0.2
2025-07-20 01:32:48,520 [WARN] PackLoader:240 - Cannot read IP mode file for STMicroelectronics.X-CUBE-SMBUS.2.1.0
2025-07-20 01:32:48,530 [WARN] PackLoader:240 - Cannot read IP mode file for STMicroelectronics.X-CUBE-ST60.1.0.0
2025-07-20 01:32:48,578 [WARN] PackLoader:240 - Cannot read IP mode file for STMicroelectronics.X-CUBE-AZRTOS-F7.1.1.0
2025-07-20 01:32:48,650 [WARN] PackLoader:240 - Cannot read IP mode file for Infineon.AIROC-Wi-Fi-Bluetooth-STM32.1.7.0
2025-07-20 01:32:48,704 [WARN] PackLoader:240 - Cannot read IP mode file for STMicroelectronics.X-CUBE-AZRTOS-H7.3.4.0
2025-07-20 01:32:48,720 [WARN] PackLoader:240 - Cannot read IP mode file for STMicroelectronics.X-CUBE-DISPLAY.3.0.0
2025-07-20 01:32:48,737 [WARN] PackLoader:240 - Cannot read IP mode file for STMicroelectronics.X-CUBE-NFC10.1.0.0
2025-07-20 01:32:48,756 [WARN] PackLoader:240 - Cannot read IP mode file for STMicroelectronics.X-CUBE-BLEMGR.4.0.0
2025-07-20 01:32:48,768 [WARN] PackLoader:240 - Cannot read IP mode file for emotas.I-CUBE-CANOPEN.1.3.0
2025-07-20 01:32:48,777 [WARN] ConditionMgr:438 - getConditionDescription Invalid condition id : Cortex-A Device cause : null
2025-07-20 01:32:48,796 [WARN] ConditionMgr:1044 - genDependencies : Invalid condition id : Cortex-A Device cause : null
2025-07-20 01:32:48,797 [WARN] ConditionMgr:1044 - genDependencies : Invalid condition id : Cortex-A Device cause : null
2025-07-20 01:32:48,797 [WARN] ConditionMgr:1044 - genDependencies : Invalid condition id : Cortex-A Device cause : null
2025-07-20 01:32:48,803 [WARN] PackLoader:240 - Cannot read IP mode file for STMicroelectronics.FP-SNS-SMARTAG2.1.2.0
2025-07-20 01:32:48,811 [WARN] PackLoader:240 - Cannot read IP mode file for STMicroelectronics.FP-SNS-FLIGHT1.5.1.0
2025-07-20 01:32:48,827 [INFO] LogOutputStream:77 - [STDOUT_REDIRECT] 1 : Invalid condition id : UX_CORESTACK_Condition cause : null
2025-07-20 01:32:48,829 [INFO] LogOutputStream:77 - [STDOUT_REDIRECT] 1 : Invalid condition id : UX_CORESTACK_Condition cause : null
2025-07-20 01:32:48,831 [INFO] LogOutputStream:77 - [STDOUT_REDIRECT] 1 : Invalid condition id : UX_CORESTACK_Condition cause : null
2025-07-20 01:32:48,833 [INFO] LogOutputStream:77 - [STDOUT_REDIRECT] 1 : Invalid condition id : UX_CORESTACK_Condition cause : null
2025-07-20 01:32:48,834 [INFO] LogOutputStream:77 - [STDOUT_REDIRECT] 1 : Invalid condition id : UX_CORESTACK_Condition cause : null
2025-07-20 01:32:48,839 [WARN] PackLoader:240 - Cannot read IP mode file for STMicroelectronics.X-CUBE-AZRTOS-WL.2.0.0
2025-07-20 01:32:48,847 [WARN] PackLoader:240 - Cannot read IP mode file for STMicroelectronics.FP-SNS-MOTENV1.5.0.0
2025-07-20 01:32:48,860 [WARN] PackLoader:240 - Cannot read IP mode file for WES.I-CUBE-Cesium.1.3.0
2025-07-20 01:32:48,868 [WARN] PackLoader:240 - Cannot read IP mode file for STMicroelectronics.X-CUBE-BLE2.3.3.0
2025-07-20 01:32:48,877 [WARN] PackLoader:240 - Cannot read IP mode file for STMicroelectronics.X-CUBE-NFC9.1.0.0
2025-07-20 01:32:48,887 [WARN] PackLoader:240 - Cannot read IP mode file for wolfSSL.I-CUBE-wolfSSL.5.8.0
2025-07-20 01:32:48,894 [WARN] PackLoader:240 - Cannot read IP mode file for STMicroelectronics.X-CUBE-BLE1.7.1.0
2025-07-20 01:32:48,900 [WARN] PackLoader:240 - Cannot read IP mode file for wolfSSL.I-CUBE-wolfMQTT.1.19.2
2025-07-20 01:32:48,908 [WARN] PackLoader:240 - Cannot read IP mode file for STMicroelectronics.X-CUBE-EEPRMA1.5.2.0
2025-07-20 01:32:48,916 [WARN] PackLoader:240 - Cannot read IP mode file for STMicroelectronics.X-CUBE-AI.10.1.0
2025-07-20 01:32:48,938 [WARN] PackLoader:240 - Cannot read IP mode file for STMicroelectronics.X-CUBE-AZRTOS-G0.1.1.0
2025-07-20 01:32:48,948 [WARN] PackLoader:240 - Cannot read IP mode file for STMicroelectronics.X-CUBE-SAFEA1.1.2.2
2025-07-20 01:32:48,957 [WARN] PackLoader:240 - Cannot read IP mode file for STMicroelectronics.X-CUBE-NFC4.3.0.0
2025-07-20 01:32:48,988 [WARN] PackLoader:240 - Cannot read IP mode file for EmbeddedOffice.I-CUBE-FS-RTOS.1.0.1
2025-07-20 01:32:48,998 [WARN] PackLoader:240 - Cannot read IP mode file for STMicroelectronics.X-CUBE-WB05N.2.0.0
2025-07-20 01:32:49,004 [WARN] PackLoader:240 - Cannot read IP mode file for wolfSSL.I-CUBE-wolfTPM.3.8.0
2025-07-20 01:32:49,011 [WARN] PackLoader:240 - Cannot read IP mode file for STMicroelectronics.X-CUBE-TCPP.4.2.0
2025-07-20 01:32:49,019 [WARN] PackLoader:240 - Cannot read IP mode file for RealThread.X-CUBE-RT-Thread_Nano.4.1.1
2025-07-20 01:32:49,026 [WARN] PackLoader:240 - Cannot read IP mode file for STMicroelectronics.FP-ATR-SIGFOX1.3.2.0
2025-07-20 01:32:49,034 [WARN] PackLoader:240 - Cannot read IP mode file for STMicroelectronics.X-CUBE-EEPRMA1.5.1.0
2025-07-20 01:32:49,045 [WARN] PackLoader:240 - Cannot read IP mode file for ITTIA_DB.I-CUBE-ITTIADB.8.9.0
2025-07-20 01:32:49,055 [WARN] PackLoader:240 - Cannot read IP mode file for STMicroelectronics.X-CUBE-ST67W61.1.0.0
2025-07-20 01:32:49,095 [WARN] PackLoader:240 - Cannot read IP mode file for SEGGER.I-CUBE-embOS.1.3.1
2025-07-20 01:32:49,225 [WARN] PackLoader:240 - Cannot read IP mode file for STMicroelectronics.X-CUBE-ALGOBUILD.1.4.0
2025-07-20 01:32:49,300 [WARN] PackLoader:240 - Cannot read IP mode file for STMicroelectronics.X-CUBE-MEMS1.11.3.0
2025-07-20 01:32:49,454 [WARN] PackLoader:240 - Cannot read IP mode file for STMicroelectronics.X-CUBE-PM33A1.1.0.0
2025-07-20 01:32:49,477 [WARN] PackLoader:240 - Cannot read IP mode file for STMicroelectronics.X-CUBE-AZRTOS-F4.1.1.0
2025-07-20 01:32:49,483 [WARN] PackLoader:240 - Cannot read IP mode file for Avnet-IotConnect.X-CUBE-IoTC-DA16k-PMOD.1.0.0
2025-07-20 01:32:49,487 [WARN] PackLoader:240 - Cannot read IP mode file for STMicroelectronics.X-CUBE-ISPU.2.1.0
2025-07-20 01:32:49,493 [WARN] PackLoader:240 - Cannot read IP mode file for STMicroelectronics.X-CUBE-NFC12.1.0.0
2025-07-20 01:32:49,508 [WARN] PackLoader:240 - Cannot read IP mode file for STMicroelectronics.X-CUBE-AZRTOS-L5.2.0.0
2025-07-20 01:32:49,520 [WARN] PackLoader:240 - Cannot read IP mode file for STMicroelectronics.X-CUBE-NFC6.3.1.0
2025-07-20 01:32:49,528 [WARN] PackLoader:240 - Cannot read IP mode file for STMicroelectronics.X-CUBE-FREERTOS.1.3.1
2025-07-20 01:32:49,533 [WARN] PackLoader:240 - Cannot read IP mode file for STMicroelectronics.FP-SNS-STAIOTCFT.1.0.0
2025-07-20 01:32:49,540 [WARN] PackLoader:240 - Cannot read IP mode file for STMicroelectronics.X-CUBE-DPower.1.3.0
2025-07-20 01:32:49,562 [WARN] ConditionMgr:438 - getConditionDescription Invalid condition id : LAN8742 Phy interface Condition cause : null
2025-07-20 01:32:49,563 [WARN] PackLoader:240 - Cannot read IP mode file for STMicroelectronics.X-CUBE-AZRTOS-L4.2.0.0
2025-07-20 01:32:49,565 [WARN] ConditionMgr:1044 - genDependencies : Invalid condition id : LAN8742 Phy interface Condition cause : null
2025-07-20 01:32:49,565 [WARN] ConditionMgr:1044 - genDependencies : Invalid condition id : LAN8742 Phy interface Condition cause : null
2025-07-20 01:32:49,566 [WARN] ConditionMgr:1044 - genDependencies : Invalid condition id : LAN8742 Phy interface Condition cause : null
2025-07-20 01:32:49,576 [WARN] PackLoader:240 - Cannot read IP mode file for STMicroelectronics.X-CUBE-SFXS2LP1.4.0.0
2025-07-20 01:32:49,601 [WARN] PackLoader:240 - Cannot read IP mode file for STMicroelectronics.X-CUBE-AZRTOS-H7.3.3.0
2025-07-20 01:32:49,620 [WARN] ConditionMgr:438 - getConditionDescription Invalid condition id : UX DEVICE CLASS RTOS Condition cause : null
2025-07-20 01:32:49,620 [WARN] ConditionMgr:438 - getConditionDescription Invalid condition id : UX DEVICE CLASS RTOS Condition cause : null
2025-07-20 01:32:49,623 [WARN] PackLoader:240 - Cannot read IP mode file for STMicroelectronics.X-CUBE-AZRTOS-WB.2.0.0
2025-07-20 01:32:49,623 [WARN] ConditionMgr:1044 - genDependencies : Invalid condition id : UX DEVICE CLASS RTOS Condition cause : null
2025-07-20 01:32:49,624 [WARN] ConditionMgr:1044 - genDependencies : Invalid condition id : UX DEVICE CLASS RTOS Condition cause : null
2025-07-20 01:32:49,624 [WARN] ConditionMgr:1044 - genDependencies : Invalid condition id : UX DEVICE CLASS RTOS Condition cause : null
2025-07-20 01:32:49,625 [WARN] ConditionMgr:1044 - genDependencies : Invalid condition id : UX DEVICE CLASS RTOS Condition cause : null
2025-07-20 01:32:49,625 [WARN] ConditionMgr:1044 - genDependencies : Invalid condition id : UX DEVICE CLASS RTOS Condition cause : null
2025-07-20 01:32:49,632 [WARN] PackLoader:240 - Cannot read IP mode file for STMicroelectronics.X-CUBE-GNSS1.7.0.1
2025-07-20 01:32:49,639 [WARN] PackLoader:240 - Cannot read IP mode file for STMicroelectronics.X-CUBE-TOUCHGFX.4.25.0
2025-07-20 01:32:49,648 [WARN] PackLoader:240 - Cannot read IP mode file for STMicroelectronics.FP-SNS-STBOX1.2.0.0
2025-07-20 01:32:49,676 [WARN] PackLoader:240 - Cannot read IP mode file for STMicroelectronics.X-CUBE-SUBG2.5.0.0
2025-07-20 01:32:49,705 [WARN] PackLoader:240 - Cannot read IP mode file for STMicroelectronics.X-CUBE-AZRTOS-H7RS.1.1.0
2025-07-20 01:32:49,712 [WARN] PackLoader:240 - Cannot read IP mode file for Cesanta.I-CUBE-Mongoose.7.13.0
2025-07-20 01:32:49,729 [WARN] PackLoader:240 - Cannot read IP mode file for STMicroelectronics.X-CUBE-AZRTOS-G4.2.0.0
2025-07-20 01:32:49,737 [WARN] PackLoader:240 - Cannot read IP mode file for wolfSSL.I-CUBE-wolfSSH.1.4.20
2025-07-20 01:32:49,743 [WARN] PackLoader:240 - Cannot read IP mode file for STMicroelectronics.X-CUBE-NFC7.2.0.0
2025-07-20 01:32:49,760 [WARN] PackLoader:240 - Cannot read IP mode file for STMicroelectronics.X-CUBE-IPS.3.1.0
2025-07-20 01:32:49,771 [WARN] PackLoader:240 - Cannot read IP mode file for STMicroelectronics.X-CUBE-ALS.1.0.2
2025-07-20 01:32:49,779 [WARN] PackLoader:240 - Cannot read IP mode file for portGmbH.I-Cube-SoM-uGOAL.1.1.0
2025-07-20 01:32:49,792 [WARN] PackLoader:240 - Cannot read IP mode file for STMicroelectronics.X-CUBE-TOF1.3.4.3
2025-07-20 01:32:49,807 [INFO] ThirdParty:978 - Integrity check success = true
2025-07-20 01:32:49,807 [INFO] IntegrityCheckThread:100 - exiting critical section [integrity check]
2025-07-20 01:32:49,807 [INFO] IntegrityCheckThread:103 - End integrity checks thread
2025-07-20 01:32:49,807 [INFO] ThirdParty:873 - entering critical section [close project]
2025-07-20 01:32:49,808 [INFO] ThirdParty:883 - exiting critical section [close project]
2025-07-20 01:32:49,811 [INFO] PinOutPanel:1589 - setPackage(No Configuration,No Configuration)
2025-07-20 01:32:49,813 [INFO] UtilMem:75 - Begin LoadConfig() Used Memory: 211261960 Bytes (340787200)
2025-07-20 01:32:49,815 [INFO] MicroXplorer:468 - Change Database Path : 
2025-07-20 01:32:49,815 [INFO] MicroXplorer:498 - Change Database Version : DB.6.0.150
2025-07-20 01:32:49,815 [INFO] OpenFileManager:355 - Change cursor
2025-07-20 01:32:49,852 [INFO] Mcu:2029 - Initializing MCU STM32F446R(C-E)Tx STM32F446RETx STM32F446RET6
2025-07-20 01:32:51,993 [INFO] Context:786 - Trying to add GPIOservice into a context  which must be forbidden
2025-07-20 01:32:52,869 [INFO] ImportTextPane:234 - (OptionalMessage_ERROR) Pin15 (VP_RIF_VS_RIF1) cannot be retrieved for this MCU
2025-07-20 01:32:53,015 [INFO] RtosManager:558 - Registered RTOS mode: class=CMSIS, group=RTOS, mode=CMSIS_V1, owner=FREERTOS
2025-07-20 01:32:53,016 [INFO] RtosManager:558 - Registered RTOS mode: class=CMSIS, group=RTOS2, mode=CMSIS_V2, owner=FREERTOS
2025-07-20 01:32:53,016 [INFO] RtosManager:558 - Registered RTOS mode: class=RTOS, group=Core, mode=CMSIS_V1, owner=FREERTOS
2025-07-20 01:32:53,016 [INFO] RtosManager:558 - Registered RTOS mode: class=RTOS, group=Core, mode=CMSIS_V2, owner=FREERTOS
2025-07-20 01:32:53,016 [WARN] ModelIntegratedComponent:184 - Missing modes for component STMicroelectronics:FreeRTOS:0.0.1:STMicroelectronics:RTOS:FreeRTOS:Core:::10.2.0:
2025-07-20 01:32:53,047 [WARN] ModelIntegratedComponent:63 - No mode defined for component null
2025-07-20 01:32:53,048 [WARN] ModelIntegratedComponent:63 - No mode defined for component null
2025-07-20 01:32:53,048 [WARN] ModelIntegratedComponent:63 - No mode defined for component null
2025-07-20 01:32:53,048 [WARN] ModelIntegratedComponent:63 - No mode defined for component null
2025-07-20 01:32:53,048 [WARN] ModelIntegratedComponent:63 - No mode defined for component null
2025-07-20 01:32:53,048 [WARN] ModelIntegratedComponent:63 - No mode defined for component null
2025-07-20 01:32:53,048 [WARN] ModelIntegratedComponent:63 - No mode defined for component null
2025-07-20 01:32:53,048 [WARN] ModelIntegratedComponent:63 - No mode defined for component null
2025-07-20 01:32:53,048 [WARN] ModelIntegratedComponent:63 - No mode defined for component null
2025-07-20 01:32:53,048 [WARN] ModelIntegratedComponent:63 - No mode defined for component null
2025-07-20 01:32:53,049 [WARN] ModelIntegratedComponent:63 - No mode defined for component null
2025-07-20 01:32:53,049 [WARN] ModelIntegratedComponent:63 - No mode defined for component null
2025-07-20 01:32:53,049 [WARN] ModelIntegratedComponent:63 - No mode defined for component null
2025-07-20 01:32:53,049 [WARN] ModelIntegratedComponent:63 - No mode defined for component null
2025-07-20 01:32:53,049 [WARN] ModelIntegratedComponent:63 - No mode defined for component null
2025-07-20 01:32:53,049 [WARN] ModelIntegratedComponent:63 - No mode defined for component null
2025-07-20 01:32:53,049 [WARN] ModelIntegratedComponent:63 - No mode defined for component null
2025-07-20 01:32:53,049 [WARN] ModelIntegratedComponent:63 - No mode defined for component null
2025-07-20 01:32:53,050 [WARN] ModelIntegratedComponent:63 - No mode defined for component null
2025-07-20 01:32:53,050 [WARN] ModelIntegratedComponent:63 - No mode defined for component null
2025-07-20 01:32:53,050 [WARN] ModelIntegratedComponent:63 - No mode defined for component null
2025-07-20 01:32:53,050 [WARN] ModelIntegratedComponent:63 - No mode defined for component null
2025-07-20 01:32:53,050 [WARN] ModelIntegratedComponent:63 - No mode defined for component null
2025-07-20 01:32:53,050 [WARN] ModelIntegratedComponent:63 - No mode defined for component null
2025-07-20 01:32:53,050 [WARN] ModelIntegratedComponent:63 - No mode defined for component null
2025-07-20 01:32:53,050 [WARN] ModelIntegratedComponent:63 - No mode defined for component null
2025-07-20 01:32:53,051 [WARN] ModelIntegratedComponent:63 - No mode defined for component null
2025-07-20 01:32:53,051 [WARN] ModelIntegratedComponent:63 - No mode defined for component null
2025-07-20 01:32:53,051 [WARN] ModelIntegratedComponent:63 - No mode defined for component null
2025-07-20 01:32:53,051 [WARN] ModelIntegratedComponent:63 - No mode defined for component null
2025-07-20 01:32:53,051 [WARN] ModelIntegratedComponent:63 - No mode defined for component null
2025-07-20 01:32:53,051 [WARN] ModelIntegratedComponent:63 - No mode defined for component null
2025-07-20 01:32:53,051 [WARN] ModelIntegratedComponent:63 - No mode defined for component null
2025-07-20 01:32:53,051 [WARN] ModelIntegratedComponent:63 - No mode defined for component null
2025-07-20 01:32:53,051 [WARN] ModelIntegratedComponent:63 - No mode defined for component null
2025-07-20 01:32:53,051 [WARN] ModelPack:524 - Component already loaded: STMicroelectronics:HAL Drivers:0.0.0:STMicroelectronics:Device:STMicro_Driver:XSPI:HAL::0.0.1:HAL_XSPI
2025-07-20 01:32:53,180 [INFO] ThirdPartyModel:298 - Start build external matchings
2025-07-20 01:32:53,787 [INFO] ThirdPartyModel:316 - End build external matchings
2025-07-20 01:32:53,810 [INFO] RtosManager:1018 - Current active RTOS is FREERTOS [Cortex-M4NS]
2025-07-20 01:32:53,822 [INFO] ImportTextPane:234 - (OptionalMessage_ERROR) IP (RCC) : Invalid parameter (48MHZClocksFreq_Value)
2025-07-20 01:32:53,822 [INFO] ImportTextPane:234 - (OptionalMessage_ERROR) IP (RCC) : Invalid parameter (EthernetFreq_Value)
2025-07-20 01:32:53,824 [INFO] ImportTextPane:234 - (OptionalMessage_ERROR) IP (RCC) : Parameter (FLatency) has Id (AdvancedSettings) currently not set
2025-07-20 01:32:53,824 [INFO] ImportTextPane:234 - (OptionalMessage_ERROR) IP (RCC) : Invalid parameter (FamilyName)
2025-07-20 01:32:53,824 [INFO] ImportTextPane:234 - (OptionalMessage_ERROR) IP (RCC) : Invalid parameter (I2SClocksFreq_Value)
2025-07-20 01:32:53,828 [INFO] ImportTextPane:234 - (OptionalMessage_ERROR) IP (RCC) : Parameter (SDIOFreq_Value) has invalid value (168000000)
2025-07-20 01:32:53,829 [INFO] ImportTextPane:234 - (OptionalMessage_ERROR) IP (RCC) : Parameter (USBFreq_Value) has invalid value (168000000)
2025-07-20 01:32:53,831 [INFO] ImportTextPane:234 - (OptionalMessage_ERROR) IP (RCC) : Invalid parameter (VCOInputMFreq_Value)
2025-07-20 01:32:53,832 [INFO] ImportTextPane:234 - (OptionalMessage_ERROR) IP (RCC) : Invalid parameter (VcooutputI2S)
2025-07-20 01:32:54,545 [INFO] ApiDb:581 - Connected to CubeFinder SQLite database (C:\Users\aliya\.stmcufinder\plugins\mcufinder\mcu\cube-finder-db.db)
2025-07-20 01:32:54,625 [INFO] ApiDb:668 - CubeFinder database Data Model version=2.1
2025-07-20 01:32:54,625 [INFO] ApiDb:669 - CubeFinder database Configuration version=3.0.39
2025-07-20 01:32:54,625 [INFO] ApiDb:670 - CubeFinder database generation date=2025-06-24 (1750757100)
2025-07-20 01:32:54,626 [INFO] ApiDb:671 - CubeFinder database FW Pack versions=[FP-ATR-ASTRA1_V2.0.0, FP-SNS-FLIGHT1_V5.1.0, FP-SNS-MOTENV1_V5.0.0, FP-SNS-MOTENVWB1_V1.4.0, FP-SNS-SMARTAG2_V1.2.0, FP-SNS-STBOX1_V2.0.0, STM32Cube_FW_C0_V1.4.0, STM32Cube_FW_F4_V1.28.2, STM32Cube_FW_F7_V1.17.3, STM32Cube_FW_G0_V1.6.2, STM32Cube_FW_G4_V1.6.1, STM32Cube_FW_H5_V1.5.0, STM32Cube_FW_H7RS_V1.2.0, STM32Cube_FW_H7_V1.12.1, STM32Cube_FW_L0_V1.12.2, STM32Cube_FW_L4_V1.18.1, STM32Cube_FW_L5_V1.5.1, STM32Cube_FW_N6_V1.2.0, STM32Cube_FW_U0_V1.3.0, STM32Cube_FW_U3_V1.2.0, STM32Cube_FW_U5_V1.8.0, STM32Cube_FW_WB0_V1.3.0, STM32Cube_FW_WBA_V1.7.0, STM32Cube_FW_WB_V1.23.0, STM32Cube_FW_WL3_V1.2.0, STM32Cube_FW_WL_V1.3.1, X-CUBE-ALGOBUILD_V1.4.0, X-CUBE-ALS_V1.0.2, X-CUBE-AZRTOS-F4_V1.1.0, X-CUBE-AZRTOS-F7_V1.1.0, X-CUBE-AZRTOS-G0_V1.1.0, X-CUBE-AZRTOS-G4_V2.0.0, X-CUBE-AZRTOS-H7RS_V1.1.0, X-CUBE-AZRTOS-H7_V3.3.0, X-CUBE-AZRTOS-L4_V2.0.0, X-CUBE-AZRTOS-L5_V2.0.0, X-CUBE-AZRTOS-WB_V2.0.0, X-CUBE-AZRTOS-WL_V2.0.0, X-CUBE-BLE1_V7.1.0, X-CUBE-BLE2_V3.3.0, X-CUBE-BLEMGR_V4.0.0, X-CUBE-EEPRMA1_V5.1.0, X-CUBE-FREERTOS_V1.3.1, X-CUBE-GNSS1_V6.0.0, X-CUBE-MEMS1_V11.3.0, X-CUBE-NFC4_V3.0.0, X-CUBE-NFC7_V2.0.0, X-CUBE-SFXS2LP1_V4.0.0, X-CUBE-SUBG2_V5.0.0, X-CUBE-TOF1_V3.4.3]
2025-07-20 01:32:54,699 [INFO] DbBoardsSqlite:226 - include board P-NUCLEO-WB55-NUCLEO as a kit item of type 'Nucleo-64'
2025-07-20 01:32:54,700 [INFO] DbBoardsSqlite:226 - include board P-NUCLEO-WB55-USBDONGLE as a kit item of type 'Nucleo USB Dongle'
2025-07-20 01:32:54,700 [INFO] DbBoardsSqlite:226 - include board STEVAL-IDP005V1 as a kit item of type 'Evaluation Board'
2025-07-20 01:32:54,700 [INFO] DbBoardsSqlite:226 - include board STEVAL-IDP005V2 as a kit item of type 'Evaluation Board'
2025-07-20 01:32:54,782 [INFO] ApiDb:240 - Found 880 in-development CPN: [B-G473E-ZEST1S, B-WB1M-WPAN1, B-WBA5M-WPAN, B-WL5M-SUBG1, NUCLEO-C031C6, NUCLEO-C051C8, NUCLEO-C071RB, NUCLEO-C092RC, NUCLEO-H503RB, NUCLEO-H533RE, NUCLEO-H563ZI, NUCLEO-H7S3L8, NUCLEO-N657X0-Q, NUCLEO-U031R8, NUCLEO-U083RC, NUCLEO-U385RG-Q, NUCLEO-U545RE-Q, NUCLEO-U5A5ZJ-Q, NUCLEO-WB05KZ, NUCLEO-WB07CC, NUCLEO-WB09KE, NUCLEO-WBA52CG, NUCLEO-WBA55CG, NUCLEO-WL33CC1, NUCLEO-WL33CC2, STEVAL-PROTEUS1, STEVAL-SMARTAG2, STEVAL-STWINBX1, STM320518-EVAL, STM32C0116-DK, STM32C011D6Y3TR, STM32C011D6Y6TR, STM32C011F4P3, STM32C011F4P6, STM32C011F4U3, STM32C011F4U6TR, STM32C011F6P3, STM32C011F6P6, STM32C011F6U3, STM32C011F6U6TR, STM32C011J4M3, STM32C011J4M6, STM32C011J6M3, STM32C011J6M6, STM32C0316-DK, STM32C031C4T3, STM32C031C4T6, STM32C031C4U3, STM32C031C4U6, STM32C031C6T3, STM32C031C6T6, STM32C031C6U3, STM32C031C6U6, STM32C031F4P3, STM32C031F4P6, STM32C031F6P3, STM32C031F6P6, STM32C031G4U3, STM32C031G4U6, STM32C031G6U3, STM32C031G6U6, STM32C031K4T3, STM32C031K4T6, STM32C031K4U3, STM32C031K4U6, STM32C031K6T3, STM32C031K6T6, STM32C031K6U3, STM32C031K6U6, STM32C051C6T6, STM32C051C6U6, STM32C051C8T6, STM32C051C8U6, STM32C051D8Y6TR, STM32C051F6P6, STM32C051F8P6, STM32C051G6U6, STM32C051G8U6, STM32C051K6T6, STM32C051K6U6, STM32C051K8T6, STM32C071C8T6, STM32C071C8T6N, STM32C071C8U6, STM32C071C8U6N, STM32C071CBT6, STM32C071CBT6N, STM32C071CBU6, STM32C071CBU6N, STM32C071F8P6, STM32C071F8P6N, STM32C071FBP6, STM32C071FBP6N, STM32C071FBY6TR, STM32C071G8U6, STM32C071G8U6N, STM32C071GBU6, STM32C071GBU6N, STM32C071K8T6, STM32C071K8T6N, STM32C071K8U6, STM32C071K8U6N, STM32C071KBT6, STM32C071KBT6N, STM32C071KBU6, STM32C071KBU6N, STM32C071R8T6, STM32C071R8T6N, STM32C071RBI6N, STM32C071RBT6, STM32C071RBT6N, STM32C091CBT6, STM32C091CBU6, STM32C091CCT6, STM32C091CCU6, STM32C091ECY6TR, STM32C091FBP6, STM32C091FCP6, STM32C091GBU6, STM32C091GCU6, STM32C091KBT6, STM32C091KBU6, STM32C091KCT6, STM32C091KCU6, STM32C091RBT6, STM32C091RCI6, STM32C091RCT6, STM32C092CBT6, STM32C092CBU6, STM32C092CCT6, STM32C092CCU6, STM32C092ECY6TR, STM32C092FBP6, STM32C092FCP6, STM32C092GBU6, STM32C092GCU6, STM32C092KBT6, STM32C092KBU6, STM32C092KCT6, STM32C092KCU6, STM32C092RBT6, STM32C092RCI6, STM32C092RCT6, STM32G071K8TXN, STM32G071K8UXN, STM32G081GBU6N, STM32G081KBT6N, STM32G081KBUXN, STM32G0B1CCT6N, STM32G0B1KCT6, STM32G0B1NEY6TR, STM32G0B1RCT6N, STM32G0C1CCT6, STM32G0C1CCT6N, STM32G0C1CCU6N, STM32G0C1CET6N, STM32G0C1CEU6N, STM32G0C1KCT6, STM32G0C1NEY6TR, STM32G0C1RCI6N, STM32G0C1RCT6N, STM32G0C1REI6N, STM32G0C1RET6N, STM32G0C1VCI6, STM32G0C1VEI6, STM32G411C6T3, STM32G411C6T6, STM32G411C6U3, STM32G411C6U6, STM32G411C8T3, STM32G411C8T6, STM32G411C8U3, STM32G411C8U6, STM32G411CBT3, STM32G411CBT6, STM32G411CBU3, STM32G411CBU6, STM32G411K6T3, STM32G411K6T6, STM32G411K6U3, STM32G411K6U6, STM32G411K8T3, STM32G411K8T6, STM32G411K8U3, STM32G411K8U6, STM32G411KBT3, STM32G411KBT6, STM32G411KBU3, STM32G411KBU6, STM32G411M6T3, STM32G411M6T6, STM32G411M8T3, STM32G411M8T6, STM32G411MBT3, STM32G411MBT6, STM32G411R6T3, STM32G411R6T6, STM32G411R8T3, STM32G411R8T6, STM32G411RBT3, STM32G411RBT6, STM32G414CBT3, STM32G414CBT6, STM32G414CBU3, STM32G414CBU6, STM32G414CCT3, STM32G414CCT6, STM32G414CCU3, STM32G414CCU6, STM32G414MBT3, STM32G414MBT6, STM32G414MCT3, STM32G414MCT6, STM32G414RBT3, STM32G414RBT6, STM32G414RCT3, STM32G414RCT6, STM32G414VBT3, STM32G414VBT6, STM32G414VCT3, STM32G414VCT6, STM32G431CBT3Z, STM32G431RBT3Z, STM32G471CCT6, STM32G471CCU6, STM32G471CET3, STM32G471CET6, STM32G471CEU3, STM32G471CEU6, STM32G471MCT6, STM32G471MET3, STM32G471MET6, STM32G471MEY6TR, STM32G471QCT6, STM32G471QET3, STM32G471RCT6, STM32G471RET3, STM32G471RET6, STM32G471VCH6, STM32G471VCI6, STM32G471VCT6, STM32G471VEH3, STM32G471VEH6, STM32G471VEI3, STM32G471VEI6, STM32G471VET3, STM32G471VET6, STM32G473QET3Z, STM32G473RET3Z, STM32G474CCT6, STM32G491RET3Z, STM32H503CBT6, STM32H503CBU6, STM32H503EBY6TR, STM32H503KBU6, STM32H503RBT6, STM32H523CCT6, STM32H523CCU6, STM32H523CET6, STM32H523CEU6, STM32H523HEY6TR, STM32H523RCT6, STM32H523RET6, STM32H523VCI6, STM32H523VCT6, STM32H523VEI6, STM32H523VET6, STM32H523ZCJ6, STM32H523ZCT6, STM32H523ZEJ6, STM32H523ZET6, STM32H533CET6, STM32H533CEU6, STM32H533HEY6TR, STM32H533RET6, STM32H533VEI6, STM32H533VET6, STM32H533ZEJ6, STM32H533ZET6, STM32H562AGI6, STM32H562AII6, STM32H562IGK6, STM32H562IGT6, STM32H562IIK6, STM32H562IIT6, STM32H562RGT6, STM32H562RGV6, STM32H562RIT6, STM32H562RIV6, STM32H562VGT6, STM32H562VIT6, STM32H562ZGT6, STM32H562ZIT6, STM32H563AGI6, STM32H563AII3Q, STM32H563AII6, STM32H563IGK6, STM32H563IGT6, STM32H563IIK3Q, STM32H563IIK6, STM32H563IIT3Q, STM32H563IIT6, STM32H563MIY3QTR, STM32H563RGT6, STM32H563RGV6, STM32H563RIT6, STM32H563RIV6, STM32H563VGT6, STM32H563VIT3Q, STM32H563VIT6, STM32H563ZGT6, STM32H563ZIT3Q, STM32H563ZIT6, STM32H573AII3Q, STM32H573AII6, STM32H573I-DK, STM32H573IIK3Q, STM32H573IIK6, STM32H573IIT3Q, STM32H573IIT6, STM32H573MIY3QTR, STM32H573RIT6, STM32H573RIV6, STM32H573VIT3Q, STM32H573VIT6, STM32H573ZIT3Q, STM32H573ZIT6, STM32H7R3A8I6, STM32H7R3I8K6, STM32H7R3I8T6, STM32H7R3L8H6, STM32H7R3L8H6H, STM32H7R3R8V6, STM32H7R3V8H6, STM32H7R3V8T6, STM32H7R3V8Y6TR, STM32H7R3Z8J6, STM32H7R3Z8T6, STM32H7R7A8I6, STM32H7R7I8K6, STM32H7R7I8T6, STM32H7R7L8H6, STM32H7R7L8H6H, STM32H7R7Z8J6, STM32H7S3A8I6, STM32H7S3I8K6, STM32H7S3I8T6, STM32H7S3L8H6, STM32H7S3L8H6H, STM32H7S3R8V6, STM32H7S3V8H6, STM32H7S3V8T6, STM32H7S3V8Y6TR, STM32H7S3Z8J6, STM32H7S3Z8T6, STM32H7S78-DK, STM32H7S7A8I6, STM32H7S7I8K6, STM32H7S7I8T6, STM32H7S7L8H6, STM32H7S7L8H6H, STM32H7S7Z8J6, STM32L4R5QGI6STR, STM32MP131AAE3, STM32MP131AAF3, STM32MP131AAG3, STM32MP131CAE3, STM32MP131CAF3, STM32MP131CAG3, STM32MP131DAE7, STM32MP131DAF7, STM32MP131DAG7, STM32MP131FAE7, STM32MP131FAF7, STM32MP131FAG7, STM32MP133AAE3, STM32MP133AAF3, STM32MP133AAG3, STM32MP133CAE3, STM32MP133CAF3, STM32MP133CAG3, STM32MP133DAE7, STM32MP133DAF7, STM32MP133DAG7, STM32MP133FAE7, STM32MP133FAF7, STM32MP133FAG7, STM32MP135AAE3, STM32MP135AAF3, STM32MP135AAG3, STM32MP135CAE3, STM32MP135CAF3, STM32MP135CAG3, STM32MP135DAE7, STM32MP135DAF7, STM32MP135DAG7, STM32MP135F-DK, STM32MP135FAE7, STM32MP135FAF7, STM32MP135FAF7T, STM32MP135FAF7U, STM32MP135FAG7, STM32MP211AAL3, STM32MP211AAM3, STM32MP211AAN3, STM32MP211AAO3, STM32MP211CAL3, STM32MP211CAM3, STM32MP211CAN3, STM32MP211CAO3, STM32MP211DAL3, STM32MP211DAM3, STM32MP211DAN3, STM32MP211DAO3, STM32MP211FAL3, STM32MP211FAM3, STM32MP211FAN3, STM32MP211FAO3, STM32MP213AAL3, STM32MP213AAM3, STM32MP213AAN3, STM32MP213AAO3, STM32MP213CAL3, STM32MP213CAM3, STM32MP213CAN3, STM32MP213CAO3, STM32MP213DAL3, STM32MP213DAM3, STM32MP213DAN3, STM32MP213DAO3, STM32MP213FAL3, STM32MP213FAM3, STM32MP213FAN3, STM32MP213FAO3, STM32MP215AAL3, STM32MP215AAM3, STM32MP215AAN3, STM32MP215AAO3, STM32MP215CAL3, STM32MP215CAM3, STM32MP215CAN3, STM32MP215CAO3, STM32MP215DAL3, STM32MP215DAM3, STM32MP215DAN3, STM32MP215DAO3, STM32MP215F-DK, STM32MP215FAL3, STM32MP215FAM3, STM32MP215FAN3, STM32MP215FAO3, STM32MP231AAJ3, STM32MP231AAK3, STM32MP231AAL3, STM32MP231CAJ3, STM32MP231CAK3, STM32MP231CAL3, STM32MP231DAJ3, STM32MP231DAK3, STM32MP231DAL3, STM32MP231FAJ3, STM32MP231FAK3, STM32MP231FAL3, STM32MP233AAJ3, STM32MP233AAK3, STM32MP233AAL3, STM32MP233CAJ3, STM32MP233CAK3, STM32MP233CAL3, STM32MP233DAJ3, STM32MP233DAK3, STM32MP233DAL3, STM32MP233FAJ3, STM32MP233FAK3, STM32MP233FAL3, STM32MP235AAJ3, STM32MP235AAK3, STM32MP235AAL3, STM32MP235CAJ3, STM32MP235CAK3, STM32MP235CAL3, STM32MP235DAJ3, STM32MP235DAK3, STM32MP235DAL3, STM32MP235FAJ3, STM32MP235FAK3, STM32MP235FAL3, STM32MP251AAI3, STM32MP251AAK3, STM32MP251AAL3, STM32MP251CAI3, STM32MP251CAK3, STM32MP251CAL3, STM32MP251DAI3, STM32MP251DAK3, STM32MP251DAL3, STM32MP251FAI3, STM32MP251FAK3, STM32MP251FAL3, STM32MP253AAI3, STM32MP253AAK3, STM32MP253AAL3, STM32MP253CAI3, STM32MP253CAK3, STM32MP253CAL3, STM32MP253DAI3, STM32MP253DAK3, STM32MP253DAL3, STM32MP253FAI3, STM32MP253FAK3, STM32MP253FAL3, STM32MP255AAI3, STM32MP255AAK3, STM32MP255AAL3, STM32MP255CAI3, STM32MP255CAK3, STM32MP255CAL3, STM32MP255DAI3, STM32MP255DAK3, STM32MP255DAL3, STM32MP255FAI3, STM32MP255FAK3, STM32MP255FAL3, STM32MP257AAI3, STM32MP257AAK3, STM32MP257AAL3, STM32MP257CAI3, STM32MP257CAK3, STM32MP257CAL3, STM32MP257DAI3, STM32MP257DAK3, STM32MP257DAL3, STM32MP257F-DK, STM32MP257F-EV1, STM32MP257FAI3, STM32MP257FAK3, STM32MP257FAL3, STM32N645A0H3Q, STM32N645B0H3Q, STM32N645I0H3Q, STM32N645L0H3Q, STM32N645X0H3Q, STM32N645Z0H3Q, STM32N647A0H3Q, STM32N647B0H3Q, STM32N647I0H3Q, STM32N647L0H3Q, STM32N647X0H3Q, STM32N647Z0H3Q, STM32N655A0H3Q, STM32N655B0H3Q, STM32N655I0H3Q, STM32N655L0H3Q, STM32N655X0H3Q, STM32N655Z0H3Q, STM32N6570-DK, STM32N657A0H3Q, STM32N657B0H3Q, STM32N657I0H3Q, STM32N657L0H3Q, STM32N657X0H3Q, STM32N657Z0H3Q, STM32U031C6T6, STM32U031C6U6, STM32U031C8T6, STM32U031C8U6, STM32U031F4P6, STM32U031F6P6, STM32U031F8P6, STM32U031G6Y6TR, STM32U031G8Y6TR, STM32U031K4U6, STM32U031K6U6, STM32U031K8U6, STM32U031R6I6, STM32U031R6T6, STM32U031R8I6, STM32U031R8T6, STM32U073C8T6, STM32U073C8U6, STM32U073CBT6, STM32U073CBU6, STM32U073CCT6, STM32U073CCU6, STM32U073H8Y6TR, STM32U073HBY6TR, STM32U073HCY6TR, STM32U073K8U6, STM32U073KBU6, STM32U073KCU6, STM32U073M8I6, STM32U073M8T6, STM32U073MBI6, STM32U073MBT6, STM32U073MCI6, STM32U073MCT6, STM32U073R8I6, STM32U073R8T6, STM32U073RBI6, STM32U073RBT6, STM32U073RCI6, STM32U073RCT6, STM32U083C-DK, STM32U083CCT6, STM32U083CCU6, STM32U083HCY6TR, STM32U083KCU6, STM32U083MCI6, STM32U083MCT6, STM32U083RCI6, STM32U083RCT6, STM32U375CET6, STM32U375CET6Q, STM32U375CEU6, STM32U375CEU6Q, STM32U375CEY6QTR, STM32U375CGT6, STM32U375CGT6Q, STM32U375CGU6, STM32U375CGU6Q, STM32U375CGY6QTR, STM32U375KEU6, STM32U375KGU6, STM32U375REI6, STM32U375REI6Q, STM32U375RET6, STM32U375RET6Q, STM32U375REY6GTR, STM32U375REY6QTR, STM32U375RGI6, STM32U375RGI6Q, STM32U375RGT6, STM32U375RGT6Q, STM32U375RGY6GTR, STM32U375RGY6QTR, STM32U375VEI6, STM32U375VEI6Q, STM32U375VET6, STM32U375VET6Q, STM32U375VGI6, STM32U375VGI6Q, STM32U375VGT6, STM32U375VGT6Q, STM32U385CGT6, STM32U385CGT6Q, STM32U385CGU6, STM32U385CGU6Q, STM32U385CGY6QTR, STM32U385KGU6, STM32U385RGI6, STM32U385RGI6Q, STM32U385RGT6, STM32U385RGT6Q, STM32U385RGY6GTR, STM32U385RGY6QTR, STM32U385VGI6, STM32U385VGI6Q, STM32U385VGT6, STM32U385VGT6Q, STM32U535CBT6, STM32U535CBT6Q, STM32U535CBU6, STM32U535CBU6Q, STM32U535CCT6, STM32U535CCT6Q, STM32U535CCU6, STM32U535CCU6Q, STM32U535CET6, STM32U535CET6Q, STM32U535CEU6, STM32U535CEU6Q, STM32U535JEY6QTR, STM32U535NCY6QTR, STM32U535NEY6QTR, STM32U535RBI6, STM32U535RBI6Q, STM32U535RBT6, STM32U535RBT6Q, STM32U535RCI6, STM32U535RCI6Q, STM32U535RCT6, STM32U535RCT6Q, STM32U535REI6, STM32U535REI6Q, STM32U535RET6, STM32U535RET6Q, STM32U535VCI6, STM32U535VCI6Q, STM32U535VCT6, STM32U535VCT6Q, STM32U535VEI6, STM32U535VEI6Q, STM32U535VET6, STM32U535VET6Q, STM32U545CET6, STM32U545CET6Q, STM32U545CEU6, STM32U545CEU6Q, STM32U545JEY6QTR, STM32U545NEY6QTR, STM32U545REI6, STM32U545REI6Q, STM32U545RET6, STM32U545RET6Q, STM32U545VEI6, STM32U545VEI6Q, STM32U545VET6, STM32U545VET6Q, STM32U595AIH6, STM32U595AIH6Q, STM32U595AJH6, STM32U595AJH6Q, STM32U595QII6, STM32U595QII6Q, STM32U595QJI6, STM32U595QJI6Q, STM32U595RIT6, STM32U595RIT6Q, STM32U595RJT6, STM32U595RJT6Q, STM32U595VIT6, STM32U595VIT6Q, STM32U595VJT6, STM32U595VJT6Q, STM32U595ZIT6, STM32U595ZIT6Q, STM32U595ZIY6QTR, STM32U595ZJT6, STM32U595ZJT6Q, STM32U595ZJY6QTR, STM32U599BJY6QTR, STM32U599NIH6Q, STM32U599NJH6Q, STM32U599VIT6Q, STM32U599VJT6, STM32U599VJT6Q, STM32U599ZIT6Q, STM32U599ZIY6QTR, STM32U599ZJT6Q, STM32U599ZJY6QTR, STM32U5A5AJH6, STM32U5A5AJH6Q, STM32U5A5QII3Q , STM32U5A5QJI6, STM32U5A5QJI6Q, STM32U5A5RJT6, STM32U5A5RJT6Q, STM32U5A5VJT6, STM32U5A5VJT6Q, STM32U5A5ZJT6, STM32U5A5ZJT6Q, STM32U5A5ZJY6QTR, STM32U5A9BJY6QTR, STM32U5A9J-DK, STM32U5A9NJH6Q, STM32U5A9VJT6Q, STM32U5A9ZJT6Q, STM32U5A9ZJY6QTR, STM32U5F7VIT6, STM32U5F7VIT6Q, STM32U5F7VJT6, STM32U5F7VJT6Q, STM32U5F9BJY6QTR, STM32U5F9NJH6Q, STM32U5F9VIT6Q, STM32U5F9VJT6Q, STM32U5F9ZIJ6QTR, STM32U5F9ZIT6Q, STM32U5F9ZJJ6QTR, STM32U5F9ZJT6Q, STM32U5G7VJT6, STM32U5G7VJT6Q, STM32U5G9BJY6QTR, STM32U5G9J-DK1, STM32U5G9J-DK2, STM32U5G9NJH6Q, STM32U5G9VJT6Q, STM32U5G9ZJJ6QTR, STM32U5G9ZJT6Q, STM32WB05KZV6TR, STM32WB05KZV7TR, STM32WB05TZF6TR, STM32WB05TZF7TR, STM32WB06CCF6TR, STM32WB06CCF7TR, STM32WB06CCV6TR, STM32WB06CCV7TR, STM32WB06KCV6TR, STM32WB06KCV7TR, STM32WB07CCF6TR, STM32WB07CCF7TR, STM32WB07CCV6TR, STM32WB07CCV7TR, STM32WB07KCV6TR, STM32WB07KCV7TR, STM32WB09KEV6TR, STM32WB09KEV7TR, STM32WB09TEF6TR, STM32WB09TEF7TR, STM32WB1MMCH6, STM32WBA50KGU6, STM32WBA50KGU6TR, STM32WBA52CEU6, STM32WBA52CEU6TR, STM32WBA52CEU7, STM32WBA52CEU7TR, STM32WBA52CGU6, STM32WBA52CGU6TR, STM32WBA52CGU6U, STM32WBA52CGU7, STM32WBA52CGU7TR, STM32WBA52KEU6, STM32WBA52KEU6TR, STM32WBA52KGU6, STM32WBA52KGU6TR, STM32WBA54CEU6, STM32WBA54CEU6TR, STM32WBA54CEU7, STM32WBA54CEU7TR, STM32WBA54CGU6, STM32WBA54CGU6TR, STM32WBA54CGU7, STM32WBA54CGU7TR, STM32WBA54KEU6, STM32WBA54KEU6TR, STM32WBA54KEU7, STM32WBA54KEU7TR, STM32WBA54KGU6, STM32WBA54KGU6TR, STM32WBA54KGU7, STM32WBA54KGU7TR, STM32WBA55CEU6, STM32WBA55CEU6TR, STM32WBA55CEU7, STM32WBA55CEU7TR, STM32WBA55CGU6, STM32WBA55CGU6TR, STM32WBA55CGU6U, STM32WBA55CGU7, STM32WBA55CGU7TR, STM32WBA55G-DK1, STM32WBA55HEF6, STM32WBA55HEF7, STM32WBA55HGF6, STM32WBA55HGF7, STM32WBA55UEI6, STM32WBA55UEI6TR, STM32WBA55UEI7, STM32WBA55UEI7TR, STM32WBA55UGI6, STM32WBA55UGI6TR, STM32WBA55UGI7, STM32WBA55UGI7TR, STM32WBA5MMGH6TR, STM32WBA62MGF6, STM32WBA62MIF6, STM32WBA65MGF7, STM32WBA65MIF6, STM32WBA65MIF7, STM32WL30K8V6, STM32WL30KBV6, STM32WL31C8V6, STM32WL31CBV6, STM32WL31K8V6, STM32WL31KBV6, STM32WL33C8V6, STM32WL33C8V6X, STM32WL33CBV6, STM32WL33CBV6X, STM32WL33CCV6, STM32WL33CCV6A, STM32WL33CCV6X, STM32WL33K8V7, STM32WL33K8V7X, STM32WL33KBV7 , STM32WL33KBV7X, STM32WL33KCV7, STM32WL33KCV7X, STM32WL5MOCH6, STM32WL5MOCH6TR]
2025-07-20 01:32:55,064 [INFO] BoardInfo:889 - No configuration file found for board P-NUCLEO-WB55
2025-07-20 01:32:55,066 [INFO] DbBoards:161 - Kit is not supported: P-NUCLEO-WB55
2025-07-20 01:32:55,074 [INFO] BoardInfo:889 - No configuration file found for board STEVAL-BFA001V1B
2025-07-20 01:32:55,076 [INFO] DbBoards:161 - Kit is not supported: STEVAL-BFA001V1B
2025-07-20 01:32:55,078 [INFO] BoardInfo:889 - No configuration file found for board STEVAL-BFA001V2B
2025-07-20 01:32:55,079 [INFO] DbBoards:161 - Kit is not supported: STEVAL-BFA001V2B
2025-07-20 01:32:55,413 [INFO] DbBoards:168 - Found 212 boards, 209 are supported
2025-07-20 01:32:55,413 [INFO] DbBoards:169 - Found 212 boards, 43 of them is supported for  Bsp
2025-07-20 01:32:55,417 [INFO] ApiDb:668 - CubeFinder database Data Model version=2.1
2025-07-20 01:32:55,417 [INFO] ApiDb:669 - CubeFinder database Configuration version=3.0.39
2025-07-20 01:32:55,417 [INFO] ApiDb:670 - CubeFinder database generation date=2025-06-24 (1750757100)
2025-07-20 01:32:55,417 [INFO] ApiDb:671 - CubeFinder database FW Pack versions=[FP-ATR-ASTRA1_V2.0.0, FP-SNS-FLIGHT1_V5.1.0, FP-SNS-MOTENV1_V5.0.0, FP-SNS-MOTENVWB1_V1.4.0, FP-SNS-SMARTAG2_V1.2.0, FP-SNS-STBOX1_V2.0.0, STM32Cube_FW_C0_V1.4.0, STM32Cube_FW_F4_V1.28.2, STM32Cube_FW_F7_V1.17.3, STM32Cube_FW_G0_V1.6.2, STM32Cube_FW_G4_V1.6.1, STM32Cube_FW_H5_V1.5.0, STM32Cube_FW_H7RS_V1.2.0, STM32Cube_FW_H7_V1.12.1, STM32Cube_FW_L0_V1.12.2, STM32Cube_FW_L4_V1.18.1, STM32Cube_FW_L5_V1.5.1, STM32Cube_FW_N6_V1.2.0, STM32Cube_FW_U0_V1.3.0, STM32Cube_FW_U3_V1.2.0, STM32Cube_FW_U5_V1.8.0, STM32Cube_FW_WB0_V1.3.0, STM32Cube_FW_WBA_V1.7.0, STM32Cube_FW_WB_V1.23.0, STM32Cube_FW_WL3_V1.2.0, STM32Cube_FW_WL_V1.3.1, X-CUBE-ALGOBUILD_V1.4.0, X-CUBE-ALS_V1.0.2, X-CUBE-AZRTOS-F4_V1.1.0, X-CUBE-AZRTOS-F7_V1.1.0, X-CUBE-AZRTOS-G0_V1.1.0, X-CUBE-AZRTOS-G4_V2.0.0, X-CUBE-AZRTOS-H7RS_V1.1.0, X-CUBE-AZRTOS-H7_V3.3.0, X-CUBE-AZRTOS-L4_V2.0.0, X-CUBE-AZRTOS-L5_V2.0.0, X-CUBE-AZRTOS-WB_V2.0.0, X-CUBE-AZRTOS-WL_V2.0.0, X-CUBE-BLE1_V7.1.0, X-CUBE-BLE2_V3.3.0, X-CUBE-BLEMGR_V4.0.0, X-CUBE-EEPRMA1_V5.1.0, X-CUBE-FREERTOS_V1.3.1, X-CUBE-GNSS1_V6.0.0, X-CUBE-MEMS1_V11.3.0, X-CUBE-NFC4_V3.0.0, X-CUBE-NFC7_V2.0.0, X-CUBE-SFXS2LP1_V4.0.0, X-CUBE-SUBG2_V5.0.0, X-CUBE-TOF1_V3.4.3]
2025-07-20 01:32:58,047 [INFO] ApiDb:240 - Found 880 in-development CPN: [B-G473E-ZEST1S, B-WB1M-WPAN1, B-WBA5M-WPAN, B-WL5M-SUBG1, NUCLEO-C031C6, NUCLEO-C051C8, NUCLEO-C071RB, NUCLEO-C092RC, NUCLEO-H503RB, NUCLEO-H533RE, NUCLEO-H563ZI, NUCLEO-H7S3L8, NUCLEO-N657X0-Q, NUCLEO-U031R8, NUCLEO-U083RC, NUCLEO-U385RG-Q, NUCLEO-U545RE-Q, NUCLEO-U5A5ZJ-Q, NUCLEO-WB05KZ, NUCLEO-WB07CC, NUCLEO-WB09KE, NUCLEO-WBA52CG, NUCLEO-WBA55CG, NUCLEO-WL33CC1, NUCLEO-WL33CC2, STEVAL-PROTEUS1, STEVAL-SMARTAG2, STEVAL-STWINBX1, STM320518-EVAL, STM32C0116-DK, STM32C011D6Y3TR, STM32C011D6Y6TR, STM32C011F4P3, STM32C011F4P6, STM32C011F4U3, STM32C011F4U6TR, STM32C011F6P3, STM32C011F6P6, STM32C011F6U3, STM32C011F6U6TR, STM32C011J4M3, STM32C011J4M6, STM32C011J6M3, STM32C011J6M6, STM32C0316-DK, STM32C031C4T3, STM32C031C4T6, STM32C031C4U3, STM32C031C4U6, STM32C031C6T3, STM32C031C6T6, STM32C031C6U3, STM32C031C6U6, STM32C031F4P3, STM32C031F4P6, STM32C031F6P3, STM32C031F6P6, STM32C031G4U3, STM32C031G4U6, STM32C031G6U3, STM32C031G6U6, STM32C031K4T3, STM32C031K4T6, STM32C031K4U3, STM32C031K4U6, STM32C031K6T3, STM32C031K6T6, STM32C031K6U3, STM32C031K6U6, STM32C051C6T6, STM32C051C6U6, STM32C051C8T6, STM32C051C8U6, STM32C051D8Y6TR, STM32C051F6P6, STM32C051F8P6, STM32C051G6U6, STM32C051G8U6, STM32C051K6T6, STM32C051K6U6, STM32C051K8T6, STM32C071C8T6, STM32C071C8T6N, STM32C071C8U6, STM32C071C8U6N, STM32C071CBT6, STM32C071CBT6N, STM32C071CBU6, STM32C071CBU6N, STM32C071F8P6, STM32C071F8P6N, STM32C071FBP6, STM32C071FBP6N, STM32C071FBY6TR, STM32C071G8U6, STM32C071G8U6N, STM32C071GBU6, STM32C071GBU6N, STM32C071K8T6, STM32C071K8T6N, STM32C071K8U6, STM32C071K8U6N, STM32C071KBT6, STM32C071KBT6N, STM32C071KBU6, STM32C071KBU6N, STM32C071R8T6, STM32C071R8T6N, STM32C071RBI6N, STM32C071RBT6, STM32C071RBT6N, STM32C091CBT6, STM32C091CBU6, STM32C091CCT6, STM32C091CCU6, STM32C091ECY6TR, STM32C091FBP6, STM32C091FCP6, STM32C091GBU6, STM32C091GCU6, STM32C091KBT6, STM32C091KBU6, STM32C091KCT6, STM32C091KCU6, STM32C091RBT6, STM32C091RCI6, STM32C091RCT6, STM32C092CBT6, STM32C092CBU6, STM32C092CCT6, STM32C092CCU6, STM32C092ECY6TR, STM32C092FBP6, STM32C092FCP6, STM32C092GBU6, STM32C092GCU6, STM32C092KBT6, STM32C092KBU6, STM32C092KCT6, STM32C092KCU6, STM32C092RBT6, STM32C092RCI6, STM32C092RCT6, STM32G071K8TXN, STM32G071K8UXN, STM32G081GBU6N, STM32G081KBT6N, STM32G081KBUXN, STM32G0B1CCT6N, STM32G0B1KCT6, STM32G0B1NEY6TR, STM32G0B1RCT6N, STM32G0C1CCT6, STM32G0C1CCT6N, STM32G0C1CCU6N, STM32G0C1CET6N, STM32G0C1CEU6N, STM32G0C1KCT6, STM32G0C1NEY6TR, STM32G0C1RCI6N, STM32G0C1RCT6N, STM32G0C1REI6N, STM32G0C1RET6N, STM32G0C1VCI6, STM32G0C1VEI6, STM32G411C6T3, STM32G411C6T6, STM32G411C6U3, STM32G411C6U6, STM32G411C8T3, STM32G411C8T6, STM32G411C8U3, STM32G411C8U6, STM32G411CBT3, STM32G411CBT6, STM32G411CBU3, STM32G411CBU6, STM32G411K6T3, STM32G411K6T6, STM32G411K6U3, STM32G411K6U6, STM32G411K8T3, STM32G411K8T6, STM32G411K8U3, STM32G411K8U6, STM32G411KBT3, STM32G411KBT6, STM32G411KBU3, STM32G411KBU6, STM32G411M6T3, STM32G411M6T6, STM32G411M8T3, STM32G411M8T6, STM32G411MBT3, STM32G411MBT6, STM32G411R6T3, STM32G411R6T6, STM32G411R8T3, STM32G411R8T6, STM32G411RBT3, STM32G411RBT6, STM32G414CBT3, STM32G414CBT6, STM32G414CBU3, STM32G414CBU6, STM32G414CCT3, STM32G414CCT6, STM32G414CCU3, STM32G414CCU6, STM32G414MBT3, STM32G414MBT6, STM32G414MCT3, STM32G414MCT6, STM32G414RBT3, STM32G414RBT6, STM32G414RCT3, STM32G414RCT6, STM32G414VBT3, STM32G414VBT6, STM32G414VCT3, STM32G414VCT6, STM32G431CBT3Z, STM32G431RBT3Z, STM32G471CCT6, STM32G471CCU6, STM32G471CET3, STM32G471CET6, STM32G471CEU3, STM32G471CEU6, STM32G471MCT6, STM32G471MET3, STM32G471MET6, STM32G471MEY6TR, STM32G471QCT6, STM32G471QET3, STM32G471RCT6, STM32G471RET3, STM32G471RET6, STM32G471VCH6, STM32G471VCI6, STM32G471VCT6, STM32G471VEH3, STM32G471VEH6, STM32G471VEI3, STM32G471VEI6, STM32G471VET3, STM32G471VET6, STM32G473QET3Z, STM32G473RET3Z, STM32G474CCT6, STM32G491RET3Z, STM32H503CBT6, STM32H503CBU6, STM32H503EBY6TR, STM32H503KBU6, STM32H503RBT6, STM32H523CCT6, STM32H523CCU6, STM32H523CET6, STM32H523CEU6, STM32H523HEY6TR, STM32H523RCT6, STM32H523RET6, STM32H523VCI6, STM32H523VCT6, STM32H523VEI6, STM32H523VET6, STM32H523ZCJ6, STM32H523ZCT6, STM32H523ZEJ6, STM32H523ZET6, STM32H533CET6, STM32H533CEU6, STM32H533HEY6TR, STM32H533RET6, STM32H533VEI6, STM32H533VET6, STM32H533ZEJ6, STM32H533ZET6, STM32H562AGI6, STM32H562AII6, STM32H562IGK6, STM32H562IGT6, STM32H562IIK6, STM32H562IIT6, STM32H562RGT6, STM32H562RGV6, STM32H562RIT6, STM32H562RIV6, STM32H562VGT6, STM32H562VIT6, STM32H562ZGT6, STM32H562ZIT6, STM32H563AGI6, STM32H563AII3Q, STM32H563AII6, STM32H563IGK6, STM32H563IGT6, STM32H563IIK3Q, STM32H563IIK6, STM32H563IIT3Q, STM32H563IIT6, STM32H563MIY3QTR, STM32H563RGT6, STM32H563RGV6, STM32H563RIT6, STM32H563RIV6, STM32H563VGT6, STM32H563VIT3Q, STM32H563VIT6, STM32H563ZGT6, STM32H563ZIT3Q, STM32H563ZIT6, STM32H573AII3Q, STM32H573AII6, STM32H573I-DK, STM32H573IIK3Q, STM32H573IIK6, STM32H573IIT3Q, STM32H573IIT6, STM32H573MIY3QTR, STM32H573RIT6, STM32H573RIV6, STM32H573VIT3Q, STM32H573VIT6, STM32H573ZIT3Q, STM32H573ZIT6, STM32H7R3A8I6, STM32H7R3I8K6, STM32H7R3I8T6, STM32H7R3L8H6, STM32H7R3L8H6H, STM32H7R3R8V6, STM32H7R3V8H6, STM32H7R3V8T6, STM32H7R3V8Y6TR, STM32H7R3Z8J6, STM32H7R3Z8T6, STM32H7R7A8I6, STM32H7R7I8K6, STM32H7R7I8T6, STM32H7R7L8H6, STM32H7R7L8H6H, STM32H7R7Z8J6, STM32H7S3A8I6, STM32H7S3I8K6, STM32H7S3I8T6, STM32H7S3L8H6, STM32H7S3L8H6H, STM32H7S3R8V6, STM32H7S3V8H6, STM32H7S3V8T6, STM32H7S3V8Y6TR, STM32H7S3Z8J6, STM32H7S3Z8T6, STM32H7S78-DK, STM32H7S7A8I6, STM32H7S7I8K6, STM32H7S7I8T6, STM32H7S7L8H6, STM32H7S7L8H6H, STM32H7S7Z8J6, STM32L4R5QGI6STR, STM32MP131AAE3, STM32MP131AAF3, STM32MP131AAG3, STM32MP131CAE3, STM32MP131CAF3, STM32MP131CAG3, STM32MP131DAE7, STM32MP131DAF7, STM32MP131DAG7, STM32MP131FAE7, STM32MP131FAF7, STM32MP131FAG7, STM32MP133AAE3, STM32MP133AAF3, STM32MP133AAG3, STM32MP133CAE3, STM32MP133CAF3, STM32MP133CAG3, STM32MP133DAE7, STM32MP133DAF7, STM32MP133DAG7, STM32MP133FAE7, STM32MP133FAF7, STM32MP133FAG7, STM32MP135AAE3, STM32MP135AAF3, STM32MP135AAG3, STM32MP135CAE3, STM32MP135CAF3, STM32MP135CAG3, STM32MP135DAE7, STM32MP135DAF7, STM32MP135DAG7, STM32MP135F-DK, STM32MP135FAE7, STM32MP135FAF7, STM32MP135FAF7T, STM32MP135FAF7U, STM32MP135FAG7, STM32MP211AAL3, STM32MP211AAM3, STM32MP211AAN3, STM32MP211AAO3, STM32MP211CAL3, STM32MP211CAM3, STM32MP211CAN3, STM32MP211CAO3, STM32MP211DAL3, STM32MP211DAM3, STM32MP211DAN3, STM32MP211DAO3, STM32MP211FAL3, STM32MP211FAM3, STM32MP211FAN3, STM32MP211FAO3, STM32MP213AAL3, STM32MP213AAM3, STM32MP213AAN3, STM32MP213AAO3, STM32MP213CAL3, STM32MP213CAM3, STM32MP213CAN3, STM32MP213CAO3, STM32MP213DAL3, STM32MP213DAM3, STM32MP213DAN3, STM32MP213DAO3, STM32MP213FAL3, STM32MP213FAM3, STM32MP213FAN3, STM32MP213FAO3, STM32MP215AAL3, STM32MP215AAM3, STM32MP215AAN3, STM32MP215AAO3, STM32MP215CAL3, STM32MP215CAM3, STM32MP215CAN3, STM32MP215CAO3, STM32MP215DAL3, STM32MP215DAM3, STM32MP215DAN3, STM32MP215DAO3, STM32MP215F-DK, STM32MP215FAL3, STM32MP215FAM3, STM32MP215FAN3, STM32MP215FAO3, STM32MP231AAJ3, STM32MP231AAK3, STM32MP231AAL3, STM32MP231CAJ3, STM32MP231CAK3, STM32MP231CAL3, STM32MP231DAJ3, STM32MP231DAK3, STM32MP231DAL3, STM32MP231FAJ3, STM32MP231FAK3, STM32MP231FAL3, STM32MP233AAJ3, STM32MP233AAK3, STM32MP233AAL3, STM32MP233CAJ3, STM32MP233CAK3, STM32MP233CAL3, STM32MP233DAJ3, STM32MP233DAK3, STM32MP233DAL3, STM32MP233FAJ3, STM32MP233FAK3, STM32MP233FAL3, STM32MP235AAJ3, STM32MP235AAK3, STM32MP235AAL3, STM32MP235CAJ3, STM32MP235CAK3, STM32MP235CAL3, STM32MP235DAJ3, STM32MP235DAK3, STM32MP235DAL3, STM32MP235FAJ3, STM32MP235FAK3, STM32MP235FAL3, STM32MP251AAI3, STM32MP251AAK3, STM32MP251AAL3, STM32MP251CAI3, STM32MP251CAK3, STM32MP251CAL3, STM32MP251DAI3, STM32MP251DAK3, STM32MP251DAL3, STM32MP251FAI3, STM32MP251FAK3, STM32MP251FAL3, STM32MP253AAI3, STM32MP253AAK3, STM32MP253AAL3, STM32MP253CAI3, STM32MP253CAK3, STM32MP253CAL3, STM32MP253DAI3, STM32MP253DAK3, STM32MP253DAL3, STM32MP253FAI3, STM32MP253FAK3, STM32MP253FAL3, STM32MP255AAI3, STM32MP255AAK3, STM32MP255AAL3, STM32MP255CAI3, STM32MP255CAK3, STM32MP255CAL3, STM32MP255DAI3, STM32MP255DAK3, STM32MP255DAL3, STM32MP255FAI3, STM32MP255FAK3, STM32MP255FAL3, STM32MP257AAI3, STM32MP257AAK3, STM32MP257AAL3, STM32MP257CAI3, STM32MP257CAK3, STM32MP257CAL3, STM32MP257DAI3, STM32MP257DAK3, STM32MP257DAL3, STM32MP257F-DK, STM32MP257F-EV1, STM32MP257FAI3, STM32MP257FAK3, STM32MP257FAL3, STM32N645A0H3Q, STM32N645B0H3Q, STM32N645I0H3Q, STM32N645L0H3Q, STM32N645X0H3Q, STM32N645Z0H3Q, STM32N647A0H3Q, STM32N647B0H3Q, STM32N647I0H3Q, STM32N647L0H3Q, STM32N647X0H3Q, STM32N647Z0H3Q, STM32N655A0H3Q, STM32N655B0H3Q, STM32N655I0H3Q, STM32N655L0H3Q, STM32N655X0H3Q, STM32N655Z0H3Q, STM32N6570-DK, STM32N657A0H3Q, STM32N657B0H3Q, STM32N657I0H3Q, STM32N657L0H3Q, STM32N657X0H3Q, STM32N657Z0H3Q, STM32U031C6T6, STM32U031C6U6, STM32U031C8T6, STM32U031C8U6, STM32U031F4P6, STM32U031F6P6, STM32U031F8P6, STM32U031G6Y6TR, STM32U031G8Y6TR, STM32U031K4U6, STM32U031K6U6, STM32U031K8U6, STM32U031R6I6, STM32U031R6T6, STM32U031R8I6, STM32U031R8T6, STM32U073C8T6, STM32U073C8U6, STM32U073CBT6, STM32U073CBU6, STM32U073CCT6, STM32U073CCU6, STM32U073H8Y6TR, STM32U073HBY6TR, STM32U073HCY6TR, STM32U073K8U6, STM32U073KBU6, STM32U073KCU6, STM32U073M8I6, STM32U073M8T6, STM32U073MBI6, STM32U073MBT6, STM32U073MCI6, STM32U073MCT6, STM32U073R8I6, STM32U073R8T6, STM32U073RBI6, STM32U073RBT6, STM32U073RCI6, STM32U073RCT6, STM32U083C-DK, STM32U083CCT6, STM32U083CCU6, STM32U083HCY6TR, STM32U083KCU6, STM32U083MCI6, STM32U083MCT6, STM32U083RCI6, STM32U083RCT6, STM32U375CET6, STM32U375CET6Q, STM32U375CEU6, STM32U375CEU6Q, STM32U375CEY6QTR, STM32U375CGT6, STM32U375CGT6Q, STM32U375CGU6, STM32U375CGU6Q, STM32U375CGY6QTR, STM32U375KEU6, STM32U375KGU6, STM32U375REI6, STM32U375REI6Q, STM32U375RET6, STM32U375RET6Q, STM32U375REY6GTR, STM32U375REY6QTR, STM32U375RGI6, STM32U375RGI6Q, STM32U375RGT6, STM32U375RGT6Q, STM32U375RGY6GTR, STM32U375RGY6QTR, STM32U375VEI6, STM32U375VEI6Q, STM32U375VET6, STM32U375VET6Q, STM32U375VGI6, STM32U375VGI6Q, STM32U375VGT6, STM32U375VGT6Q, STM32U385CGT6, STM32U385CGT6Q, STM32U385CGU6, STM32U385CGU6Q, STM32U385CGY6QTR, STM32U385KGU6, STM32U385RGI6, STM32U385RGI6Q, STM32U385RGT6, STM32U385RGT6Q, STM32U385RGY6GTR, STM32U385RGY6QTR, STM32U385VGI6, STM32U385VGI6Q, STM32U385VGT6, STM32U385VGT6Q, STM32U535CBT6, STM32U535CBT6Q, STM32U535CBU6, STM32U535CBU6Q, STM32U535CCT6, STM32U535CCT6Q, STM32U535CCU6, STM32U535CCU6Q, STM32U535CET6, STM32U535CET6Q, STM32U535CEU6, STM32U535CEU6Q, STM32U535JEY6QTR, STM32U535NCY6QTR, STM32U535NEY6QTR, STM32U535RBI6, STM32U535RBI6Q, STM32U535RBT6, STM32U535RBT6Q, STM32U535RCI6, STM32U535RCI6Q, STM32U535RCT6, STM32U535RCT6Q, STM32U535REI6, STM32U535REI6Q, STM32U535RET6, STM32U535RET6Q, STM32U535VCI6, STM32U535VCI6Q, STM32U535VCT6, STM32U535VCT6Q, STM32U535VEI6, STM32U535VEI6Q, STM32U535VET6, STM32U535VET6Q, STM32U545CET6, STM32U545CET6Q, STM32U545CEU6, STM32U545CEU6Q, STM32U545JEY6QTR, STM32U545NEY6QTR, STM32U545REI6, STM32U545REI6Q, STM32U545RET6, STM32U545RET6Q, STM32U545VEI6, STM32U545VEI6Q, STM32U545VET6, STM32U545VET6Q, STM32U595AIH6, STM32U595AIH6Q, STM32U595AJH6, STM32U595AJH6Q, STM32U595QII6, STM32U595QII6Q, STM32U595QJI6, STM32U595QJI6Q, STM32U595RIT6, STM32U595RIT6Q, STM32U595RJT6, STM32U595RJT6Q, STM32U595VIT6, STM32U595VIT6Q, STM32U595VJT6, STM32U595VJT6Q, STM32U595ZIT6, STM32U595ZIT6Q, STM32U595ZIY6QTR, STM32U595ZJT6, STM32U595ZJT6Q, STM32U595ZJY6QTR, STM32U599BJY6QTR, STM32U599NIH6Q, STM32U599NJH6Q, STM32U599VIT6Q, STM32U599VJT6, STM32U599VJT6Q, STM32U599ZIT6Q, STM32U599ZIY6QTR, STM32U599ZJT6Q, STM32U599ZJY6QTR, STM32U5A5AJH6, STM32U5A5AJH6Q, STM32U5A5QII3Q , STM32U5A5QJI6, STM32U5A5QJI6Q, STM32U5A5RJT6, STM32U5A5RJT6Q, STM32U5A5VJT6, STM32U5A5VJT6Q, STM32U5A5ZJT6, STM32U5A5ZJT6Q, STM32U5A5ZJY6QTR, STM32U5A9BJY6QTR, STM32U5A9J-DK, STM32U5A9NJH6Q, STM32U5A9VJT6Q, STM32U5A9ZJT6Q, STM32U5A9ZJY6QTR, STM32U5F7VIT6, STM32U5F7VIT6Q, STM32U5F7VJT6, STM32U5F7VJT6Q, STM32U5F9BJY6QTR, STM32U5F9NJH6Q, STM32U5F9VIT6Q, STM32U5F9VJT6Q, STM32U5F9ZIJ6QTR, STM32U5F9ZIT6Q, STM32U5F9ZJJ6QTR, STM32U5F9ZJT6Q, STM32U5G7VJT6, STM32U5G7VJT6Q, STM32U5G9BJY6QTR, STM32U5G9J-DK1, STM32U5G9J-DK2, STM32U5G9NJH6Q, STM32U5G9VJT6Q, STM32U5G9ZJJ6QTR, STM32U5G9ZJT6Q, STM32WB05KZV6TR, STM32WB05KZV7TR, STM32WB05TZF6TR, STM32WB05TZF7TR, STM32WB06CCF6TR, STM32WB06CCF7TR, STM32WB06CCV6TR, STM32WB06CCV7TR, STM32WB06KCV6TR, STM32WB06KCV7TR, STM32WB07CCF6TR, STM32WB07CCF7TR, STM32WB07CCV6TR, STM32WB07CCV7TR, STM32WB07KCV6TR, STM32WB07KCV7TR, STM32WB09KEV6TR, STM32WB09KEV7TR, STM32WB09TEF6TR, STM32WB09TEF7TR, STM32WB1MMCH6, STM32WBA50KGU6, STM32WBA50KGU6TR, STM32WBA52CEU6, STM32WBA52CEU6TR, STM32WBA52CEU7, STM32WBA52CEU7TR, STM32WBA52CGU6, STM32WBA52CGU6TR, STM32WBA52CGU6U, STM32WBA52CGU7, STM32WBA52CGU7TR, STM32WBA52KEU6, STM32WBA52KEU6TR, STM32WBA52KGU6, STM32WBA52KGU6TR, STM32WBA54CEU6, STM32WBA54CEU6TR, STM32WBA54CEU7, STM32WBA54CEU7TR, STM32WBA54CGU6, STM32WBA54CGU6TR, STM32WBA54CGU7, STM32WBA54CGU7TR, STM32WBA54KEU6, STM32WBA54KEU6TR, STM32WBA54KEU7, STM32WBA54KEU7TR, STM32WBA54KGU6, STM32WBA54KGU6TR, STM32WBA54KGU7, STM32WBA54KGU7TR, STM32WBA55CEU6, STM32WBA55CEU6TR, STM32WBA55CEU7, STM32WBA55CEU7TR, STM32WBA55CGU6, STM32WBA55CGU6TR, STM32WBA55CGU6U, STM32WBA55CGU7, STM32WBA55CGU7TR, STM32WBA55G-DK1, STM32WBA55HEF6, STM32WBA55HEF7, STM32WBA55HGF6, STM32WBA55HGF7, STM32WBA55UEI6, STM32WBA55UEI6TR, STM32WBA55UEI7, STM32WBA55UEI7TR, STM32WBA55UGI6, STM32WBA55UGI6TR, STM32WBA55UGI7, STM32WBA55UGI7TR, STM32WBA5MMGH6TR, STM32WBA62MGF6, STM32WBA62MIF6, STM32WBA65MGF7, STM32WBA65MIF6, STM32WBA65MIF7, STM32WL30K8V6, STM32WL30KBV6, STM32WL31C8V6, STM32WL31CBV6, STM32WL31K8V6, STM32WL31KBV6, STM32WL33C8V6, STM32WL33C8V6X, STM32WL33CBV6, STM32WL33CBV6X, STM32WL33CCV6, STM32WL33CCV6A, STM32WL33CCV6X, STM32WL33K8V7, STM32WL33K8V7X, STM32WL33KBV7 , STM32WL33KBV7X, STM32WL33KCV7, STM32WL33KCV7X, STM32WL5MOCH6, STM32WL5MOCH6TR]
2025-07-20 01:32:58,051 [INFO] DbMcus:218 - Found 4801 MCUs, 4801 are supported
2025-07-20 01:32:58,052 [INFO] ApiDb:423 - Load user favorites file C:\Users\aliya/.stm32cubeide/favorites.mcus.txt: 0 item(s)
2025-07-20 01:32:58,052 [INFO] ApiDb:427 - User favorites MCUs=[]
2025-07-20 01:32:58,052 [INFO] DbMcus:224 - Set 0 / 0 favorites MCUs
2025-07-20 01:32:58,989 [INFO] ApiDb:423 - Load user favorites file C:\Users\aliya/.stm32cubeide/favorites.boards.txt: 1 item(s)
2025-07-20 01:32:58,990 [INFO] ApiDb:427 - User favorites Boards=[NUCLEO-F446RE]
2025-07-20 01:32:58,990 [INFO] DbBoards:198 - Set 1 / 1 favorites Boards
2025-07-20 01:32:59,037 [INFO] UtilMem:75 - End LoadConfig() Used Memory: 249591880 Bytes (398458880)
2025-07-20 01:32:59,335 [WARN] ThirdParty:833 - waiting for thirdparty lock release [change project]
2025-07-20 01:32:59,335 [INFO] ThirdParty:835 - entering critical section [change project]
2025-07-20 01:32:59,336 [INFO] ThirdParty:1030 - CMSIS Pack Vendor :STMicroelectronics X-CUBE-PM33A1 1.0.0
2025-07-20 01:32:59,336 [INFO] ThirdParty:1030 - CMSIS Pack Vendor :STMicroelectronics USBPD 4.1
2025-07-20 01:32:59,336 [INFO] ThirdParty:1030 - CMSIS Pack Vendor :STMicroelectronics X-CUBE-AZRTOS-H7 3.3.0
2025-07-20 01:32:59,336 [INFO] ThirdParty:1030 - CMSIS Pack Vendor :STMicroelectronics X-CUBE-NFC9 1.0.0
2025-07-20 01:32:59,336 [INFO] ThirdParty:1030 - CMSIS Pack Vendor :wolfSSL I-CUBE-wolfSSL 5.8.0
2025-07-20 01:32:59,336 [INFO] ThirdParty:1030 - CMSIS Pack Vendor :STMicroelectronics USB_HOST 2.0.0
2025-07-20 01:32:59,336 [INFO] ThirdParty:1030 - CMSIS Pack Vendor :STMicroelectronics FP-SNS-MOTENVWB1 1.4.0
2025-07-20 01:32:59,336 [INFO] ThirdParty:1030 - CMSIS Pack Vendor :STMicroelectronics X-CUBE-AZRTOS-F4 1.1.0
2025-07-20 01:32:59,336 [INFO] ThirdParty:1030 - CMSIS Pack Vendor :STMicroelectronics LIBJPEG 8.0.0
2025-07-20 01:32:59,336 [INFO] ThirdParty:1030 - CMSIS Pack Vendor :STMicroelectronics FP-ATR-ASTRA1 2.0.2
2025-07-20 01:32:59,336 [INFO] ThirdParty:1030 - CMSIS Pack Vendor :STMicroelectronics X-CUBE-BLE1 7.1.0
2025-07-20 01:32:59,336 [INFO] ThirdParty:1030 - CMSIS Pack Vendor :Avnet-IotConnect X-CUBE-IoTC-DA16k-PMOD 1.0.0
2025-07-20 01:32:59,336 [INFO] ThirdParty:1030 - CMSIS Pack Vendor :STMicroelectronics X-CUBE-SMBUS 2.1.0
2025-07-20 01:32:59,336 [INFO] ThirdParty:1030 - CMSIS Pack Vendor :wolfSSL I-CUBE-wolfMQTT 1.19.2
2025-07-20 01:32:59,336 [INFO] ThirdParty:1030 - CMSIS Pack Vendor :STMicroelectronics USB_DEVICE 3.0.0
2025-07-20 01:32:59,337 [INFO] ThirdParty:1030 - CMSIS Pack Vendor :STMicroelectronics X-CUBE-ISPU 2.1.0
2025-07-20 01:32:59,337 [INFO] ThirdParty:1030 - CMSIS Pack Vendor :STMicroelectronics X-CUBE-EEPRMA1 5.2.0
2025-07-20 01:32:59,337 [INFO] ThirdParty:1030 - CMSIS Pack Vendor :STMicroelectronics X-CUBE-AZRTOS-WB 2.0.0
2025-07-20 01:32:59,337 [INFO] ThirdParty:1030 - CMSIS Pack Vendor :STMicroelectronics X-CUBE-ST60 1.0.0
2025-07-20 01:32:59,337 [INFO] ThirdParty:1030 - CMSIS Pack Vendor :STMicroelectronics X-CUBE-GNSS1 7.0.1
2025-07-20 01:32:59,337 [INFO] ThirdParty:1030 - CMSIS Pack Vendor :STMicroelectronics X-CUBE-NFC12 1.0.0
2025-07-20 01:32:59,337 [INFO] ThirdParty:1030 - CMSIS Pack Vendor :STMicroelectronics X-CUBE-AZRTOS-F7 1.1.0
2025-07-20 01:32:59,337 [INFO] ThirdParty:1030 - CMSIS Pack Vendor :STMicroelectronics X-CUBE-AZRTOS-L5 2.0.0
2025-07-20 01:32:59,337 [INFO] ThirdParty:1030 - CMSIS Pack Vendor :STMicroelectronics X-CUBE-TOUCHGFX 4.25.0
2025-07-20 01:32:59,337 [INFO] ThirdParty:1030 - CMSIS Pack Vendor :STMicroelectronics USB_DEVICE 2.0.0
2025-07-20 01:32:59,337 [INFO] ThirdParty:1030 - CMSIS Pack Vendor :STMicroelectronics X-CUBE-NFC6 3.1.0
2025-07-20 01:32:59,337 [INFO] ThirdParty:1030 - CMSIS Pack Vendor :STMicroelectronics X-CUBE-AI 10.1.0
2025-07-20 01:32:59,337 [INFO] ThirdParty:1030 - CMSIS Pack Vendor :STMicroelectronics FP-SNS-STBOX1 2.0.0
2025-07-20 01:32:59,338 [INFO] ThirdParty:1030 - CMSIS Pack Vendor :STMicroelectronics FreeRTOS 0.0.1
2025-07-20 01:32:59,338 [INFO] ThirdParty:1030 - CMSIS Pack Vendor :STMicroelectronics X-CUBE-AZRTOS-G0 1.1.0
2025-07-20 01:32:59,338 [INFO] ThirdParty:1030 - CMSIS Pack Vendor :STMicroelectronics X-CUBE-SAFEA1 1.2.2
2025-07-20 01:32:59,338 [INFO] ThirdParty:1030 - CMSIS Pack Vendor :STMicroelectronics X-CUBE-NFC4 3.0.0
2025-07-20 01:32:59,338 [INFO] ThirdParty:1030 - CMSIS Pack Vendor :STMicroelectronics X-CUBE-SUBG2 5.0.0
2025-07-20 01:32:59,338 [INFO] ThirdParty:1030 - CMSIS Pack Vendor :STMicroelectronics X-CUBE-AZRTOS-H7RS 1.1.0
2025-07-20 01:32:59,338 [INFO] ThirdParty:1030 - CMSIS Pack Vendor :STMicroelectronics STM32_WPAN 1.0.0
2025-07-20 01:32:59,338 [INFO] ThirdParty:1030 - CMSIS Pack Vendor :EmbeddedOffice I-CUBE-FS-RTOS 1.0.1
2025-07-20 01:32:59,338 [INFO] ThirdParty:1030 - CMSIS Pack Vendor :STMicroelectronics lwIP 2.0.3
2025-07-20 01:32:59,338 [INFO] ThirdParty:1030 - CMSIS Pack Vendor :Cesanta I-CUBE-Mongoose 7.13.0
2025-07-20 01:32:59,338 [INFO] ThirdParty:1030 - CMSIS Pack Vendor :STMicroelectronics USB_HOST 1.0.0
2025-07-20 01:32:59,338 [INFO] ThirdParty:1030 - CMSIS Pack Vendor :Infineon AIROC-Wi-Fi-Bluetooth-STM32 1.7.0
2025-07-20 01:32:59,338 [INFO] ThirdParty:1030 - CMSIS Pack Vendor :STMicroelectronics X-CUBE-AZRTOS-G4 2.0.0
2025-07-20 01:32:59,338 [INFO] ThirdParty:1030 - CMSIS Pack Vendor :STMicroelectronics X-CUBE-WB05N 2.0.0
2025-07-20 01:32:59,338 [INFO] ThirdParty:1030 - CMSIS Pack Vendor :STMicroelectronics PDM2PCM 3.1.0
2025-07-20 01:32:59,338 [INFO] ThirdParty:1030 - CMSIS Pack Vendor :STMicroelectronics PDM2PCM 3.3.0
2025-07-20 01:32:59,338 [INFO] ThirdParty:1030 - CMSIS Pack Vendor :wolfSSL I-CUBE-wolfTPM 3.8.0
2025-07-20 01:32:59,338 [INFO] ThirdParty:1030 - CMSIS Pack Vendor :STMicroelectronics X-CUBE-AZRTOS-H7 3.4.0
2025-07-20 01:32:59,338 [INFO] ThirdParty:1030 - CMSIS Pack Vendor :STMicroelectronics X-CUBE-DISPLAY 3.0.0
2025-07-20 01:32:59,338 [INFO] ThirdParty:1030 - CMSIS Pack Vendor :wolfSSL I-CUBE-wolfSSH 1.4.20
2025-07-20 01:32:59,340 [INFO] ThirdParty:1030 - CMSIS Pack Vendor :STMicroelectronics X-CUBE-NFC7 2.0.0
2025-07-20 01:32:59,340 [INFO] ThirdParty:1030 - CMSIS Pack Vendor :STMicroelectronics X-CUBE-TCPP 4.2.0
2025-07-20 01:32:59,340 [INFO] ThirdParty:1030 - CMSIS Pack Vendor :RealThread X-CUBE-RT-Thread_Nano 4.1.1
2025-07-20 01:32:59,340 [INFO] ThirdParty:1030 - CMSIS Pack Vendor :STMicroelectronics FP-ATR-SIGFOX1 3.2.0
2025-07-20 01:32:59,340 [INFO] ThirdParty:1030 - CMSIS Pack Vendor :STMicroelectronics X-CUBE-NFC10 1.0.0
2025-07-20 01:32:59,340 [INFO] ThirdParty:1030 - CMSIS Pack Vendor :STMicroelectronics X-CUBE-BLEMGR 4.0.0
2025-07-20 01:32:59,340 [INFO] ThirdParty:1030 - CMSIS Pack Vendor :STMicroelectronics X-CUBE-EEPRMA1 5.1.0
2025-07-20 01:32:59,340 [INFO] ThirdParty:1030 - CMSIS Pack Vendor :STMicroelectronics X-CUBE-FREERTOS 1.3.1
2025-07-20 01:32:59,340 [INFO] ThirdParty:1030 - CMSIS Pack Vendor :STMicroelectronics HAL Drivers 0.0.0
2025-07-20 01:32:59,340 [INFO] ThirdParty:1030 - CMSIS Pack Vendor :STMicroelectronics MBEDTLS 2.16.2
2025-07-20 01:32:59,340 [INFO] ThirdParty:1030 - CMSIS Pack Vendor :STMicroelectronics X-CUBE-IPS 3.1.0
2025-07-20 01:32:59,340 [INFO] ThirdParty:1030 - CMSIS Pack Vendor :STMicroelectronics X-CUBE-ALS 1.0.2
2025-07-20 01:32:59,340 [INFO] ThirdParty:1030 - CMSIS Pack Vendor :emotas I-CUBE-CANOPEN 1.3.0
2025-07-20 01:32:59,340 [INFO] ThirdParty:1030 - CMSIS Pack Vendor :STMicroelectronics MBEDTLS 2.14.1
2025-07-20 01:32:59,340 [INFO] ThirdParty:1030 - CMSIS Pack Vendor :ITTIA_DB I-CUBE-ITTIADB 8.9.0
2025-07-20 01:32:59,340 [INFO] ThirdParty:1030 - CMSIS Pack Vendor :portGmbH I-Cube-SoM-uGOAL 1.1.0
2025-07-20 01:32:59,341 [INFO] ThirdParty:1030 - CMSIS Pack Vendor :quantropi X-CUBE-qispace-sdk-base 2.0.0
2025-07-20 01:32:59,341 [INFO] ThirdParty:1030 - CMSIS Pack Vendor :STMicroelectronics X-CUBE-ST67W61 1.0.0
2025-07-20 01:32:59,341 [INFO] ThirdParty:1030 - CMSIS Pack Vendor :STMicroelectronics FP-SNS-STAIOTCFT 1.0.0
2025-07-20 01:32:59,341 [INFO] ThirdParty:1030 - CMSIS Pack Vendor :STMicroelectronics ThreadX 1.0.0
2025-07-20 01:32:59,341 [INFO] ThirdParty:1030 - CMSIS Pack Vendor :STMicroelectronics FP-SNS-SMARTAG2 1.2.0
2025-07-20 01:32:59,341 [INFO] ThirdParty:1030 - CMSIS Pack Vendor :STMicroelectronics FP-SNS-FLIGHT1 5.1.0
2025-07-20 01:32:59,341 [INFO] ThirdParty:1030 - CMSIS Pack Vendor :STMicroelectronics X-CUBE-AZRTOS-WL 2.0.0
2025-07-20 01:32:59,341 [INFO] ThirdParty:1030 - CMSIS Pack Vendor :SEGGER I-CUBE-embOS 1.3.1
2025-07-20 01:32:59,341 [INFO] ThirdParty:1030 - CMSIS Pack Vendor :STMicroelectronics X-CUBE-ALGOBUILD 1.4.0
2025-07-20 01:32:59,341 [INFO] ThirdParty:1030 - CMSIS Pack Vendor :STMicroelectronics X-CUBE-DPower 1.3.0
2025-07-20 01:32:59,341 [INFO] ThirdParty:1030 - CMSIS Pack Vendor :STMicroelectronics X-CUBE-MEMS1 11.3.0
2025-07-20 01:32:59,341 [INFO] ThirdParty:1030 - CMSIS Pack Vendor :STMicroelectronics FP-SNS-MOTENV1 5.0.0
2025-07-20 01:32:59,341 [INFO] ThirdParty:1030 - CMSIS Pack Vendor :STMicroelectronics USB_DEVICE 1.0.0
2025-07-20 01:32:59,341 [INFO] ThirdParty:1030 - CMSIS Pack Vendor :STMicroelectronics X-CUBE-AZRTOS-L4 2.0.0
2025-07-20 01:32:59,341 [INFO] ThirdParty:1030 - CMSIS Pack Vendor :STMicroelectronics ThreadX 0.0.2
2025-07-20 01:32:59,341 [INFO] ThirdParty:1030 - CMSIS Pack Vendor :WES I-CUBE-Cesium 1.3.0
2025-07-20 01:32:59,341 [INFO] ThirdParty:1030 - CMSIS Pack Vendor :STMicroelectronics lwIP 2.1.2
2025-07-20 01:32:59,341 [INFO] ThirdParty:1030 - CMSIS Pack Vendor :STMicroelectronics X-CUBE-SFXS2LP1 4.0.0
2025-07-20 01:32:59,341 [INFO] ThirdParty:1030 - CMSIS Pack Vendor :STMicroelectronics X-CUBE-BLE2 3.3.0
2025-07-20 01:32:59,342 [INFO] ThirdParty:1030 - CMSIS Pack Vendor :STMicroelectronics X-CUBE-TOF1 3.4.3
2025-07-20 01:32:59,342 [INFO] ThirdParty:1030 - CMSIS Pack Vendor :STMicroelectronics PDM2PCM 3.2.0
2025-07-20 01:32:59,342 [INFO] ThirdParty:841 - exiting critical section [change project]
2025-07-20 01:33:00,465 [INFO] PinOutPanel:1589 - setPackage(No Configuration,No Configuration)
2025-07-20 01:33:00,467 [INFO] PinOutPanel:1589 - setPackage(STM32F446RETx,LQFP64)
2025-07-20 01:33:03,350 [INFO] UtilMem:75 - Before build in PCC Used Memory: 280373008 Bytes (416284672)
2025-07-20 01:33:04,495 [INFO] UtilMem:75 - After build in PCC Used Memory: 416687896 Bytes (417333248)
2025-07-20 01:33:04,648 [INFO] ApiDbMcu:532 - Load IP Config File for FREERTOS
2025-07-20 01:33:04,727 [INFO] IPUIPlugin:80 - create IPUIPlugin
2025-07-20 01:33:04,729 [INFO] IPUIPlugin:80 - create IPUIPlugin
2025-07-20 01:33:04,729 [INFO] IPUIPlugin:80 - create IPUIPlugin
2025-07-20 01:33:04,729 [INFO] IPUIPlugin:80 - create IPUIPlugin
2025-07-20 01:33:04,729 [INFO] IPUIPlugin:80 - create IPUIPlugin
2025-07-20 01:33:04,730 [INFO] IPUIPlugin:80 - create IPUIPlugin
2025-07-20 01:33:04,730 [INFO] IPUIPlugin:80 - create IPUIPlugin
2025-07-20 01:33:04,731 [INFO] IPUIPlugin:80 - create IPUIPlugin
2025-07-20 01:33:04,731 [INFO] IPUIPlugin:80 - create IPUIPlugin
2025-07-20 01:33:04,731 [INFO] IPUIPlugin:80 - create IPUIPlugin
2025-07-20 01:33:04,731 [INFO] IPUIPlugin:80 - create IPUIPlugin
2025-07-20 01:33:04,732 [INFO] IPUIPlugin:80 - create IPUIPlugin
2025-07-20 01:33:04,732 [INFO] IPUIPlugin:80 - create IPUIPlugin
2025-07-20 01:33:04,732 [INFO] IPUIPlugin:80 - create IPUIPlugin
2025-07-20 01:33:04,732 [INFO] IPUIPlugin:80 - create IPUIPlugin
2025-07-20 01:33:04,733 [INFO] IPUIPlugin:80 - create IPUIPlugin
2025-07-20 01:33:04,733 [INFO] IPUIPlugin:80 - create IPUIPlugin
2025-07-20 01:33:04,733 [INFO] IPUIPlugin:80 - create IPUIPlugin
2025-07-20 01:33:04,734 [INFO] IPUIPlugin:80 - create IPUIPlugin
2025-07-20 01:33:04,735 [INFO] IPUIPlugin:80 - create IPUIPlugin
2025-07-20 01:33:04,735 [INFO] IPUIPlugin:80 - create IPUIPlugin
2025-07-20 01:33:04,736 [INFO] IPUIPlugin:80 - create IPUIPlugin
2025-07-20 01:33:04,736 [INFO] IPUIPlugin:80 - create IPUIPlugin
2025-07-20 01:33:04,738 [INFO] IPUIPlugin:80 - create IPUIPlugin
2025-07-20 01:33:04,738 [INFO] IPUIPlugin:80 - create IPUIPlugin
2025-07-20 01:33:04,740 [INFO] IPUIPlugin:80 - create IPUIPlugin
2025-07-20 01:33:04,741 [INFO] IPUIPlugin:80 - create IPUIPlugin
2025-07-20 01:33:04,741 [INFO] IPUIPlugin:80 - create IPUIPlugin
2025-07-20 01:33:04,742 [INFO] IPUIPlugin:80 - create IPUIPlugin
2025-07-20 01:33:04,743 [INFO] IPUIPlugin:80 - create IPUIPlugin
2025-07-20 01:33:04,743 [INFO] IPUIPlugin:80 - create IPUIPlugin
2025-07-20 01:33:04,743 [INFO] IPUIPlugin:80 - create IPUIPlugin
2025-07-20 01:33:04,744 [INFO] IPUIPlugin:80 - create IPUIPlugin
2025-07-20 01:33:04,744 [INFO] IPUIPlugin:80 - create IPUIPlugin
2025-07-20 01:33:04,745 [INFO] IPUIPlugin:80 - create IPUIPlugin
2025-07-20 01:33:04,745 [INFO] IPUIPlugin:80 - create IPUIPlugin
2025-07-20 01:33:04,745 [INFO] IPUIPlugin:80 - create IPUIPlugin
2025-07-20 01:33:04,746 [INFO] IPUIPlugin:80 - create IPUIPlugin
2025-07-20 01:33:04,746 [INFO] IPUIPlugin:80 - create IPUIPlugin
2025-07-20 01:33:04,747 [INFO] IPUIPlugin:80 - create IPUIPlugin
2025-07-20 01:33:04,747 [INFO] IPUIPlugin:80 - create IPUIPlugin
2025-07-20 01:33:04,748 [INFO] IPUIPlugin:80 - create IPUIPlugin
2025-07-20 01:33:04,748 [INFO] IPUIPlugin:80 - create IPUIPlugin
2025-07-20 01:33:04,748 [INFO] IPUIPlugin:80 - create IPUIPlugin
2025-07-20 01:33:04,748 [INFO] IPUIPlugin:80 - create IPUIPlugin
2025-07-20 01:33:04,749 [INFO] IPUIPlugin:80 - create IPUIPlugin
2025-07-20 01:33:04,749 [INFO] IPUIPlugin:80 - create IPUIPlugin
2025-07-20 01:33:04,750 [INFO] IPUIPlugin:80 - create IPUIPlugin
2025-07-20 01:33:04,750 [INFO] IPUIPlugin:80 - create IPUIPlugin
2025-07-20 01:33:04,750 [INFO] IPUIPlugin:80 - create IPUIPlugin
2025-07-20 01:33:04,751 [INFO] IPUIPlugin:80 - create IPUIPlugin
2025-07-20 01:33:04,751 [INFO] IPUIPlugin:80 - create IPUIPlugin
2025-07-20 01:33:04,752 [INFO] IPUIPlugin:80 - create IPUIPlugin
2025-07-20 01:33:04,752 [INFO] IPUIPlugin:80 - create IPUIPlugin
2025-07-20 01:33:04,752 [INFO] IPUIPlugin:80 - create IPUIPlugin
2025-07-20 01:33:04,754 [INFO] IPUIPlugin:80 - create IPUIPlugin
2025-07-20 01:33:04,754 [INFO] IPUIPlugin:80 - create IPUIPlugin
2025-07-20 01:33:04,754 [INFO] IPUIPlugin:80 - create IPUIPlugin
2025-07-20 01:33:04,755 [INFO] IPUIPlugin:80 - create IPUIPlugin
2025-07-20 01:33:04,756 [INFO] IPUIPlugin:80 - create IPUIPlugin
2025-07-20 01:33:04,775 [INFO] ApiDbMcu:532 - Load IP Config File for PDM2PCM
2025-07-20 01:33:04,804 [WARN] IP:2250 - I2C_Coeff_DF not found: check if there is a RefParameter without a condition.
2025-07-20 01:33:04,804 [WARN] IP:2250 - Analog_Filter not found: check if there is a RefParameter without a condition.
2025-07-20 01:33:04,927 [WARN] FreeRTOS:1023 - Null or empty value: should not occur! (nothing added to the table)
2025-07-20 01:33:05,586 [INFO] CADModel:165 - CPN selected for project levelSTM32F446RET6
2025-07-20 01:33:05,586 [INFO] CADModel:114 - Register for checkConnection events
2025-07-20 01:33:05,594 [INFO] RtosManager:728 - Active RTOS found at IOC load: FREERTOS [Cortex-M4NS]
2025-07-20 01:33:05,637 [INFO] OpenFileManager:386 - Restore cursor
2025-07-20 01:33:06,230 [WARN] IP:2250 - I2C_Coeff_DF not found: check if there is a RefParameter without a condition.
2025-07-20 01:33:06,230 [WARN] IP:2250 - Analog_Filter not found: check if there is a RefParameter without a condition.
2025-07-20 01:33:06,230 [WARN] IP:2250 - I2C_Coeff_DF not found: check if there is a RefParameter without a condition.
2025-07-20 01:33:06,230 [WARN] IP:2250 - Analog_Filter not found: check if there is a RefParameter without a condition.
2025-07-20 01:33:12,741 [WARN] IP:2250 - I2C_Coeff_DF not found: check if there is a RefParameter without a condition.
2025-07-20 01:33:12,741 [WARN] IP:2250 - Analog_Filter not found: check if there is a RefParameter without a condition.
2025-07-20 01:33:12,742 [WARN] IP:2250 - I2C_Coeff_DF not found: check if there is a RefParameter without a condition.
2025-07-20 01:33:12,742 [WARN] IP:2250 - Analog_Filter not found: check if there is a RefParameter without a condition.
2025-07-20 01:33:37,963 [ERROR] RtosPanel:558 - Can not restore the selected Tab for FREERTOS(A reason can be that the tab is no more available.)
2025-07-20 01:33:41,761 [INFO] TasksAndQueuesTab:757 - Dynamic
2025-07-20 01:33:41,761 [WARN] TasksAndQueuesTab:763 - 128 128
2025-07-20 01:33:41,762 [WARN] TasksAndQueuesTab:775 - max value is: 3840.0
2025-07-20 01:33:46,505 [INFO] EditThreadDialog:704 - RAM SIZE (in KB): 128
2025-07-20 01:33:46,505 [INFO] EditThreadDialog:706 - RAM SIZE (in words): 32768
2025-07-20 01:33:55,475 [INFO] TasksAndQueuesTab:757 - Dynamic
2025-07-20 01:33:55,475 [WARN] TasksAndQueuesTab:763 - 128 128
2025-07-20 01:33:55,476 [WARN] TasksAndQueuesTab:775 - max value is: 3840.0
2025-07-20 01:33:55,476 [INFO] TasksAndQueuesTab:757 - Dynamic
2025-07-20 01:33:55,476 [WARN] TasksAndQueuesTab:763 - 128 128
2025-07-20 01:33:55,476 [WARN] TasksAndQueuesTab:775 - max value is: 3840.0
2025-07-20 01:33:56,437 [INFO] EditThreadDialog:704 - RAM SIZE (in KB): 128
2025-07-20 01:33:56,437 [INFO] EditThreadDialog:706 - RAM SIZE (in words): 32768
2025-07-20 01:34:03,847 [INFO] TasksAndQueuesTab:757 - Dynamic
2025-07-20 01:34:03,848 [WARN] TasksAndQueuesTab:763 - 128 128
2025-07-20 01:34:03,848 [WARN] TasksAndQueuesTab:775 - max value is: 3840.0
2025-07-20 01:34:03,850 [INFO] TasksAndQueuesTab:757 - Dynamic
2025-07-20 01:34:03,850 [WARN] TasksAndQueuesTab:763 - 128 128
2025-07-20 01:34:03,850 [WARN] TasksAndQueuesTab:775 - max value is: 3840.0
2025-07-20 01:34:04,596 [INFO] UtilMem:75 - End SaveConfig() Used Memory: 749227400 Bytes (828375040)
2025-07-20 01:34:05,885 [INFO] UtilMem:75 - End SaveConfig() Used Memory: 547457888 Bytes (878706688)
2025-07-20 01:34:07,061 [INFO] UtilMem:75 - End SaveConfig() Used Memory: 671189856 Bytes (878706688)
2025-07-20 01:34:11,766 [INFO] BlockDiagram:2775 - set Specific Code input for plugin: FREERTOS
2025-07-20 01:34:11,767 [INFO] BlockDiagram:2775 - set Specific Code input for plugin: SYS
2025-07-20 01:34:11,768 [INFO] BlockDiagram:2775 - set Specific Code input for plugin: RCC
2025-07-20 01:34:11,768 [INFO] BlockDiagram:2775 - set Specific Code input for plugin: I2C
2025-07-20 01:34:11,768 [INFO] BlockDiagram:2775 - set Specific Code input for plugin: NVIC
2025-07-20 01:34:11,770 [INFO] BlockDiagram:2775 - set Specific Code input for plugin: USART
2025-07-20 01:34:11,772 [INFO] BlockDiagram:2775 - set Specific Code input for plugin: GPIO
2025-07-20 01:34:11,777 [INFO] CodeGenerator:892 - code generatio: config db path: C:\ST\STM32CubeIDE_1.18.1\STM32CubeIDE\plugins\com.st.stm32cube.common.mx_6.15.0.202507011659\\db\
2025-07-20 01:34:11,802 [WARN] IP:2250 - I2C_Coeff_DF not found: check if there is a RefParameter without a condition.
2025-07-20 01:34:11,802 [WARN] IP:2250 - Analog_Filter not found: check if there is a RefParameter without a condition.
2025-07-20 01:34:12,900 [INFO] CodeEngine:265 - oldGeneratedFile, C:\Users\aliya\proje\KontrolOrtakCalisma\Kontroll4\MXTmpFiles\license.tmp_save
2025-07-20 01:34:13,610 [INFO] CodeEngine:289 - Generated code: C:\Users\aliya\proje\KontrolOrtakCalisma\Kontroll4\MXTmpFiles\license.tmp
2025-07-20 01:34:13,675 [INFO] CodeEngine:265 - oldGeneratedFile, C:\Users\aliya\proje\KontrolOrtakCalisma\Kontroll4\Core\Src\gpio.c_save
2025-07-20 01:34:13,828 [INFO] CodeEngine:289 - Generated code: C:\Users\aliya\proje\KontrolOrtakCalisma\Kontroll4\Core\Src\gpio.c
2025-07-20 01:34:13,836 [INFO] CodeEngine:265 - oldGeneratedFile, C:\Users\aliya\proje\KontrolOrtakCalisma\Kontroll4\Core\Inc\gpio.h_save
2025-07-20 01:34:13,984 [INFO] CodeEngine:289 - Generated code: C:\Users\aliya\proje\KontrolOrtakCalisma\Kontroll4\Core\Inc\gpio.h
2025-07-20 01:34:14,174 [INFO] Middleware:1452 - No code input for Bsp Dependency
2025-07-20 01:34:14,189 [INFO] CodeEngine:265 - oldGeneratedFile, C:\Users\aliya\proje\KontrolOrtakCalisma\Kontroll4\MXTmpFiles\rtos_inc.tmp_save
2025-07-20 01:34:14,406 [INFO] CodeEngine:289 - Generated code: C:\Users\aliya\proje\KontrolOrtakCalisma\Kontroll4\MXTmpFiles\rtos_inc.tmp
2025-07-20 01:34:14,415 [INFO] CodeEngine:265 - oldGeneratedFile, C:\Users\aliya\proje\KontrolOrtakCalisma\Kontroll4\MXTmpFiles\rtos_kernelInit.tmp_save
2025-07-20 01:34:14,727 [INFO] CodeEngine:289 - Generated code: C:\Users\aliya\proje\KontrolOrtakCalisma\Kontroll4\MXTmpFiles\rtos_kernelInit.tmp
2025-07-20 01:34:14,756 [INFO] CodeEngine:265 - oldGeneratedFile, C:\Users\aliya\proje\KontrolOrtakCalisma\Kontroll4\MXTmpFiles\rtos_kernelStart.tmp_save
2025-07-20 01:34:15,128 [INFO] CodeEngine:289 - Generated code: C:\Users\aliya\proje\KontrolOrtakCalisma\Kontroll4\MXTmpFiles\rtos_kernelStart.tmp
2025-07-20 01:34:15,144 [INFO] CodeEngine:265 - oldGeneratedFile, C:\Users\aliya\proje\KontrolOrtakCalisma\Kontroll4\MXTmpFiles\rtos_typedefs.tmp_save
2025-07-20 01:34:15,240 [INFO] CodeEngine:289 - Generated code: C:\Users\aliya\proje\KontrolOrtakCalisma\Kontroll4\MXTmpFiles\rtos_typedefs.tmp
2025-07-20 01:34:15,248 [INFO] CodeEngine:265 - oldGeneratedFile, C:\Users\aliya\proje\KontrolOrtakCalisma\Kontroll4\MXTmpFiles\rtos_vars.tmp_save
2025-07-20 01:34:15,350 [INFO] CodeEngine:289 - Generated code: C:\Users\aliya\proje\KontrolOrtakCalisma\Kontroll4\MXTmpFiles\rtos_vars.tmp
2025-07-20 01:34:15,357 [INFO] CodeEngine:265 - oldGeneratedFile, C:\Users\aliya\proje\KontrolOrtakCalisma\Kontroll4\MXTmpFiles\rtos_pfp.tmp_save
2025-07-20 01:34:15,433 [INFO] CodeEngine:289 - Generated code: C:\Users\aliya\proje\KontrolOrtakCalisma\Kontroll4\MXTmpFiles\rtos_pfp.tmp
2025-07-20 01:34:15,441 [INFO] CodeEngine:265 - oldGeneratedFile, C:\Users\aliya\proje\KontrolOrtakCalisma\Kontroll4\MXTmpFiles\rtos_obj_creat.tmp_save
2025-07-20 01:34:15,525 [INFO] CodeEngine:289 - Generated code: C:\Users\aliya\proje\KontrolOrtakCalisma\Kontroll4\MXTmpFiles\rtos_obj_creat.tmp
2025-07-20 01:34:15,532 [INFO] CodeEngine:265 - oldGeneratedFile, C:\Users\aliya\proje\KontrolOrtakCalisma\Kontroll4\MXTmpFiles\rtos_default_thread.tmp_save
2025-07-20 01:34:15,592 [INFO] CodeEngine:289 - Generated code: C:\Users\aliya\proje\KontrolOrtakCalisma\Kontroll4\MXTmpFiles\rtos_default_thread.tmp
2025-07-20 01:34:15,598 [INFO] CodeEngine:265 - oldGeneratedFile, C:\Users\aliya\proje\KontrolOrtakCalisma\Kontroll4\MXTmpFiles\rtos_threads.tmp_save
2025-07-20 01:34:15,668 [INFO] CodeEngine:289 - Generated code: C:\Users\aliya\proje\KontrolOrtakCalisma\Kontroll4\MXTmpFiles\rtos_threads.tmp
2025-07-20 01:34:15,687 [INFO] Middleware:1452 - No code input for Bsp Dependency
2025-07-20 01:34:15,696 [INFO] CodeEngine:265 - oldGeneratedFile, C:\Users\aliya\proje\KontrolOrtakCalisma\Kontroll4\MXTmpFiles\rtos_inc.tmp_save
2025-07-20 01:34:15,758 [INFO] CodeEngine:289 - Generated code: C:\Users\aliya\proje\KontrolOrtakCalisma\Kontroll4\MXTmpFiles\rtos_inc.tmp
2025-07-20 01:34:15,766 [INFO] CodeEngine:265 - oldGeneratedFile, C:\Users\aliya\proje\KontrolOrtakCalisma\Kontroll4\MXTmpFiles\rtos_kernelInit.tmp_save
2025-07-20 01:34:15,828 [INFO] CodeEngine:289 - Generated code: C:\Users\aliya\proje\KontrolOrtakCalisma\Kontroll4\MXTmpFiles\rtos_kernelInit.tmp
2025-07-20 01:34:15,835 [INFO] CodeEngine:265 - oldGeneratedFile, C:\Users\aliya\proje\KontrolOrtakCalisma\Kontroll4\MXTmpFiles\rtos_kernelStart.tmp_save
2025-07-20 01:34:15,899 [INFO] CodeEngine:289 - Generated code: C:\Users\aliya\proje\KontrolOrtakCalisma\Kontroll4\MXTmpFiles\rtos_kernelStart.tmp
2025-07-20 01:34:15,906 [INFO] CodeEngine:265 - oldGeneratedFile, C:\Users\aliya\proje\KontrolOrtakCalisma\Kontroll4\MXTmpFiles\rtos_typedefs.tmp_save
2025-07-20 01:34:15,969 [INFO] CodeEngine:289 - Generated code: C:\Users\aliya\proje\KontrolOrtakCalisma\Kontroll4\MXTmpFiles\rtos_typedefs.tmp
2025-07-20 01:34:15,975 [INFO] CodeEngine:265 - oldGeneratedFile, C:\Users\aliya\proje\KontrolOrtakCalisma\Kontroll4\MXTmpFiles\rtos_vars.tmp_save
2025-07-20 01:34:16,042 [INFO] CodeEngine:289 - Generated code: C:\Users\aliya\proje\KontrolOrtakCalisma\Kontroll4\MXTmpFiles\rtos_vars.tmp
2025-07-20 01:34:16,051 [INFO] CodeEngine:265 - oldGeneratedFile, C:\Users\aliya\proje\KontrolOrtakCalisma\Kontroll4\MXTmpFiles\rtos_pfp.tmp_save
2025-07-20 01:34:16,108 [INFO] CodeEngine:289 - Generated code: C:\Users\aliya\proje\KontrolOrtakCalisma\Kontroll4\MXTmpFiles\rtos_pfp.tmp
2025-07-20 01:34:16,115 [INFO] CodeEngine:265 - oldGeneratedFile, C:\Users\aliya\proje\KontrolOrtakCalisma\Kontroll4\MXTmpFiles\rtos_obj_creat.tmp_save
2025-07-20 01:34:16,174 [INFO] CodeEngine:289 - Generated code: C:\Users\aliya\proje\KontrolOrtakCalisma\Kontroll4\MXTmpFiles\rtos_obj_creat.tmp
2025-07-20 01:34:16,183 [INFO] CodeEngine:265 - oldGeneratedFile, C:\Users\aliya\proje\KontrolOrtakCalisma\Kontroll4\MXTmpFiles\rtos_default_thread.tmp_save
2025-07-20 01:34:16,271 [INFO] CodeEngine:289 - Generated code: C:\Users\aliya\proje\KontrolOrtakCalisma\Kontroll4\MXTmpFiles\rtos_default_thread.tmp
2025-07-20 01:34:16,283 [INFO] CodeEngine:265 - oldGeneratedFile, C:\Users\aliya\proje\KontrolOrtakCalisma\Kontroll4\MXTmpFiles\rtos_threads.tmp_save
2025-07-20 01:34:16,347 [INFO] CodeEngine:289 - Generated code: C:\Users\aliya\proje\KontrolOrtakCalisma\Kontroll4\MXTmpFiles\rtos_threads.tmp
2025-07-20 01:34:16,354 [INFO] CodeEngine:265 - oldGeneratedFile, C:\Users\aliya\proje\KontrolOrtakCalisma\Kontroll4\Core\Inc\FreeRTOSConfig.h_save
2025-07-20 01:34:16,498 [INFO] CodeEngine:289 - Generated code: C:\Users\aliya\proje\KontrolOrtakCalisma\Kontroll4\Core\Inc\FreeRTOSConfig.h
2025-07-20 01:34:16,506 [INFO] CodeEngine:265 - oldGeneratedFile, C:\Users\aliya\proje\KontrolOrtakCalisma\Kontroll4\Core\Src\freertos.c_save
2025-07-20 01:34:16,598 [INFO] CodeEngine:289 - Generated code: C:\Users\aliya\proje\KontrolOrtakCalisma\Kontroll4\Core\Src\freertos.c
2025-07-20 01:34:16,611 [INFO] CodeEngine:265 - oldGeneratedFile, C:\Users\aliya\proje\KontrolOrtakCalisma\Kontroll4\Core\Src\i2c.c_save
2025-07-20 01:34:16,811 [INFO] CodeEngine:289 - Generated code: C:\Users\aliya\proje\KontrolOrtakCalisma\Kontroll4\Core\Src\i2c.c
2025-07-20 01:34:16,817 [INFO] CodeEngine:265 - oldGeneratedFile, C:\Users\aliya\proje\KontrolOrtakCalisma\Kontroll4\Core\Inc\i2c.h_save
2025-07-20 01:34:16,896 [INFO] CodeEngine:289 - Generated code: C:\Users\aliya\proje\KontrolOrtakCalisma\Kontroll4\Core\Inc\i2c.h
2025-07-20 01:34:16,909 [INFO] CodeEngine:265 - oldGeneratedFile, C:\Users\aliya\proje\KontrolOrtakCalisma\Kontroll4\Core\Src\usart.c_save
2025-07-20 01:34:17,086 [INFO] CodeEngine:289 - Generated code: C:\Users\aliya\proje\KontrolOrtakCalisma\Kontroll4\Core\Src\usart.c
2025-07-20 01:34:17,098 [INFO] CodeEngine:265 - oldGeneratedFile, C:\Users\aliya\proje\KontrolOrtakCalisma\Kontroll4\Core\Inc\usart.h_save
2025-07-20 01:34:17,297 [INFO] CodeEngine:289 - Generated code: C:\Users\aliya\proje\KontrolOrtakCalisma\Kontroll4\Core\Inc\usart.h
2025-07-20 01:34:17,331 [INFO] CodeEngine:265 - oldGeneratedFile, C:\Users\aliya\proje\KontrolOrtakCalisma\Kontroll4\Core\Src\stm32f4xx_it.c_save
2025-07-20 01:34:17,531 [INFO] CodeEngine:289 - Generated code: C:\Users\aliya\proje\KontrolOrtakCalisma\Kontroll4\Core\Src\stm32f4xx_it.c
2025-07-20 01:34:17,550 [INFO] CodeEngine:265 - oldGeneratedFile, C:\Users\aliya\proje\KontrolOrtakCalisma\Kontroll4\Core\Inc\stm32f4xx_it.h_save
2025-07-20 01:34:17,638 [INFO] CodeEngine:289 - Generated code: C:\Users\aliya\proje\KontrolOrtakCalisma\Kontroll4\Core\Inc\stm32f4xx_it.h
2025-07-20 01:34:17,657 [INFO] CodeEngine:265 - oldGeneratedFile, C:\Users\aliya\proje\KontrolOrtakCalisma\Kontroll4\Core\Src\stm32f4xx_hal_msp.c_save
2025-07-20 01:34:17,851 [INFO] CodeEngine:289 - Generated code: C:\Users\aliya\proje\KontrolOrtakCalisma\Kontroll4\Core\Src\stm32f4xx_hal_msp.c
2025-07-20 01:34:17,857 [INFO] CodeEngine:265 - oldGeneratedFile, C:\Users\aliya\proje\KontrolOrtakCalisma\Kontroll4\MXTmpFiles\system.tmp_save
2025-07-20 01:34:17,985 [INFO] CodeEngine:289 - Generated code: C:\Users\aliya\proje\KontrolOrtakCalisma\Kontroll4\MXTmpFiles\system.tmp
2025-07-20 01:34:17,998 [INFO] CodeEngine:265 - oldGeneratedFile, C:\Users\aliya\proje\KontrolOrtakCalisma\Kontroll4\Core\Src\stm32f4xx_hal_timebase_tim.c_save
2025-07-20 01:34:18,093 [INFO] CodeEngine:289 - Generated code: C:\Users\aliya\proje\KontrolOrtakCalisma\Kontroll4\Core\Src\stm32f4xx_hal_timebase_tim.c
2025-07-20 01:34:18,106 [INFO] CodeEngine:321 - oldGeneratedFile, C:\Users\aliya\proje\KontrolOrtakCalisma\Kontroll4\Core\Inc\stm32f4xx_hal_conf.h_save
2025-07-20 01:34:18,181 [INFO] CodeEngine:345 - Generated code: C:\Users\aliya\proje\KontrolOrtakCalisma\Kontroll4\Core\Inc\stm32f4xx_hal_conf.h
2025-07-20 01:34:18,218 [WARN] IPConfigManager:3238 - Warning: the RefConfig PLL2P_FOR_MCO is not available in your config.xml file
2025-07-20 01:34:18,228 [INFO] ApiDbMcu:532 - Load IP Config File for I2C2
2025-07-20 01:34:18,233 [INFO] ApiDbMcu:532 - Load IP Config File for USART2
2025-07-20 01:34:18,240 [INFO] ApiDbMcu:532 - Load IP Config File for RCC
2025-07-20 01:34:18,259 [INFO] CodeEngine:265 - oldGeneratedFile, C:\Users\aliya\proje\KontrolOrtakCalisma\Kontroll4\Core\Inc\main.h_save
2025-07-20 01:34:18,392 [INFO] CodeEngine:289 - Generated code: C:\Users\aliya\proje\KontrolOrtakCalisma\Kontroll4\Core\Inc\main.h
2025-07-20 01:34:18,400 [INFO] CodeEngine:265 - oldGeneratedFile, C:\Users\aliya\proje\KontrolOrtakCalisma\Kontroll4\Core\Src\main.c_save
2025-07-20 01:34:18,613 [INFO] CodeEngine:289 - Generated code: C:\Users\aliya\proje\KontrolOrtakCalisma\Kontroll4\Core\Src\main.c
2025-07-20 01:34:19,133 [INFO] ProjectBuilder:3606 - Time for Copy HAL[1] : 250mS.
2025-07-20 01:34:19,143 [INFO] ProjectBuilder:5216 - Project Generator version: 4.7.0-B52
2025-07-20 01:34:19,294 [INFO] ConfigFileManager:1595 - The Die is : DIE421
2025-07-20 01:34:19,318 [INFO] ApiDbMcu:532 - Load IP Config File for FATFS
2025-07-20 01:34:19,325 [INFO] ApiDbMcu:532 - Load IP Config File for LIBJPEG
2025-07-20 01:34:19,338 [INFO] ApiDbMcu:532 - Load IP Config File for MBEDTLS
2025-07-20 01:34:19,370 [INFO] ApiDbMcu:532 - Load IP Config File for USB_DEVICE
2025-07-20 01:34:19,382 [INFO] ApiDbMcu:532 - Load IP Config File for USB_HOST
2025-07-20 01:34:20,445 [INFO] LogOutputStream:77 - [STDOUT_REDIRECT] 
2025-07-20 01:34:22,033 [INFO] ProjectBuilder:5496 - Time for Generating toolchain IDE Files: 2890mS.
2025-07-20 01:34:22,034 [INFO] ProjectBuilder:3463 - Time for Copy CMSIS : 0mS.
2025-07-20 01:34:22,045 [INFO] ProjectBuilder:3463 - Time for Copy CMSIS : 0mS.
2025-07-20 01:34:30,518 [INFO] UtilMem:75 - End SaveConfig() Used Memory: 873785696 Bytes (1073741824)
2025-07-20 01:34:31,413 [INFO] UtilMem:75 - End SaveConfig() Used Memory: 898429280 Bytes (1073741824)
2025-07-20 01:34:32,418 [INFO] UtilMem:75 - End SaveConfig() Used Memory: 937748832 Bytes (1073741824)
2025-07-20 01:34:32,991 [INFO] BlockDiagram:2775 - set Specific Code input for plugin: FREERTOS
2025-07-20 01:34:32,991 [INFO] BlockDiagram:2775 - set Specific Code input for plugin: SYS
2025-07-20 01:34:32,991 [INFO] BlockDiagram:2775 - set Specific Code input for plugin: RCC
2025-07-20 01:34:32,991 [INFO] BlockDiagram:2775 - set Specific Code input for plugin: I2C
2025-07-20 01:34:32,991 [INFO] BlockDiagram:2775 - set Specific Code input for plugin: NVIC
2025-07-20 01:34:32,991 [INFO] BlockDiagram:2775 - set Specific Code input for plugin: USART
2025-07-20 01:34:32,992 [INFO] BlockDiagram:2775 - set Specific Code input for plugin: GPIO
2025-07-20 01:34:32,993 [INFO] CodeGenerator:892 - code generatio: config db path: C:\ST\STM32CubeIDE_1.18.1\STM32CubeIDE\plugins\com.st.stm32cube.common.mx_6.15.0.202507011659\\db\
2025-07-20 01:34:33,003 [WARN] IP:2250 - I2C_Coeff_DF not found: check if there is a RefParameter without a condition.
2025-07-20 01:34:33,003 [WARN] IP:2250 - Analog_Filter not found: check if there is a RefParameter without a condition.
2025-07-20 01:34:33,213 [INFO] CodeEngine:265 - oldGeneratedFile, C:\Users\aliya\proje\KontrolOrtakCalisma\Kontroll4\MXTmpFiles\license.tmp_save
2025-07-20 01:34:33,318 [INFO] CodeEngine:289 - Generated code: C:\Users\aliya\proje\KontrolOrtakCalisma\Kontroll4\MXTmpFiles\license.tmp
2025-07-20 01:34:33,357 [INFO] CodeEngine:265 - oldGeneratedFile, C:\Users\aliya\proje\KontrolOrtakCalisma\Kontroll4\Core\Src\gpio.c_save
2025-07-20 01:34:33,505 [INFO] CodeEngine:289 - Generated code: C:\Users\aliya\proje\KontrolOrtakCalisma\Kontroll4\Core\Src\gpio.c
2025-07-20 01:34:33,516 [INFO] CodeEngine:265 - oldGeneratedFile, C:\Users\aliya\proje\KontrolOrtakCalisma\Kontroll4\Core\Inc\gpio.h_save
2025-07-20 01:34:33,642 [INFO] CodeEngine:289 - Generated code: C:\Users\aliya\proje\KontrolOrtakCalisma\Kontroll4\Core\Inc\gpio.h
2025-07-20 01:34:33,831 [INFO] Middleware:1452 - No code input for Bsp Dependency
2025-07-20 01:34:33,844 [INFO] CodeEngine:265 - oldGeneratedFile, C:\Users\aliya\proje\KontrolOrtakCalisma\Kontroll4\MXTmpFiles\rtos_inc.tmp_save
2025-07-20 01:34:33,903 [INFO] CodeEngine:289 - Generated code: C:\Users\aliya\proje\KontrolOrtakCalisma\Kontroll4\MXTmpFiles\rtos_inc.tmp
2025-07-20 01:34:33,908 [INFO] CodeEngine:265 - oldGeneratedFile, C:\Users\aliya\proje\KontrolOrtakCalisma\Kontroll4\MXTmpFiles\rtos_kernelInit.tmp_save
2025-07-20 01:34:34,031 [INFO] CodeEngine:289 - Generated code: C:\Users\aliya\proje\KontrolOrtakCalisma\Kontroll4\MXTmpFiles\rtos_kernelInit.tmp
2025-07-20 01:34:34,035 [INFO] CodeEngine:265 - oldGeneratedFile, C:\Users\aliya\proje\KontrolOrtakCalisma\Kontroll4\MXTmpFiles\rtos_kernelStart.tmp_save
2025-07-20 01:34:34,102 [INFO] CodeEngine:289 - Generated code: C:\Users\aliya\proje\KontrolOrtakCalisma\Kontroll4\MXTmpFiles\rtos_kernelStart.tmp
2025-07-20 01:34:34,107 [INFO] CodeEngine:265 - oldGeneratedFile, C:\Users\aliya\proje\KontrolOrtakCalisma\Kontroll4\MXTmpFiles\rtos_typedefs.tmp_save
2025-07-20 01:34:34,166 [INFO] CodeEngine:289 - Generated code: C:\Users\aliya\proje\KontrolOrtakCalisma\Kontroll4\MXTmpFiles\rtos_typedefs.tmp
2025-07-20 01:34:34,170 [INFO] CodeEngine:265 - oldGeneratedFile, C:\Users\aliya\proje\KontrolOrtakCalisma\Kontroll4\MXTmpFiles\rtos_vars.tmp_save
2025-07-20 01:34:34,264 [INFO] CodeEngine:289 - Generated code: C:\Users\aliya\proje\KontrolOrtakCalisma\Kontroll4\MXTmpFiles\rtos_vars.tmp
2025-07-20 01:34:34,273 [INFO] CodeEngine:265 - oldGeneratedFile, C:\Users\aliya\proje\KontrolOrtakCalisma\Kontroll4\MXTmpFiles\rtos_pfp.tmp_save
2025-07-20 01:34:34,354 [INFO] CodeEngine:289 - Generated code: C:\Users\aliya\proje\KontrolOrtakCalisma\Kontroll4\MXTmpFiles\rtos_pfp.tmp
2025-07-20 01:34:34,358 [INFO] CodeEngine:265 - oldGeneratedFile, C:\Users\aliya\proje\KontrolOrtakCalisma\Kontroll4\MXTmpFiles\rtos_obj_creat.tmp_save
2025-07-20 01:34:34,415 [INFO] CodeEngine:289 - Generated code: C:\Users\aliya\proje\KontrolOrtakCalisma\Kontroll4\MXTmpFiles\rtos_obj_creat.tmp
2025-07-20 01:34:34,420 [INFO] CodeEngine:265 - oldGeneratedFile, C:\Users\aliya\proje\KontrolOrtakCalisma\Kontroll4\MXTmpFiles\rtos_default_thread.tmp_save
2025-07-20 01:34:34,475 [INFO] CodeEngine:289 - Generated code: C:\Users\aliya\proje\KontrolOrtakCalisma\Kontroll4\MXTmpFiles\rtos_default_thread.tmp
2025-07-20 01:34:34,482 [INFO] CodeEngine:265 - oldGeneratedFile, C:\Users\aliya\proje\KontrolOrtakCalisma\Kontroll4\MXTmpFiles\rtos_threads.tmp_save
2025-07-20 01:34:34,600 [INFO] CodeEngine:289 - Generated code: C:\Users\aliya\proje\KontrolOrtakCalisma\Kontroll4\MXTmpFiles\rtos_threads.tmp
2025-07-20 01:34:34,641 [INFO] Middleware:1452 - No code input for Bsp Dependency
2025-07-20 01:34:34,694 [INFO] CodeEngine:265 - oldGeneratedFile, C:\Users\aliya\proje\KontrolOrtakCalisma\Kontroll4\MXTmpFiles\rtos_inc.tmp_save
2025-07-20 01:34:35,133 [INFO] CodeEngine:289 - Generated code: C:\Users\aliya\proje\KontrolOrtakCalisma\Kontroll4\MXTmpFiles\rtos_inc.tmp
2025-07-20 01:34:35,163 [INFO] CodeEngine:265 - oldGeneratedFile, C:\Users\aliya\proje\KontrolOrtakCalisma\Kontroll4\MXTmpFiles\rtos_kernelInit.tmp_save
2025-07-20 01:34:35,280 [INFO] CodeEngine:289 - Generated code: C:\Users\aliya\proje\KontrolOrtakCalisma\Kontroll4\MXTmpFiles\rtos_kernelInit.tmp
2025-07-20 01:34:35,285 [INFO] CodeEngine:265 - oldGeneratedFile, C:\Users\aliya\proje\KontrolOrtakCalisma\Kontroll4\MXTmpFiles\rtos_kernelStart.tmp_save
2025-07-20 01:34:35,342 [INFO] CodeEngine:289 - Generated code: C:\Users\aliya\proje\KontrolOrtakCalisma\Kontroll4\MXTmpFiles\rtos_kernelStart.tmp
2025-07-20 01:34:35,357 [INFO] CodeEngine:265 - oldGeneratedFile, C:\Users\aliya\proje\KontrolOrtakCalisma\Kontroll4\MXTmpFiles\rtos_typedefs.tmp_save
2025-07-20 01:34:35,417 [INFO] CodeEngine:289 - Generated code: C:\Users\aliya\proje\KontrolOrtakCalisma\Kontroll4\MXTmpFiles\rtos_typedefs.tmp
2025-07-20 01:34:35,423 [INFO] CodeEngine:265 - oldGeneratedFile, C:\Users\aliya\proje\KontrolOrtakCalisma\Kontroll4\MXTmpFiles\rtos_vars.tmp_save
2025-07-20 01:34:35,481 [INFO] CodeEngine:289 - Generated code: C:\Users\aliya\proje\KontrolOrtakCalisma\Kontroll4\MXTmpFiles\rtos_vars.tmp
2025-07-20 01:34:35,487 [INFO] CodeEngine:265 - oldGeneratedFile, C:\Users\aliya\proje\KontrolOrtakCalisma\Kontroll4\MXTmpFiles\rtos_pfp.tmp_save
2025-07-20 01:34:35,587 [INFO] CodeEngine:289 - Generated code: C:\Users\aliya\proje\KontrolOrtakCalisma\Kontroll4\MXTmpFiles\rtos_pfp.tmp
2025-07-20 01:34:35,599 [INFO] CodeEngine:265 - oldGeneratedFile, C:\Users\aliya\proje\KontrolOrtakCalisma\Kontroll4\MXTmpFiles\rtos_obj_creat.tmp_save
2025-07-20 01:34:35,671 [INFO] CodeEngine:289 - Generated code: C:\Users\aliya\proje\KontrolOrtakCalisma\Kontroll4\MXTmpFiles\rtos_obj_creat.tmp
2025-07-20 01:34:35,679 [INFO] CodeEngine:265 - oldGeneratedFile, C:\Users\aliya\proje\KontrolOrtakCalisma\Kontroll4\MXTmpFiles\rtos_default_thread.tmp_save
2025-07-20 01:34:35,738 [INFO] CodeEngine:289 - Generated code: C:\Users\aliya\proje\KontrolOrtakCalisma\Kontroll4\MXTmpFiles\rtos_default_thread.tmp
2025-07-20 01:34:35,744 [INFO] CodeEngine:265 - oldGeneratedFile, C:\Users\aliya\proje\KontrolOrtakCalisma\Kontroll4\MXTmpFiles\rtos_threads.tmp_save
2025-07-20 01:34:35,802 [INFO] CodeEngine:289 - Generated code: C:\Users\aliya\proje\KontrolOrtakCalisma\Kontroll4\MXTmpFiles\rtos_threads.tmp
2025-07-20 01:34:35,808 [INFO] CodeEngine:265 - oldGeneratedFile, C:\Users\aliya\proje\KontrolOrtakCalisma\Kontroll4\Core\Inc\FreeRTOSConfig.h_save
2025-07-20 01:34:35,890 [INFO] CodeEngine:289 - Generated code: C:\Users\aliya\proje\KontrolOrtakCalisma\Kontroll4\Core\Inc\FreeRTOSConfig.h
2025-07-20 01:34:35,898 [INFO] CodeEngine:265 - oldGeneratedFile, C:\Users\aliya\proje\KontrolOrtakCalisma\Kontroll4\Core\Src\freertos.c_save
2025-07-20 01:34:35,978 [INFO] CodeEngine:289 - Generated code: C:\Users\aliya\proje\KontrolOrtakCalisma\Kontroll4\Core\Src\freertos.c
2025-07-20 01:34:35,989 [INFO] CodeEngine:265 - oldGeneratedFile, C:\Users\aliya\proje\KontrolOrtakCalisma\Kontroll4\Core\Src\i2c.c_save
2025-07-20 01:34:36,071 [INFO] CodeEngine:289 - Generated code: C:\Users\aliya\proje\KontrolOrtakCalisma\Kontroll4\Core\Src\i2c.c
2025-07-20 01:34:36,078 [INFO] CodeEngine:265 - oldGeneratedFile, C:\Users\aliya\proje\KontrolOrtakCalisma\Kontroll4\Core\Inc\i2c.h_save
2025-07-20 01:34:36,140 [INFO] CodeEngine:289 - Generated code: C:\Users\aliya\proje\KontrolOrtakCalisma\Kontroll4\Core\Inc\i2c.h
2025-07-20 01:34:36,152 [INFO] CodeEngine:265 - oldGeneratedFile, C:\Users\aliya\proje\KontrolOrtakCalisma\Kontroll4\Core\Src\usart.c_save
2025-07-20 01:34:36,232 [INFO] CodeEngine:289 - Generated code: C:\Users\aliya\proje\KontrolOrtakCalisma\Kontroll4\Core\Src\usart.c
2025-07-20 01:34:36,238 [INFO] CodeEngine:265 - oldGeneratedFile, C:\Users\aliya\proje\KontrolOrtakCalisma\Kontroll4\Core\Inc\usart.h_save
2025-07-20 01:34:36,302 [INFO] CodeEngine:289 - Generated code: C:\Users\aliya\proje\KontrolOrtakCalisma\Kontroll4\Core\Inc\usart.h
2025-07-20 01:34:36,315 [INFO] CodeEngine:265 - oldGeneratedFile, C:\Users\aliya\proje\KontrolOrtakCalisma\Kontroll4\Core\Src\stm32f4xx_it.c_save
2025-07-20 01:34:36,597 [INFO] CodeEngine:289 - Generated code: C:\Users\aliya\proje\KontrolOrtakCalisma\Kontroll4\Core\Src\stm32f4xx_it.c
2025-07-20 01:34:36,634 [INFO] CodeEngine:265 - oldGeneratedFile, C:\Users\aliya\proje\KontrolOrtakCalisma\Kontroll4\Core\Inc\stm32f4xx_it.h_save
2025-07-20 01:34:36,800 [INFO] CodeEngine:289 - Generated code: C:\Users\aliya\proje\KontrolOrtakCalisma\Kontroll4\Core\Inc\stm32f4xx_it.h
2025-07-20 01:34:36,818 [INFO] CodeEngine:265 - oldGeneratedFile, C:\Users\aliya\proje\KontrolOrtakCalisma\Kontroll4\Core\Src\stm32f4xx_hal_msp.c_save
2025-07-20 01:34:36,922 [INFO] CodeEngine:289 - Generated code: C:\Users\aliya\proje\KontrolOrtakCalisma\Kontroll4\Core\Src\stm32f4xx_hal_msp.c
2025-07-20 01:34:36,929 [INFO] CodeEngine:265 - oldGeneratedFile, C:\Users\aliya\proje\KontrolOrtakCalisma\Kontroll4\MXTmpFiles\system.tmp_save
2025-07-20 01:34:36,991 [INFO] CodeEngine:289 - Generated code: C:\Users\aliya\proje\KontrolOrtakCalisma\Kontroll4\MXTmpFiles\system.tmp
2025-07-20 01:34:37,000 [INFO] CodeEngine:265 - oldGeneratedFile, C:\Users\aliya\proje\KontrolOrtakCalisma\Kontroll4\Core\Src\stm32f4xx_hal_timebase_tim.c_save
2025-07-20 01:34:37,060 [INFO] CodeEngine:289 - Generated code: C:\Users\aliya\proje\KontrolOrtakCalisma\Kontroll4\Core\Src\stm32f4xx_hal_timebase_tim.c
2025-07-20 01:34:37,072 [INFO] CodeEngine:321 - oldGeneratedFile, C:\Users\aliya\proje\KontrolOrtakCalisma\Kontroll4\Core\Inc\stm32f4xx_hal_conf.h_save
2025-07-20 01:34:37,136 [INFO] CodeEngine:345 - Generated code: C:\Users\aliya\proje\KontrolOrtakCalisma\Kontroll4\Core\Inc\stm32f4xx_hal_conf.h
2025-07-20 01:34:37,155 [WARN] IPConfigManager:3238 - Warning: the RefConfig PLL2P_FOR_MCO is not available in your config.xml file
2025-07-20 01:34:37,171 [INFO] CodeEngine:265 - oldGeneratedFile, C:\Users\aliya\proje\KontrolOrtakCalisma\Kontroll4\Core\Inc\main.h_save
2025-07-20 01:34:37,236 [INFO] CodeEngine:289 - Generated code: C:\Users\aliya\proje\KontrolOrtakCalisma\Kontroll4\Core\Inc\main.h
2025-07-20 01:34:37,244 [INFO] CodeEngine:265 - oldGeneratedFile, C:\Users\aliya\proje\KontrolOrtakCalisma\Kontroll4\Core\Src\main.c_save
2025-07-20 01:34:37,345 [INFO] CodeEngine:289 - Generated code: C:\Users\aliya\proje\KontrolOrtakCalisma\Kontroll4\Core\Src\main.c
2025-07-20 01:34:37,885 [INFO] ProjectBuilder:3606 - Time for Copy HAL[1] : 263mS.
2025-07-20 01:34:37,890 [INFO] ProjectBuilder:5216 - Project Generator version: 4.7.0-B52
2025-07-20 01:34:37,988 [INFO] ConfigFileManager:1595 - The Die is : DIE421
2025-07-20 01:34:40,104 [INFO] ProjectBuilder:5496 - Time for Generating toolchain IDE Files: 2215mS.
2025-07-20 01:34:40,105 [INFO] ProjectBuilder:3463 - Time for Copy CMSIS : 1mS.
2025-07-20 01:34:40,116 [INFO] ProjectBuilder:3463 - Time for Copy CMSIS : 0mS.
2025-07-20 01:42:55,762 [INFO] MainUpdater:2872 - connection check result : 10
2025-07-20 01:42:55,762 [INFO] MainUpdater:2872 - connection check result : 10
2025-07-20 01:42:55,783 [INFO] MicroXplorer:468 - Change Database Path : 
2025-07-20 01:42:55,783 [INFO] MicroXplorer:498 - Change Database Version : DB.6.0.150
2025-07-20 01:42:55,821 [ERROR] ProjectManagerView:395 - 
java.lang.NullPointerException: Cannot invoke "javax.swing.JTextField.getText()" because the return value of "java.util.List.get(int)" is null
	at com.st.microxplorer.plugins.projectmanager.gui.ProjectChoiceTab$9.caretUpdate(ProjectChoiceTab.java:2706) ~[filemanager.jar:?]
	at javax.swing.text.JTextComponent.fireCaretUpdate(JTextComponent.java:408) ~[?:?]
	at javax.swing.text.JTextComponent$MutableCaretEvent.fire(JTextComponent.java:4484) ~[?:?]
	at javax.swing.text.JTextComponent$MutableCaretEvent.stateChanged(JTextComponent.java:4506) ~[?:?]
	at javax.swing.text.DefaultCaret.fireStateChanged(DefaultCaret.java:857) ~[?:?]
	at javax.swing.text.DefaultCaret.changeCaretPosition(DefaultCaret.java:1343) ~[?:?]
	at javax.swing.text.DefaultCaret.handleSetDot(DefaultCaret.java:1242) ~[?:?]
	at javax.swing.text.DefaultCaret.setDot(DefaultCaret.java:1223) ~[?:?]
	at javax.swing.text.DefaultCaret$Handler.insertUpdate(DefaultCaret.java:1819) ~[?:?]
	at javax.swing.text.AbstractDocument.fireInsertUpdate(AbstractDocument.java:227) ~[?:?]
	at javax.swing.text.AbstractDocument.handleInsertString(AbstractDocument.java:781) ~[?:?]
	at javax.swing.text.AbstractDocument.insertString(AbstractDocument.java:740) ~[?:?]
	at javax.swing.text.PlainDocument.insertString(PlainDocument.java:131) ~[?:?]
	at javax.swing.text.AbstractDocument.replace(AbstractDocument.java:699) ~[?:?]
	at javax.swing.text.JTextComponent.setText(JTextComponent.java:1725) ~[?:?]
	at com.st.microxplorer.plugins.projectmanager.gui.ProjectChoiceTab.createHeapStackFields(ProjectChoiceTab.java:993) ~[filemanager.jar:?]
	at com.st.microxplorer.plugins.projectmanager.gui.ProjectChoiceTab.buildLinkSettingsPanel(ProjectChoiceTab.java:3813) ~[filemanager.jar:?]
	at com.st.microxplorer.plugins.projectmanager.gui.ProjectChoiceTab.defineWindowsFields(ProjectChoiceTab.java:1987) ~[filemanager.jar:?]
	at com.st.microxplorer.plugins.projectmanager.gui.ProjectChoiceTab.updateSettings(ProjectChoiceTab.java:558) ~[filemanager.jar:?]
	at com.st.microxplorer.plugins.projectmanager.gui.ProjectSettingsPanel.UpdateDialog(ProjectSettingsPanel.java:247) ~[filemanager.jar:?]
	at com.st.microxplorer.plugins.projectmanager.ProjectManagerView.propertyChange(ProjectManagerView.java:392) ~[filemanager.jar:?]
	at java.beans.PropertyChangeSupport.fire(PropertyChangeSupport.java:343) ~[?:?]
	at java.beans.PropertyChangeSupport.firePropertyChange(PropertyChangeSupport.java:335) ~[?:?]
	at java.beans.PropertyChangeSupport.firePropertyChange(PropertyChangeSupport.java:268) ~[?:?]
	at com.st.microxplorer.util.MXPropertyChangeSupport.firePropertyChange(MXPropertyChangeSupport.java:54) ~[STM32CubeMX.jar:?]
	at com.st.microxplorer.mxsystem.MxSystem.closeConfig(MxSystem.java:899) ~[STM32CubeMX.jar:?]
	at com.st.microxplorer.maingui.MainPanel.closeConfig(MainPanel.java:792) ~[STM32CubeMX.jar:?]
	at com.st.microxplorer.plugins.filemanager.engine.OpenFileManager.loadConfigurationFile(OpenFileManager.java:288) ~[filemanager.jar:?]
	at com.st.microxplorer.plugins.filemanager.engine.MainFileManager.userLoadConfig(MainFileManager.java:364) ~[filemanager.jar:?]
	at com.st.microxplorer.plugins.filemanager.engine.MainFileManager.userLoadConfig(MainFileManager.java:342) ~[filemanager.jar:?]
	at com.st.microxplorer.plugins.filemanager.FileManagerView.getSpecificTask(FileManagerView.java:264) ~[filemanager.jar:?]
	at com.st.stm32cube.common.mx.editor.CubeMxEditor.getMxTabbedPaneInstance(CubeMxEditor.java:1198) ~[com.st.stm32cube.common.mx_6.15.0.202507011659/:?]
	at com.st.stm32cube.common.mx.editor.CubeMxEditor$12$1.createSwingComponent(CubeMxEditor.java:1068) ~[com.st.stm32cube.common.mx_6.15.0.202507011659/:?]
	at com.st.stm32cube.common.mx.oss.core.awtswtbridge.EmbeddedSwingComposite.doComponentCreation(EmbeddedSwingComposite.java:492) ~[com.st.stm32cube.common.mx.oss_6.15.0.202507011659/:?]
	at com.st.stm32cube.common.mx.oss.core.awtswtbridge.EmbeddedSwingComposite$4.run(EmbeddedSwingComposite.java:291) ~[com.st.stm32cube.common.mx.oss_6.15.0.202507011659/:?]
	at com.st.stm32cube.common.mx.oss.core.awtswtbridge.AwtEnvironment$2.run(AwtEnvironment.java:166) ~[com.st.stm32cube.common.mx.oss_6.15.0.202507011659/:?]
	at java.awt.event.InvocationEvent.dispatch(InvocationEvent.java:318) ~[?:?]
	at java.awt.EventQueue.dispatchEventImpl(EventQueue.java:773) ~[?:?]
	at java.awt.EventQueue$4.run(EventQueue.java:720) ~[?:?]
	at java.awt.EventQueue$4.run(EventQueue.java:714) ~[?:?]
	at java.security.AccessController.doPrivileged(AccessController.java:400) ~[?:?]
	at java.security.ProtectionDomain$JavaSecurityAccessImpl.doIntersectionPrivilege(ProtectionDomain.java:87) ~[?:?]
	at java.awt.EventQueue.dispatchEvent(EventQueue.java:742) ~[?:?]
	at java.awt.EventDispatchThread.pumpOneEventForFilters(EventDispatchThread.java:203) ~[?:?]
	at java.awt.EventDispatchThread.pumpEventsForFilter(EventDispatchThread.java:124) ~[?:?]
	at java.awt.EventDispatchThread.pumpEventsForHierarchy(EventDispatchThread.java:113) ~[?:?]
	at java.awt.EventDispatchThread.pumpEvents(EventDispatchThread.java:109) ~[?:?]
	at java.awt.EventDispatchThread.pumpEvents(EventDispatchThread.java:101) ~[?:?]
	at java.awt.EventDispatchThread.run(EventDispatchThread.java:90) ~[?:?]
2025-07-20 01:42:55,849 [WARN] ThirdParty:871 - waiting for thirdparty lock release [close project]
2025-07-20 01:42:55,849 [INFO] ThirdParty:873 - entering critical section [close project]
2025-07-20 01:42:55,852 [INFO] ThirdParty:883 - exiting critical section [close project]
2025-07-20 01:42:55,855 [INFO] PinOutPanel:1589 - setPackage(No Configuration,No Configuration)
2025-07-20 01:42:55,884 [WARN] IpParametersView:155 - Warning: This peripheral hasn't parameters
2025-07-20 01:42:55,904 [WARN] MainPanel:289 - <html><b><center>Warning: This peripheral has no parameters to be configured<br></b></html>
2025-07-20 01:42:55,931 [INFO] UtilMem:75 - Begin LoadConfig() Used Memory: 782178208 Bytes (1073741824)
2025-07-20 01:42:55,934 [INFO] MicroXplorer:468 - Change Database Path : 
2025-07-20 01:42:55,934 [INFO] MicroXplorer:498 - Change Database Version : DB.6.0.150
2025-07-20 01:42:55,934 [INFO] OpenFileManager:355 - Change cursor
2025-07-20 01:42:56,004 [INFO] RulesReader:64 - Compatibility file has been processed (317 Rules)
2025-07-20 01:42:56,013 [INFO] Mcu:2029 - Initializing MCU STM32F446R(C-E)Tx STM32F446RETx STM32F446RET6
2025-07-20 01:42:57,993 [INFO] Context:786 - Trying to add GPIOservice into a context  which must be forbidden
2025-07-20 01:43:00,187 [INFO] ImportTextPane:234 - (OptionalMessage_ERROR) Pin17 (VP_RIF_VS_RIF1) cannot be retrieved for this MCU
2025-07-20 01:43:00,421 [INFO] RtosManager:558 - Registered RTOS mode: class=CMSIS, group=RTOS, mode=CMSIS_V1, owner=FREERTOS
2025-07-20 01:43:00,421 [INFO] RtosManager:558 - Registered RTOS mode: class=CMSIS, group=RTOS2, mode=CMSIS_V2, owner=FREERTOS
2025-07-20 01:43:00,421 [INFO] RtosManager:558 - Registered RTOS mode: class=RTOS, group=Core, mode=CMSIS_V1, owner=FREERTOS
2025-07-20 01:43:00,421 [INFO] RtosManager:558 - Registered RTOS mode: class=RTOS, group=Core, mode=CMSIS_V2, owner=FREERTOS
2025-07-20 01:43:00,421 [WARN] ModelIntegratedComponent:184 - Missing modes for component STMicroelectronics:FreeRTOS:0.0.1:STMicroelectronics:RTOS:FreeRTOS:Core:::10.2.0:
2025-07-20 01:43:00,564 [WARN] ModelIntegratedComponent:63 - No mode defined for component null
2025-07-20 01:43:00,565 [WARN] ModelIntegratedComponent:63 - No mode defined for component null
2025-07-20 01:43:00,566 [WARN] ModelIntegratedComponent:63 - No mode defined for component null
2025-07-20 01:43:00,566 [WARN] ModelIntegratedComponent:63 - No mode defined for component null
2025-07-20 01:43:00,566 [WARN] ModelIntegratedComponent:63 - No mode defined for component null
2025-07-20 01:43:00,566 [WARN] ModelIntegratedComponent:63 - No mode defined for component null
2025-07-20 01:43:00,566 [WARN] ModelIntegratedComponent:63 - No mode defined for component null
2025-07-20 01:43:00,567 [WARN] ModelIntegratedComponent:63 - No mode defined for component null
2025-07-20 01:43:00,567 [WARN] ModelIntegratedComponent:63 - No mode defined for component null
2025-07-20 01:43:00,567 [WARN] ModelIntegratedComponent:63 - No mode defined for component null
2025-07-20 01:43:00,568 [WARN] ModelIntegratedComponent:63 - No mode defined for component null
2025-07-20 01:43:00,568 [WARN] ModelIntegratedComponent:63 - No mode defined for component null
2025-07-20 01:43:00,568 [WARN] ModelIntegratedComponent:63 - No mode defined for component null
2025-07-20 01:43:00,568 [WARN] ModelIntegratedComponent:63 - No mode defined for component null
2025-07-20 01:43:00,569 [WARN] ModelIntegratedComponent:63 - No mode defined for component null
2025-07-20 01:43:00,569 [WARN] ModelIntegratedComponent:63 - No mode defined for component null
2025-07-20 01:43:00,569 [WARN] ModelIntegratedComponent:63 - No mode defined for component null
2025-07-20 01:43:00,569 [WARN] ModelIntegratedComponent:63 - No mode defined for component null
2025-07-20 01:43:00,569 [WARN] ModelIntegratedComponent:63 - No mode defined for component null
2025-07-20 01:43:00,570 [WARN] ModelIntegratedComponent:63 - No mode defined for component null
2025-07-20 01:43:00,570 [WARN] ModelIntegratedComponent:63 - No mode defined for component null
2025-07-20 01:43:00,570 [WARN] ModelIntegratedComponent:63 - No mode defined for component null
2025-07-20 01:43:00,570 [WARN] ModelIntegratedComponent:63 - No mode defined for component null
2025-07-20 01:43:00,570 [WARN] ModelIntegratedComponent:63 - No mode defined for component null
2025-07-20 01:43:00,570 [WARN] ModelIntegratedComponent:63 - No mode defined for component null
2025-07-20 01:43:00,570 [WARN] ModelIntegratedComponent:63 - No mode defined for component null
2025-07-20 01:43:00,570 [WARN] ModelIntegratedComponent:63 - No mode defined for component null
2025-07-20 01:43:00,570 [WARN] ModelIntegratedComponent:63 - No mode defined for component null
2025-07-20 01:43:00,570 [WARN] ModelIntegratedComponent:63 - No mode defined for component null
2025-07-20 01:43:00,570 [WARN] ModelIntegratedComponent:63 - No mode defined for component null
2025-07-20 01:43:00,570 [WARN] ModelIntegratedComponent:63 - No mode defined for component null
2025-07-20 01:43:00,570 [WARN] ModelIntegratedComponent:63 - No mode defined for component null
2025-07-20 01:43:00,570 [WARN] ModelIntegratedComponent:63 - No mode defined for component null
2025-07-20 01:43:00,570 [WARN] ModelIntegratedComponent:63 - No mode defined for component null
2025-07-20 01:43:00,571 [WARN] ModelIntegratedComponent:63 - No mode defined for component null
2025-07-20 01:43:00,571 [WARN] ModelPack:524 - Component already loaded: STMicroelectronics:HAL Drivers:0.0.0:STMicroelectronics:Device:STMicro_Driver:XSPI:HAL::0.0.1:HAL_XSPI
2025-07-20 01:43:01,048 [INFO] ThirdPartyModel:298 - Start build external matchings
2025-07-20 01:43:01,626 [INFO] ThirdPartyModel:316 - End build external matchings
2025-07-20 01:43:01,649 [INFO] RtosManager:1018 - Current active RTOS is FREERTOS [Cortex-M4NS]
2025-07-20 01:43:01,657 [INFO] ImportTextPane:234 - (OptionalMessage_ERROR) IP (RCC) : Invalid parameter (48MHZClocksFreq_Value)
2025-07-20 01:43:01,657 [INFO] ImportTextPane:234 - (OptionalMessage_ERROR) IP (RCC) : Invalid parameter (EthernetFreq_Value)
2025-07-20 01:43:01,657 [INFO] ImportTextPane:234 - (OptionalMessage_ERROR) IP (RCC) : Parameter (FLatency) has Id (AdvancedSettings) currently not set
2025-07-20 01:43:01,657 [INFO] ImportTextPane:234 - (OptionalMessage_ERROR) IP (RCC) : Invalid parameter (FamilyName)
2025-07-20 01:43:01,658 [INFO] ImportTextPane:234 - (OptionalMessage_ERROR) IP (RCC) : Invalid parameter (I2SClocksFreq_Value)
2025-07-20 01:43:01,658 [INFO] ImportTextPane:234 - (OptionalMessage_ERROR) IP (RCC) : Parameter (SDIOFreq_Value) has invalid value (168000000)
2025-07-20 01:43:01,658 [INFO] ImportTextPane:234 - (OptionalMessage_ERROR) IP (RCC) : Parameter (USBFreq_Value) has invalid value (168000000)
2025-07-20 01:43:01,658 [INFO] ImportTextPane:234 - (OptionalMessage_ERROR) IP (RCC) : Invalid parameter (VCOInputMFreq_Value)
2025-07-20 01:43:01,658 [INFO] ImportTextPane:234 - (OptionalMessage_ERROR) IP (RCC) : Invalid parameter (VcooutputI2S)
2025-07-20 01:43:01,888 [INFO] UtilMem:75 - End LoadConfig() Used Memory: 785594448 Bytes (1073741824)
2025-07-20 01:43:01,971 [WARN] ThirdParty:833 - waiting for thirdparty lock release [change project]
2025-07-20 01:43:01,972 [INFO] ThirdParty:835 - entering critical section [change project]
2025-07-20 01:43:01,972 [INFO] ThirdParty:1030 - CMSIS Pack Vendor :STMicroelectronics X-CUBE-PM33A1 1.0.0
2025-07-20 01:43:01,972 [INFO] ThirdParty:1030 - CMSIS Pack Vendor :STMicroelectronics USBPD 4.1
2025-07-20 01:43:01,972 [INFO] ThirdParty:1030 - CMSIS Pack Vendor :STMicroelectronics X-CUBE-AZRTOS-H7 3.3.0
2025-07-20 01:43:01,972 [INFO] ThirdParty:1030 - CMSIS Pack Vendor :STMicroelectronics X-CUBE-NFC9 1.0.0
2025-07-20 01:43:01,972 [INFO] ThirdParty:1030 - CMSIS Pack Vendor :wolfSSL I-CUBE-wolfSSL 5.8.0
2025-07-20 01:43:01,973 [INFO] ThirdParty:1030 - CMSIS Pack Vendor :STMicroelectronics USB_HOST 2.0.0
2025-07-20 01:43:01,973 [INFO] ThirdParty:1030 - CMSIS Pack Vendor :STMicroelectronics FP-SNS-MOTENVWB1 1.4.0
2025-07-20 01:43:01,973 [INFO] ThirdParty:1030 - CMSIS Pack Vendor :STMicroelectronics X-CUBE-AZRTOS-F4 1.1.0
2025-07-20 01:43:01,973 [INFO] ThirdParty:1030 - CMSIS Pack Vendor :STMicroelectronics LIBJPEG 8.0.0
2025-07-20 01:43:01,973 [INFO] ThirdParty:1030 - CMSIS Pack Vendor :STMicroelectronics FP-ATR-ASTRA1 2.0.2
2025-07-20 01:43:01,974 [INFO] ThirdParty:1030 - CMSIS Pack Vendor :STMicroelectronics X-CUBE-BLE1 7.1.0
2025-07-20 01:43:01,974 [INFO] ThirdParty:1030 - CMSIS Pack Vendor :Avnet-IotConnect X-CUBE-IoTC-DA16k-PMOD 1.0.0
2025-07-20 01:43:01,974 [INFO] ThirdParty:1030 - CMSIS Pack Vendor :STMicroelectronics X-CUBE-SMBUS 2.1.0
2025-07-20 01:43:01,974 [INFO] ThirdParty:1030 - CMSIS Pack Vendor :wolfSSL I-CUBE-wolfMQTT 1.19.2
2025-07-20 01:43:01,974 [INFO] ThirdParty:1030 - CMSIS Pack Vendor :STMicroelectronics USB_DEVICE 3.0.0
2025-07-20 01:43:01,974 [INFO] ThirdParty:1030 - CMSIS Pack Vendor :STMicroelectronics X-CUBE-ISPU 2.1.0
2025-07-20 01:43:01,974 [INFO] ThirdParty:1030 - CMSIS Pack Vendor :STMicroelectronics X-CUBE-EEPRMA1 5.2.0
2025-07-20 01:43:01,974 [INFO] ThirdParty:1030 - CMSIS Pack Vendor :STMicroelectronics X-CUBE-AZRTOS-WB 2.0.0
2025-07-20 01:43:01,974 [INFO] ThirdParty:1030 - CMSIS Pack Vendor :STMicroelectronics X-CUBE-ST60 1.0.0
2025-07-20 01:43:01,974 [INFO] ThirdParty:1030 - CMSIS Pack Vendor :STMicroelectronics X-CUBE-GNSS1 7.0.1
2025-07-20 01:43:01,974 [INFO] ThirdParty:1030 - CMSIS Pack Vendor :STMicroelectronics X-CUBE-NFC12 1.0.0
2025-07-20 01:43:01,974 [INFO] ThirdParty:1030 - CMSIS Pack Vendor :STMicroelectronics X-CUBE-AZRTOS-F7 1.1.0
2025-07-20 01:43:01,974 [INFO] ThirdParty:1030 - CMSIS Pack Vendor :STMicroelectronics X-CUBE-AZRTOS-L5 2.0.0
2025-07-20 01:43:01,974 [INFO] ThirdParty:1030 - CMSIS Pack Vendor :STMicroelectronics X-CUBE-TOUCHGFX 4.25.0
2025-07-20 01:43:01,975 [INFO] ThirdParty:1030 - CMSIS Pack Vendor :STMicroelectronics USB_DEVICE 2.0.0
2025-07-20 01:43:01,975 [INFO] ThirdParty:1030 - CMSIS Pack Vendor :STMicroelectronics X-CUBE-NFC6 3.1.0
2025-07-20 01:43:01,975 [INFO] ThirdParty:1030 - CMSIS Pack Vendor :STMicroelectronics X-CUBE-AI 10.1.0
2025-07-20 01:43:01,975 [INFO] ThirdParty:1030 - CMSIS Pack Vendor :STMicroelectronics FP-SNS-STBOX1 2.0.0
2025-07-20 01:43:01,975 [INFO] ThirdParty:1030 - CMSIS Pack Vendor :STMicroelectronics FreeRTOS 0.0.1
2025-07-20 01:43:01,975 [INFO] ThirdParty:1030 - CMSIS Pack Vendor :STMicroelectronics X-CUBE-AZRTOS-G0 1.1.0
2025-07-20 01:43:01,975 [INFO] ThirdParty:1030 - CMSIS Pack Vendor :STMicroelectronics X-CUBE-SAFEA1 1.2.2
2025-07-20 01:43:01,975 [INFO] ThirdParty:1030 - CMSIS Pack Vendor :STMicroelectronics X-CUBE-NFC4 3.0.0
2025-07-20 01:43:01,975 [INFO] ThirdParty:1030 - CMSIS Pack Vendor :STMicroelectronics X-CUBE-SUBG2 5.0.0
2025-07-20 01:43:01,975 [INFO] ThirdParty:1030 - CMSIS Pack Vendor :STMicroelectronics X-CUBE-AZRTOS-H7RS 1.1.0
2025-07-20 01:43:01,975 [INFO] ThirdParty:1030 - CMSIS Pack Vendor :STMicroelectronics STM32_WPAN 1.0.0
2025-07-20 01:43:01,975 [INFO] ThirdParty:1030 - CMSIS Pack Vendor :EmbeddedOffice I-CUBE-FS-RTOS 1.0.1
2025-07-20 01:43:01,975 [INFO] ThirdParty:1030 - CMSIS Pack Vendor :STMicroelectronics lwIP 2.0.3
2025-07-20 01:43:01,975 [INFO] ThirdParty:1030 - CMSIS Pack Vendor :Cesanta I-CUBE-Mongoose 7.13.0
2025-07-20 01:43:01,975 [INFO] ThirdParty:1030 - CMSIS Pack Vendor :STMicroelectronics USB_HOST 1.0.0
2025-07-20 01:43:01,975 [INFO] ThirdParty:1030 - CMSIS Pack Vendor :Infineon AIROC-Wi-Fi-Bluetooth-STM32 1.7.0
2025-07-20 01:43:01,975 [INFO] ThirdParty:1030 - CMSIS Pack Vendor :STMicroelectronics X-CUBE-AZRTOS-G4 2.0.0
2025-07-20 01:43:01,975 [INFO] ThirdParty:1030 - CMSIS Pack Vendor :STMicroelectronics X-CUBE-WB05N 2.0.0
2025-07-20 01:43:01,975 [INFO] ThirdParty:1030 - CMSIS Pack Vendor :STMicroelectronics PDM2PCM 3.1.0
2025-07-20 01:43:01,975 [INFO] ThirdParty:1030 - CMSIS Pack Vendor :STMicroelectronics PDM2PCM 3.3.0
2025-07-20 01:43:01,975 [INFO] ThirdParty:1030 - CMSIS Pack Vendor :wolfSSL I-CUBE-wolfTPM 3.8.0
2025-07-20 01:43:01,975 [INFO] ThirdParty:1030 - CMSIS Pack Vendor :STMicroelectronics X-CUBE-AZRTOS-H7 3.4.0
2025-07-20 01:43:01,975 [INFO] ThirdParty:1030 - CMSIS Pack Vendor :STMicroelectronics X-CUBE-DISPLAY 3.0.0
2025-07-20 01:43:01,975 [INFO] ThirdParty:1030 - CMSIS Pack Vendor :wolfSSL I-CUBE-wolfSSH 1.4.20
2025-07-20 01:43:01,975 [INFO] ThirdParty:1030 - CMSIS Pack Vendor :STMicroelectronics X-CUBE-NFC7 2.0.0
2025-07-20 01:43:01,975 [INFO] ThirdParty:1030 - CMSIS Pack Vendor :STMicroelectronics X-CUBE-TCPP 4.2.0
2025-07-20 01:43:01,975 [INFO] ThirdParty:1030 - CMSIS Pack Vendor :RealThread X-CUBE-RT-Thread_Nano 4.1.1
2025-07-20 01:43:01,975 [INFO] ThirdParty:1030 - CMSIS Pack Vendor :STMicroelectronics FP-ATR-SIGFOX1 3.2.0
2025-07-20 01:43:01,975 [INFO] ThirdParty:1030 - CMSIS Pack Vendor :STMicroelectronics X-CUBE-NFC10 1.0.0
2025-07-20 01:43:01,975 [INFO] ThirdParty:1030 - CMSIS Pack Vendor :STMicroelectronics X-CUBE-BLEMGR 4.0.0
2025-07-20 01:43:01,976 [INFO] ThirdParty:1030 - CMSIS Pack Vendor :STMicroelectronics X-CUBE-EEPRMA1 5.1.0
2025-07-20 01:43:01,976 [INFO] ThirdParty:1030 - CMSIS Pack Vendor :STMicroelectronics X-CUBE-FREERTOS 1.3.1
2025-07-20 01:43:01,976 [INFO] ThirdParty:1030 - CMSIS Pack Vendor :STMicroelectronics HAL Drivers 0.0.0
2025-07-20 01:43:01,976 [INFO] ThirdParty:1030 - CMSIS Pack Vendor :STMicroelectronics MBEDTLS 2.16.2
2025-07-20 01:43:01,976 [INFO] ThirdParty:1030 - CMSIS Pack Vendor :STMicroelectronics X-CUBE-IPS 3.1.0
2025-07-20 01:43:01,977 [INFO] ThirdParty:1030 - CMSIS Pack Vendor :STMicroelectronics X-CUBE-ALS 1.0.2
2025-07-20 01:43:01,977 [INFO] ThirdParty:1030 - CMSIS Pack Vendor :emotas I-CUBE-CANOPEN 1.3.0
2025-07-20 01:43:01,978 [INFO] ThirdParty:1030 - CMSIS Pack Vendor :STMicroelectronics MBEDTLS 2.14.1
2025-07-20 01:43:01,978 [INFO] ThirdParty:1030 - CMSIS Pack Vendor :ITTIA_DB I-CUBE-ITTIADB 8.9.0
2025-07-20 01:43:01,978 [INFO] ThirdParty:1030 - CMSIS Pack Vendor :portGmbH I-Cube-SoM-uGOAL 1.1.0
2025-07-20 01:43:01,978 [INFO] ThirdParty:1030 - CMSIS Pack Vendor :quantropi X-CUBE-qispace-sdk-base 2.0.0
2025-07-20 01:43:01,978 [INFO] ThirdParty:1030 - CMSIS Pack Vendor :STMicroelectronics X-CUBE-ST67W61 1.0.0
2025-07-20 01:43:01,978 [INFO] ThirdParty:1030 - CMSIS Pack Vendor :STMicroelectronics FP-SNS-STAIOTCFT 1.0.0
2025-07-20 01:43:01,978 [INFO] ThirdParty:1030 - CMSIS Pack Vendor :STMicroelectronics ThreadX 1.0.0
2025-07-20 01:43:01,978 [INFO] ThirdParty:1030 - CMSIS Pack Vendor :STMicroelectronics FP-SNS-SMARTAG2 1.2.0
2025-07-20 01:43:01,978 [INFO] ThirdParty:1030 - CMSIS Pack Vendor :STMicroelectronics FP-SNS-FLIGHT1 5.1.0
2025-07-20 01:43:01,978 [INFO] ThirdParty:1030 - CMSIS Pack Vendor :STMicroelectronics X-CUBE-AZRTOS-WL 2.0.0
2025-07-20 01:43:01,978 [INFO] ThirdParty:1030 - CMSIS Pack Vendor :SEGGER I-CUBE-embOS 1.3.1
2025-07-20 01:43:01,978 [INFO] ThirdParty:1030 - CMSIS Pack Vendor :STMicroelectronics X-CUBE-ALGOBUILD 1.4.0
2025-07-20 01:43:01,979 [INFO] ThirdParty:1030 - CMSIS Pack Vendor :STMicroelectronics X-CUBE-DPower 1.3.0
2025-07-20 01:43:01,979 [INFO] ThirdParty:1030 - CMSIS Pack Vendor :STMicroelectronics X-CUBE-MEMS1 11.3.0
2025-07-20 01:43:01,980 [INFO] ThirdParty:1030 - CMSIS Pack Vendor :STMicroelectronics FP-SNS-MOTENV1 5.0.0
2025-07-20 01:43:01,980 [INFO] ThirdParty:1030 - CMSIS Pack Vendor :STMicroelectronics USB_DEVICE 1.0.0
2025-07-20 01:43:01,980 [INFO] ThirdParty:1030 - CMSIS Pack Vendor :STMicroelectronics X-CUBE-AZRTOS-L4 2.0.0
2025-07-20 01:43:01,980 [INFO] ThirdParty:1030 - CMSIS Pack Vendor :STMicroelectronics ThreadX 0.0.2
2025-07-20 01:43:01,980 [INFO] ThirdParty:1030 - CMSIS Pack Vendor :WES I-CUBE-Cesium 1.3.0
2025-07-20 01:43:01,980 [INFO] ThirdParty:1030 - CMSIS Pack Vendor :STMicroelectronics lwIP 2.1.2
2025-07-20 01:43:01,981 [INFO] ThirdParty:1030 - CMSIS Pack Vendor :STMicroelectronics X-CUBE-SFXS2LP1 4.0.0
2025-07-20 01:43:01,982 [INFO] ThirdParty:1030 - CMSIS Pack Vendor :STMicroelectronics X-CUBE-BLE2 3.3.0
2025-07-20 01:43:01,982 [INFO] ThirdParty:1030 - CMSIS Pack Vendor :STMicroelectronics X-CUBE-TOF1 3.4.3
2025-07-20 01:43:01,982 [INFO] ThirdParty:1030 - CMSIS Pack Vendor :STMicroelectronics PDM2PCM 3.2.0
2025-07-20 01:43:01,982 [INFO] ThirdParty:841 - exiting critical section [change project]
2025-07-20 01:43:02,298 [INFO] PinOutPanel:1589 - setPackage(No Configuration,No Configuration)
2025-07-20 01:43:02,299 [INFO] PinOutPanel:1589 - setPackage(STM32F446RETx,LQFP64)
2025-07-20 01:43:02,677 [INFO] UtilMem:75 - Before build in PCC Used Memory: 990904320 Bytes (1073741824)
2025-07-20 01:43:03,563 [INFO] UtilMem:75 - After build in PCC Used Memory: 384268912 Bytes (1073741824)
2025-07-20 01:43:03,568 [INFO] ApiDbMcu:532 - Load IP Config File for FREERTOS
2025-07-20 01:43:03,612 [INFO] IPUIPlugin:80 - create IPUIPlugin
2025-07-20 01:43:03,612 [INFO] IPUIPlugin:80 - create IPUIPlugin
2025-07-20 01:43:03,613 [INFO] IPUIPlugin:80 - create IPUIPlugin
2025-07-20 01:43:03,613 [INFO] IPUIPlugin:80 - create IPUIPlugin
2025-07-20 01:43:03,613 [INFO] IPUIPlugin:80 - create IPUIPlugin
2025-07-20 01:43:03,613 [INFO] IPUIPlugin:80 - create IPUIPlugin
2025-07-20 01:43:03,613 [INFO] IPUIPlugin:80 - create IPUIPlugin
2025-07-20 01:43:03,613 [INFO] IPUIPlugin:80 - create IPUIPlugin
2025-07-20 01:43:03,613 [INFO] IPUIPlugin:80 - create IPUIPlugin
2025-07-20 01:43:03,613 [INFO] IPUIPlugin:80 - create IPUIPlugin
2025-07-20 01:43:03,613 [INFO] IPUIPlugin:80 - create IPUIPlugin
2025-07-20 01:43:03,614 [INFO] IPUIPlugin:80 - create IPUIPlugin
2025-07-20 01:43:03,614 [INFO] IPUIPlugin:80 - create IPUIPlugin
2025-07-20 01:43:03,615 [INFO] IPUIPlugin:80 - create IPUIPlugin
2025-07-20 01:43:03,616 [INFO] IPUIPlugin:80 - create IPUIPlugin
2025-07-20 01:43:03,617 [INFO] IPUIPlugin:80 - create IPUIPlugin
2025-07-20 01:43:03,617 [INFO] IPUIPlugin:80 - create IPUIPlugin
2025-07-20 01:43:03,617 [INFO] IPUIPlugin:80 - create IPUIPlugin
2025-07-20 01:43:03,618 [INFO] IPUIPlugin:80 - create IPUIPlugin
2025-07-20 01:43:03,618 [INFO] IPUIPlugin:80 - create IPUIPlugin
2025-07-20 01:43:03,618 [INFO] IPUIPlugin:80 - create IPUIPlugin
2025-07-20 01:43:03,618 [INFO] IPUIPlugin:80 - create IPUIPlugin
2025-07-20 01:43:03,618 [INFO] IPUIPlugin:80 - create IPUIPlugin
2025-07-20 01:43:03,618 [INFO] IPUIPlugin:80 - create IPUIPlugin
2025-07-20 01:43:03,619 [INFO] IPUIPlugin:80 - create IPUIPlugin
2025-07-20 01:43:03,619 [INFO] IPUIPlugin:80 - create IPUIPlugin
2025-07-20 01:43:03,619 [INFO] IPUIPlugin:80 - create IPUIPlugin
2025-07-20 01:43:03,619 [INFO] IPUIPlugin:80 - create IPUIPlugin
2025-07-20 01:43:03,619 [INFO] IPUIPlugin:80 - create IPUIPlugin
2025-07-20 01:43:03,619 [INFO] IPUIPlugin:80 - create IPUIPlugin
2025-07-20 01:43:03,619 [INFO] IPUIPlugin:80 - create IPUIPlugin
2025-07-20 01:43:03,620 [INFO] IPUIPlugin:80 - create IPUIPlugin
2025-07-20 01:43:03,620 [INFO] IPUIPlugin:80 - create IPUIPlugin
2025-07-20 01:43:03,620 [INFO] IPUIPlugin:80 - create IPUIPlugin
2025-07-20 01:43:03,620 [INFO] IPUIPlugin:80 - create IPUIPlugin
2025-07-20 01:43:03,622 [INFO] IPUIPlugin:80 - create IPUIPlugin
2025-07-20 01:43:03,622 [INFO] IPUIPlugin:80 - create IPUIPlugin
2025-07-20 01:43:03,623 [INFO] IPUIPlugin:80 - create IPUIPlugin
2025-07-20 01:43:03,623 [INFO] IPUIPlugin:80 - create IPUIPlugin
2025-07-20 01:43:03,623 [INFO] IPUIPlugin:80 - create IPUIPlugin
2025-07-20 01:43:03,625 [INFO] IPUIPlugin:80 - create IPUIPlugin
2025-07-20 01:43:03,626 [INFO] IPUIPlugin:80 - create IPUIPlugin
2025-07-20 01:43:03,627 [INFO] IPUIPlugin:80 - create IPUIPlugin
2025-07-20 01:43:03,628 [INFO] IPUIPlugin:80 - create IPUIPlugin
2025-07-20 01:43:03,628 [INFO] IPUIPlugin:80 - create IPUIPlugin
2025-07-20 01:43:03,628 [INFO] IPUIPlugin:80 - create IPUIPlugin
2025-07-20 01:43:03,629 [INFO] IPUIPlugin:80 - create IPUIPlugin
2025-07-20 01:43:03,630 [INFO] IPUIPlugin:80 - create IPUIPlugin
2025-07-20 01:43:03,631 [INFO] IPUIPlugin:80 - create IPUIPlugin
2025-07-20 01:43:03,631 [INFO] IPUIPlugin:80 - create IPUIPlugin
2025-07-20 01:43:03,631 [INFO] IPUIPlugin:80 - create IPUIPlugin
2025-07-20 01:43:03,631 [INFO] IPUIPlugin:80 - create IPUIPlugin
2025-07-20 01:43:03,631 [INFO] IPUIPlugin:80 - create IPUIPlugin
2025-07-20 01:43:03,632 [INFO] IPUIPlugin:80 - create IPUIPlugin
2025-07-20 01:43:03,632 [INFO] IPUIPlugin:80 - create IPUIPlugin
2025-07-20 01:43:03,632 [INFO] IPUIPlugin:80 - create IPUIPlugin
2025-07-20 01:43:03,634 [INFO] IPUIPlugin:80 - create IPUIPlugin
2025-07-20 01:43:03,636 [INFO] IPUIPlugin:80 - create IPUIPlugin
2025-07-20 01:43:03,637 [INFO] IPUIPlugin:80 - create IPUIPlugin
2025-07-20 01:43:03,637 [INFO] IPUIPlugin:80 - create IPUIPlugin
2025-07-20 01:43:03,639 [INFO] ApiDbMcu:532 - Load IP Config File for PDM2PCM
2025-07-20 01:43:03,640 [WARN] IP:2250 - I2C_Coeff_DF not found: check if there is a RefParameter without a condition.
2025-07-20 01:43:03,641 [WARN] IP:2250 - Analog_Filter not found: check if there is a RefParameter without a condition.
2025-07-20 01:43:03,656 [WARN] FreeRTOS:1023 - Null or empty value: should not occur! (nothing added to the table)
2025-07-20 01:43:03,775 [INFO] CADModel:165 - CPN selected for project levelSTM32F446RET6
2025-07-20 01:43:03,775 [INFO] CADModel:114 - Register for checkConnection events
2025-07-20 01:43:03,777 [INFO] RtosManager:728 - Active RTOS found at IOC load: FREERTOS [Cortex-M4NS]
2025-07-20 01:43:03,836 [INFO] OpenFileManager:386 - Restore cursor
2025-07-20 01:43:04,203 [WARN] IP:2250 - I2C_Coeff_DF not found: check if there is a RefParameter without a condition.
2025-07-20 01:43:04,203 [WARN] IP:2250 - Analog_Filter not found: check if there is a RefParameter without a condition.
2025-07-20 01:43:04,205 [WARN] IP:2250 - I2C_Coeff_DF not found: check if there is a RefParameter without a condition.
2025-07-20 01:43:04,205 [WARN] IP:2250 - Analog_Filter not found: check if there is a RefParameter without a condition.
2025-07-20 01:43:37,331 [INFO] Gpio:278 - dependency for GPIO [I2C2, RCC, SYS, TIM1, USART2]
2025-07-20 01:43:37,861 [INFO] Gpio:278 - dependency for GPIO [I2C2, RCC, SYS, TIM1, USART2]
2025-07-20 01:43:37,938 [ERROR] RtosPanel:558 - Can not restore the selected Tab for FREERTOS(A reason can be that the tab is no more available.)
2025-07-20 01:43:39,548 [INFO] RtosManager:1029 - There is no active RTOS [Cortex-M4NS]
2025-07-20 01:43:41,144 [INFO] UtilMem:75 - End SaveConfig() Used Memory: 352540120 Bytes (1073741824)
2025-07-20 01:43:41,993 [INFO] UtilMem:75 - End SaveConfig() Used Memory: 377705944 Bytes (1073741824)
2025-07-20 01:43:42,722 [INFO] UtilMem:75 - End SaveConfig() Used Memory: 466312664 Bytes (1073741824)
2025-07-20 01:43:43,091 [INFO] BlockDiagram:2775 - set Specific Code input for plugin: TIM1_8
2025-07-20 01:43:43,091 [INFO] BlockDiagram:2775 - set Specific Code input for plugin: SYS
2025-07-20 01:43:43,091 [INFO] BlockDiagram:2775 - set Specific Code input for plugin: RCC
2025-07-20 01:43:43,091 [INFO] BlockDiagram:2775 - set Specific Code input for plugin: I2C
2025-07-20 01:43:43,091 [INFO] BlockDiagram:2775 - set Specific Code input for plugin: NVIC
2025-07-20 01:43:43,091 [INFO] BlockDiagram:2775 - set Specific Code input for plugin: USART
2025-07-20 01:43:43,093 [INFO] BlockDiagram:2775 - set Specific Code input for plugin: GPIO
2025-07-20 01:43:43,097 [INFO] CodeGenerator:892 - code generatio: config db path: C:\ST\STM32CubeIDE_1.18.1\STM32CubeIDE\plugins\com.st.stm32cube.common.mx_6.15.0.202507011659\\db\
2025-07-20 01:43:43,100 [WARN] IP:2250 - I2C_Coeff_DF not found: check if there is a RefParameter without a condition.
2025-07-20 01:43:43,100 [WARN] IP:2250 - Analog_Filter not found: check if there is a RefParameter without a condition.
2025-07-20 01:43:43,333 [INFO] CodeEngine:265 - oldGeneratedFile, C:\Users\aliya\proje\KontrolOrtakCalisma\kontrol 3\MXTmpFiles\license.tmp_save
2025-07-20 01:43:43,498 [INFO] CodeEngine:289 - Generated code: C:\Users\aliya\proje\KontrolOrtakCalisma\kontrol 3\MXTmpFiles\license.tmp
2025-07-20 01:43:43,545 [INFO] CodeEngine:265 - oldGeneratedFile, C:\Users\aliya\proje\KontrolOrtakCalisma\kontrol 3\MXTmpFiles\gpio.tmp_save
2025-07-20 01:43:43,654 [INFO] CodeEngine:289 - Generated code: C:\Users\aliya\proje\KontrolOrtakCalisma\kontrol 3\MXTmpFiles\gpio.tmp
2025-07-20 01:43:43,881 [INFO] CodeEngine:265 - oldGeneratedFile, C:\Users\aliya\proje\KontrolOrtakCalisma\kontrol 3\Core\Src\stm32f4xx_it.c_save
2025-07-20 01:43:44,370 [INFO] CodeEngine:289 - Generated code: C:\Users\aliya\proje\KontrolOrtakCalisma\kontrol 3\Core\Src\stm32f4xx_it.c
2025-07-20 01:43:44,403 [INFO] CodeEngine:265 - oldGeneratedFile, C:\Users\aliya\proje\KontrolOrtakCalisma\kontrol 3\Core\Inc\stm32f4xx_it.h_save
2025-07-20 01:43:44,520 [INFO] CodeEngine:289 - Generated code: C:\Users\aliya\proje\KontrolOrtakCalisma\kontrol 3\Core\Inc\stm32f4xx_it.h
2025-07-20 01:43:44,534 [INFO] CodeEngine:265 - oldGeneratedFile, C:\Users\aliya\proje\KontrolOrtakCalisma\kontrol 3\Core\Src\stm32f4xx_hal_msp.c_save
2025-07-20 01:43:44,736 [INFO] CodeEngine:289 - Generated code: C:\Users\aliya\proje\KontrolOrtakCalisma\kontrol 3\Core\Src\stm32f4xx_hal_msp.c
2025-07-20 01:43:44,741 [INFO] CodeEngine:265 - oldGeneratedFile, C:\Users\aliya\proje\KontrolOrtakCalisma\kontrol 3\MXTmpFiles\system.tmp_save
2025-07-20 01:43:44,801 [INFO] CodeEngine:289 - Generated code: C:\Users\aliya\proje\KontrolOrtakCalisma\kontrol 3\MXTmpFiles\system.tmp
2025-07-20 01:43:44,812 [INFO] CodeEngine:321 - oldGeneratedFile, C:\Users\aliya\proje\KontrolOrtakCalisma\kontrol 3\Core\Inc\stm32f4xx_hal_conf.h_save
2025-07-20 01:43:44,888 [INFO] CodeEngine:345 - Generated code: C:\Users\aliya\proje\KontrolOrtakCalisma\kontrol 3\Core\Inc\stm32f4xx_hal_conf.h
2025-07-20 01:43:44,909 [WARN] IPConfigManager:3238 - Warning: the RefConfig PLL2P_FOR_MCO is not available in your config.xml file
2025-07-20 01:43:44,916 [INFO] ApiDbMcu:532 - Load IP Config File for I2C2
2025-07-20 01:43:44,939 [INFO] ApiDbMcu:532 - Load IP Config File for TIM1
2025-07-20 01:43:44,941 [INFO] ApiDbMcu:532 - Load IP Config File for USART2
2025-07-20 01:43:44,945 [INFO] ApiDbMcu:532 - Load IP Config File for RCC
2025-07-20 01:43:44,946 [WARN] IPConfigManager:3811 - IP not found : TIM
2025-07-20 01:43:44,949 [WARN] CodeGenerator:4259 - IP not found : null
2025-07-20 01:43:44,975 [INFO] CodeEngine:265 - oldGeneratedFile, C:\Users\aliya\proje\KontrolOrtakCalisma\kontrol 3\Core\Inc\main.h_save
2025-07-20 01:43:45,151 [INFO] CodeEngine:289 - Generated code: C:\Users\aliya\proje\KontrolOrtakCalisma\kontrol 3\Core\Inc\main.h
2025-07-20 01:43:45,195 [INFO] CodeEngine:265 - oldGeneratedFile, C:\Users\aliya\proje\KontrolOrtakCalisma\kontrol 3\Core\Src\main.c_save
2025-07-20 01:43:45,864 [INFO] CodeEngine:289 - Generated code: C:\Users\aliya\proje\KontrolOrtakCalisma\kontrol 3\Core\Src\main.c
2025-07-20 01:43:46,605 [INFO] ProjectBuilder:3606 - Time for Copy HAL[1] : 528mS.
2025-07-20 01:43:46,621 [INFO] ProjectBuilder:5216 - Project Generator version: 4.7.0-B52
2025-07-20 01:43:46,787 [INFO] ConfigFileManager:1595 - The Die is : DIE421
2025-07-20 01:43:46,791 [INFO] ApiDbMcu:532 - Load IP Config File for FATFS
2025-07-20 01:43:46,793 [INFO] ApiDbMcu:532 - Load IP Config File for LIBJPEG
2025-07-20 01:43:46,804 [INFO] ApiDbMcu:532 - Load IP Config File for MBEDTLS
2025-07-20 01:43:46,838 [INFO] ApiDbMcu:532 - Load IP Config File for USB_DEVICE
2025-07-20 01:43:46,852 [INFO] ApiDbMcu:532 - Load IP Config File for USB_HOST
2025-07-20 01:43:51,303 [INFO] ProjectBuilder:5496 - Time for Generating toolchain IDE Files: 4682mS.
2025-07-20 01:43:51,307 [INFO] ProjectBuilder:3463 - Time for Copy CMSIS : 2mS.
2025-07-20 01:43:51,323 [INFO] ProjectBuilder:3463 - Time for Copy CMSIS : 2mS.
2025-07-20 02:12:38,669 [INFO] MainUpdater:2872 - connection check result : 10
2025-07-20 02:12:38,670 [INFO] MainUpdater:2872 - connection check result : 10
2025-07-20 02:12:38,685 [INFO] MicroXplorer:468 - Change Database Path : 
2025-07-20 02:12:38,685 [INFO] MicroXplorer:498 - Change Database Version : DB.6.0.150
2025-07-20 02:12:38,693 [ERROR] ProjectManagerView:395 - 
java.lang.NullPointerException: Cannot invoke "javax.swing.JTextField.getText()" because the return value of "java.util.List.get(int)" is null
	at com.st.microxplorer.plugins.projectmanager.gui.ProjectChoiceTab$9.caretUpdate(ProjectChoiceTab.java:2706) ~[filemanager.jar:?]
	at javax.swing.text.JTextComponent.fireCaretUpdate(JTextComponent.java:408) ~[?:?]
	at javax.swing.text.JTextComponent$MutableCaretEvent.fire(JTextComponent.java:4484) ~[?:?]
	at javax.swing.text.JTextComponent$MutableCaretEvent.stateChanged(JTextComponent.java:4506) ~[?:?]
	at javax.swing.text.DefaultCaret.fireStateChanged(DefaultCaret.java:857) ~[?:?]
	at javax.swing.text.DefaultCaret.changeCaretPosition(DefaultCaret.java:1343) ~[?:?]
	at javax.swing.text.DefaultCaret.handleSetDot(DefaultCaret.java:1242) ~[?:?]
	at javax.swing.text.DefaultCaret.setDot(DefaultCaret.java:1223) ~[?:?]
	at javax.swing.text.DefaultCaret$Handler.insertUpdate(DefaultCaret.java:1819) ~[?:?]
	at javax.swing.text.AbstractDocument.fireInsertUpdate(AbstractDocument.java:227) ~[?:?]
	at javax.swing.text.AbstractDocument.handleInsertString(AbstractDocument.java:781) ~[?:?]
	at javax.swing.text.AbstractDocument.insertString(AbstractDocument.java:740) ~[?:?]
	at javax.swing.text.PlainDocument.insertString(PlainDocument.java:131) ~[?:?]
	at javax.swing.text.AbstractDocument.replace(AbstractDocument.java:699) ~[?:?]
	at javax.swing.text.JTextComponent.setText(JTextComponent.java:1725) ~[?:?]
	at com.st.microxplorer.plugins.projectmanager.gui.ProjectChoiceTab.createHeapStackFields(ProjectChoiceTab.java:993) ~[filemanager.jar:?]
	at com.st.microxplorer.plugins.projectmanager.gui.ProjectChoiceTab.buildLinkSettingsPanel(ProjectChoiceTab.java:3813) ~[filemanager.jar:?]
	at com.st.microxplorer.plugins.projectmanager.gui.ProjectChoiceTab.defineWindowsFields(ProjectChoiceTab.java:1987) ~[filemanager.jar:?]
	at com.st.microxplorer.plugins.projectmanager.gui.ProjectChoiceTab.updateSettings(ProjectChoiceTab.java:558) ~[filemanager.jar:?]
	at com.st.microxplorer.plugins.projectmanager.gui.ProjectSettingsPanel.UpdateDialog(ProjectSettingsPanel.java:247) ~[filemanager.jar:?]
	at com.st.microxplorer.plugins.projectmanager.ProjectManagerView.propertyChange(ProjectManagerView.java:392) ~[filemanager.jar:?]
	at java.beans.PropertyChangeSupport.fire(PropertyChangeSupport.java:343) ~[?:?]
	at java.beans.PropertyChangeSupport.firePropertyChange(PropertyChangeSupport.java:335) ~[?:?]
	at java.beans.PropertyChangeSupport.firePropertyChange(PropertyChangeSupport.java:268) ~[?:?]
	at com.st.microxplorer.util.MXPropertyChangeSupport.firePropertyChange(MXPropertyChangeSupport.java:54) ~[STM32CubeMX.jar:?]
	at com.st.microxplorer.mxsystem.MxSystem.closeConfig(MxSystem.java:899) ~[STM32CubeMX.jar:?]
	at com.st.microxplorer.maingui.MainPanel.closeConfig(MainPanel.java:792) ~[STM32CubeMX.jar:?]
	at com.st.microxplorer.plugins.filemanager.engine.OpenFileManager.loadConfigurationFile(OpenFileManager.java:288) ~[filemanager.jar:?]
	at com.st.microxplorer.plugins.filemanager.engine.MainFileManager.userLoadConfig(MainFileManager.java:364) ~[filemanager.jar:?]
	at com.st.microxplorer.plugins.filemanager.engine.MainFileManager.userLoadConfig(MainFileManager.java:342) ~[filemanager.jar:?]
	at com.st.microxplorer.plugins.filemanager.FileManagerView.getSpecificTask(FileManagerView.java:264) ~[filemanager.jar:?]
	at com.st.stm32cube.common.mx.editor.CubeMxEditor.getMxTabbedPaneInstance(CubeMxEditor.java:1198) ~[com.st.stm32cube.common.mx_6.15.0.202507011659/:?]
	at com.st.stm32cube.common.mx.editor.CubeMxEditor$12$1.createSwingComponent(CubeMxEditor.java:1068) ~[com.st.stm32cube.common.mx_6.15.0.202507011659/:?]
	at com.st.stm32cube.common.mx.oss.core.awtswtbridge.EmbeddedSwingComposite.doComponentCreation(EmbeddedSwingComposite.java:492) ~[com.st.stm32cube.common.mx.oss_6.15.0.202507011659/:?]
	at com.st.stm32cube.common.mx.oss.core.awtswtbridge.EmbeddedSwingComposite$4.run(EmbeddedSwingComposite.java:291) ~[com.st.stm32cube.common.mx.oss_6.15.0.202507011659/:?]
	at com.st.stm32cube.common.mx.oss.core.awtswtbridge.AwtEnvironment$2.run(AwtEnvironment.java:166) ~[com.st.stm32cube.common.mx.oss_6.15.0.202507011659/:?]
	at java.awt.event.InvocationEvent.dispatch(InvocationEvent.java:318) ~[?:?]
	at java.awt.EventQueue.dispatchEventImpl(EventQueue.java:773) ~[?:?]
	at java.awt.EventQueue$4.run(EventQueue.java:720) ~[?:?]
	at java.awt.EventQueue$4.run(EventQueue.java:714) ~[?:?]
	at java.security.AccessController.doPrivileged(AccessController.java:400) ~[?:?]
	at java.security.ProtectionDomain$JavaSecurityAccessImpl.doIntersectionPrivilege(ProtectionDomain.java:87) ~[?:?]
	at java.awt.EventQueue.dispatchEvent(EventQueue.java:742) ~[?:?]
	at java.awt.EventDispatchThread.pumpOneEventForFilters(EventDispatchThread.java:203) ~[?:?]
	at java.awt.EventDispatchThread.pumpEventsForFilter(EventDispatchThread.java:124) ~[?:?]
	at java.awt.EventDispatchThread.pumpEventsForHierarchy(EventDispatchThread.java:113) ~[?:?]
	at java.awt.EventDispatchThread.pumpEvents(EventDispatchThread.java:109) ~[?:?]
	at java.awt.EventDispatchThread.pumpEvents(EventDispatchThread.java:101) ~[?:?]
	at java.awt.EventDispatchThread.run(EventDispatchThread.java:90) ~[?:?]
2025-07-20 02:12:38,694 [WARN] ThirdParty:871 - waiting for thirdparty lock release [close project]
2025-07-20 02:12:38,694 [INFO] ThirdParty:873 - entering critical section [close project]
2025-07-20 02:12:38,694 [INFO] ThirdParty:883 - exiting critical section [close project]
2025-07-20 02:12:38,695 [INFO] PinOutPanel:1589 - setPackage(No Configuration,No Configuration)
2025-07-20 02:12:38,700 [WARN] IpParametersView:155 - Warning: This peripheral hasn't parameters
2025-07-20 02:12:38,705 [WARN] MainPanel:289 - <html><b><center>Warning: This peripheral has no parameters to be configured<br></b></html>
2025-07-20 02:12:38,708 [INFO] UtilMem:75 - Begin LoadConfig() Used Memory: 561278656 Bytes (1073741824)
2025-07-20 02:12:38,708 [INFO] MicroXplorer:468 - Change Database Path : 
2025-07-20 02:12:38,709 [INFO] MicroXplorer:498 - Change Database Version : DB.6.0.150
2025-07-20 02:12:38,709 [INFO] OpenFileManager:355 - Change cursor
2025-07-20 02:12:38,720 [INFO] RulesReader:64 - Compatibility file has been processed (317 Rules)
2025-07-20 02:12:38,723 [INFO] Mcu:2029 - Initializing MCU STM32F446R(C-E)Tx STM32F446RETx STM32F446RET6
2025-07-20 02:12:40,214 [INFO] Context:786 - Trying to add GPIOservice into a context  which must be forbidden
2025-07-20 02:12:40,957 [INFO] ImportTextPane:234 - (OptionalMessage_ERROR) Pin15 (VP_RIF_VS_RIF1) cannot be retrieved for this MCU
2025-07-20 02:12:41,001 [INFO] RtosManager:558 - Registered RTOS mode: class=CMSIS, group=RTOS, mode=CMSIS_V1, owner=FREERTOS
2025-07-20 02:12:41,001 [INFO] RtosManager:558 - Registered RTOS mode: class=CMSIS, group=RTOS2, mode=CMSIS_V2, owner=FREERTOS
2025-07-20 02:12:41,001 [INFO] RtosManager:558 - Registered RTOS mode: class=RTOS, group=Core, mode=CMSIS_V1, owner=FREERTOS
2025-07-20 02:12:41,001 [INFO] RtosManager:558 - Registered RTOS mode: class=RTOS, group=Core, mode=CMSIS_V2, owner=FREERTOS
2025-07-20 02:12:41,002 [WARN] ModelIntegratedComponent:184 - Missing modes for component STMicroelectronics:FreeRTOS:0.0.1:STMicroelectronics:RTOS:FreeRTOS:Core:::10.2.0:
2025-07-20 02:12:41,017 [WARN] ModelIntegratedComponent:63 - No mode defined for component null
2025-07-20 02:12:41,017 [WARN] ModelIntegratedComponent:63 - No mode defined for component null
2025-07-20 02:12:41,017 [WARN] ModelIntegratedComponent:63 - No mode defined for component null
2025-07-20 02:12:41,017 [WARN] ModelIntegratedComponent:63 - No mode defined for component null
2025-07-20 02:12:41,017 [WARN] ModelIntegratedComponent:63 - No mode defined for component null
2025-07-20 02:12:41,017 [WARN] ModelIntegratedComponent:63 - No mode defined for component null
2025-07-20 02:12:41,017 [WARN] ModelIntegratedComponent:63 - No mode defined for component null
2025-07-20 02:12:41,017 [WARN] ModelIntegratedComponent:63 - No mode defined for component null
2025-07-20 02:12:41,017 [WARN] ModelIntegratedComponent:63 - No mode defined for component null
2025-07-20 02:12:41,017 [WARN] ModelIntegratedComponent:63 - No mode defined for component null
2025-07-20 02:12:41,017 [WARN] ModelIntegratedComponent:63 - No mode defined for component null
2025-07-20 02:12:41,017 [WARN] ModelIntegratedComponent:63 - No mode defined for component null
2025-07-20 02:12:41,017 [WARN] ModelIntegratedComponent:63 - No mode defined for component null
2025-07-20 02:12:41,017 [WARN] ModelIntegratedComponent:63 - No mode defined for component null
2025-07-20 02:12:41,017 [WARN] ModelIntegratedComponent:63 - No mode defined for component null
2025-07-20 02:12:41,017 [WARN] ModelIntegratedComponent:63 - No mode defined for component null
2025-07-20 02:12:41,017 [WARN] ModelIntegratedComponent:63 - No mode defined for component null
2025-07-20 02:12:41,017 [WARN] ModelIntegratedComponent:63 - No mode defined for component null
2025-07-20 02:12:41,017 [WARN] ModelIntegratedComponent:63 - No mode defined for component null
2025-07-20 02:12:41,017 [WARN] ModelIntegratedComponent:63 - No mode defined for component null
2025-07-20 02:12:41,017 [WARN] ModelIntegratedComponent:63 - No mode defined for component null
2025-07-20 02:12:41,017 [WARN] ModelIntegratedComponent:63 - No mode defined for component null
2025-07-20 02:12:41,017 [WARN] ModelIntegratedComponent:63 - No mode defined for component null
2025-07-20 02:12:41,018 [WARN] ModelIntegratedComponent:63 - No mode defined for component null
2025-07-20 02:12:41,018 [WARN] ModelIntegratedComponent:63 - No mode defined for component null
2025-07-20 02:12:41,018 [WARN] ModelIntegratedComponent:63 - No mode defined for component null
2025-07-20 02:12:41,018 [WARN] ModelIntegratedComponent:63 - No mode defined for component null
2025-07-20 02:12:41,018 [WARN] ModelIntegratedComponent:63 - No mode defined for component null
2025-07-20 02:12:41,018 [WARN] ModelIntegratedComponent:63 - No mode defined for component null
2025-07-20 02:12:41,018 [WARN] ModelIntegratedComponent:63 - No mode defined for component null
2025-07-20 02:12:41,018 [WARN] ModelIntegratedComponent:63 - No mode defined for component null
2025-07-20 02:12:41,018 [WARN] ModelIntegratedComponent:63 - No mode defined for component null
2025-07-20 02:12:41,018 [WARN] ModelIntegratedComponent:63 - No mode defined for component null
2025-07-20 02:12:41,018 [WARN] ModelIntegratedComponent:63 - No mode defined for component null
2025-07-20 02:12:41,018 [WARN] ModelIntegratedComponent:63 - No mode defined for component null
2025-07-20 02:12:41,018 [WARN] ModelPack:524 - Component already loaded: STMicroelectronics:HAL Drivers:0.0.0:STMicroelectronics:Device:STMicro_Driver:XSPI:HAL::0.0.1:HAL_XSPI
2025-07-20 02:12:41,161 [INFO] ThirdPartyModel:298 - Start build external matchings
2025-07-20 02:12:42,018 [INFO] ThirdPartyModel:316 - End build external matchings
2025-07-20 02:12:42,072 [INFO] RtosManager:1018 - Current active RTOS is FREERTOS [Cortex-M4NS]
2025-07-20 02:12:42,100 [INFO] ImportTextPane:234 - (OptionalMessage_ERROR) IP (RCC) : Invalid parameter (48MHZClocksFreq_Value)
2025-07-20 02:12:42,100 [INFO] ImportTextPane:234 - (OptionalMessage_ERROR) IP (RCC) : Invalid parameter (EthernetFreq_Value)
2025-07-20 02:12:42,104 [INFO] ImportTextPane:234 - (OptionalMessage_ERROR) IP (RCC) : Parameter (FLatency) has Id (AdvancedSettings) currently not set
2025-07-20 02:12:42,105 [INFO] ImportTextPane:234 - (OptionalMessage_ERROR) IP (RCC) : Invalid parameter (FamilyName)
2025-07-20 02:12:42,105 [INFO] ImportTextPane:234 - (OptionalMessage_ERROR) IP (RCC) : Invalid parameter (I2SClocksFreq_Value)
2025-07-20 02:12:42,108 [INFO] ImportTextPane:234 - (OptionalMessage_ERROR) IP (RCC) : Parameter (SDIOFreq_Value) has invalid value (168000000)
2025-07-20 02:12:42,108 [INFO] ImportTextPane:234 - (OptionalMessage_ERROR) IP (RCC) : Parameter (USBFreq_Value) has invalid value (168000000)
2025-07-20 02:12:42,111 [INFO] ImportTextPane:234 - (OptionalMessage_ERROR) IP (RCC) : Invalid parameter (VCOInputMFreq_Value)
2025-07-20 02:12:42,111 [INFO] ImportTextPane:234 - (OptionalMessage_ERROR) IP (RCC) : Invalid parameter (VcooutputI2S)
2025-07-20 02:12:42,762 [INFO] UtilMem:75 - End LoadConfig() Used Memory: 819153416 Bytes (1073741824)
2025-07-20 02:12:42,809 [WARN] ThirdParty:833 - waiting for thirdparty lock release [change project]
2025-07-20 02:12:42,810 [INFO] ThirdParty:835 - entering critical section [change project]
2025-07-20 02:12:42,810 [INFO] ThirdParty:1030 - CMSIS Pack Vendor :STMicroelectronics X-CUBE-PM33A1 1.0.0
2025-07-20 02:12:42,810 [INFO] ThirdParty:1030 - CMSIS Pack Vendor :STMicroelectronics USBPD 4.1
2025-07-20 02:12:42,810 [INFO] ThirdParty:1030 - CMSIS Pack Vendor :STMicroelectronics X-CUBE-AZRTOS-H7 3.3.0
2025-07-20 02:12:42,810 [INFO] ThirdParty:1030 - CMSIS Pack Vendor :STMicroelectronics X-CUBE-NFC9 1.0.0
2025-07-20 02:12:42,810 [INFO] ThirdParty:1030 - CMSIS Pack Vendor :wolfSSL I-CUBE-wolfSSL 5.8.0
2025-07-20 02:12:42,810 [INFO] ThirdParty:1030 - CMSIS Pack Vendor :STMicroelectronics USB_HOST 2.0.0
2025-07-20 02:12:42,810 [INFO] ThirdParty:1030 - CMSIS Pack Vendor :STMicroelectronics FP-SNS-MOTENVWB1 1.4.0
2025-07-20 02:12:42,810 [INFO] ThirdParty:1030 - CMSIS Pack Vendor :STMicroelectronics X-CUBE-AZRTOS-F4 1.1.0
2025-07-20 02:12:42,810 [INFO] ThirdParty:1030 - CMSIS Pack Vendor :STMicroelectronics LIBJPEG 8.0.0
2025-07-20 02:12:42,810 [INFO] ThirdParty:1030 - CMSIS Pack Vendor :STMicroelectronics FP-ATR-ASTRA1 2.0.2
2025-07-20 02:12:42,810 [INFO] ThirdParty:1030 - CMSIS Pack Vendor :STMicroelectronics X-CUBE-BLE1 7.1.0
2025-07-20 02:12:42,810 [INFO] ThirdParty:1030 - CMSIS Pack Vendor :Avnet-IotConnect X-CUBE-IoTC-DA16k-PMOD 1.0.0
2025-07-20 02:12:42,810 [INFO] ThirdParty:1030 - CMSIS Pack Vendor :STMicroelectronics X-CUBE-SMBUS 2.1.0
2025-07-20 02:12:42,810 [INFO] ThirdParty:1030 - CMSIS Pack Vendor :wolfSSL I-CUBE-wolfMQTT 1.19.2
2025-07-20 02:12:42,810 [INFO] ThirdParty:1030 - CMSIS Pack Vendor :STMicroelectronics USB_DEVICE 3.0.0
2025-07-20 02:12:42,810 [INFO] ThirdParty:1030 - CMSIS Pack Vendor :STMicroelectronics X-CUBE-ISPU 2.1.0
2025-07-20 02:12:42,810 [INFO] ThirdParty:1030 - CMSIS Pack Vendor :STMicroelectronics X-CUBE-EEPRMA1 5.2.0
2025-07-20 02:12:42,810 [INFO] ThirdParty:1030 - CMSIS Pack Vendor :STMicroelectronics X-CUBE-AZRTOS-WB 2.0.0
2025-07-20 02:12:42,810 [INFO] ThirdParty:1030 - CMSIS Pack Vendor :STMicroelectronics X-CUBE-ST60 1.0.0
2025-07-20 02:12:42,810 [INFO] ThirdParty:1030 - CMSIS Pack Vendor :STMicroelectronics X-CUBE-GNSS1 7.0.1
2025-07-20 02:12:42,810 [INFO] ThirdParty:1030 - CMSIS Pack Vendor :STMicroelectronics X-CUBE-NFC12 1.0.0
2025-07-20 02:12:42,810 [INFO] ThirdParty:1030 - CMSIS Pack Vendor :STMicroelectronics X-CUBE-AZRTOS-F7 1.1.0
2025-07-20 02:12:42,810 [INFO] ThirdParty:1030 - CMSIS Pack Vendor :STMicroelectronics X-CUBE-AZRTOS-L5 2.0.0
2025-07-20 02:12:42,810 [INFO] ThirdParty:1030 - CMSIS Pack Vendor :STMicroelectronics X-CUBE-TOUCHGFX 4.25.0
2025-07-20 02:12:42,810 [INFO] ThirdParty:1030 - CMSIS Pack Vendor :STMicroelectronics USB_DEVICE 2.0.0
2025-07-20 02:12:42,811 [INFO] ThirdParty:1030 - CMSIS Pack Vendor :STMicroelectronics X-CUBE-NFC6 3.1.0
2025-07-20 02:12:42,811 [INFO] ThirdParty:1030 - CMSIS Pack Vendor :STMicroelectronics X-CUBE-AI 10.1.0
2025-07-20 02:12:42,811 [INFO] ThirdParty:1030 - CMSIS Pack Vendor :STMicroelectronics FP-SNS-STBOX1 2.0.0
2025-07-20 02:12:42,811 [INFO] ThirdParty:1030 - CMSIS Pack Vendor :STMicroelectronics FreeRTOS 0.0.1
2025-07-20 02:12:42,811 [INFO] ThirdParty:1030 - CMSIS Pack Vendor :STMicroelectronics X-CUBE-AZRTOS-G0 1.1.0
2025-07-20 02:12:42,811 [INFO] ThirdParty:1030 - CMSIS Pack Vendor :STMicroelectronics X-CUBE-SAFEA1 1.2.2
2025-07-20 02:12:42,811 [INFO] ThirdParty:1030 - CMSIS Pack Vendor :STMicroelectronics X-CUBE-NFC4 3.0.0
2025-07-20 02:12:42,811 [INFO] ThirdParty:1030 - CMSIS Pack Vendor :STMicroelectronics X-CUBE-SUBG2 5.0.0
2025-07-20 02:12:42,811 [INFO] ThirdParty:1030 - CMSIS Pack Vendor :STMicroelectronics X-CUBE-AZRTOS-H7RS 1.1.0
2025-07-20 02:12:42,811 [INFO] ThirdParty:1030 - CMSIS Pack Vendor :STMicroelectronics STM32_WPAN 1.0.0
2025-07-20 02:12:42,811 [INFO] ThirdParty:1030 - CMSIS Pack Vendor :EmbeddedOffice I-CUBE-FS-RTOS 1.0.1
2025-07-20 02:12:42,811 [INFO] ThirdParty:1030 - CMSIS Pack Vendor :STMicroelectronics lwIP 2.0.3
2025-07-20 02:12:42,811 [INFO] ThirdParty:1030 - CMSIS Pack Vendor :Cesanta I-CUBE-Mongoose 7.13.0
2025-07-20 02:12:42,811 [INFO] ThirdParty:1030 - CMSIS Pack Vendor :STMicroelectronics USB_HOST 1.0.0
2025-07-20 02:12:42,811 [INFO] ThirdParty:1030 - CMSIS Pack Vendor :Infineon AIROC-Wi-Fi-Bluetooth-STM32 1.7.0
2025-07-20 02:12:42,811 [INFO] ThirdParty:1030 - CMSIS Pack Vendor :STMicroelectronics X-CUBE-AZRTOS-G4 2.0.0
2025-07-20 02:12:42,811 [INFO] ThirdParty:1030 - CMSIS Pack Vendor :STMicroelectronics X-CUBE-WB05N 2.0.0
2025-07-20 02:12:42,811 [INFO] ThirdParty:1030 - CMSIS Pack Vendor :STMicroelectronics PDM2PCM 3.1.0
2025-07-20 02:12:42,812 [INFO] ThirdParty:1030 - CMSIS Pack Vendor :STMicroelectronics PDM2PCM 3.3.0
2025-07-20 02:12:42,812 [INFO] ThirdParty:1030 - CMSIS Pack Vendor :wolfSSL I-CUBE-wolfTPM 3.8.0
2025-07-20 02:12:42,812 [INFO] ThirdParty:1030 - CMSIS Pack Vendor :STMicroelectronics X-CUBE-AZRTOS-H7 3.4.0
2025-07-20 02:12:42,812 [INFO] ThirdParty:1030 - CMSIS Pack Vendor :STMicroelectronics X-CUBE-DISPLAY 3.0.0
2025-07-20 02:12:42,812 [INFO] ThirdParty:1030 - CMSIS Pack Vendor :wolfSSL I-CUBE-wolfSSH 1.4.20
2025-07-20 02:12:42,812 [INFO] ThirdParty:1030 - CMSIS Pack Vendor :STMicroelectronics X-CUBE-NFC7 2.0.0
2025-07-20 02:12:42,812 [INFO] ThirdParty:1030 - CMSIS Pack Vendor :STMicroelectronics X-CUBE-TCPP 4.2.0
2025-07-20 02:12:42,812 [INFO] ThirdParty:1030 - CMSIS Pack Vendor :RealThread X-CUBE-RT-Thread_Nano 4.1.1
2025-07-20 02:12:42,812 [INFO] ThirdParty:1030 - CMSIS Pack Vendor :STMicroelectronics FP-ATR-SIGFOX1 3.2.0
2025-07-20 02:12:42,812 [INFO] ThirdParty:1030 - CMSIS Pack Vendor :STMicroelectronics X-CUBE-NFC10 1.0.0
2025-07-20 02:12:42,812 [INFO] ThirdParty:1030 - CMSIS Pack Vendor :STMicroelectronics X-CUBE-BLEMGR 4.0.0
2025-07-20 02:12:42,812 [INFO] ThirdParty:1030 - CMSIS Pack Vendor :STMicroelectronics X-CUBE-EEPRMA1 5.1.0
2025-07-20 02:12:42,812 [INFO] ThirdParty:1030 - CMSIS Pack Vendor :STMicroelectronics X-CUBE-FREERTOS 1.3.1
2025-07-20 02:12:42,812 [INFO] ThirdParty:1030 - CMSIS Pack Vendor :STMicroelectronics HAL Drivers 0.0.0
2025-07-20 02:12:42,812 [INFO] ThirdParty:1030 - CMSIS Pack Vendor :STMicroelectronics MBEDTLS 2.16.2
2025-07-20 02:12:42,812 [INFO] ThirdParty:1030 - CMSIS Pack Vendor :STMicroelectronics X-CUBE-IPS 3.1.0
2025-07-20 02:12:42,812 [INFO] ThirdParty:1030 - CMSIS Pack Vendor :STMicroelectronics X-CUBE-ALS 1.0.2
2025-07-20 02:12:42,812 [INFO] ThirdParty:1030 - CMSIS Pack Vendor :emotas I-CUBE-CANOPEN 1.3.0
2025-07-20 02:12:42,812 [INFO] ThirdParty:1030 - CMSIS Pack Vendor :STMicroelectronics MBEDTLS 2.14.1
2025-07-20 02:12:42,812 [INFO] ThirdParty:1030 - CMSIS Pack Vendor :ITTIA_DB I-CUBE-ITTIADB 8.9.0
2025-07-20 02:12:42,813 [INFO] ThirdParty:1030 - CMSIS Pack Vendor :portGmbH I-Cube-SoM-uGOAL 1.1.0
2025-07-20 02:12:42,813 [INFO] ThirdParty:1030 - CMSIS Pack Vendor :quantropi X-CUBE-qispace-sdk-base 2.0.0
2025-07-20 02:12:42,813 [INFO] ThirdParty:1030 - CMSIS Pack Vendor :STMicroelectronics X-CUBE-ST67W61 1.0.0
2025-07-20 02:12:42,813 [INFO] ThirdParty:1030 - CMSIS Pack Vendor :STMicroelectronics FP-SNS-STAIOTCFT 1.0.0
2025-07-20 02:12:42,813 [INFO] ThirdParty:1030 - CMSIS Pack Vendor :STMicroelectronics ThreadX 1.0.0
2025-07-20 02:12:42,813 [INFO] ThirdParty:1030 - CMSIS Pack Vendor :STMicroelectronics FP-SNS-SMARTAG2 1.2.0
2025-07-20 02:12:42,813 [INFO] ThirdParty:1030 - CMSIS Pack Vendor :STMicroelectronics FP-SNS-FLIGHT1 5.1.0
2025-07-20 02:12:42,813 [INFO] ThirdParty:1030 - CMSIS Pack Vendor :STMicroelectronics X-CUBE-AZRTOS-WL 2.0.0
2025-07-20 02:12:42,813 [INFO] ThirdParty:1030 - CMSIS Pack Vendor :SEGGER I-CUBE-embOS 1.3.1
2025-07-20 02:12:42,813 [INFO] ThirdParty:1030 - CMSIS Pack Vendor :STMicroelectronics X-CUBE-ALGOBUILD 1.4.0
2025-07-20 02:12:42,813 [INFO] ThirdParty:1030 - CMSIS Pack Vendor :STMicroelectronics X-CUBE-DPower 1.3.0
2025-07-20 02:12:42,813 [INFO] ThirdParty:1030 - CMSIS Pack Vendor :STMicroelectronics X-CUBE-MEMS1 11.3.0
2025-07-20 02:12:42,813 [INFO] ThirdParty:1030 - CMSIS Pack Vendor :STMicroelectronics FP-SNS-MOTENV1 5.0.0
2025-07-20 02:12:42,813 [INFO] ThirdParty:1030 - CMSIS Pack Vendor :STMicroelectronics USB_DEVICE 1.0.0
2025-07-20 02:12:42,813 [INFO] ThirdParty:1030 - CMSIS Pack Vendor :STMicroelectronics X-CUBE-AZRTOS-L4 2.0.0
2025-07-20 02:12:42,813 [INFO] ThirdParty:1030 - CMSIS Pack Vendor :STMicroelectronics ThreadX 0.0.2
2025-07-20 02:12:42,813 [INFO] ThirdParty:1030 - CMSIS Pack Vendor :WES I-CUBE-Cesium 1.3.0
2025-07-20 02:12:42,813 [INFO] ThirdParty:1030 - CMSIS Pack Vendor :STMicroelectronics lwIP 2.1.2
2025-07-20 02:12:42,813 [INFO] ThirdParty:1030 - CMSIS Pack Vendor :STMicroelectronics X-CUBE-SFXS2LP1 4.0.0
2025-07-20 02:12:42,813 [INFO] ThirdParty:1030 - CMSIS Pack Vendor :STMicroelectronics X-CUBE-BLE2 3.3.0
2025-07-20 02:12:42,813 [INFO] ThirdParty:1030 - CMSIS Pack Vendor :STMicroelectronics X-CUBE-TOF1 3.4.3
2025-07-20 02:12:42,813 [INFO] ThirdParty:1030 - CMSIS Pack Vendor :STMicroelectronics PDM2PCM 3.2.0
2025-07-20 02:12:42,814 [INFO] ThirdParty:841 - exiting critical section [change project]
2025-07-20 02:12:43,127 [INFO] PinOutPanel:1589 - setPackage(No Configuration,No Configuration)
2025-07-20 02:12:43,128 [INFO] PinOutPanel:1589 - setPackage(STM32F446RETx,LQFP64)
2025-07-20 02:12:43,545 [INFO] UtilMem:75 - Before build in PCC Used Memory: 436746616 Bytes (1073741824)
2025-07-20 02:12:43,709 [INFO] UtilMem:75 - After build in PCC Used Memory: 486029688 Bytes (1073741824)
2025-07-20 02:12:43,713 [INFO] ApiDbMcu:532 - Load IP Config File for FREERTOS
2025-07-20 02:12:43,740 [INFO] IPUIPlugin:80 - create IPUIPlugin
2025-07-20 02:12:43,740 [INFO] IPUIPlugin:80 - create IPUIPlugin
2025-07-20 02:12:43,740 [INFO] IPUIPlugin:80 - create IPUIPlugin
2025-07-20 02:12:43,740 [INFO] IPUIPlugin:80 - create IPUIPlugin
2025-07-20 02:12:43,740 [INFO] IPUIPlugin:80 - create IPUIPlugin
2025-07-20 02:12:43,740 [INFO] IPUIPlugin:80 - create IPUIPlugin
2025-07-20 02:12:43,741 [INFO] IPUIPlugin:80 - create IPUIPlugin
2025-07-20 02:12:43,741 [INFO] IPUIPlugin:80 - create IPUIPlugin
2025-07-20 02:12:43,741 [INFO] IPUIPlugin:80 - create IPUIPlugin
2025-07-20 02:12:43,741 [INFO] IPUIPlugin:80 - create IPUIPlugin
2025-07-20 02:12:43,741 [INFO] IPUIPlugin:80 - create IPUIPlugin
2025-07-20 02:12:43,741 [INFO] IPUIPlugin:80 - create IPUIPlugin
2025-07-20 02:12:43,741 [INFO] IPUIPlugin:80 - create IPUIPlugin
2025-07-20 02:12:43,741 [INFO] IPUIPlugin:80 - create IPUIPlugin
2025-07-20 02:12:43,742 [INFO] IPUIPlugin:80 - create IPUIPlugin
2025-07-20 02:12:43,742 [INFO] IPUIPlugin:80 - create IPUIPlugin
2025-07-20 02:12:43,742 [INFO] IPUIPlugin:80 - create IPUIPlugin
2025-07-20 02:12:43,742 [INFO] IPUIPlugin:80 - create IPUIPlugin
2025-07-20 02:12:43,742 [INFO] IPUIPlugin:80 - create IPUIPlugin
2025-07-20 02:12:43,742 [INFO] IPUIPlugin:80 - create IPUIPlugin
2025-07-20 02:12:43,742 [INFO] IPUIPlugin:80 - create IPUIPlugin
2025-07-20 02:12:43,742 [INFO] IPUIPlugin:80 - create IPUIPlugin
2025-07-20 02:12:43,742 [INFO] IPUIPlugin:80 - create IPUIPlugin
2025-07-20 02:12:43,742 [INFO] IPUIPlugin:80 - create IPUIPlugin
2025-07-20 02:12:43,743 [INFO] IPUIPlugin:80 - create IPUIPlugin
2025-07-20 02:12:43,743 [INFO] IPUIPlugin:80 - create IPUIPlugin
2025-07-20 02:12:43,743 [INFO] IPUIPlugin:80 - create IPUIPlugin
2025-07-20 02:12:43,743 [INFO] IPUIPlugin:80 - create IPUIPlugin
2025-07-20 02:12:43,743 [INFO] IPUIPlugin:80 - create IPUIPlugin
2025-07-20 02:12:43,743 [INFO] IPUIPlugin:80 - create IPUIPlugin
2025-07-20 02:12:43,744 [INFO] IPUIPlugin:80 - create IPUIPlugin
2025-07-20 02:12:43,744 [INFO] IPUIPlugin:80 - create IPUIPlugin
2025-07-20 02:12:43,744 [INFO] IPUIPlugin:80 - create IPUIPlugin
2025-07-20 02:12:43,744 [INFO] IPUIPlugin:80 - create IPUIPlugin
2025-07-20 02:12:43,744 [INFO] IPUIPlugin:80 - create IPUIPlugin
2025-07-20 02:12:43,744 [INFO] IPUIPlugin:80 - create IPUIPlugin
2025-07-20 02:12:43,744 [INFO] IPUIPlugin:80 - create IPUIPlugin
2025-07-20 02:12:43,745 [INFO] IPUIPlugin:80 - create IPUIPlugin
2025-07-20 02:12:43,745 [INFO] IPUIPlugin:80 - create IPUIPlugin
2025-07-20 02:12:43,745 [INFO] IPUIPlugin:80 - create IPUIPlugin
2025-07-20 02:12:43,745 [INFO] IPUIPlugin:80 - create IPUIPlugin
2025-07-20 02:12:43,745 [INFO] IPUIPlugin:80 - create IPUIPlugin
2025-07-20 02:12:43,746 [INFO] IPUIPlugin:80 - create IPUIPlugin
2025-07-20 02:12:43,746 [INFO] IPUIPlugin:80 - create IPUIPlugin
2025-07-20 02:12:43,746 [INFO] IPUIPlugin:80 - create IPUIPlugin
2025-07-20 02:12:43,746 [INFO] IPUIPlugin:80 - create IPUIPlugin
2025-07-20 02:12:43,746 [INFO] IPUIPlugin:80 - create IPUIPlugin
2025-07-20 02:12:43,747 [INFO] IPUIPlugin:80 - create IPUIPlugin
2025-07-20 02:12:43,747 [INFO] IPUIPlugin:80 - create IPUIPlugin
2025-07-20 02:12:43,747 [INFO] IPUIPlugin:80 - create IPUIPlugin
2025-07-20 02:12:43,747 [INFO] IPUIPlugin:80 - create IPUIPlugin
2025-07-20 02:12:43,747 [INFO] IPUIPlugin:80 - create IPUIPlugin
2025-07-20 02:12:43,748 [INFO] IPUIPlugin:80 - create IPUIPlugin
2025-07-20 02:12:43,748 [INFO] IPUIPlugin:80 - create IPUIPlugin
2025-07-20 02:12:43,748 [INFO] IPUIPlugin:80 - create IPUIPlugin
2025-07-20 02:12:43,748 [INFO] IPUIPlugin:80 - create IPUIPlugin
2025-07-20 02:12:43,749 [INFO] IPUIPlugin:80 - create IPUIPlugin
2025-07-20 02:12:43,749 [INFO] IPUIPlugin:80 - create IPUIPlugin
2025-07-20 02:12:43,749 [INFO] IPUIPlugin:80 - create IPUIPlugin
2025-07-20 02:12:43,750 [INFO] IPUIPlugin:80 - create IPUIPlugin
2025-07-20 02:12:43,752 [INFO] ApiDbMcu:532 - Load IP Config File for PDM2PCM
2025-07-20 02:12:43,753 [WARN] IP:2250 - I2C_Coeff_DF not found: check if there is a RefParameter without a condition.
2025-07-20 02:12:43,753 [WARN] IP:2250 - Analog_Filter not found: check if there is a RefParameter without a condition.
2025-07-20 02:12:43,761 [WARN] FreeRTOS:1023 - Null or empty value: should not occur! (nothing added to the table)
2025-07-20 02:12:43,812 [INFO] CADModel:165 - CPN selected for project levelSTM32F446RET6
2025-07-20 02:12:43,812 [INFO] CADModel:114 - Register for checkConnection events
2025-07-20 02:12:43,814 [INFO] RtosManager:728 - Active RTOS found at IOC load: FREERTOS [Cortex-M4NS]
2025-07-20 02:12:43,931 [INFO] OpenFileManager:386 - Restore cursor
2025-07-20 02:12:44,341 [WARN] IP:2250 - I2C_Coeff_DF not found: check if there is a RefParameter without a condition.
2025-07-20 02:12:44,341 [WARN] IP:2250 - Analog_Filter not found: check if there is a RefParameter without a condition.
2025-07-20 02:12:44,342 [WARN] IP:2250 - I2C_Coeff_DF not found: check if there is a RefParameter without a condition.
2025-07-20 02:12:44,342 [WARN] IP:2250 - Analog_Filter not found: check if there is a RefParameter without a condition.
2025-07-20 02:13:01,834 [ERROR] RtosPanel:558 - Can not restore the selected Tab for FREERTOS(A reason can be that the tab is no more available.)
2025-07-20 02:13:12,696 [INFO] TasksAndQueuesTab:757 - Dynamic
2025-07-20 02:13:12,696 [WARN] TasksAndQueuesTab:763 - 128 128
2025-07-20 02:13:12,696 [WARN] TasksAndQueuesTab:775 - max value is: 3840.0
2025-07-20 02:13:12,696 [INFO] TasksAndQueuesTab:757 - Dynamic
2025-07-20 02:13:12,696 [WARN] TasksAndQueuesTab:763 - 128 128
2025-07-20 02:13:12,696 [WARN] TasksAndQueuesTab:775 - max value is: 3840.0
2025-07-20 02:47:38,833 [ERROR] LogOutputStream:75 - [STDERR_REDIRECT] 
2025-07-20 02:47:38,844 [ERROR] LogOutputStream:75 - [STDERR_REDIRECT] 
2025-07-20 02:47:52,140 [INFO] Activator:176 - 


2025-07-20 02:47:52,141 [INFO] Activator:177 - !SESSION log4j initialized
2025-07-20 02:48:01,462 [INFO] LogOutputStream:77 - [STDOUT_REDIRECT] 
2025-07-20 02:48:14,385 [INFO] ApplicationProperties:184 - Using Application install path: C:\ST\STM32CubeIDE_1.18.1\STM32CubeIDE\plugins\com.st.stm32cube.common.mx_6.15.0.202507011659
2025-07-20 02:48:14,395 [INFO] DbMcusXml:78 - Set database path to: C:\ST\STM32CubeIDE_1.18.1\STM32CubeIDE\plugins\com.st.stm32cube.common.mx_6.15.0.202507011659\\db\/mcu/
2025-07-20 02:48:14,395 [INFO] ApiDb:274 - Set plugin database path to: C:\ST\STM32CubeIDE_1.18.1\STM32CubeIDE\plugins\com.st.stm32cube.common.mx_6.15.0.202507011659\\db\/plugins/boardmanager/
2025-07-20 02:48:14,395 [WARN] ApiDb:259 - Overriding images path with different value:  => C:\ST\STM32CubeIDE_1.18.1\STM32CubeIDE\plugins\com.st.stm32cube.common.mx_6.15.0.202507011659\\db\/plugins/mcufinder/images/
2025-07-20 02:48:14,405 [INFO] ApiDb:250 - Set database path to: C:\Users\aliya\.stmcufinder\plugins\mcufinder//mcu/
2025-07-20 02:48:14,409 [INFO] DbMcusAds:125 - Set database path to: C:\Users\aliya\.stmcufinder\plugins\mcufinder//mcu/
2025-07-20 02:48:14,444 [INFO] CrossReferenceDbSqlite:203 - Set database path to: C:\Users\aliya\.stmcufinder\plugins\mcufinder//mcu/cs/
2025-07-20 02:48:14,710 [INFO] RulesReader:64 - Compatibility file has been processed (317 Rules)
2025-07-20 02:48:15,025 [INFO] DbMcusXml:78 - Set database path to: C:\ST\STM32CubeIDE_1.18.1\STM32CubeIDE\plugins\com.st.stm32cube.common.mx_6.15.0.202507011659\\db\/mcu/
2025-07-20 02:48:15,028 [INFO] ApiDb:274 - Set plugin database path to: C:\ST\STM32CubeIDE_1.18.1\STM32CubeIDE\plugins\com.st.stm32cube.common.mx_6.15.0.202507011659\\db\/plugins/boardmanager/
2025-07-20 02:48:15,028 [INFO] ApiDb:261 - Set plugin images path to: C:\ST\STM32CubeIDE_1.18.1\STM32CubeIDE\plugins\com.st.stm32cube.common.mx_6.15.0.202507011659\\db\/plugins/mcufinder/images/
2025-07-20 02:48:15,028 [WARN] DbFile:41 - Overriding database path with different value: C:\Users\aliya\.stmcufinder\plugins\mcufinder/ => C:\Users\aliya\.stmcufinder\plugins\mcufinder
2025-07-20 02:48:15,028 [INFO] ApiDb:250 - Set database path to: C:\Users\aliya\.stmcufinder\plugins\mcufinder//mcu/
2025-07-20 02:48:15,028 [WARN] DbFile:41 - Overriding database path with different value: C:\Users\aliya\.stmcufinder\plugins\mcufinder/ => C:\Users\aliya\.stmcufinder\plugins\mcufinder
2025-07-20 02:48:15,028 [INFO] DbMcusAds:125 - Set database path to: C:\Users\aliya\.stmcufinder\plugins\mcufinder//mcu/
2025-07-20 02:48:15,028 [WARN] DbFile:41 - Overriding database path with different value: C:\Users\aliya\.stmcufinder\plugins\mcufinder/ => C:\Users\aliya\.stmcufinder\plugins\mcufinder
2025-07-20 02:48:15,028 [WARN] DbFile:41 - Overriding database path with different value: C:\Users\aliya\.stmcufinder\plugins\mcufinder/ => C:\Users\aliya\.stmcufinder\plugins\mcufinder
2025-07-20 02:48:15,028 [INFO] CrossReferenceDbSqlite:203 - Set database path to: C:\Users\aliya\.stmcufinder\plugins\mcufinder//mcu/cs/
2025-07-20 02:48:15,296 [INFO] MainPanel:274 - HeapMemory: 268435456
2025-07-20 02:48:15,659 [INFO] DbMcusXml:78 - Set database path to: C:\ST\STM32CubeIDE_1.18.1\STM32CubeIDE\plugins\com.st.stm32cube.common.mx_6.15.0.202507011659\\db\/mcu/
2025-07-20 02:48:15,659 [INFO] ApiDb:274 - Set plugin database path to: C:\ST\STM32CubeIDE_1.18.1\STM32CubeIDE\plugins\com.st.stm32cube.common.mx_6.15.0.202507011659\\db\/plugins/boardmanager/
2025-07-20 02:48:15,659 [INFO] ApiDb:261 - Set plugin images path to: C:\ST\STM32CubeIDE_1.18.1\STM32CubeIDE\plugins\com.st.stm32cube.common.mx_6.15.0.202507011659\\db\/plugins/mcufinder/images/
2025-07-20 02:48:15,664 [WARN] DbFile:41 - Overriding database path with different value: C:\Users\aliya\.stmcufinder\plugins\mcufinder/ => C:\Users\aliya\.stmcufinder\plugins\mcufinder
2025-07-20 02:48:15,664 [INFO] ApiDb:250 - Set database path to: C:\Users\aliya\.stmcufinder\plugins\mcufinder//mcu/
2025-07-20 02:48:15,664 [WARN] DbFile:41 - Overriding database path with different value: C:\Users\aliya\.stmcufinder\plugins\mcufinder/ => C:\Users\aliya\.stmcufinder\plugins\mcufinder
2025-07-20 02:48:15,664 [INFO] DbMcusAds:125 - Set database path to: C:\Users\aliya\.stmcufinder\plugins\mcufinder//mcu/
2025-07-20 02:48:15,664 [WARN] DbFile:41 - Overriding database path with different value: C:\Users\aliya\.stmcufinder\plugins\mcufinder/ => C:\Users\aliya\.stmcufinder\plugins\mcufinder
2025-07-20 02:48:15,666 [WARN] DbFile:41 - Overriding database path with different value: C:\Users\aliya\.stmcufinder\plugins\mcufinder/ => C:\Users\aliya\.stmcufinder\plugins\mcufinder
2025-07-20 02:48:15,666 [INFO] CrossReferenceDbSqlite:203 - Set database path to: C:\Users\aliya\.stmcufinder\plugins\mcufinder//mcu/cs/
2025-07-20 02:48:15,724 [INFO] ApplicationProperties:184 - Using Application install path: C:\ST\STM32CubeIDE_1.18.1\STM32CubeIDE\plugins\com.st.stm32cube.common.mx_6.15.0.202507011659
2025-07-20 02:48:15,726 [INFO] PluginManage:196 - Search for loadable plugins [exclusion list=, ]
2025-07-20 02:48:15,735 [INFO] PluginManage:310 - Check plugin analytics
2025-07-20 02:48:16,405 [INFO] AnalyticsPlugin:253 - Accepted Software Licenses: 
2025-07-20 02:48:16,405 [INFO] AnalyticsPlugin:255 - Accepted CMSIS Pack Licenses: 
2025-07-20 02:48:16,405 [INFO] AnalyticsPlugin:257 - Accepted Firmware Licenses: 
2025-07-20 02:48:16,409 [INFO] PluginManage:359 - Loaded plugin analytics (category:tool,tabindex:-1)
2025-07-20 02:48:16,409 [INFO] PluginManage:310 - Check plugin cadmodel
2025-07-20 02:48:16,417 [INFO] CADModel:105 - Init CAD model plugin
2025-07-20 02:48:16,417 [INFO] PluginManage:359 - Loaded plugin cadmodel (category:power,tabindex:5)
2025-07-20 02:48:16,424 [INFO] PluginManage:310 - Check plugin clock
2025-07-20 02:48:16,456 [INFO] PluginManage:359 - Loaded plugin clock (category:base,tabindex:2)
2025-07-20 02:48:16,456 [INFO] PluginManage:310 - Check plugin ddr
2025-07-20 02:48:16,464 [INFO] PluginManage:359 - Loaded plugin ddr (category:tool,tabindex:6)
2025-07-20 02:48:16,464 [INFO] PluginManage:310 - Check plugin filemanager
2025-07-20 02:48:16,766 [INFO] PluginManage:359 - Loaded plugin filemanager (category:base,tabindex:10)
2025-07-20 02:48:16,774 [INFO] PluginManage:310 - Check plugin ipmanager
2025-07-20 02:48:16,780 [INFO] PluginManage:359 - Loaded plugin ipmanager (category:base,tabindex:5)
2025-07-20 02:48:16,780 [INFO] PluginManage:310 - Check plugin lpbam
2025-07-20 02:48:16,786 [INFO] PluginManage:359 - Loaded plugin lpbam (category:base,tabindex:0)
2025-07-20 02:48:16,786 [INFO] PluginManage:310 - Check plugin memorymap
2025-07-20 02:48:16,796 [INFO] PluginManage:359 - Loaded plugin memorymap (category:base,tabindex:4)
2025-07-20 02:48:16,796 [INFO] PluginManage:310 - Check plugin pinoutandconfiguration
2025-07-20 02:48:16,814 [INFO] PluginManage:359 - Loaded plugin pinoutandconfiguration (category:base,tabindex:1)
2025-07-20 02:48:16,814 [INFO] PluginManage:310 - Check plugin pinoutconfig
2025-07-20 02:48:16,987 [WARN] SupportedApi:132 - Cannot load RTOS API schema: s4s-elt-must-match.1: The content of 'definitions' must match (annotation?, (simpleType | complexType)?, (unique | key | keyref)*)). A problem was found starting at: attribute.
2025-07-20 02:48:17,177 [INFO] PluginManage:359 - Loaded plugin pinoutconfig (category:base,tabindex:0)
2025-07-20 02:48:17,177 [INFO] PluginManage:310 - Check plugin power
2025-07-20 02:48:17,189 [INFO] PluginManage:359 - Loaded plugin power (category:power,tabindex:4)
2025-07-20 02:48:17,189 [INFO] PluginManage:310 - Check plugin projectmanager
2025-07-20 02:48:17,211 [INFO] PluginManage:359 - Loaded plugin projectmanager (category:projectmanager,tabindex:4)
2025-07-20 02:48:17,211 [INFO] PluginManage:310 - Check plugin rif
2025-07-20 02:48:17,221 [INFO] PluginManage:359 - Loaded plugin rif (category:base,tabindex:3)
2025-07-20 02:48:17,221 [INFO] PluginManage:310 - Check plugin thirdparty
2025-07-20 02:48:17,409 [WARN] IntegrityCheckThread:84 - waiting for thirdparty lock release [integrity check]
2025-07-20 02:48:17,409 [INFO] PluginManage:359 - Loaded plugin thirdparty (category:base,tabindex:-1)
2025-07-20 02:48:17,409 [INFO] IntegrityCheckThread:86 - entering critical section [integrity check]
2025-07-20 02:48:17,410 [INFO] PluginManage:310 - Check plugin tools
2025-07-20 02:48:17,410 [INFO] ThirdPartyUpdaterWithRetryManager:70 - Updater plugin not ready yet. [1/15]
2025-07-20 02:48:17,414 [INFO] PluginManage:359 - Loaded plugin tools (category:base,tabindex:7)
2025-07-20 02:48:17,414 [INFO] PluginManage:310 - Check plugin tutovideos
2025-07-20 02:48:17,636 [INFO] PluginManage:359 - Loaded plugin tutovideos (category:base,tabindex:-1)
2025-07-20 02:48:17,636 [INFO] PluginManage:310 - Check plugin updater
2025-07-20 02:48:17,717 [INFO] PluginManage:359 - Loaded plugin updater (category:base,tabindex:12)
2025-07-20 02:48:17,718 [INFO] PluginManage:310 - Check plugin userauth
2025-07-20 02:48:17,735 [INFO] UserAuth:118 - Init User Auth plugin
2025-07-20 02:48:17,739 [INFO] PluginManage:359 - Loaded plugin userauth (category:base,tabindex:14)
2025-07-20 02:48:17,741 [INFO] PluginManage:283 - PluginManage : Loaded plugins [18]
2025-07-20 02:48:18,304 [INFO] PinOutPanel:1589 - setPackage(No Configuration,No Configuration)
2025-07-20 02:48:18,375 [INFO] CADModel:165 - CPN selected for project level
2025-07-20 02:48:18,375 [INFO] CADModel:114 - Register for checkConnection events
2025-07-20 02:48:18,390 [INFO] IPUIPlugin:80 - create IPUIPlugin
2025-07-20 02:48:18,390 [INFO] PluginManager:220 - loadIPPluginJar : add adc
2025-07-20 02:48:18,393 [INFO] IPUIPlugin:80 - create IPUIPlugin
2025-07-20 02:48:18,393 [INFO] PluginManager:220 - loadIPPluginJar : add aes
2025-07-20 02:48:18,397 [INFO] IPUIPlugin:80 - create IPUIPlugin
2025-07-20 02:48:18,397 [INFO] PluginManager:220 - loadIPPluginJar : add can
2025-07-20 02:48:18,399 [INFO] IPUIPlugin:80 - create IPUIPlugin
2025-07-20 02:48:18,399 [INFO] PluginManager:220 - loadIPPluginJar : add comp
2025-07-20 02:48:18,401 [INFO] IPUIPlugin:80 - create IPUIPlugin
2025-07-20 02:48:18,401 [INFO] PluginManager:220 - loadIPPluginJar : add cryp
2025-07-20 02:48:18,402 [INFO] IPUIPlugin:80 - create IPUIPlugin
2025-07-20 02:48:18,402 [INFO] PluginManager:220 - loadIPPluginJar : add ddr_ctrl_phy
2025-07-20 02:48:18,406 [INFO] IPUIPlugin:80 - create IPUIPlugin
2025-07-20 02:48:18,406 [INFO] PluginManager:220 - loadIPPluginJar : add dfsdm
2025-07-20 02:48:18,410 [INFO] IPUIPlugin:80 - create IPUIPlugin
2025-07-20 02:48:18,410 [INFO] PluginManager:220 - loadIPPluginJar : add dma
2025-07-20 02:48:18,412 [INFO] IPUIPlugin:80 - create IPUIPlugin
2025-07-20 02:48:18,412 [INFO] PluginManager:220 - loadIPPluginJar : add dma3
2025-07-20 02:48:18,415 [INFO] IPUIPlugin:80 - create IPUIPlugin
2025-07-20 02:48:18,415 [INFO] PluginManager:220 - loadIPPluginJar : add extmemmanager
2025-07-20 02:48:18,417 [INFO] IPUIPlugin:80 - create IPUIPlugin
2025-07-20 02:48:18,417 [INFO] PluginManager:220 - loadIPPluginJar : add fatfs
2025-07-20 02:48:18,421 [INFO] IPUIPlugin:80 - create IPUIPlugin
2025-07-20 02:48:18,421 [INFO] PluginManager:220 - loadIPPluginJar : add fmc
2025-07-20 02:48:18,426 [INFO] IPUIPlugin:80 - create IPUIPlugin
2025-07-20 02:48:18,426 [INFO] PluginManager:220 - loadIPPluginJar : add freertos
2025-07-20 02:48:18,427 [INFO] IPUIPlugin:80 - create IPUIPlugin
2025-07-20 02:48:18,427 [INFO] PluginManager:220 - loadIPPluginJar : add genericplugin
2025-07-20 02:48:18,429 [INFO] IPUIPlugin:80 - create IPUIPlugin
2025-07-20 02:48:18,429 [INFO] PluginManager:220 - loadIPPluginJar : add gfxmmu
2025-07-20 02:48:18,433 [INFO] IPUIPlugin:80 - create IPUIPlugin
2025-07-20 02:48:18,433 [INFO] PluginManager:220 - loadIPPluginJar : add gic
2025-07-20 02:48:18,438 [INFO] IPUIPlugin:80 - create IPUIPlugin
2025-07-20 02:48:18,438 [INFO] PluginManager:220 - loadIPPluginJar : add gpio
2025-07-20 02:48:18,441 [INFO] IPUIPlugin:80 - create IPUIPlugin
2025-07-20 02:48:18,441 [INFO] PluginManager:220 - loadIPPluginJar : add gtzc
2025-07-20 02:48:18,443 [INFO] IPUIPlugin:80 - create IPUIPlugin
2025-07-20 02:48:18,443 [INFO] PluginManager:220 - loadIPPluginJar : add hash
2025-07-20 02:48:18,447 [INFO] IPUIPlugin:80 - create IPUIPlugin
2025-07-20 02:48:18,447 [INFO] PluginManager:220 - loadIPPluginJar : add i2c
2025-07-20 02:48:18,449 [INFO] IPUIPlugin:80 - create IPUIPlugin
2025-07-20 02:48:18,450 [INFO] PluginManager:220 - loadIPPluginJar : add i2s
2025-07-20 02:48:18,452 [INFO] IPUIPlugin:80 - create IPUIPlugin
2025-07-20 02:48:18,452 [INFO] PluginManager:220 - loadIPPluginJar : add i3c
2025-07-20 02:48:18,456 [INFO] IPUIPlugin:80 - create IPUIPlugin
2025-07-20 02:48:18,456 [INFO] PluginManager:220 - loadIPPluginJar : add ipddr
2025-07-20 02:48:18,462 [INFO] IPUIPlugin:80 - create IPUIPlugin
2025-07-20 02:48:18,462 [INFO] PluginManager:220 - loadIPPluginJar : add linkedlist
2025-07-20 02:48:18,464 [INFO] IPUIPlugin:80 - create IPUIPlugin
2025-07-20 02:48:18,465 [INFO] PluginManager:220 - loadIPPluginJar : add lorawan
2025-07-20 02:48:18,467 [INFO] IPUIPlugin:80 - create IPUIPlugin
2025-07-20 02:48:18,467 [INFO] PluginManager:220 - loadIPPluginJar : add ltdc
2025-07-20 02:48:18,471 [INFO] IPUIPlugin:80 - create IPUIPlugin
2025-07-20 02:48:18,471 [INFO] PluginManager:220 - loadIPPluginJar : add mdma
2025-07-20 02:48:18,473 [INFO] IPUIPlugin:80 - create IPUIPlugin
2025-07-20 02:48:18,474 [INFO] PluginManager:220 - loadIPPluginJar : add nvic
2025-07-20 02:48:18,478 [INFO] IPUIPlugin:80 - create IPUIPlugin
2025-07-20 02:48:18,478 [INFO] PluginManager:220 - loadIPPluginJar : add opamp
2025-07-20 02:48:18,480 [INFO] IPUIPlugin:80 - create IPUIPlugin
2025-07-20 02:48:18,480 [INFO] PluginManager:220 - loadIPPluginJar : add openamp
2025-07-20 02:48:18,483 [INFO] IPUIPlugin:80 - create IPUIPlugin
2025-07-20 02:48:18,483 [INFO] PluginManager:220 - loadIPPluginJar : add pdm2pcm
2025-07-20 02:48:18,490 [INFO] IPUIPlugin:80 - create IPUIPlugin
2025-07-20 02:48:18,493 [INFO] PluginManager:220 - loadIPPluginJar : add plateformsettings
2025-07-20 02:48:18,494 [INFO] IPUIPlugin:80 - create IPUIPlugin
2025-07-20 02:48:18,494 [INFO] PluginManager:220 - loadIPPluginJar : add quadspi
2025-07-20 02:48:18,499 [INFO] IPUIPlugin:80 - create IPUIPlugin
2025-07-20 02:48:18,499 [INFO] PluginManager:220 - loadIPPluginJar : add radio
2025-07-20 02:48:18,502 [INFO] IPUIPlugin:80 - create IPUIPlugin
2025-07-20 02:48:18,502 [INFO] PluginManager:220 - loadIPPluginJar : add resmgrutility
2025-07-20 02:48:18,506 [INFO] IPUIPlugin:80 - create IPUIPlugin
2025-07-20 02:48:18,506 [INFO] PluginManager:220 - loadIPPluginJar : add sai
2025-07-20 02:48:18,508 [INFO] IPUIPlugin:80 - create IPUIPlugin
2025-07-20 02:48:18,508 [INFO] PluginManager:220 - loadIPPluginJar : add spi
2025-07-20 02:48:18,516 [INFO] IPUIPlugin:80 - create IPUIPlugin
2025-07-20 02:48:18,516 [INFO] PluginManager:220 - loadIPPluginJar : add stm32_wpan
2025-07-20 02:48:18,517 [INFO] IPUIPlugin:80 - create IPUIPlugin
2025-07-20 02:48:18,517 [INFO] PluginManager:220 - loadIPPluginJar : add tim
2025-07-20 02:48:18,521 [INFO] IPUIPlugin:80 - create IPUIPlugin
2025-07-20 02:48:18,521 [INFO] PluginManager:220 - loadIPPluginJar : add touchsensing
2025-07-20 02:48:18,522 [INFO] IPUIPlugin:80 - create IPUIPlugin
2025-07-20 02:48:18,522 [INFO] PluginManager:220 - loadIPPluginJar : add tracer_emb
2025-07-20 02:48:18,528 [INFO] IPUIPlugin:80 - create IPUIPlugin
2025-07-20 02:48:18,528 [INFO] PluginManager:220 - loadIPPluginJar : add ts
2025-07-20 02:48:18,530 [INFO] IPUIPlugin:80 - create IPUIPlugin
2025-07-20 02:48:18,530 [INFO] PluginManager:220 - loadIPPluginJar : add tsc
2025-07-20 02:48:18,531 [INFO] IPUIPlugin:80 - create IPUIPlugin
2025-07-20 02:48:18,532 [INFO] PluginManager:220 - loadIPPluginJar : add ucpd
2025-07-20 02:48:18,534 [INFO] IPUIPlugin:80 - create IPUIPlugin
2025-07-20 02:48:18,534 [INFO] PluginManager:220 - loadIPPluginJar : add usart
2025-07-20 02:48:18,538 [INFO] IPUIPlugin:80 - create IPUIPlugin
2025-07-20 02:48:18,538 [INFO] PluginManager:220 - loadIPPluginJar : add usbx
2025-07-20 02:48:18,674 [FATAL] Updater:351 - Updater called before beeing initialized
2025-07-20 02:48:18,736 [INFO] RulesReader:64 - Compatibility file has been processed (317 Rules)
2025-07-20 02:48:18,782 [INFO] RulesReader:64 - Compatibility file has been processed (317 Rules)
2025-07-20 02:48:18,792 [INFO] CADModel:165 - CPN selected for project level
2025-07-20 02:48:18,794 [INFO] CADModel:114 - Register for checkConnection events
2025-07-20 02:48:18,794 [FATAL] Updater:351 - Updater called before beeing initialized
2025-07-20 02:48:18,794 [ERROR] CADModel:125 - Updater not yet initialized, retry later 
2025-07-20 02:48:19,110 [FATAL] Updater:351 - Updater called before beeing initialized
2025-07-20 02:48:19,112 [INFO] CADModel:165 - CPN selected for project level
2025-07-20 02:48:19,112 [INFO] CADModel:114 - Register for checkConnection events
2025-07-20 02:48:19,113 [FATAL] Updater:351 - Updater called before beeing initialized
2025-07-20 02:48:19,113 [ERROR] CADModel:125 - Updater not yet initialized, retry later 
2025-07-20 02:48:19,118 [FATAL] Updater:351 - Updater called before beeing initialized
2025-07-20 02:48:19,596 [FATAL] Updater:351 - Updater called before beeing initialized
2025-07-20 02:48:19,613 [INFO] DbMcusAds:53 - JSON generation date=Tue Jul 08 11:14:23 TRT 2025 (1751962463562)
2025-07-20 02:48:19,614 [FATAL] Updater:351 - Updater called before beeing initialized
2025-07-20 02:48:19,746 [WARN] DetailPanel:346 - Failed to get advertising image, set to default
2025-07-20 02:48:19,844 [FATAL] Updater:351 - Updater called before beeing initialized
2025-07-20 02:48:19,844 [FATAL] Updater:351 - Updater called before beeing initialized
2025-07-20 02:48:19,844 [FATAL] Updater:351 - Updater called before beeing initialized
2025-07-20 02:48:19,844 [WARN] DetailPanel:346 - Failed to get advertising image, set to default
2025-07-20 02:48:19,845 [FATAL] Updater:351 - Updater called before beeing initialized
2025-07-20 02:48:19,913 [ERROR] Updater:1198 - MainUpdater not yet initialized. External WinMGr cannot be set.
2025-07-20 02:48:19,914 [INFO] Updater:1134 - Updater Version found : 6.15.0
2025-07-20 02:48:19,927 [INFO] ApplicationProperties:184 - Using Application install path: C:\ST\STM32CubeIDE_1.18.1\STM32CubeIDE\plugins\com.st.stm32cube.common.mx_6.15.0.202507011659
2025-07-20 02:48:20,412 [INFO] ThirdPartyUpdaterWithRetryManager:70 - Updater plugin not ready yet. [2/15]
2025-07-20 02:48:21,493 [ERROR] LogOutputStream:75 - [STDERR_REDIRECT] Jul 20, 2025 2:48:21 AM java.util.prefs.WindowsPreferences <init>
2025-07-20 02:48:21,494 [ERROR] LogOutputStream:75 - [STDERR_REDIRECT] WARNING: Could not open/create prefs root node Software\JavaSoft\Prefs at root 0xffffffff80000002. Windows RegCreateKeyEx(...) returned error code 5.
2025-07-20 02:48:21,495 [ERROR] LogOutputStream:75 - [STDERR_REDIRECT] 
2025-07-20 02:48:22,319 [INFO] MainUpdater:2872 - connection check result : 10
2025-07-20 02:48:22,320 [INFO] MainUpdater:289 - Updater Check For Update Now.
2025-07-20 02:48:22,320 [INFO] MicroXplorer:498 - Change Database Version : DB.6.0.150
2025-07-20 02:48:22,328 [INFO] McuFinderGlobals:63 - Set McuFinder mode to 2 (CubeIDE integrated)
2025-07-20 02:48:22,329 [INFO] UserAuth:487 - Internet connection configuration mode: 1
2025-07-20 02:48:22,355 [INFO] JxBrowserEngine:152 - Initiate JxBrowser Engine with user profile folder
2025-07-20 02:48:22,590 [INFO] CheckServerUpdateThread:120 - End of CheckServer Thread
2025-07-20 02:48:24,167 [INFO] WebApp:169 - Instantiating new browser for Auth
2025-07-20 02:48:24,596 [WARN] PackLoader:240 - Cannot read IP mode file for STMicroelectronics.FP-SNS-MOTENVWB1.1.4.0
2025-07-20 02:48:24,632 [WARN] PackLoader:240 - Cannot read IP mode file for STMicroelectronics.FP-ATR-ASTRA1.2.0.2
2025-07-20 02:48:24,672 [WARN] PackLoader:240 - Cannot read IP mode file for STMicroelectronics.X-CUBE-SMBUS.2.1.0
2025-07-20 02:48:24,695 [WARN] PackLoader:240 - Cannot read IP mode file for STMicroelectronics.X-CUBE-ST60.1.0.0
2025-07-20 02:48:24,845 [WARN] PackLoader:240 - Cannot read IP mode file for STMicroelectronics.X-CUBE-AZRTOS-F7.1.1.0
2025-07-20 02:48:24,987 [WARN] PackLoader:240 - Cannot read IP mode file for Infineon.AIROC-Wi-Fi-Bluetooth-STM32.1.7.0
2025-07-20 02:48:25,141 [WARN] PackLoader:240 - Cannot read IP mode file for STMicroelectronics.X-CUBE-AZRTOS-H7.3.4.0
2025-07-20 02:48:25,196 [WARN] PackLoader:240 - Cannot read IP mode file for STMicroelectronics.X-CUBE-DISPLAY.3.0.0
2025-07-20 02:48:25,252 [WARN] PackLoader:240 - Cannot read IP mode file for STMicroelectronics.X-CUBE-NFC10.1.0.0
2025-07-20 02:48:25,308 [WARN] PackLoader:240 - Cannot read IP mode file for STMicroelectronics.X-CUBE-BLEMGR.4.0.0
2025-07-20 02:48:25,373 [WARN] PackLoader:240 - Cannot read IP mode file for emotas.I-CUBE-CANOPEN.1.3.0
2025-07-20 02:48:25,386 [WARN] ConditionMgr:438 - getConditionDescription Invalid condition id : Cortex-A Device cause : null
2025-07-20 02:48:25,414 [WARN] ConditionMgr:1044 - genDependencies : Invalid condition id : Cortex-A Device cause : null
2025-07-20 02:48:25,415 [WARN] ConditionMgr:1044 - genDependencies : Invalid condition id : Cortex-A Device cause : null
2025-07-20 02:48:25,416 [WARN] ConditionMgr:1044 - genDependencies : Invalid condition id : Cortex-A Device cause : null
2025-07-20 02:48:25,427 [WARN] PackLoader:240 - Cannot read IP mode file for STMicroelectronics.FP-SNS-SMARTAG2.1.2.0
2025-07-20 02:48:25,437 [WARN] PackLoader:240 - Cannot read IP mode file for STMicroelectronics.FP-SNS-FLIGHT1.5.1.0
2025-07-20 02:48:25,482 [INFO] LogOutputStream:77 - [STDOUT_REDIRECT] 1 : Invalid condition id : UX_CORESTACK_Condition cause : null
2025-07-20 02:48:25,485 [INFO] LogOutputStream:77 - [STDOUT_REDIRECT] 1 : Invalid condition id : UX_CORESTACK_Condition cause : null
2025-07-20 02:48:25,488 [INFO] LogOutputStream:77 - [STDOUT_REDIRECT] 1 : Invalid condition id : UX_CORESTACK_Condition cause : null
2025-07-20 02:48:25,492 [INFO] LogOutputStream:77 - [STDOUT_REDIRECT] 1 : Invalid condition id : UX_CORESTACK_Condition cause : null
2025-07-20 02:48:25,497 [INFO] LogOutputStream:77 - [STDOUT_REDIRECT] 1 : Invalid condition id : UX_CORESTACK_Condition cause : null
2025-07-20 02:48:25,511 [WARN] PackLoader:240 - Cannot read IP mode file for STMicroelectronics.X-CUBE-AZRTOS-WL.2.0.0
2025-07-20 02:48:25,527 [WARN] PackLoader:240 - Cannot read IP mode file for STMicroelectronics.FP-SNS-MOTENV1.5.0.0
2025-07-20 02:48:25,562 [WARN] PackLoader:240 - Cannot read IP mode file for WES.I-CUBE-Cesium.1.3.0
2025-07-20 02:48:25,591 [WARN] PackLoader:240 - Cannot read IP mode file for STMicroelectronics.X-CUBE-BLE2.3.3.0
2025-07-20 02:48:25,612 [WARN] PackLoader:240 - Cannot read IP mode file for STMicroelectronics.X-CUBE-NFC9.1.0.0
2025-07-20 02:48:25,629 [WARN] PackLoader:240 - Cannot read IP mode file for wolfSSL.I-CUBE-wolfSSL.5.8.0
2025-07-20 02:48:25,645 [WARN] PackLoader:240 - Cannot read IP mode file for STMicroelectronics.X-CUBE-BLE1.7.1.0
2025-07-20 02:48:25,656 [WARN] PackLoader:240 - Cannot read IP mode file for wolfSSL.I-CUBE-wolfMQTT.1.19.2
2025-07-20 02:48:25,678 [WARN] PackLoader:240 - Cannot read IP mode file for STMicroelectronics.X-CUBE-EEPRMA1.5.2.0
2025-07-20 02:48:25,700 [WARN] PackLoader:240 - Cannot read IP mode file for STMicroelectronics.X-CUBE-AI.10.1.0
2025-07-20 02:48:25,756 [WARN] PackLoader:240 - Cannot read IP mode file for STMicroelectronics.X-CUBE-AZRTOS-G0.1.1.0
2025-07-20 02:48:25,786 [WARN] PackLoader:240 - Cannot read IP mode file for STMicroelectronics.X-CUBE-SAFEA1.1.2.2
2025-07-20 02:48:25,814 [WARN] PackLoader:240 - Cannot read IP mode file for STMicroelectronics.X-CUBE-NFC4.3.0.0
2025-07-20 02:48:25,854 [WARN] PackLoader:240 - Cannot read IP mode file for EmbeddedOffice.I-CUBE-FS-RTOS.1.0.1
2025-07-20 02:48:25,874 [WARN] PackLoader:240 - Cannot read IP mode file for STMicroelectronics.X-CUBE-WB05N.2.0.0
2025-07-20 02:48:25,890 [WARN] PackLoader:240 - Cannot read IP mode file for wolfSSL.I-CUBE-wolfTPM.3.8.0
2025-07-20 02:48:25,908 [WARN] PackLoader:240 - Cannot read IP mode file for STMicroelectronics.X-CUBE-TCPP.4.2.0
2025-07-20 02:48:25,931 [WARN] PackLoader:240 - Cannot read IP mode file for RealThread.X-CUBE-RT-Thread_Nano.4.1.1
2025-07-20 02:48:25,946 [WARN] PackLoader:240 - Cannot read IP mode file for STMicroelectronics.FP-ATR-SIGFOX1.3.2.0
2025-07-20 02:48:25,969 [WARN] PackLoader:240 - Cannot read IP mode file for STMicroelectronics.X-CUBE-EEPRMA1.5.1.0
2025-07-20 02:48:26,004 [WARN] PackLoader:240 - Cannot read IP mode file for ITTIA_DB.I-CUBE-ITTIADB.8.9.0
2025-07-20 02:48:26,028 [WARN] PackLoader:240 - Cannot read IP mode file for STMicroelectronics.X-CUBE-ST67W61.1.0.0
2025-07-20 02:48:26,149 [WARN] PackLoader:240 - Cannot read IP mode file for SEGGER.I-CUBE-embOS.1.3.1
2025-07-20 02:48:26,342 [WARN] PackLoader:240 - Cannot read IP mode file for STMicroelectronics.X-CUBE-ALGOBUILD.1.4.0
2025-07-20 02:48:26,524 [WARN] PackLoader:240 - Cannot read IP mode file for STMicroelectronics.X-CUBE-MEMS1.11.3.0
2025-07-20 02:48:27,554 [WARN] PackLoader:240 - Cannot read IP mode file for STMicroelectronics.X-CUBE-PM33A1.1.0.0
2025-07-20 02:48:27,636 [WARN] PackLoader:240 - Cannot read IP mode file for STMicroelectronics.X-CUBE-AZRTOS-F4.1.1.0
2025-07-20 02:48:27,667 [WARN] PackLoader:240 - Cannot read IP mode file for Avnet-IotConnect.X-CUBE-IoTC-DA16k-PMOD.1.0.0
2025-07-20 02:48:27,679 [WARN] PackLoader:240 - Cannot read IP mode file for STMicroelectronics.X-CUBE-ISPU.2.1.0
2025-07-20 02:48:27,702 [WARN] PackLoader:240 - Cannot read IP mode file for STMicroelectronics.X-CUBE-NFC12.1.0.0
2025-07-20 02:48:27,751 [WARN] PackLoader:240 - Cannot read IP mode file for STMicroelectronics.X-CUBE-AZRTOS-L5.2.0.0
2025-07-20 02:48:27,771 [WARN] PackLoader:240 - Cannot read IP mode file for STMicroelectronics.X-CUBE-NFC6.3.1.0
2025-07-20 02:48:27,808 [WARN] PackLoader:240 - Cannot read IP mode file for STMicroelectronics.X-CUBE-FREERTOS.1.3.1
2025-07-20 02:48:27,857 [WARN] PackLoader:240 - Cannot read IP mode file for STMicroelectronics.FP-SNS-STAIOTCFT.1.0.0
2025-07-20 02:48:27,872 [WARN] PackLoader:240 - Cannot read IP mode file for STMicroelectronics.X-CUBE-DPower.1.3.0
2025-07-20 02:48:27,931 [WARN] ConditionMgr:438 - getConditionDescription Invalid condition id : LAN8742 Phy interface Condition cause : null
2025-07-20 02:48:27,934 [WARN] PackLoader:240 - Cannot read IP mode file for STMicroelectronics.X-CUBE-AZRTOS-L4.2.0.0
2025-07-20 02:48:27,938 [WARN] ConditionMgr:1044 - genDependencies : Invalid condition id : LAN8742 Phy interface Condition cause : null
2025-07-20 02:48:27,938 [WARN] ConditionMgr:1044 - genDependencies : Invalid condition id : LAN8742 Phy interface Condition cause : null
2025-07-20 02:48:27,940 [WARN] ConditionMgr:1044 - genDependencies : Invalid condition id : LAN8742 Phy interface Condition cause : null
2025-07-20 02:48:27,976 [WARN] PackLoader:240 - Cannot read IP mode file for STMicroelectronics.X-CUBE-SFXS2LP1.4.0.0
2025-07-20 02:48:28,164 [WARN] PackLoader:240 - Cannot read IP mode file for STMicroelectronics.X-CUBE-AZRTOS-H7.3.3.0
2025-07-20 02:48:28,392 [WARN] ConditionMgr:438 - getConditionDescription Invalid condition id : UX DEVICE CLASS RTOS Condition cause : null
2025-07-20 02:48:28,392 [WARN] ConditionMgr:438 - getConditionDescription Invalid condition id : UX DEVICE CLASS RTOS Condition cause : null
2025-07-20 02:48:28,445 [WARN] PackLoader:240 - Cannot read IP mode file for STMicroelectronics.X-CUBE-AZRTOS-WB.2.0.0
2025-07-20 02:48:28,447 [WARN] ConditionMgr:1044 - genDependencies : Invalid condition id : UX DEVICE CLASS RTOS Condition cause : null
2025-07-20 02:48:28,448 [WARN] ConditionMgr:1044 - genDependencies : Invalid condition id : UX DEVICE CLASS RTOS Condition cause : null
2025-07-20 02:48:28,448 [WARN] ConditionMgr:1044 - genDependencies : Invalid condition id : UX DEVICE CLASS RTOS Condition cause : null
2025-07-20 02:48:28,449 [WARN] ConditionMgr:1044 - genDependencies : Invalid condition id : UX DEVICE CLASS RTOS Condition cause : null
2025-07-20 02:48:28,450 [WARN] ConditionMgr:1044 - genDependencies : Invalid condition id : UX DEVICE CLASS RTOS Condition cause : null
2025-07-20 02:48:28,466 [WARN] PackLoader:240 - Cannot read IP mode file for STMicroelectronics.X-CUBE-GNSS1.7.0.1
2025-07-20 02:48:28,482 [WARN] PackLoader:240 - Cannot read IP mode file for STMicroelectronics.X-CUBE-TOUCHGFX.4.25.0
2025-07-20 02:48:28,525 [WARN] PackLoader:240 - Cannot read IP mode file for STMicroelectronics.FP-SNS-STBOX1.2.0.0
2025-07-20 02:48:28,572 [WARN] PackLoader:240 - Cannot read IP mode file for STMicroelectronics.X-CUBE-SUBG2.5.0.0
2025-07-20 02:48:28,689 [WARN] PackLoader:240 - Cannot read IP mode file for STMicroelectronics.X-CUBE-AZRTOS-H7RS.1.1.0
2025-07-20 02:48:28,709 [WARN] PackLoader:240 - Cannot read IP mode file for Cesanta.I-CUBE-Mongoose.7.13.0
2025-07-20 02:48:28,823 [WARN] PackLoader:240 - Cannot read IP mode file for STMicroelectronics.X-CUBE-AZRTOS-G4.2.0.0
2025-07-20 02:48:28,845 [WARN] PackLoader:240 - Cannot read IP mode file for wolfSSL.I-CUBE-wolfSSH.1.4.20
2025-07-20 02:48:28,861 [WARN] PackLoader:240 - Cannot read IP mode file for STMicroelectronics.X-CUBE-NFC7.2.0.0
2025-07-20 02:48:29,010 [WARN] PackLoader:240 - Cannot read IP mode file for STMicroelectronics.X-CUBE-IPS.3.1.0
2025-07-20 02:48:29,049 [WARN] PackLoader:240 - Cannot read IP mode file for STMicroelectronics.X-CUBE-ALS.1.0.2
2025-07-20 02:48:29,069 [WARN] PackLoader:240 - Cannot read IP mode file for portGmbH.I-Cube-SoM-uGOAL.1.1.0
2025-07-20 02:48:29,094 [WARN] PackLoader:240 - Cannot read IP mode file for STMicroelectronics.X-CUBE-TOF1.3.4.3
2025-07-20 02:48:29,157 [INFO] ThirdParty:978 - Integrity check success = true
2025-07-20 02:48:29,157 [INFO] IntegrityCheckThread:100 - exiting critical section [integrity check]
2025-07-20 02:48:29,157 [INFO] IntegrityCheckThread:103 - End integrity checks thread
2025-07-20 02:48:29,191 [INFO] WebApp:463 - Apply proxy settings
2025-07-20 02:48:29,193 [INFO] WebApp:548 - Chromium requires no authentication
2025-07-20 02:48:29,216 [INFO] WebApp:491 - Direct internet connection detected
2025-07-20 02:48:29,312 [INFO] WebApp:900 - Register for checkConnection events
2025-07-20 02:48:29,313 [INFO] WebApp:463 - Apply proxy settings
2025-07-20 02:48:29,314 [INFO] WebApp:548 - Chromium requires no authentication
2025-07-20 02:48:29,476 [INFO] WebApp:491 - Direct internet connection detected
2025-07-20 02:48:30,110 [INFO] WebApp:191 - Connection restablished
2025-07-20 02:48:30,176 [INFO] WebApp:225 - Starting web application
2025-07-20 02:48:30,177 [INFO] WebApp:593 - Web application path used C:\ST\STM32CubeIDE_1.18.1\STM32CubeIDE\plugins\com.st.stm32cube.common.mx_6.15.0.202507011659\db\plugins\mcufinder\reactClient1\index.html
2025-07-20 02:48:31,144 [INFO] UserAuth:487 - Internet connection configuration mode: 1
2025-07-20 03:16:05,160 [ERROR] LogOutputStream:75 - [STDERR_REDIRECT] 
2025-07-20 03:16:05,161 [ERROR] LogOutputStream:75 - [STDERR_REDIRECT] 
2025-07-20 12:31:02,390 [INFO] Activator:176 - 


2025-07-20 12:31:02,392 [INFO] Activator:177 - !SESSION log4j initialized
2025-07-20 12:31:08,660 [INFO] LogOutputStream:77 - [STDOUT_REDIRECT] 
2025-07-20 12:31:10,556 [INFO] ApplicationProperties:184 - Using Application install path: C:\ST\STM32CubeIDE_1.18.1\STM32CubeIDE\plugins\com.st.stm32cube.common.mx_6.15.0.202507011659
2025-07-20 12:31:10,575 [INFO] DbMcusXml:78 - Set database path to: C:\ST\STM32CubeIDE_1.18.1\STM32CubeIDE\plugins\com.st.stm32cube.common.mx_6.15.0.202507011659\\db\/mcu/
2025-07-20 12:31:10,575 [INFO] ApiDb:274 - Set plugin database path to: C:\ST\STM32CubeIDE_1.18.1\STM32CubeIDE\plugins\com.st.stm32cube.common.mx_6.15.0.202507011659\\db\/plugins/boardmanager/
2025-07-20 12:31:10,575 [WARN] ApiDb:259 - Overriding images path with different value:  => C:\ST\STM32CubeIDE_1.18.1\STM32CubeIDE\plugins\com.st.stm32cube.common.mx_6.15.0.202507011659\\db\/plugins/mcufinder/images/
2025-07-20 12:31:10,588 [INFO] ApiDb:250 - Set database path to: C:\Users\aliya\.stmcufinder\plugins\mcufinder//mcu/
2025-07-20 12:31:10,590 [INFO] DbMcusAds:125 - Set database path to: C:\Users\aliya\.stmcufinder\plugins\mcufinder//mcu/
2025-07-20 12:31:10,592 [INFO] CrossReferenceDbSqlite:203 - Set database path to: C:\Users\aliya\.stmcufinder\plugins\mcufinder//mcu/cs/
2025-07-20 12:31:10,754 [INFO] RulesReader:64 - Compatibility file has been processed (317 Rules)
2025-07-20 12:31:10,947 [INFO] DbMcusXml:78 - Set database path to: C:\ST\STM32CubeIDE_1.18.1\STM32CubeIDE\plugins\com.st.stm32cube.common.mx_6.15.0.202507011659\\db\/mcu/
2025-07-20 12:31:10,948 [INFO] ApiDb:274 - Set plugin database path to: C:\ST\STM32CubeIDE_1.18.1\STM32CubeIDE\plugins\com.st.stm32cube.common.mx_6.15.0.202507011659\\db\/plugins/boardmanager/
2025-07-20 12:31:10,948 [INFO] ApiDb:261 - Set plugin images path to: C:\ST\STM32CubeIDE_1.18.1\STM32CubeIDE\plugins\com.st.stm32cube.common.mx_6.15.0.202507011659\\db\/plugins/mcufinder/images/
2025-07-20 12:31:10,950 [WARN] DbFile:41 - Overriding database path with different value: C:\Users\aliya\.stmcufinder\plugins\mcufinder/ => C:\Users\aliya\.stmcufinder\plugins\mcufinder
2025-07-20 12:31:10,951 [INFO] ApiDb:250 - Set database path to: C:\Users\aliya\.stmcufinder\plugins\mcufinder//mcu/
2025-07-20 12:31:10,951 [WARN] DbFile:41 - Overriding database path with different value: C:\Users\aliya\.stmcufinder\plugins\mcufinder/ => C:\Users\aliya\.stmcufinder\plugins\mcufinder
2025-07-20 12:31:10,951 [INFO] DbMcusAds:125 - Set database path to: C:\Users\aliya\.stmcufinder\plugins\mcufinder//mcu/
2025-07-20 12:31:10,951 [WARN] DbFile:41 - Overriding database path with different value: C:\Users\aliya\.stmcufinder\plugins\mcufinder/ => C:\Users\aliya\.stmcufinder\plugins\mcufinder
2025-07-20 12:31:10,951 [WARN] DbFile:41 - Overriding database path with different value: C:\Users\aliya\.stmcufinder\plugins\mcufinder/ => C:\Users\aliya\.stmcufinder\plugins\mcufinder
2025-07-20 12:31:10,952 [INFO] CrossReferenceDbSqlite:203 - Set database path to: C:\Users\aliya\.stmcufinder\plugins\mcufinder//mcu/cs/
2025-07-20 12:31:11,128 [INFO] MainPanel:274 - HeapMemory: 268435456
2025-07-20 12:31:11,292 [INFO] DbMcusXml:78 - Set database path to: C:\ST\STM32CubeIDE_1.18.1\STM32CubeIDE\plugins\com.st.stm32cube.common.mx_6.15.0.202507011659\\db\/mcu/
2025-07-20 12:31:11,292 [INFO] ApiDb:274 - Set plugin database path to: C:\ST\STM32CubeIDE_1.18.1\STM32CubeIDE\plugins\com.st.stm32cube.common.mx_6.15.0.202507011659\\db\/plugins/boardmanager/
2025-07-20 12:31:11,292 [INFO] ApiDb:261 - Set plugin images path to: C:\ST\STM32CubeIDE_1.18.1\STM32CubeIDE\plugins\com.st.stm32cube.common.mx_6.15.0.202507011659\\db\/plugins/mcufinder/images/
2025-07-20 12:31:11,292 [WARN] DbFile:41 - Overriding database path with different value: C:\Users\aliya\.stmcufinder\plugins\mcufinder/ => C:\Users\aliya\.stmcufinder\plugins\mcufinder
2025-07-20 12:31:11,292 [INFO] ApiDb:250 - Set database path to: C:\Users\aliya\.stmcufinder\plugins\mcufinder//mcu/
2025-07-20 12:31:11,293 [WARN] DbFile:41 - Overriding database path with different value: C:\Users\aliya\.stmcufinder\plugins\mcufinder/ => C:\Users\aliya\.stmcufinder\plugins\mcufinder
2025-07-20 12:31:11,293 [INFO] DbMcusAds:125 - Set database path to: C:\Users\aliya\.stmcufinder\plugins\mcufinder//mcu/
2025-07-20 12:31:11,293 [WARN] DbFile:41 - Overriding database path with different value: C:\Users\aliya\.stmcufinder\plugins\mcufinder/ => C:\Users\aliya\.stmcufinder\plugins\mcufinder
2025-07-20 12:31:11,293 [WARN] DbFile:41 - Overriding database path with different value: C:\Users\aliya\.stmcufinder\plugins\mcufinder/ => C:\Users\aliya\.stmcufinder\plugins\mcufinder
2025-07-20 12:31:11,293 [INFO] CrossReferenceDbSqlite:203 - Set database path to: C:\Users\aliya\.stmcufinder\plugins\mcufinder//mcu/cs/
2025-07-20 12:31:11,315 [INFO] ApplicationProperties:184 - Using Application install path: C:\ST\STM32CubeIDE_1.18.1\STM32CubeIDE\plugins\com.st.stm32cube.common.mx_6.15.0.202507011659
2025-07-20 12:31:11,317 [INFO] PluginManage:196 - Search for loadable plugins [exclusion list=, ]
2025-07-20 12:31:11,320 [INFO] PluginManage:310 - Check plugin analytics
2025-07-20 12:31:11,607 [INFO] AnalyticsPlugin:253 - Accepted Software Licenses: 
2025-07-20 12:31:11,608 [INFO] AnalyticsPlugin:255 - Accepted CMSIS Pack Licenses: 
2025-07-20 12:31:11,608 [INFO] AnalyticsPlugin:257 - Accepted Firmware Licenses: 
2025-07-20 12:31:11,612 [INFO] PluginManage:359 - Loaded plugin analytics (category:tool,tabindex:-1)
2025-07-20 12:31:11,613 [INFO] PluginManage:310 - Check plugin cadmodel
2025-07-20 12:31:11,620 [INFO] CADModel:105 - Init CAD model plugin
2025-07-20 12:31:11,620 [INFO] PluginManage:359 - Loaded plugin cadmodel (category:power,tabindex:5)
2025-07-20 12:31:11,620 [INFO] PluginManage:310 - Check plugin clock
2025-07-20 12:31:11,635 [INFO] PluginManage:359 - Loaded plugin clock (category:base,tabindex:2)
2025-07-20 12:31:11,635 [INFO] PluginManage:310 - Check plugin ddr
2025-07-20 12:31:11,638 [INFO] PluginManage:359 - Loaded plugin ddr (category:tool,tabindex:6)
2025-07-20 12:31:11,639 [INFO] PluginManage:310 - Check plugin filemanager
2025-07-20 12:31:11,793 [INFO] PluginManage:359 - Loaded plugin filemanager (category:base,tabindex:10)
2025-07-20 12:31:11,793 [INFO] PluginManage:310 - Check plugin ipmanager
2025-07-20 12:31:11,799 [INFO] PluginManage:359 - Loaded plugin ipmanager (category:base,tabindex:5)
2025-07-20 12:31:11,799 [INFO] PluginManage:310 - Check plugin lpbam
2025-07-20 12:31:11,807 [INFO] PluginManage:359 - Loaded plugin lpbam (category:base,tabindex:0)
2025-07-20 12:31:11,808 [INFO] PluginManage:310 - Check plugin memorymap
2025-07-20 12:31:11,822 [INFO] PluginManage:359 - Loaded plugin memorymap (category:base,tabindex:4)
2025-07-20 12:31:11,822 [INFO] PluginManage:310 - Check plugin pinoutandconfiguration
2025-07-20 12:31:11,831 [INFO] PluginManage:359 - Loaded plugin pinoutandconfiguration (category:base,tabindex:1)
2025-07-20 12:31:11,832 [INFO] PluginManage:310 - Check plugin pinoutconfig
2025-07-20 12:31:11,927 [WARN] SupportedApi:132 - Cannot load RTOS API schema: s4s-elt-must-match.1: The content of 'definitions' must match (annotation?, (simpleType | complexType)?, (unique | key | keyref)*)). A problem was found starting at: attribute.
2025-07-20 12:31:12,082 [INFO] PluginManage:359 - Loaded plugin pinoutconfig (category:base,tabindex:0)
2025-07-20 12:31:12,082 [INFO] PluginManage:310 - Check plugin power
2025-07-20 12:31:12,096 [INFO] PluginManage:359 - Loaded plugin power (category:power,tabindex:4)
2025-07-20 12:31:12,096 [INFO] PluginManage:310 - Check plugin projectmanager
2025-07-20 12:31:12,114 [INFO] PluginManage:359 - Loaded plugin projectmanager (category:projectmanager,tabindex:4)
2025-07-20 12:31:12,116 [INFO] PluginManage:310 - Check plugin rif
2025-07-20 12:31:12,124 [INFO] PluginManage:359 - Loaded plugin rif (category:base,tabindex:3)
2025-07-20 12:31:12,124 [INFO] PluginManage:310 - Check plugin thirdparty
2025-07-20 12:31:12,272 [INFO] PluginManage:359 - Loaded plugin thirdparty (category:base,tabindex:-1)
2025-07-20 12:31:12,272 [WARN] IntegrityCheckThread:84 - waiting for thirdparty lock release [integrity check]
2025-07-20 12:31:12,272 [INFO] IntegrityCheckThread:86 - entering critical section [integrity check]
2025-07-20 12:31:12,272 [INFO] PluginManage:310 - Check plugin tools
2025-07-20 12:31:12,273 [INFO] ThirdPartyUpdaterWithRetryManager:70 - Updater plugin not ready yet. [1/15]
2025-07-20 12:31:12,275 [INFO] PluginManage:359 - Loaded plugin tools (category:base,tabindex:7)
2025-07-20 12:31:12,277 [INFO] PluginManage:310 - Check plugin tutovideos
2025-07-20 12:31:12,482 [INFO] PluginManage:359 - Loaded plugin tutovideos (category:base,tabindex:-1)
2025-07-20 12:31:12,482 [INFO] PluginManage:310 - Check plugin updater
2025-07-20 12:31:12,508 [INFO] PluginManage:359 - Loaded plugin updater (category:base,tabindex:12)
2025-07-20 12:31:12,509 [INFO] PluginManage:310 - Check plugin userauth
2025-07-20 12:31:12,513 [INFO] UserAuth:118 - Init User Auth plugin
2025-07-20 12:31:12,515 [INFO] PluginManage:359 - Loaded plugin userauth (category:base,tabindex:14)
2025-07-20 12:31:12,515 [INFO] PluginManage:283 - PluginManage : Loaded plugins [18]
2025-07-20 12:31:12,777 [INFO] PinOutPanel:1589 - setPackage(No Configuration,No Configuration)
2025-07-20 12:31:12,903 [INFO] CADModel:165 - CPN selected for project level
2025-07-20 12:31:12,905 [INFO] CADModel:114 - Register for checkConnection events
2025-07-20 12:31:12,927 [INFO] IPUIPlugin:80 - create IPUIPlugin
2025-07-20 12:31:12,928 [INFO] PluginManager:220 - loadIPPluginJar : add adc
2025-07-20 12:31:12,932 [INFO] IPUIPlugin:80 - create IPUIPlugin
2025-07-20 12:31:12,932 [INFO] PluginManager:220 - loadIPPluginJar : add aes
2025-07-20 12:31:12,937 [INFO] IPUIPlugin:80 - create IPUIPlugin
2025-07-20 12:31:12,937 [INFO] PluginManager:220 - loadIPPluginJar : add can
2025-07-20 12:31:12,940 [INFO] IPUIPlugin:80 - create IPUIPlugin
2025-07-20 12:31:12,940 [INFO] PluginManager:220 - loadIPPluginJar : add comp
2025-07-20 12:31:12,943 [INFO] IPUIPlugin:80 - create IPUIPlugin
2025-07-20 12:31:12,943 [INFO] PluginManager:220 - loadIPPluginJar : add cryp
2025-07-20 12:31:12,948 [INFO] IPUIPlugin:80 - create IPUIPlugin
2025-07-20 12:31:12,948 [INFO] PluginManager:220 - loadIPPluginJar : add ddr_ctrl_phy
2025-07-20 12:31:12,952 [INFO] IPUIPlugin:80 - create IPUIPlugin
2025-07-20 12:31:12,953 [INFO] PluginManager:220 - loadIPPluginJar : add dfsdm
2025-07-20 12:31:12,960 [INFO] IPUIPlugin:80 - create IPUIPlugin
2025-07-20 12:31:12,960 [INFO] PluginManager:220 - loadIPPluginJar : add dma
2025-07-20 12:31:12,964 [INFO] IPUIPlugin:80 - create IPUIPlugin
2025-07-20 12:31:12,964 [INFO] PluginManager:220 - loadIPPluginJar : add dma3
2025-07-20 12:31:12,969 [INFO] IPUIPlugin:80 - create IPUIPlugin
2025-07-20 12:31:12,969 [INFO] PluginManager:220 - loadIPPluginJar : add extmemmanager
2025-07-20 12:31:12,972 [INFO] IPUIPlugin:80 - create IPUIPlugin
2025-07-20 12:31:12,972 [INFO] PluginManager:220 - loadIPPluginJar : add fatfs
2025-07-20 12:31:12,979 [INFO] IPUIPlugin:80 - create IPUIPlugin
2025-07-20 12:31:12,979 [INFO] PluginManager:220 - loadIPPluginJar : add fmc
2025-07-20 12:31:12,985 [INFO] IPUIPlugin:80 - create IPUIPlugin
2025-07-20 12:31:12,986 [INFO] PluginManager:220 - loadIPPluginJar : add freertos
2025-07-20 12:31:12,987 [INFO] IPUIPlugin:80 - create IPUIPlugin
2025-07-20 12:31:12,987 [INFO] PluginManager:220 - loadIPPluginJar : add genericplugin
2025-07-20 12:31:12,990 [INFO] IPUIPlugin:80 - create IPUIPlugin
2025-07-20 12:31:12,990 [INFO] PluginManager:220 - loadIPPluginJar : add gfxmmu
2025-07-20 12:31:12,995 [INFO] IPUIPlugin:80 - create IPUIPlugin
2025-07-20 12:31:12,996 [INFO] PluginManager:220 - loadIPPluginJar : add gic
2025-07-20 12:31:13,006 [INFO] IPUIPlugin:80 - create IPUIPlugin
2025-07-20 12:31:13,006 [INFO] PluginManager:220 - loadIPPluginJar : add gpio
2025-07-20 12:31:13,010 [INFO] IPUIPlugin:80 - create IPUIPlugin
2025-07-20 12:31:13,010 [INFO] PluginManager:220 - loadIPPluginJar : add gtzc
2025-07-20 12:31:13,013 [INFO] IPUIPlugin:80 - create IPUIPlugin
2025-07-20 12:31:13,014 [INFO] PluginManager:220 - loadIPPluginJar : add hash
2025-07-20 12:31:13,017 [INFO] IPUIPlugin:80 - create IPUIPlugin
2025-07-20 12:31:13,017 [INFO] PluginManager:220 - loadIPPluginJar : add i2c
2025-07-20 12:31:13,021 [INFO] IPUIPlugin:80 - create IPUIPlugin
2025-07-20 12:31:13,021 [INFO] PluginManager:220 - loadIPPluginJar : add i2s
2025-07-20 12:31:13,026 [INFO] IPUIPlugin:80 - create IPUIPlugin
2025-07-20 12:31:13,026 [INFO] PluginManager:220 - loadIPPluginJar : add i3c
2025-07-20 12:31:13,030 [INFO] IPUIPlugin:80 - create IPUIPlugin
2025-07-20 12:31:13,030 [INFO] PluginManager:220 - loadIPPluginJar : add ipddr
2025-07-20 12:31:13,039 [INFO] IPUIPlugin:80 - create IPUIPlugin
2025-07-20 12:31:13,039 [INFO] PluginManager:220 - loadIPPluginJar : add linkedlist
2025-07-20 12:31:13,043 [INFO] IPUIPlugin:80 - create IPUIPlugin
2025-07-20 12:31:13,043 [INFO] PluginManager:220 - loadIPPluginJar : add lorawan
2025-07-20 12:31:13,045 [INFO] IPUIPlugin:80 - create IPUIPlugin
2025-07-20 12:31:13,045 [INFO] PluginManager:220 - loadIPPluginJar : add ltdc
2025-07-20 12:31:13,052 [INFO] IPUIPlugin:80 - create IPUIPlugin
2025-07-20 12:31:13,052 [INFO] PluginManager:220 - loadIPPluginJar : add mdma
2025-07-20 12:31:13,057 [INFO] IPUIPlugin:80 - create IPUIPlugin
2025-07-20 12:31:13,057 [INFO] PluginManager:220 - loadIPPluginJar : add nvic
2025-07-20 12:31:13,060 [INFO] IPUIPlugin:80 - create IPUIPlugin
2025-07-20 12:31:13,060 [INFO] PluginManager:220 - loadIPPluginJar : add opamp
2025-07-20 12:31:13,065 [INFO] IPUIPlugin:80 - create IPUIPlugin
2025-07-20 12:31:13,065 [INFO] PluginManager:220 - loadIPPluginJar : add openamp
2025-07-20 12:31:13,069 [INFO] IPUIPlugin:80 - create IPUIPlugin
2025-07-20 12:31:13,069 [INFO] PluginManager:220 - loadIPPluginJar : add pdm2pcm
2025-07-20 12:31:13,076 [INFO] IPUIPlugin:80 - create IPUIPlugin
2025-07-20 12:31:13,079 [INFO] PluginManager:220 - loadIPPluginJar : add plateformsettings
2025-07-20 12:31:13,081 [INFO] IPUIPlugin:80 - create IPUIPlugin
2025-07-20 12:31:13,081 [INFO] PluginManager:220 - loadIPPluginJar : add quadspi
2025-07-20 12:31:13,083 [INFO] IPUIPlugin:80 - create IPUIPlugin
2025-07-20 12:31:13,085 [INFO] PluginManager:220 - loadIPPluginJar : add radio
2025-07-20 12:31:13,089 [INFO] IPUIPlugin:80 - create IPUIPlugin
2025-07-20 12:31:13,089 [INFO] PluginManager:220 - loadIPPluginJar : add resmgrutility
2025-07-20 12:31:13,093 [INFO] IPUIPlugin:80 - create IPUIPlugin
2025-07-20 12:31:13,093 [INFO] PluginManager:220 - loadIPPluginJar : add sai
2025-07-20 12:31:13,096 [INFO] IPUIPlugin:80 - create IPUIPlugin
2025-07-20 12:31:13,096 [INFO] PluginManager:220 - loadIPPluginJar : add spi
2025-07-20 12:31:13,105 [INFO] IPUIPlugin:80 - create IPUIPlugin
2025-07-20 12:31:13,106 [INFO] PluginManager:220 - loadIPPluginJar : add stm32_wpan
2025-07-20 12:31:13,108 [INFO] IPUIPlugin:80 - create IPUIPlugin
2025-07-20 12:31:13,108 [INFO] PluginManager:220 - loadIPPluginJar : add tim
2025-07-20 12:31:13,116 [INFO] IPUIPlugin:80 - create IPUIPlugin
2025-07-20 12:31:13,116 [INFO] PluginManager:220 - loadIPPluginJar : add touchsensing
2025-07-20 12:31:13,119 [INFO] IPUIPlugin:80 - create IPUIPlugin
2025-07-20 12:31:13,119 [INFO] PluginManager:220 - loadIPPluginJar : add tracer_emb
2025-07-20 12:31:13,123 [INFO] IPUIPlugin:80 - create IPUIPlugin
2025-07-20 12:31:13,123 [INFO] PluginManager:220 - loadIPPluginJar : add ts
2025-07-20 12:31:13,125 [INFO] IPUIPlugin:80 - create IPUIPlugin
2025-07-20 12:31:13,125 [INFO] PluginManager:220 - loadIPPluginJar : add tsc
2025-07-20 12:31:13,127 [INFO] IPUIPlugin:80 - create IPUIPlugin
2025-07-20 12:31:13,127 [INFO] PluginManager:220 - loadIPPluginJar : add ucpd
2025-07-20 12:31:13,131 [INFO] IPUIPlugin:80 - create IPUIPlugin
2025-07-20 12:31:13,131 [INFO] PluginManager:220 - loadIPPluginJar : add usart
2025-07-20 12:31:13,137 [INFO] IPUIPlugin:80 - create IPUIPlugin
2025-07-20 12:31:13,137 [INFO] PluginManager:220 - loadIPPluginJar : add usbx
2025-07-20 12:31:13,281 [FATAL] Updater:351 - Updater called before beeing initialized
2025-07-20 12:31:13,315 [INFO] RulesReader:64 - Compatibility file has been processed (317 Rules)
2025-07-20 12:31:13,332 [INFO] RulesReader:64 - Compatibility file has been processed (317 Rules)
2025-07-20 12:31:13,341 [INFO] CADModel:165 - CPN selected for project level
2025-07-20 12:31:13,342 [INFO] CADModel:114 - Register for checkConnection events
2025-07-20 12:31:13,342 [FATAL] Updater:351 - Updater called before beeing initialized
2025-07-20 12:31:13,342 [ERROR] CADModel:125 - Updater not yet initialized, retry later 
2025-07-20 12:31:13,520 [FATAL] Updater:351 - Updater called before beeing initialized
2025-07-20 12:31:13,522 [INFO] CADModel:165 - CPN selected for project level
2025-07-20 12:31:13,522 [INFO] CADModel:114 - Register for checkConnection events
2025-07-20 12:31:13,522 [FATAL] Updater:351 - Updater called before beeing initialized
2025-07-20 12:31:13,522 [ERROR] CADModel:125 - Updater not yet initialized, retry later 
2025-07-20 12:31:13,526 [FATAL] Updater:351 - Updater called before beeing initialized
2025-07-20 12:31:13,650 [FATAL] Updater:351 - Updater called before beeing initialized
2025-07-20 12:31:13,654 [INFO] DbMcusAds:53 - JSON generation date=Tue Jul 08 11:14:23 TRT 2025 (1751962463562)
2025-07-20 12:31:13,654 [FATAL] Updater:351 - Updater called before beeing initialized
2025-07-20 12:31:13,697 [WARN] DetailPanel:346 - Failed to get advertising image, set to default
2025-07-20 12:31:13,796 [FATAL] Updater:351 - Updater called before beeing initialized
2025-07-20 12:31:13,797 [FATAL] Updater:351 - Updater called before beeing initialized
2025-07-20 12:31:13,798 [FATAL] Updater:351 - Updater called before beeing initialized
2025-07-20 12:31:13,798 [WARN] DetailPanel:346 - Failed to get advertising image, set to default
2025-07-20 12:31:13,798 [FATAL] Updater:351 - Updater called before beeing initialized
2025-07-20 12:31:13,849 [ERROR] Updater:1198 - MainUpdater not yet initialized. External WinMGr cannot be set.
2025-07-20 12:31:13,851 [INFO] Updater:1134 - Updater Version found : 6.15.0
2025-07-20 12:31:13,869 [INFO] ApplicationProperties:184 - Using Application install path: C:\ST\STM32CubeIDE_1.18.1\STM32CubeIDE\plugins\com.st.stm32cube.common.mx_6.15.0.202507011659
2025-07-20 12:31:15,275 [INFO] ThirdPartyUpdaterWithRetryManager:70 - Updater plugin not ready yet. [2/15]
2025-07-20 12:31:15,441 [ERROR] LogOutputStream:75 - [STDERR_REDIRECT] Jul 20, 2025 12:31:15 PM java.util.prefs.WindowsPreferences <init>
2025-07-20 12:31:15,442 [ERROR] LogOutputStream:75 - [STDERR_REDIRECT] WARNING: Could not open/create prefs root node Software\JavaSoft\Prefs at root 0xffffffff80000002. Windows RegCreateKeyEx(...) returned error code 5.
2025-07-20 12:31:15,442 [ERROR] LogOutputStream:75 - [STDERR_REDIRECT] 
2025-07-20 12:31:15,901 [INFO] MainUpdater:2872 - connection check result : 10
2025-07-20 12:31:15,902 [INFO] MainUpdater:289 - Updater Check For Update Now.
2025-07-20 12:31:15,903 [INFO] MicroXplorer:498 - Change Database Version : DB.6.0.150
2025-07-20 12:31:15,911 [INFO] McuFinderGlobals:63 - Set McuFinder mode to 2 (CubeIDE integrated)
2025-07-20 12:31:15,912 [INFO] UserAuth:487 - Internet connection configuration mode: 1
2025-07-20 12:31:15,939 [INFO] JxBrowserEngine:152 - Initiate JxBrowser Engine with user profile folder
2025-07-20 12:31:16,122 [INFO] CheckServerUpdateThread:120 - End of CheckServer Thread
2025-07-20 12:31:17,316 [INFO] WebApp:169 - Instantiating new browser for Auth
2025-07-20 12:31:18,176 [INFO] WebApp:463 - Apply proxy settings
2025-07-20 12:31:18,176 [INFO] WebApp:548 - Chromium requires no authentication
2025-07-20 12:31:18,188 [INFO] WebApp:491 - Direct internet connection detected
2025-07-20 12:31:18,214 [INFO] WebApp:900 - Register for checkConnection events
2025-07-20 12:31:18,214 [INFO] WebApp:463 - Apply proxy settings
2025-07-20 12:31:18,214 [INFO] WebApp:548 - Chromium requires no authentication
2025-07-20 12:31:18,214 [INFO] WebApp:491 - Direct internet connection detected
2025-07-20 12:31:18,465 [INFO] WebApp:191 - Connection restablished
2025-07-20 12:31:18,543 [INFO] WebApp:225 - Starting web application
2025-07-20 12:31:18,543 [INFO] WebApp:593 - Web application path used C:\ST\STM32CubeIDE_1.18.1\STM32CubeIDE\plugins\com.st.stm32cube.common.mx_6.15.0.202507011659\db\plugins\mcufinder\reactClient1\index.html
2025-07-20 12:31:18,699 [WARN] PackLoader:240 - Cannot read IP mode file for STMicroelectronics.FP-SNS-MOTENVWB1.1.4.0
2025-07-20 12:31:18,714 [WARN] PackLoader:240 - Cannot read IP mode file for STMicroelectronics.FP-ATR-ASTRA1.2.0.2
2025-07-20 12:31:18,727 [WARN] PackLoader:240 - Cannot read IP mode file for STMicroelectronics.X-CUBE-SMBUS.2.1.0
2025-07-20 12:31:18,737 [WARN] PackLoader:240 - Cannot read IP mode file for STMicroelectronics.X-CUBE-ST60.1.0.0
2025-07-20 12:31:18,804 [WARN] PackLoader:240 - Cannot read IP mode file for STMicroelectronics.X-CUBE-AZRTOS-F7.1.1.0
2025-07-20 12:31:18,871 [WARN] PackLoader:240 - Cannot read IP mode file for Infineon.AIROC-Wi-Fi-Bluetooth-STM32.1.7.0
2025-07-20 12:31:18,926 [WARN] PackLoader:240 - Cannot read IP mode file for STMicroelectronics.X-CUBE-AZRTOS-H7.3.4.0
2025-07-20 12:31:18,949 [WARN] PackLoader:240 - Cannot read IP mode file for STMicroelectronics.X-CUBE-DISPLAY.3.0.0
2025-07-20 12:31:18,971 [WARN] PackLoader:240 - Cannot read IP mode file for STMicroelectronics.X-CUBE-NFC10.1.0.0
2025-07-20 12:31:18,989 [WARN] PackLoader:240 - Cannot read IP mode file for STMicroelectronics.X-CUBE-BLEMGR.4.0.0
2025-07-20 12:31:19,002 [WARN] PackLoader:240 - Cannot read IP mode file for emotas.I-CUBE-CANOPEN.1.3.0
2025-07-20 12:31:19,010 [WARN] ConditionMgr:438 - getConditionDescription Invalid condition id : Cortex-A Device cause : null
2025-07-20 12:31:19,028 [WARN] ConditionMgr:1044 - genDependencies : Invalid condition id : Cortex-A Device cause : null
2025-07-20 12:31:19,028 [WARN] ConditionMgr:1044 - genDependencies : Invalid condition id : Cortex-A Device cause : null
2025-07-20 12:31:19,028 [WARN] ConditionMgr:1044 - genDependencies : Invalid condition id : Cortex-A Device cause : null
2025-07-20 12:31:19,035 [WARN] PackLoader:240 - Cannot read IP mode file for STMicroelectronics.FP-SNS-SMARTAG2.1.2.0
2025-07-20 12:31:19,043 [WARN] PackLoader:240 - Cannot read IP mode file for STMicroelectronics.FP-SNS-FLIGHT1.5.1.0
2025-07-20 12:31:19,066 [INFO] LogOutputStream:77 - [STDOUT_REDIRECT] 1 : Invalid condition id : UX_CORESTACK_Condition cause : null
2025-07-20 12:31:19,067 [INFO] LogOutputStream:77 - [STDOUT_REDIRECT] 1 : Invalid condition id : UX_CORESTACK_Condition cause : null
2025-07-20 12:31:19,069 [INFO] LogOutputStream:77 - [STDOUT_REDIRECT] 1 : Invalid condition id : UX_CORESTACK_Condition cause : null
2025-07-20 12:31:19,071 [INFO] LogOutputStream:77 - [STDOUT_REDIRECT] 1 : Invalid condition id : UX_CORESTACK_Condition cause : null
2025-07-20 12:31:19,073 [INFO] LogOutputStream:77 - [STDOUT_REDIRECT] 1 : Invalid condition id : UX_CORESTACK_Condition cause : null
2025-07-20 12:31:19,077 [WARN] PackLoader:240 - Cannot read IP mode file for STMicroelectronics.X-CUBE-AZRTOS-WL.2.0.0
2025-07-20 12:31:19,086 [WARN] PackLoader:240 - Cannot read IP mode file for STMicroelectronics.FP-SNS-MOTENV1.5.0.0
2025-07-20 12:31:19,101 [WARN] PackLoader:240 - Cannot read IP mode file for WES.I-CUBE-Cesium.1.3.0
2025-07-20 12:31:19,110 [WARN] PackLoader:240 - Cannot read IP mode file for STMicroelectronics.X-CUBE-BLE2.3.3.0
2025-07-20 12:31:19,130 [WARN] PackLoader:240 - Cannot read IP mode file for STMicroelectronics.X-CUBE-NFC9.1.0.0
2025-07-20 12:31:19,151 [WARN] PackLoader:240 - Cannot read IP mode file for wolfSSL.I-CUBE-wolfSSL.5.8.0
2025-07-20 12:31:19,163 [WARN] PackLoader:240 - Cannot read IP mode file for STMicroelectronics.X-CUBE-BLE1.7.1.0
2025-07-20 12:31:19,172 [WARN] PackLoader:240 - Cannot read IP mode file for wolfSSL.I-CUBE-wolfMQTT.1.19.2
2025-07-20 12:31:19,184 [WARN] PackLoader:240 - Cannot read IP mode file for STMicroelectronics.X-CUBE-EEPRMA1.5.2.0
2025-07-20 12:31:19,202 [WARN] PackLoader:240 - Cannot read IP mode file for STMicroelectronics.X-CUBE-AI.10.1.0
2025-07-20 12:31:19,240 [WARN] PackLoader:240 - Cannot read IP mode file for STMicroelectronics.X-CUBE-AZRTOS-G0.1.1.0
2025-07-20 12:31:19,254 [WARN] PackLoader:240 - Cannot read IP mode file for STMicroelectronics.X-CUBE-SAFEA1.1.2.2
2025-07-20 12:31:19,272 [WARN] PackLoader:240 - Cannot read IP mode file for STMicroelectronics.X-CUBE-NFC4.3.0.0
2025-07-20 12:31:19,328 [WARN] PackLoader:240 - Cannot read IP mode file for EmbeddedOffice.I-CUBE-FS-RTOS.1.0.1
2025-07-20 12:31:19,339 [WARN] PackLoader:240 - Cannot read IP mode file for STMicroelectronics.X-CUBE-WB05N.2.0.0
2025-07-20 12:31:19,347 [WARN] PackLoader:240 - Cannot read IP mode file for wolfSSL.I-CUBE-wolfTPM.3.8.0
2025-07-20 12:31:19,357 [WARN] PackLoader:240 - Cannot read IP mode file for STMicroelectronics.X-CUBE-TCPP.4.2.0
2025-07-20 12:31:19,369 [WARN] PackLoader:240 - Cannot read IP mode file for RealThread.X-CUBE-RT-Thread_Nano.4.1.1
2025-07-20 12:31:19,380 [WARN] PackLoader:240 - Cannot read IP mode file for STMicroelectronics.FP-ATR-SIGFOX1.3.2.0
2025-07-20 12:31:19,392 [WARN] PackLoader:240 - Cannot read IP mode file for STMicroelectronics.X-CUBE-EEPRMA1.5.1.0
2025-07-20 12:31:19,400 [INFO] UserAuth:487 - Internet connection configuration mode: 1
2025-07-20 12:31:19,403 [WARN] PackLoader:240 - Cannot read IP mode file for ITTIA_DB.I-CUBE-ITTIADB.8.9.0
2025-07-20 12:31:19,413 [WARN] PackLoader:240 - Cannot read IP mode file for STMicroelectronics.X-CUBE-ST67W61.1.0.0
2025-07-20 12:31:19,457 [WARN] PackLoader:240 - Cannot read IP mode file for SEGGER.I-CUBE-embOS.1.3.1
2025-07-20 12:31:19,526 [WARN] PackLoader:240 - Cannot read IP mode file for STMicroelectronics.X-CUBE-ALGOBUILD.1.4.0
2025-07-20 12:31:19,605 [WARN] PackLoader:240 - Cannot read IP mode file for STMicroelectronics.X-CUBE-MEMS1.11.3.0
2025-07-20 12:31:19,792 [WARN] PackLoader:240 - Cannot read IP mode file for STMicroelectronics.X-CUBE-PM33A1.1.0.0
2025-07-20 12:31:19,818 [WARN] PackLoader:240 - Cannot read IP mode file for STMicroelectronics.X-CUBE-AZRTOS-F4.1.1.0
2025-07-20 12:31:19,826 [WARN] PackLoader:240 - Cannot read IP mode file for Avnet-IotConnect.X-CUBE-IoTC-DA16k-PMOD.1.0.0
2025-07-20 12:31:19,831 [WARN] PackLoader:240 - Cannot read IP mode file for STMicroelectronics.X-CUBE-ISPU.2.1.0
2025-07-20 12:31:19,840 [WARN] PackLoader:240 - Cannot read IP mode file for STMicroelectronics.X-CUBE-NFC12.1.0.0
2025-07-20 12:31:19,871 [WARN] PackLoader:240 - Cannot read IP mode file for STMicroelectronics.X-CUBE-AZRTOS-L5.2.0.0
2025-07-20 12:31:19,883 [WARN] PackLoader:240 - Cannot read IP mode file for STMicroelectronics.X-CUBE-NFC6.3.1.0
2025-07-20 12:31:19,893 [WARN] PackLoader:240 - Cannot read IP mode file for STMicroelectronics.X-CUBE-FREERTOS.1.3.1
2025-07-20 12:31:19,901 [WARN] PackLoader:240 - Cannot read IP mode file for STMicroelectronics.FP-SNS-STAIOTCFT.1.0.0
2025-07-20 12:31:19,908 [WARN] PackLoader:240 - Cannot read IP mode file for STMicroelectronics.X-CUBE-DPower.1.3.0
2025-07-20 12:31:19,930 [WARN] ConditionMgr:438 - getConditionDescription Invalid condition id : LAN8742 Phy interface Condition cause : null
2025-07-20 12:31:19,931 [WARN] PackLoader:240 - Cannot read IP mode file for STMicroelectronics.X-CUBE-AZRTOS-L4.2.0.0
2025-07-20 12:31:19,933 [WARN] ConditionMgr:1044 - genDependencies : Invalid condition id : LAN8742 Phy interface Condition cause : null
2025-07-20 12:31:19,935 [WARN] ConditionMgr:1044 - genDependencies : Invalid condition id : LAN8742 Phy interface Condition cause : null
2025-07-20 12:31:19,935 [WARN] ConditionMgr:1044 - genDependencies : Invalid condition id : LAN8742 Phy interface Condition cause : null
2025-07-20 12:31:19,943 [WARN] PackLoader:240 - Cannot read IP mode file for STMicroelectronics.X-CUBE-SFXS2LP1.4.0.0
2025-07-20 12:31:19,986 [WARN] PackLoader:240 - Cannot read IP mode file for STMicroelectronics.X-CUBE-AZRTOS-H7.3.3.0
2025-07-20 12:31:20,002 [WARN] ConditionMgr:438 - getConditionDescription Invalid condition id : UX DEVICE CLASS RTOS Condition cause : null
2025-07-20 12:31:20,002 [WARN] ConditionMgr:438 - getConditionDescription Invalid condition id : UX DEVICE CLASS RTOS Condition cause : null
2025-07-20 12:31:20,004 [WARN] PackLoader:240 - Cannot read IP mode file for STMicroelectronics.X-CUBE-AZRTOS-WB.2.0.0
2025-07-20 12:31:20,005 [WARN] ConditionMgr:1044 - genDependencies : Invalid condition id : UX DEVICE CLASS RTOS Condition cause : null
2025-07-20 12:31:20,005 [WARN] ConditionMgr:1044 - genDependencies : Invalid condition id : UX DEVICE CLASS RTOS Condition cause : null
2025-07-20 12:31:20,005 [WARN] ConditionMgr:1044 - genDependencies : Invalid condition id : UX DEVICE CLASS RTOS Condition cause : null
2025-07-20 12:31:20,005 [WARN] ConditionMgr:1044 - genDependencies : Invalid condition id : UX DEVICE CLASS RTOS Condition cause : null
2025-07-20 12:31:20,005 [WARN] ConditionMgr:1044 - genDependencies : Invalid condition id : UX DEVICE CLASS RTOS Condition cause : null
2025-07-20 12:31:20,013 [WARN] PackLoader:240 - Cannot read IP mode file for STMicroelectronics.X-CUBE-GNSS1.7.0.1
2025-07-20 12:31:20,019 [WARN] PackLoader:240 - Cannot read IP mode file for STMicroelectronics.X-CUBE-TOUCHGFX.4.25.0
2025-07-20 12:31:20,026 [WARN] PackLoader:240 - Cannot read IP mode file for STMicroelectronics.FP-SNS-STBOX1.2.0.0
2025-07-20 12:31:20,038 [WARN] PackLoader:240 - Cannot read IP mode file for STMicroelectronics.X-CUBE-SUBG2.5.0.0
2025-07-20 12:31:20,059 [WARN] PackLoader:240 - Cannot read IP mode file for STMicroelectronics.X-CUBE-AZRTOS-H7RS.1.1.0
2025-07-20 12:31:20,076 [WARN] PackLoader:240 - Cannot read IP mode file for Cesanta.I-CUBE-Mongoose.7.13.0
2025-07-20 12:31:20,091 [WARN] PackLoader:240 - Cannot read IP mode file for STMicroelectronics.X-CUBE-AZRTOS-G4.2.0.0
2025-07-20 12:31:20,097 [WARN] PackLoader:240 - Cannot read IP mode file for wolfSSL.I-CUBE-wolfSSH.1.4.20
2025-07-20 12:31:20,104 [WARN] PackLoader:240 - Cannot read IP mode file for STMicroelectronics.X-CUBE-NFC7.2.0.0
2025-07-20 12:31:20,119 [WARN] PackLoader:240 - Cannot read IP mode file for STMicroelectronics.X-CUBE-IPS.3.1.0
2025-07-20 12:31:20,130 [WARN] PackLoader:240 - Cannot read IP mode file for STMicroelectronics.X-CUBE-ALS.1.0.2
2025-07-20 12:31:20,137 [WARN] PackLoader:240 - Cannot read IP mode file for portGmbH.I-Cube-SoM-uGOAL.1.1.0
2025-07-20 12:31:20,150 [WARN] PackLoader:240 - Cannot read IP mode file for STMicroelectronics.X-CUBE-TOF1.3.4.3
2025-07-20 12:31:20,164 [INFO] ThirdParty:978 - Integrity check success = true
2025-07-20 12:31:20,164 [INFO] IntegrityCheckThread:100 - exiting critical section [integrity check]
2025-07-20 12:31:20,164 [INFO] IntegrityCheckThread:103 - End integrity checks thread
