2025-07-23 01:52:56,629 [ERROR] LogOutputStream:75 - [STDERR_REDIRECT] 
2025-07-23 01:53:17,609 [INFO] Activator:176 - 


2025-07-23 01:53:17,609 [INFO] Activator:177 - !SESSION log4j initialized
2025-07-23 01:53:30,867 [INFO] LogOutputStream:77 - [STDOUT_REDIRECT] 
2025-07-23 01:53:32,654 [INFO] ApplicationProperties:184 - Using Application install path: C:\ST\STM32CubeIDE_1.18.1\STM32CubeIDE\plugins\com.st.stm32cube.common.mx_6.15.0.202507011659
2025-07-23 01:53:32,680 [INFO] DbMcusXml:78 - Set database path to: C:\ST\STM32CubeIDE_1.18.1\STM32CubeIDE\plugins\com.st.stm32cube.common.mx_6.15.0.202507011659\\db\/mcu/
2025-07-23 01:53:32,733 [INFO] ApiDb:274 - Set plugin database path to: C:\ST\STM32CubeIDE_1.18.1\STM32CubeIDE\plugins\com.st.stm32cube.common.mx_6.15.0.202507011659\\db\/plugins/boardmanager/
2025-07-23 01:53:32,734 [WARN] ApiDb:259 - Overriding images path with different value:  => C:\ST\STM32CubeIDE_1.18.1\STM32CubeIDE\plugins\com.st.stm32cube.common.mx_6.15.0.202507011659\\db\/plugins/mcufinder/images/
2025-07-23 01:53:32,742 [INFO] ApiDb:250 - Set database path to: C:\Users\aliya\.stmcufinder\plugins\mcufinder//mcu/
2025-07-23 01:53:32,744 [INFO] DbMcusAds:125 - Set database path to: C:\Users\aliya\.stmcufinder\plugins\mcufinder//mcu/
2025-07-23 01:53:32,748 [INFO] CrossReferenceDbSqlite:203 - Set database path to: C:\Users\aliya\.stmcufinder\plugins\mcufinder//mcu/cs/
2025-07-23 01:53:32,910 [INFO] RulesReader:64 - Compatibility file has been processed (317 Rules)
2025-07-23 01:53:33,102 [INFO] DbMcusXml:78 - Set database path to: C:\ST\STM32CubeIDE_1.18.1\STM32CubeIDE\plugins\com.st.stm32cube.common.mx_6.15.0.202507011659\\db\/mcu/
2025-07-23 01:53:33,103 [INFO] ApiDb:274 - Set plugin database path to: C:\ST\STM32CubeIDE_1.18.1\STM32CubeIDE\plugins\com.st.stm32cube.common.mx_6.15.0.202507011659\\db\/plugins/boardmanager/
2025-07-23 01:53:33,103 [INFO] ApiDb:261 - Set plugin images path to: C:\ST\STM32CubeIDE_1.18.1\STM32CubeIDE\plugins\com.st.stm32cube.common.mx_6.15.0.202507011659\\db\/plugins/mcufinder/images/
2025-07-23 01:53:33,103 [WARN] DbFile:41 - Overriding database path with different value: C:\Users\aliya\.stmcufinder\plugins\mcufinder/ => C:\Users\aliya\.stmcufinder\plugins\mcufinder
2025-07-23 01:53:33,103 [INFO] ApiDb:250 - Set database path to: C:\Users\aliya\.stmcufinder\plugins\mcufinder//mcu/
2025-07-23 01:53:33,104 [WARN] DbFile:41 - Overriding database path with different value: C:\Users\aliya\.stmcufinder\plugins\mcufinder/ => C:\Users\aliya\.stmcufinder\plugins\mcufinder
2025-07-23 01:53:33,104 [INFO] DbMcusAds:125 - Set database path to: C:\Users\aliya\.stmcufinder\plugins\mcufinder//mcu/
2025-07-23 01:53:33,104 [WARN] DbFile:41 - Overriding database path with different value: C:\Users\aliya\.stmcufinder\plugins\mcufinder/ => C:\Users\aliya\.stmcufinder\plugins\mcufinder
2025-07-23 01:53:33,104 [WARN] DbFile:41 - Overriding database path with different value: C:\Users\aliya\.stmcufinder\plugins\mcufinder/ => C:\Users\aliya\.stmcufinder\plugins\mcufinder
2025-07-23 01:53:33,104 [INFO] CrossReferenceDbSqlite:203 - Set database path to: C:\Users\aliya\.stmcufinder\plugins\mcufinder//mcu/cs/
2025-07-23 01:53:33,213 [INFO] MainPanel:274 - HeapMemory: 268435456
2025-07-23 01:53:33,358 [INFO] DbMcusXml:78 - Set database path to: C:\ST\STM32CubeIDE_1.18.1\STM32CubeIDE\plugins\com.st.stm32cube.common.mx_6.15.0.202507011659\\db\/mcu/
2025-07-23 01:53:33,358 [INFO] ApiDb:274 - Set plugin database path to: C:\ST\STM32CubeIDE_1.18.1\STM32CubeIDE\plugins\com.st.stm32cube.common.mx_6.15.0.202507011659\\db\/plugins/boardmanager/
2025-07-23 01:53:33,358 [INFO] ApiDb:261 - Set plugin images path to: C:\ST\STM32CubeIDE_1.18.1\STM32CubeIDE\plugins\com.st.stm32cube.common.mx_6.15.0.202507011659\\db\/plugins/mcufinder/images/
2025-07-23 01:53:33,359 [WARN] DbFile:41 - Overriding database path with different value: C:\Users\aliya\.stmcufinder\plugins\mcufinder/ => C:\Users\aliya\.stmcufinder\plugins\mcufinder
2025-07-23 01:53:33,359 [INFO] ApiDb:250 - Set database path to: C:\Users\aliya\.stmcufinder\plugins\mcufinder//mcu/
2025-07-23 01:53:33,359 [WARN] DbFile:41 - Overriding database path with different value: C:\Users\aliya\.stmcufinder\plugins\mcufinder/ => C:\Users\aliya\.stmcufinder\plugins\mcufinder
2025-07-23 01:53:33,359 [INFO] DbMcusAds:125 - Set database path to: C:\Users\aliya\.stmcufinder\plugins\mcufinder//mcu/
2025-07-23 01:53:33,359 [WARN] DbFile:41 - Overriding database path with different value: C:\Users\aliya\.stmcufinder\plugins\mcufinder/ => C:\Users\aliya\.stmcufinder\plugins\mcufinder
2025-07-23 01:53:33,359 [WARN] DbFile:41 - Overriding database path with different value: C:\Users\aliya\.stmcufinder\plugins\mcufinder/ => C:\Users\aliya\.stmcufinder\plugins\mcufinder
2025-07-23 01:53:33,359 [INFO] CrossReferenceDbSqlite:203 - Set database path to: C:\Users\aliya\.stmcufinder\plugins\mcufinder//mcu/cs/
2025-07-23 01:53:33,457 [INFO] ApplicationProperties:184 - Using Application install path: C:\ST\STM32CubeIDE_1.18.1\STM32CubeIDE\plugins\com.st.stm32cube.common.mx_6.15.0.202507011659
2025-07-23 01:53:33,462 [INFO] PluginManage:196 - Search for loadable plugins [exclusion list=, ]
2025-07-23 01:53:33,466 [INFO] PluginManage:310 - Check plugin analytics
2025-07-23 01:53:33,757 [INFO] AnalyticsPlugin:253 - Accepted Software Licenses: 
2025-07-23 01:53:33,757 [INFO] AnalyticsPlugin:255 - Accepted CMSIS Pack Licenses: 
2025-07-23 01:53:33,757 [INFO] AnalyticsPlugin:257 - Accepted Firmware Licenses: 
2025-07-23 01:53:33,761 [INFO] PluginManage:359 - Loaded plugin analytics (category:tool,tabindex:-1)
2025-07-23 01:53:33,762 [INFO] PluginManage:310 - Check plugin cadmodel
2025-07-23 01:53:33,765 [INFO] CADModel:105 - Init CAD model plugin
2025-07-23 01:53:33,765 [INFO] PluginManage:359 - Loaded plugin cadmodel (category:power,tabindex:5)
2025-07-23 01:53:33,765 [INFO] PluginManage:310 - Check plugin clock
2025-07-23 01:53:33,775 [INFO] PluginManage:359 - Loaded plugin clock (category:base,tabindex:2)
2025-07-23 01:53:33,776 [INFO] PluginManage:310 - Check plugin ddr
2025-07-23 01:53:33,778 [INFO] PluginManage:359 - Loaded plugin ddr (category:tool,tabindex:6)
2025-07-23 01:53:33,778 [INFO] PluginManage:310 - Check plugin filemanager
2025-07-23 01:53:34,047 [INFO] PluginManage:359 - Loaded plugin filemanager (category:base,tabindex:10)
2025-07-23 01:53:34,047 [INFO] PluginManage:310 - Check plugin ipmanager
2025-07-23 01:53:34,054 [INFO] PluginManage:359 - Loaded plugin ipmanager (category:base,tabindex:5)
2025-07-23 01:53:34,054 [INFO] PluginManage:310 - Check plugin lpbam
2025-07-23 01:53:34,063 [INFO] PluginManage:359 - Loaded plugin lpbam (category:base,tabindex:0)
2025-07-23 01:53:34,063 [INFO] PluginManage:310 - Check plugin memorymap
2025-07-23 01:53:34,075 [INFO] PluginManage:359 - Loaded plugin memorymap (category:base,tabindex:4)
2025-07-23 01:53:34,075 [INFO] PluginManage:310 - Check plugin pinoutandconfiguration
2025-07-23 01:53:34,084 [INFO] PluginManage:359 - Loaded plugin pinoutandconfiguration (category:base,tabindex:1)
2025-07-23 01:53:34,084 [INFO] PluginManage:310 - Check plugin pinoutconfig
2025-07-23 01:53:34,280 [WARN] SupportedApi:132 - Cannot load RTOS API schema: s4s-elt-must-match.1: The content of 'definitions' must match (annotation?, (simpleType | complexType)?, (unique | key | keyref)*)). A problem was found starting at: attribute.
2025-07-23 01:53:34,508 [INFO] PluginManage:359 - Loaded plugin pinoutconfig (category:base,tabindex:0)
2025-07-23 01:53:34,508 [INFO] PluginManage:310 - Check plugin power
2025-07-23 01:53:34,520 [INFO] PluginManage:359 - Loaded plugin power (category:power,tabindex:4)
2025-07-23 01:53:34,520 [INFO] PluginManage:310 - Check plugin projectmanager
2025-07-23 01:53:34,540 [INFO] PluginManage:359 - Loaded plugin projectmanager (category:projectmanager,tabindex:4)
2025-07-23 01:53:34,540 [INFO] PluginManage:310 - Check plugin rif
2025-07-23 01:53:34,551 [INFO] PluginManage:359 - Loaded plugin rif (category:base,tabindex:3)
2025-07-23 01:53:34,551 [INFO] PluginManage:310 - Check plugin thirdparty
2025-07-23 01:53:34,705 [INFO] PluginManage:359 - Loaded plugin thirdparty (category:base,tabindex:-1)
2025-07-23 01:53:34,705 [WARN] IntegrityCheckThread:84 - waiting for thirdparty lock release [integrity check]
2025-07-23 01:53:34,705 [INFO] PluginManage:310 - Check plugin tools
2025-07-23 01:53:34,706 [INFO] IntegrityCheckThread:86 - entering critical section [integrity check]
2025-07-23 01:53:34,707 [INFO] ThirdPartyUpdaterWithRetryManager:70 - Updater plugin not ready yet. [1/15]
2025-07-23 01:53:34,709 [INFO] PluginManage:359 - Loaded plugin tools (category:base,tabindex:7)
2025-07-23 01:53:34,710 [INFO] PluginManage:310 - Check plugin tutovideos
2025-07-23 01:53:34,967 [INFO] PluginManage:359 - Loaded plugin tutovideos (category:base,tabindex:-1)
2025-07-23 01:53:34,967 [INFO] PluginManage:310 - Check plugin updater
2025-07-23 01:53:34,993 [INFO] PluginManage:359 - Loaded plugin updater (category:base,tabindex:12)
2025-07-23 01:53:34,993 [INFO] PluginManage:310 - Check plugin userauth
2025-07-23 01:53:34,998 [INFO] UserAuth:118 - Init User Auth plugin
2025-07-23 01:53:34,999 [INFO] PluginManage:359 - Loaded plugin userauth (category:base,tabindex:14)
2025-07-23 01:53:34,999 [INFO] PluginManage:283 - PluginManage : Loaded plugins [18]
2025-07-23 01:53:35,254 [INFO] PinOutPanel:1589 - setPackage(No Configuration,No Configuration)
2025-07-23 01:53:35,391 [INFO] CADModel:165 - CPN selected for project level
2025-07-23 01:53:35,391 [INFO] CADModel:114 - Register for checkConnection events
2025-07-23 01:53:35,415 [INFO] IPUIPlugin:80 - create IPUIPlugin
2025-07-23 01:53:35,415 [INFO] PluginManager:220 - loadIPPluginJar : add adc
2025-07-23 01:53:35,420 [INFO] IPUIPlugin:80 - create IPUIPlugin
2025-07-23 01:53:35,420 [INFO] PluginManager:220 - loadIPPluginJar : add aes
2025-07-23 01:53:35,425 [INFO] IPUIPlugin:80 - create IPUIPlugin
2025-07-23 01:53:35,425 [INFO] PluginManager:220 - loadIPPluginJar : add can
2025-07-23 01:53:35,428 [INFO] IPUIPlugin:80 - create IPUIPlugin
2025-07-23 01:53:35,429 [INFO] PluginManager:220 - loadIPPluginJar : add comp
2025-07-23 01:53:35,433 [INFO] IPUIPlugin:80 - create IPUIPlugin
2025-07-23 01:53:35,433 [INFO] PluginManager:220 - loadIPPluginJar : add cryp
2025-07-23 01:53:35,437 [INFO] IPUIPlugin:80 - create IPUIPlugin
2025-07-23 01:53:35,437 [INFO] PluginManager:220 - loadIPPluginJar : add ddr_ctrl_phy
2025-07-23 01:53:35,441 [INFO] IPUIPlugin:80 - create IPUIPlugin
2025-07-23 01:53:35,441 [INFO] PluginManager:220 - loadIPPluginJar : add dfsdm
2025-07-23 01:53:35,451 [INFO] IPUIPlugin:80 - create IPUIPlugin
2025-07-23 01:53:35,452 [INFO] PluginManager:220 - loadIPPluginJar : add dma
2025-07-23 01:53:35,455 [INFO] IPUIPlugin:80 - create IPUIPlugin
2025-07-23 01:53:35,457 [INFO] PluginManager:220 - loadIPPluginJar : add dma3
2025-07-23 01:53:35,461 [INFO] IPUIPlugin:80 - create IPUIPlugin
2025-07-23 01:53:35,462 [INFO] PluginManager:220 - loadIPPluginJar : add extmemmanager
2025-07-23 01:53:35,464 [INFO] IPUIPlugin:80 - create IPUIPlugin
2025-07-23 01:53:35,465 [INFO] PluginManager:220 - loadIPPluginJar : add fatfs
2025-07-23 01:53:35,470 [INFO] IPUIPlugin:80 - create IPUIPlugin
2025-07-23 01:53:35,471 [INFO] PluginManager:220 - loadIPPluginJar : add fmc
2025-07-23 01:53:35,478 [INFO] IPUIPlugin:80 - create IPUIPlugin
2025-07-23 01:53:35,478 [INFO] PluginManager:220 - loadIPPluginJar : add freertos
2025-07-23 01:53:35,481 [INFO] IPUIPlugin:80 - create IPUIPlugin
2025-07-23 01:53:35,481 [INFO] PluginManager:220 - loadIPPluginJar : add genericplugin
2025-07-23 01:53:35,484 [INFO] IPUIPlugin:80 - create IPUIPlugin
2025-07-23 01:53:35,484 [INFO] PluginManager:220 - loadIPPluginJar : add gfxmmu
2025-07-23 01:53:35,492 [INFO] IPUIPlugin:80 - create IPUIPlugin
2025-07-23 01:53:35,493 [INFO] PluginManager:220 - loadIPPluginJar : add gic
2025-07-23 01:53:35,499 [INFO] IPUIPlugin:80 - create IPUIPlugin
2025-07-23 01:53:35,499 [INFO] PluginManager:220 - loadIPPluginJar : add gpio
2025-07-23 01:53:35,503 [INFO] IPUIPlugin:80 - create IPUIPlugin
2025-07-23 01:53:35,503 [INFO] PluginManager:220 - loadIPPluginJar : add gtzc
2025-07-23 01:53:35,506 [INFO] IPUIPlugin:80 - create IPUIPlugin
2025-07-23 01:53:35,506 [INFO] PluginManager:220 - loadIPPluginJar : add hash
2025-07-23 01:53:35,510 [INFO] IPUIPlugin:80 - create IPUIPlugin
2025-07-23 01:53:35,510 [INFO] PluginManager:220 - loadIPPluginJar : add i2c
2025-07-23 01:53:35,514 [INFO] IPUIPlugin:80 - create IPUIPlugin
2025-07-23 01:53:35,514 [INFO] PluginManager:220 - loadIPPluginJar : add i2s
2025-07-23 01:53:35,519 [INFO] IPUIPlugin:80 - create IPUIPlugin
2025-07-23 01:53:35,519 [INFO] PluginManager:220 - loadIPPluginJar : add i3c
2025-07-23 01:53:35,523 [INFO] IPUIPlugin:80 - create IPUIPlugin
2025-07-23 01:53:35,524 [INFO] PluginManager:220 - loadIPPluginJar : add ipddr
2025-07-23 01:53:35,537 [INFO] IPUIPlugin:80 - create IPUIPlugin
2025-07-23 01:53:35,537 [INFO] PluginManager:220 - loadIPPluginJar : add linkedlist
2025-07-23 01:53:35,542 [INFO] IPUIPlugin:80 - create IPUIPlugin
2025-07-23 01:53:35,542 [INFO] PluginManager:220 - loadIPPluginJar : add lorawan
2025-07-23 01:53:35,545 [INFO] IPUIPlugin:80 - create IPUIPlugin
2025-07-23 01:53:35,545 [INFO] PluginManager:220 - loadIPPluginJar : add ltdc
2025-07-23 01:53:35,557 [INFO] IPUIPlugin:80 - create IPUIPlugin
2025-07-23 01:53:35,557 [INFO] PluginManager:220 - loadIPPluginJar : add mdma
2025-07-23 01:53:35,563 [INFO] IPUIPlugin:80 - create IPUIPlugin
2025-07-23 01:53:35,563 [INFO] PluginManager:220 - loadIPPluginJar : add nvic
2025-07-23 01:53:35,568 [INFO] IPUIPlugin:80 - create IPUIPlugin
2025-07-23 01:53:35,568 [INFO] PluginManager:220 - loadIPPluginJar : add opamp
2025-07-23 01:53:35,574 [INFO] IPUIPlugin:80 - create IPUIPlugin
2025-07-23 01:53:35,574 [INFO] PluginManager:220 - loadIPPluginJar : add openamp
2025-07-23 01:53:35,578 [INFO] IPUIPlugin:80 - create IPUIPlugin
2025-07-23 01:53:35,578 [INFO] PluginManager:220 - loadIPPluginJar : add pdm2pcm
2025-07-23 01:53:35,588 [INFO] IPUIPlugin:80 - create IPUIPlugin
2025-07-23 01:53:35,592 [INFO] PluginManager:220 - loadIPPluginJar : add plateformsettings
2025-07-23 01:53:35,594 [INFO] IPUIPlugin:80 - create IPUIPlugin
2025-07-23 01:53:35,594 [INFO] PluginManager:220 - loadIPPluginJar : add quadspi
2025-07-23 01:53:35,598 [INFO] IPUIPlugin:80 - create IPUIPlugin
2025-07-23 01:53:35,598 [INFO] PluginManager:220 - loadIPPluginJar : add radio
2025-07-23 01:53:35,603 [INFO] IPUIPlugin:80 - create IPUIPlugin
2025-07-23 01:53:35,603 [INFO] PluginManager:220 - loadIPPluginJar : add resmgrutility
2025-07-23 01:53:35,608 [INFO] IPUIPlugin:80 - create IPUIPlugin
2025-07-23 01:53:35,608 [INFO] PluginManager:220 - loadIPPluginJar : add sai
2025-07-23 01:53:35,613 [INFO] IPUIPlugin:80 - create IPUIPlugin
2025-07-23 01:53:35,613 [INFO] PluginManager:220 - loadIPPluginJar : add spi
2025-07-23 01:53:35,622 [INFO] IPUIPlugin:80 - create IPUIPlugin
2025-07-23 01:53:35,624 [INFO] PluginManager:220 - loadIPPluginJar : add stm32_wpan
2025-07-23 01:53:35,625 [INFO] IPUIPlugin:80 - create IPUIPlugin
2025-07-23 01:53:35,625 [INFO] PluginManager:220 - loadIPPluginJar : add tim
2025-07-23 01:53:35,632 [INFO] IPUIPlugin:80 - create IPUIPlugin
2025-07-23 01:53:35,632 [INFO] PluginManager:220 - loadIPPluginJar : add touchsensing
2025-07-23 01:53:35,635 [INFO] IPUIPlugin:80 - create IPUIPlugin
2025-07-23 01:53:35,635 [INFO] PluginManager:220 - loadIPPluginJar : add tracer_emb
2025-07-23 01:53:35,638 [INFO] IPUIPlugin:80 - create IPUIPlugin
2025-07-23 01:53:35,638 [INFO] PluginManager:220 - loadIPPluginJar : add ts
2025-07-23 01:53:35,641 [INFO] IPUIPlugin:80 - create IPUIPlugin
2025-07-23 01:53:35,641 [INFO] PluginManager:220 - loadIPPluginJar : add tsc
2025-07-23 01:53:35,644 [INFO] IPUIPlugin:80 - create IPUIPlugin
2025-07-23 01:53:35,644 [INFO] PluginManager:220 - loadIPPluginJar : add ucpd
2025-07-23 01:53:35,649 [INFO] IPUIPlugin:80 - create IPUIPlugin
2025-07-23 01:53:35,649 [INFO] PluginManager:220 - loadIPPluginJar : add usart
2025-07-23 01:53:35,654 [INFO] IPUIPlugin:80 - create IPUIPlugin
2025-07-23 01:53:35,655 [INFO] PluginManager:220 - loadIPPluginJar : add usbx
2025-07-23 01:53:35,816 [FATAL] Updater:351 - Updater called before beeing initialized
2025-07-23 01:53:35,843 [INFO] RulesReader:64 - Compatibility file has been processed (317 Rules)
2025-07-23 01:53:35,856 [INFO] RulesReader:64 - Compatibility file has been processed (317 Rules)
2025-07-23 01:53:35,864 [INFO] CADModel:165 - CPN selected for project level
2025-07-23 01:53:35,864 [INFO] CADModel:114 - Register for checkConnection events
2025-07-23 01:53:35,864 [FATAL] Updater:351 - Updater called before beeing initialized
2025-07-23 01:53:35,864 [ERROR] CADModel:125 - Updater not yet initialized, retry later 
2025-07-23 01:53:36,384 [FATAL] Updater:351 - Updater called before beeing initialized
2025-07-23 01:53:36,407 [INFO] CADModel:165 - CPN selected for project level
2025-07-23 01:53:36,408 [INFO] CADModel:114 - Register for checkConnection events
2025-07-23 01:53:36,409 [FATAL] Updater:351 - Updater called before beeing initialized
2025-07-23 01:53:36,410 [ERROR] CADModel:125 - Updater not yet initialized, retry later 
2025-07-23 01:53:36,439 [FATAL] Updater:351 - Updater called before beeing initialized
2025-07-23 01:53:37,709 [INFO] ThirdPartyUpdaterWithRetryManager:70 - Updater plugin not ready yet. [2/15]
2025-07-23 01:53:37,786 [FATAL] Updater:351 - Updater called before beeing initialized
2025-07-23 01:53:37,817 [INFO] DbMcusAds:53 - JSON generation date=Tue Jul 08 11:14:23 TRT 2025 (1751962463562)
2025-07-23 01:53:37,818 [FATAL] Updater:351 - Updater called before beeing initialized
2025-07-23 01:53:38,206 [WARN] DetailPanel:346 - Failed to get advertising image, set to default
2025-07-23 01:53:39,074 [FATAL] Updater:351 - Updater called before beeing initialized
2025-07-23 01:53:39,084 [FATAL] Updater:351 - Updater called before beeing initialized
2025-07-23 01:53:39,085 [FATAL] Updater:351 - Updater called before beeing initialized
2025-07-23 01:53:39,085 [WARN] DetailPanel:346 - Failed to get advertising image, set to default
2025-07-23 01:53:39,092 [FATAL] Updater:351 - Updater called before beeing initialized
2025-07-23 01:53:39,507 [ERROR] Updater:1198 - MainUpdater not yet initialized. External WinMGr cannot be set.
2025-07-23 01:53:39,520 [INFO] Updater:1134 - Updater Version found : 6.15.0
2025-07-23 01:53:39,636 [INFO] ApplicationProperties:184 - Using Application install path: C:\ST\STM32CubeIDE_1.18.1\STM32CubeIDE\plugins\com.st.stm32cube.common.mx_6.15.0.202507011659
2025-07-23 01:53:40,711 [FATAL] Updater:351 - Updater called before beeing initialized
2025-07-23 01:53:40,714 [ERROR] IntegrityCheckThread:130 - Cannot retrieve database content from updater: error 21
2025-07-23 01:53:40,716 [INFO] ThirdParty:978 - Integrity check success = false
2025-07-23 01:53:40,718 [INFO] IntegrityCheckThread:100 - exiting critical section [integrity check]
2025-07-23 01:53:40,718 [INFO] IntegrityCheckThread:103 - End integrity checks thread
2025-07-23 01:53:41,286 [ERROR] LogOutputStream:75 - [STDERR_REDIRECT] Jul 23, 2025 1:53:41 AM java.util.prefs.WindowsPreferences <init>
2025-07-23 01:53:41,291 [ERROR] LogOutputStream:75 - [STDERR_REDIRECT] WARNING: Could not open/create prefs root node Software\JavaSoft\Prefs at root 0xffffffff80000002. Windows RegCreateKeyEx(...) returned error code 5.
2025-07-23 01:53:41,292 [ERROR] LogOutputStream:75 - [STDERR_REDIRECT] 
2025-07-23 01:53:41,907 [INFO] MainUpdater:2872 - connection check result : 10
2025-07-23 01:53:41,908 [INFO] MainUpdater:289 - Updater Check For Update Now.
2025-07-23 01:53:41,909 [INFO] MicroXplorer:498 - Change Database Version : DB.6.0.150
2025-07-23 01:53:41,915 [INFO] McuFinderGlobals:63 - Set McuFinder mode to 2 (CubeIDE integrated)
2025-07-23 01:53:41,917 [INFO] UserAuth:487 - Internet connection configuration mode: 1
2025-07-23 01:53:41,938 [INFO] JxBrowserEngine:152 - Initiate JxBrowser Engine with user profile folder
2025-07-23 01:53:42,113 [INFO] CheckServerUpdateThread:120 - End of CheckServer Thread
2025-07-23 01:53:43,077 [INFO] WebApp:169 - Instantiating new browser for Auth
2025-07-23 01:53:45,255 [INFO] WebApp:463 - Apply proxy settings
2025-07-23 01:53:45,262 [INFO] WebApp:548 - Chromium requires no authentication
2025-07-23 01:53:45,340 [INFO] WebApp:491 - Direct internet connection detected
2025-07-23 01:53:45,541 [INFO] WebApp:900 - Register for checkConnection events
2025-07-23 01:53:45,544 [INFO] WebApp:463 - Apply proxy settings
2025-07-23 01:53:45,545 [INFO] WebApp:548 - Chromium requires no authentication
2025-07-23 01:53:45,549 [INFO] WebApp:491 - Direct internet connection detected
2025-07-23 01:53:46,846 [INFO] WebApp:191 - Connection restablished
2025-07-23 01:53:47,159 [INFO] WebApp:225 - Starting web application
2025-07-23 01:53:47,161 [INFO] WebApp:593 - Web application path used C:\ST\STM32CubeIDE_1.18.1\STM32CubeIDE\plugins\com.st.stm32cube.common.mx_6.15.0.202507011659\db\plugins\mcufinder\reactClient1\index.html
2025-07-23 01:53:48,642 [INFO] UserAuth:487 - Internet connection configuration mode: 1
2025-07-23 02:10:54,319 [ERROR] LogOutputStream:75 - [STDERR_REDIRECT] 
2025-07-23 02:11:08,366 [INFO] Activator:176 - 


2025-07-23 02:11:08,370 [INFO] Activator:177 - !SESSION log4j initialized
2025-07-23 02:11:20,451 [INFO] LogOutputStream:77 - [STDOUT_REDIRECT] 
2025-07-23 02:11:23,012 [INFO] ApplicationProperties:184 - Using Application install path: C:\ST\STM32CubeIDE_1.18.1\STM32CubeIDE\plugins\com.st.stm32cube.common.mx_6.15.0.202507011659
2025-07-23 02:11:23,054 [INFO] DbMcusXml:78 - Set database path to: C:\ST\STM32CubeIDE_1.18.1\STM32CubeIDE\plugins\com.st.stm32cube.common.mx_6.15.0.202507011659\\db\/mcu/
2025-07-23 02:11:23,054 [INFO] ApiDb:274 - Set plugin database path to: C:\ST\STM32CubeIDE_1.18.1\STM32CubeIDE\plugins\com.st.stm32cube.common.mx_6.15.0.202507011659\\db\/plugins/boardmanager/
2025-07-23 02:11:23,055 [WARN] ApiDb:259 - Overriding images path with different value:  => C:\ST\STM32CubeIDE_1.18.1\STM32CubeIDE\plugins\com.st.stm32cube.common.mx_6.15.0.202507011659\\db\/plugins/mcufinder/images/
2025-07-23 02:11:23,069 [INFO] ApiDb:250 - Set database path to: C:\Users\aliya\.stmcufinder\plugins\mcufinder//mcu/
2025-07-23 02:11:23,069 [INFO] DbMcusAds:125 - Set database path to: C:\Users\aliya\.stmcufinder\plugins\mcufinder//mcu/
2025-07-23 02:11:23,076 [INFO] CrossReferenceDbSqlite:203 - Set database path to: C:\Users\aliya\.stmcufinder\plugins\mcufinder//mcu/cs/
2025-07-23 02:11:23,399 [INFO] RulesReader:64 - Compatibility file has been processed (317 Rules)
2025-07-23 02:11:23,617 [INFO] DbMcusXml:78 - Set database path to: C:\ST\STM32CubeIDE_1.18.1\STM32CubeIDE\plugins\com.st.stm32cube.common.mx_6.15.0.202507011659\\db\/mcu/
2025-07-23 02:11:23,617 [INFO] ApiDb:274 - Set plugin database path to: C:\ST\STM32CubeIDE_1.18.1\STM32CubeIDE\plugins\com.st.stm32cube.common.mx_6.15.0.202507011659\\db\/plugins/boardmanager/
2025-07-23 02:11:23,617 [INFO] ApiDb:261 - Set plugin images path to: C:\ST\STM32CubeIDE_1.18.1\STM32CubeIDE\plugins\com.st.stm32cube.common.mx_6.15.0.202507011659\\db\/plugins/mcufinder/images/
2025-07-23 02:11:23,619 [WARN] DbFile:41 - Overriding database path with different value: C:\Users\aliya\.stmcufinder\plugins\mcufinder/ => C:\Users\aliya\.stmcufinder\plugins\mcufinder
2025-07-23 02:11:23,619 [INFO] ApiDb:250 - Set database path to: C:\Users\aliya\.stmcufinder\plugins\mcufinder//mcu/
2025-07-23 02:11:23,619 [WARN] DbFile:41 - Overriding database path with different value: C:\Users\aliya\.stmcufinder\plugins\mcufinder/ => C:\Users\aliya\.stmcufinder\plugins\mcufinder
2025-07-23 02:11:23,619 [INFO] DbMcusAds:125 - Set database path to: C:\Users\aliya\.stmcufinder\plugins\mcufinder//mcu/
2025-07-23 02:11:23,619 [WARN] DbFile:41 - Overriding database path with different value: C:\Users\aliya\.stmcufinder\plugins\mcufinder/ => C:\Users\aliya\.stmcufinder\plugins\mcufinder
2025-07-23 02:11:23,619 [WARN] DbFile:41 - Overriding database path with different value: C:\Users\aliya\.stmcufinder\plugins\mcufinder/ => C:\Users\aliya\.stmcufinder\plugins\mcufinder
2025-07-23 02:11:23,619 [INFO] CrossReferenceDbSqlite:203 - Set database path to: C:\Users\aliya\.stmcufinder\plugins\mcufinder//mcu/cs/
2025-07-23 02:11:23,784 [INFO] MainPanel:274 - HeapMemory: 268435456
2025-07-23 02:11:23,982 [INFO] DbMcusXml:78 - Set database path to: C:\ST\STM32CubeIDE_1.18.1\STM32CubeIDE\plugins\com.st.stm32cube.common.mx_6.15.0.202507011659\\db\/mcu/
2025-07-23 02:11:23,982 [INFO] ApiDb:274 - Set plugin database path to: C:\ST\STM32CubeIDE_1.18.1\STM32CubeIDE\plugins\com.st.stm32cube.common.mx_6.15.0.202507011659\\db\/plugins/boardmanager/
2025-07-23 02:11:23,982 [INFO] ApiDb:261 - Set plugin images path to: C:\ST\STM32CubeIDE_1.18.1\STM32CubeIDE\plugins\com.st.stm32cube.common.mx_6.15.0.202507011659\\db\/plugins/mcufinder/images/
2025-07-23 02:11:23,982 [WARN] DbFile:41 - Overriding database path with different value: C:\Users\aliya\.stmcufinder\plugins\mcufinder/ => C:\Users\aliya\.stmcufinder\plugins\mcufinder
2025-07-23 02:11:23,982 [INFO] ApiDb:250 - Set database path to: C:\Users\aliya\.stmcufinder\plugins\mcufinder//mcu/
2025-07-23 02:11:23,982 [WARN] DbFile:41 - Overriding database path with different value: C:\Users\aliya\.stmcufinder\plugins\mcufinder/ => C:\Users\aliya\.stmcufinder\plugins\mcufinder
2025-07-23 02:11:23,984 [INFO] DbMcusAds:125 - Set database path to: C:\Users\aliya\.stmcufinder\plugins\mcufinder//mcu/
2025-07-23 02:11:23,984 [WARN] DbFile:41 - Overriding database path with different value: C:\Users\aliya\.stmcufinder\plugins\mcufinder/ => C:\Users\aliya\.stmcufinder\plugins\mcufinder
2025-07-23 02:11:23,984 [WARN] DbFile:41 - Overriding database path with different value: C:\Users\aliya\.stmcufinder\plugins\mcufinder/ => C:\Users\aliya\.stmcufinder\plugins\mcufinder
2025-07-23 02:11:23,984 [INFO] CrossReferenceDbSqlite:203 - Set database path to: C:\Users\aliya\.stmcufinder\plugins\mcufinder//mcu/cs/
2025-07-23 02:11:24,085 [INFO] ApplicationProperties:184 - Using Application install path: C:\ST\STM32CubeIDE_1.18.1\STM32CubeIDE\plugins\com.st.stm32cube.common.mx_6.15.0.202507011659
2025-07-23 02:11:24,088 [INFO] PluginManage:196 - Search for loadable plugins [exclusion list=, ]
2025-07-23 02:11:24,089 [INFO] PluginManage:310 - Check plugin analytics
2025-07-23 02:11:24,527 [INFO] AnalyticsPlugin:253 - Accepted Software Licenses: 
2025-07-23 02:11:24,527 [INFO] AnalyticsPlugin:255 - Accepted CMSIS Pack Licenses: 
2025-07-23 02:11:24,529 [INFO] AnalyticsPlugin:257 - Accepted Firmware Licenses: 
2025-07-23 02:11:24,529 [INFO] PluginManage:359 - Loaded plugin analytics (category:tool,tabindex:-1)
2025-07-23 02:11:24,531 [INFO] PluginManage:310 - Check plugin cadmodel
2025-07-23 02:11:24,539 [INFO] CADModel:105 - Init CAD model plugin
2025-07-23 02:11:24,539 [INFO] PluginManage:359 - Loaded plugin cadmodel (category:power,tabindex:5)
2025-07-23 02:11:24,539 [INFO] PluginManage:310 - Check plugin clock
2025-07-23 02:11:24,560 [INFO] PluginManage:359 - Loaded plugin clock (category:base,tabindex:2)
2025-07-23 02:11:24,560 [INFO] PluginManage:310 - Check plugin ddr
2025-07-23 02:11:24,565 [INFO] PluginManage:359 - Loaded plugin ddr (category:tool,tabindex:6)
2025-07-23 02:11:24,565 [INFO] PluginManage:310 - Check plugin filemanager
2025-07-23 02:11:24,946 [INFO] PluginManage:359 - Loaded plugin filemanager (category:base,tabindex:10)
2025-07-23 02:11:24,946 [INFO] PluginManage:310 - Check plugin ipmanager
2025-07-23 02:11:24,962 [INFO] PluginManage:359 - Loaded plugin ipmanager (category:base,tabindex:5)
2025-07-23 02:11:24,962 [INFO] PluginManage:310 - Check plugin lpbam
2025-07-23 02:11:24,980 [INFO] PluginManage:359 - Loaded plugin lpbam (category:base,tabindex:0)
2025-07-23 02:11:24,981 [INFO] PluginManage:310 - Check plugin memorymap
2025-07-23 02:11:25,009 [INFO] PluginManage:359 - Loaded plugin memorymap (category:base,tabindex:4)
2025-07-23 02:11:25,009 [INFO] PluginManage:310 - Check plugin pinoutandconfiguration
2025-07-23 02:11:25,026 [INFO] PluginManage:359 - Loaded plugin pinoutandconfiguration (category:base,tabindex:1)
2025-07-23 02:11:25,026 [INFO] PluginManage:310 - Check plugin pinoutconfig
2025-07-23 02:11:25,224 [WARN] SupportedApi:132 - Cannot load RTOS API schema: s4s-elt-must-match.1: The content of 'definitions' must match (annotation?, (simpleType | complexType)?, (unique | key | keyref)*)). A problem was found starting at: attribute.
2025-07-23 02:11:25,539 [INFO] PluginManage:359 - Loaded plugin pinoutconfig (category:base,tabindex:0)
2025-07-23 02:11:25,539 [INFO] PluginManage:310 - Check plugin power
2025-07-23 02:11:25,556 [INFO] PluginManage:359 - Loaded plugin power (category:power,tabindex:4)
2025-07-23 02:11:25,556 [INFO] PluginManage:310 - Check plugin projectmanager
2025-07-23 02:11:25,597 [INFO] PluginManage:359 - Loaded plugin projectmanager (category:projectmanager,tabindex:4)
2025-07-23 02:11:25,597 [INFO] PluginManage:310 - Check plugin rif
2025-07-23 02:11:25,618 [INFO] PluginManage:359 - Loaded plugin rif (category:base,tabindex:3)
2025-07-23 02:11:25,619 [INFO] PluginManage:310 - Check plugin thirdparty
2025-07-23 02:11:25,892 [WARN] IntegrityCheckThread:84 - waiting for thirdparty lock release [integrity check]
2025-07-23 02:11:25,893 [INFO] PluginManage:359 - Loaded plugin thirdparty (category:base,tabindex:-1)
2025-07-23 02:11:25,894 [INFO] IntegrityCheckThread:86 - entering critical section [integrity check]
2025-07-23 02:11:25,894 [INFO] PluginManage:310 - Check plugin tools
2025-07-23 02:11:25,894 [INFO] ThirdPartyUpdaterWithRetryManager:70 - Updater plugin not ready yet. [1/15]
2025-07-23 02:11:25,900 [INFO] PluginManage:359 - Loaded plugin tools (category:base,tabindex:7)
2025-07-23 02:11:25,901 [INFO] PluginManage:310 - Check plugin tutovideos
2025-07-23 02:11:26,365 [INFO] PluginManage:359 - Loaded plugin tutovideos (category:base,tabindex:-1)
2025-07-23 02:11:26,366 [INFO] PluginManage:310 - Check plugin updater
2025-07-23 02:11:26,410 [INFO] PluginManage:359 - Loaded plugin updater (category:base,tabindex:12)
2025-07-23 02:11:26,410 [INFO] PluginManage:310 - Check plugin userauth
2025-07-23 02:11:26,417 [INFO] UserAuth:118 - Init User Auth plugin
2025-07-23 02:11:26,417 [INFO] PluginManage:359 - Loaded plugin userauth (category:base,tabindex:14)
2025-07-23 02:11:26,417 [INFO] PluginManage:283 - PluginManage : Loaded plugins [18]
2025-07-23 02:11:26,949 [INFO] PinOutPanel:1589 - setPackage(No Configuration,No Configuration)
2025-07-23 02:11:27,145 [INFO] CADModel:165 - CPN selected for project level
2025-07-23 02:11:27,145 [INFO] CADModel:114 - Register for checkConnection events
2025-07-23 02:11:27,185 [INFO] IPUIPlugin:80 - create IPUIPlugin
2025-07-23 02:11:27,185 [INFO] PluginManager:220 - loadIPPluginJar : add adc
2025-07-23 02:11:27,191 [INFO] IPUIPlugin:80 - create IPUIPlugin
2025-07-23 02:11:27,191 [INFO] PluginManager:220 - loadIPPluginJar : add aes
2025-07-23 02:11:27,200 [INFO] IPUIPlugin:80 - create IPUIPlugin
2025-07-23 02:11:27,200 [INFO] PluginManager:220 - loadIPPluginJar : add can
2025-07-23 02:11:27,204 [INFO] IPUIPlugin:80 - create IPUIPlugin
2025-07-23 02:11:27,204 [INFO] PluginManager:220 - loadIPPluginJar : add comp
2025-07-23 02:11:27,210 [INFO] IPUIPlugin:80 - create IPUIPlugin
2025-07-23 02:11:27,210 [INFO] PluginManager:220 - loadIPPluginJar : add cryp
2025-07-23 02:11:27,215 [INFO] IPUIPlugin:80 - create IPUIPlugin
2025-07-23 02:11:27,216 [INFO] PluginManager:220 - loadIPPluginJar : add ddr_ctrl_phy
2025-07-23 02:11:27,220 [INFO] IPUIPlugin:80 - create IPUIPlugin
2025-07-23 02:11:27,220 [INFO] PluginManager:220 - loadIPPluginJar : add dfsdm
2025-07-23 02:11:27,234 [INFO] IPUIPlugin:80 - create IPUIPlugin
2025-07-23 02:11:27,236 [INFO] PluginManager:220 - loadIPPluginJar : add dma
2025-07-23 02:11:27,242 [INFO] IPUIPlugin:80 - create IPUIPlugin
2025-07-23 02:11:27,242 [INFO] PluginManager:220 - loadIPPluginJar : add dma3
2025-07-23 02:11:27,246 [INFO] IPUIPlugin:80 - create IPUIPlugin
2025-07-23 02:11:27,249 [INFO] PluginManager:220 - loadIPPluginJar : add extmemmanager
2025-07-23 02:11:27,251 [INFO] IPUIPlugin:80 - create IPUIPlugin
2025-07-23 02:11:27,251 [INFO] PluginManager:220 - loadIPPluginJar : add fatfs
2025-07-23 02:11:27,264 [INFO] IPUIPlugin:80 - create IPUIPlugin
2025-07-23 02:11:27,265 [INFO] PluginManager:220 - loadIPPluginJar : add fmc
2025-07-23 02:11:27,278 [INFO] IPUIPlugin:80 - create IPUIPlugin
2025-07-23 02:11:27,278 [INFO] PluginManager:220 - loadIPPluginJar : add freertos
2025-07-23 02:11:27,282 [INFO] IPUIPlugin:80 - create IPUIPlugin
2025-07-23 02:11:27,284 [INFO] PluginManager:220 - loadIPPluginJar : add genericplugin
2025-07-23 02:11:27,289 [INFO] IPUIPlugin:80 - create IPUIPlugin
2025-07-23 02:11:27,289 [INFO] PluginManager:220 - loadIPPluginJar : add gfxmmu
2025-07-23 02:11:27,298 [INFO] IPUIPlugin:80 - create IPUIPlugin
2025-07-23 02:11:27,298 [INFO] PluginManager:220 - loadIPPluginJar : add gic
2025-07-23 02:11:27,307 [INFO] IPUIPlugin:80 - create IPUIPlugin
2025-07-23 02:11:27,307 [INFO] PluginManager:220 - loadIPPluginJar : add gpio
2025-07-23 02:11:27,312 [INFO] IPUIPlugin:80 - create IPUIPlugin
2025-07-23 02:11:27,312 [INFO] PluginManager:220 - loadIPPluginJar : add gtzc
2025-07-23 02:11:27,316 [INFO] IPUIPlugin:80 - create IPUIPlugin
2025-07-23 02:11:27,316 [INFO] PluginManager:220 - loadIPPluginJar : add hash
2025-07-23 02:11:27,325 [INFO] IPUIPlugin:80 - create IPUIPlugin
2025-07-23 02:11:27,325 [INFO] PluginManager:220 - loadIPPluginJar : add i2c
2025-07-23 02:11:27,331 [INFO] IPUIPlugin:80 - create IPUIPlugin
2025-07-23 02:11:27,331 [INFO] PluginManager:220 - loadIPPluginJar : add i2s
2025-07-23 02:11:27,336 [INFO] IPUIPlugin:80 - create IPUIPlugin
2025-07-23 02:11:27,336 [INFO] PluginManager:220 - loadIPPluginJar : add i3c
2025-07-23 02:11:27,345 [INFO] IPUIPlugin:80 - create IPUIPlugin
2025-07-23 02:11:27,345 [INFO] PluginManager:220 - loadIPPluginJar : add ipddr
2025-07-23 02:11:27,358 [INFO] IPUIPlugin:80 - create IPUIPlugin
2025-07-23 02:11:27,360 [INFO] PluginManager:220 - loadIPPluginJar : add linkedlist
2025-07-23 02:11:27,366 [INFO] IPUIPlugin:80 - create IPUIPlugin
2025-07-23 02:11:27,366 [INFO] PluginManager:220 - loadIPPluginJar : add lorawan
2025-07-23 02:11:27,368 [INFO] IPUIPlugin:80 - create IPUIPlugin
2025-07-23 02:11:27,370 [INFO] PluginManager:220 - loadIPPluginJar : add ltdc
2025-07-23 02:11:27,384 [INFO] IPUIPlugin:80 - create IPUIPlugin
2025-07-23 02:11:27,384 [INFO] PluginManager:220 - loadIPPluginJar : add mdma
2025-07-23 02:11:27,392 [INFO] IPUIPlugin:80 - create IPUIPlugin
2025-07-23 02:11:27,392 [INFO] PluginManager:220 - loadIPPluginJar : add nvic
2025-07-23 02:11:27,398 [INFO] IPUIPlugin:80 - create IPUIPlugin
2025-07-23 02:11:27,398 [INFO] PluginManager:220 - loadIPPluginJar : add opamp
2025-07-23 02:11:27,406 [INFO] IPUIPlugin:80 - create IPUIPlugin
2025-07-23 02:11:27,408 [INFO] PluginManager:220 - loadIPPluginJar : add openamp
2025-07-23 02:11:27,414 [INFO] IPUIPlugin:80 - create IPUIPlugin
2025-07-23 02:11:27,414 [INFO] PluginManager:220 - loadIPPluginJar : add pdm2pcm
2025-07-23 02:11:27,430 [INFO] IPUIPlugin:80 - create IPUIPlugin
2025-07-23 02:11:27,436 [INFO] PluginManager:220 - loadIPPluginJar : add plateformsettings
2025-07-23 02:11:27,440 [INFO] IPUIPlugin:80 - create IPUIPlugin
2025-07-23 02:11:27,440 [INFO] PluginManager:220 - loadIPPluginJar : add quadspi
2025-07-23 02:11:27,445 [INFO] IPUIPlugin:80 - create IPUIPlugin
2025-07-23 02:11:27,446 [INFO] PluginManager:220 - loadIPPluginJar : add radio
2025-07-23 02:11:27,452 [INFO] IPUIPlugin:80 - create IPUIPlugin
2025-07-23 02:11:27,452 [INFO] PluginManager:220 - loadIPPluginJar : add resmgrutility
2025-07-23 02:11:27,458 [INFO] IPUIPlugin:80 - create IPUIPlugin
2025-07-23 02:11:27,458 [INFO] PluginManager:220 - loadIPPluginJar : add sai
2025-07-23 02:11:27,461 [INFO] IPUIPlugin:80 - create IPUIPlugin
2025-07-23 02:11:27,461 [INFO] PluginManager:220 - loadIPPluginJar : add spi
2025-07-23 02:11:27,471 [INFO] IPUIPlugin:80 - create IPUIPlugin
2025-07-23 02:11:27,471 [INFO] PluginManager:220 - loadIPPluginJar : add stm32_wpan
2025-07-23 02:11:27,475 [INFO] IPUIPlugin:80 - create IPUIPlugin
2025-07-23 02:11:27,475 [INFO] PluginManager:220 - loadIPPluginJar : add tim
2025-07-23 02:11:27,482 [INFO] IPUIPlugin:80 - create IPUIPlugin
2025-07-23 02:11:27,484 [INFO] PluginManager:220 - loadIPPluginJar : add touchsensing
2025-07-23 02:11:27,488 [INFO] IPUIPlugin:80 - create IPUIPlugin
2025-07-23 02:11:27,488 [INFO] PluginManager:220 - loadIPPluginJar : add tracer_emb
2025-07-23 02:11:27,492 [INFO] IPUIPlugin:80 - create IPUIPlugin
2025-07-23 02:11:27,492 [INFO] PluginManager:220 - loadIPPluginJar : add ts
2025-07-23 02:11:27,494 [INFO] IPUIPlugin:80 - create IPUIPlugin
2025-07-23 02:11:27,494 [INFO] PluginManager:220 - loadIPPluginJar : add tsc
2025-07-23 02:11:27,499 [INFO] IPUIPlugin:80 - create IPUIPlugin
2025-07-23 02:11:27,499 [INFO] PluginManager:220 - loadIPPluginJar : add ucpd
2025-07-23 02:11:27,508 [INFO] IPUIPlugin:80 - create IPUIPlugin
2025-07-23 02:11:27,508 [INFO] PluginManager:220 - loadIPPluginJar : add usart
2025-07-23 02:11:27,514 [INFO] IPUIPlugin:80 - create IPUIPlugin
2025-07-23 02:11:27,514 [INFO] PluginManager:220 - loadIPPluginJar : add usbx
2025-07-23 02:11:27,766 [FATAL] Updater:351 - Updater called before beeing initialized
2025-07-23 02:11:27,839 [INFO] RulesReader:64 - Compatibility file has been processed (317 Rules)
2025-07-23 02:11:27,874 [INFO] RulesReader:64 - Compatibility file has been processed (317 Rules)
2025-07-23 02:11:27,891 [INFO] CADModel:165 - CPN selected for project level
2025-07-23 02:11:27,891 [INFO] CADModel:114 - Register for checkConnection events
2025-07-23 02:11:27,894 [FATAL] Updater:351 - Updater called before beeing initialized
2025-07-23 02:11:27,895 [ERROR] CADModel:125 - Updater not yet initialized, retry later 
2025-07-23 02:11:28,315 [FATAL] Updater:351 - Updater called before beeing initialized
2025-07-23 02:11:28,316 [INFO] CADModel:165 - CPN selected for project level
2025-07-23 02:11:28,316 [INFO] CADModel:114 - Register for checkConnection events
2025-07-23 02:11:28,316 [FATAL] Updater:351 - Updater called before beeing initialized
2025-07-23 02:11:28,316 [ERROR] CADModel:125 - Updater not yet initialized, retry later 
2025-07-23 02:11:28,326 [FATAL] Updater:351 - Updater called before beeing initialized
2025-07-23 02:11:28,666 [FATAL] Updater:351 - Updater called before beeing initialized
2025-07-23 02:11:28,677 [INFO] DbMcusAds:53 - JSON generation date=Tue Jul 08 11:14:23 TRT 2025 (1751962463562)
2025-07-23 02:11:28,677 [FATAL] Updater:351 - Updater called before beeing initialized
2025-07-23 02:11:28,757 [WARN] DetailPanel:346 - Failed to get advertising image, set to default
2025-07-23 02:11:28,896 [INFO] ThirdPartyUpdaterWithRetryManager:70 - Updater plugin not ready yet. [2/15]
2025-07-23 02:11:28,948 [FATAL] Updater:351 - Updater called before beeing initialized
2025-07-23 02:11:28,952 [FATAL] Updater:351 - Updater called before beeing initialized
2025-07-23 02:11:28,952 [FATAL] Updater:351 - Updater called before beeing initialized
2025-07-23 02:11:28,952 [WARN] DetailPanel:346 - Failed to get advertising image, set to default
2025-07-23 02:11:28,952 [FATAL] Updater:351 - Updater called before beeing initialized
2025-07-23 02:11:29,057 [ERROR] Updater:1198 - MainUpdater not yet initialized. External WinMGr cannot be set.
2025-07-23 02:11:29,057 [INFO] Updater:1134 - Updater Version found : 6.15.0
2025-07-23 02:11:29,089 [INFO] ApplicationProperties:184 - Using Application install path: C:\ST\STM32CubeIDE_1.18.1\STM32CubeIDE\plugins\com.st.stm32cube.common.mx_6.15.0.202507011659
2025-07-23 02:11:30,709 [ERROR] LogOutputStream:75 - [STDERR_REDIRECT] Jul 23, 2025 2:11:30 AM java.util.prefs.WindowsPreferences <init>
2025-07-23 02:11:30,716 [ERROR] LogOutputStream:75 - [STDERR_REDIRECT] WARNING: Could not open/create prefs root node Software\JavaSoft\Prefs at root 0xffffffff80000002. Windows RegCreateKeyEx(...) returned error code 5.
2025-07-23 02:11:30,716 [ERROR] LogOutputStream:75 - [STDERR_REDIRECT] 
2025-07-23 02:11:31,381 [INFO] MainUpdater:2872 - connection check result : 10
2025-07-23 02:11:31,384 [INFO] MainUpdater:289 - Updater Check For Update Now.
2025-07-23 02:11:31,384 [INFO] MicroXplorer:498 - Change Database Version : DB.6.0.150
2025-07-23 02:11:31,396 [INFO] McuFinderGlobals:63 - Set McuFinder mode to 2 (CubeIDE integrated)
2025-07-23 02:11:31,399 [INFO] UserAuth:487 - Internet connection configuration mode: 1
2025-07-23 02:11:31,434 [INFO] JxBrowserEngine:152 - Initiate JxBrowser Engine with user profile folder
2025-07-23 02:11:31,740 [INFO] CheckServerUpdateThread:120 - End of CheckServer Thread
2025-07-23 02:11:32,547 [WARN] PackLoader:240 - Cannot read IP mode file for STMicroelectronics.FP-SNS-MOTENVWB1.1.4.0
2025-07-23 02:11:32,565 [WARN] PackLoader:240 - Cannot read IP mode file for STMicroelectronics.FP-ATR-ASTRA1.2.0.2
2025-07-23 02:11:32,578 [WARN] PackLoader:240 - Cannot read IP mode file for STMicroelectronics.X-CUBE-SMBUS.2.1.0
2025-07-23 02:11:32,588 [WARN] PackLoader:240 - Cannot read IP mode file for STMicroelectronics.X-CUBE-ST60.1.0.0
2025-07-23 02:11:32,658 [INFO] WebApp:169 - Instantiating new browser for Auth
2025-07-23 02:11:32,662 [WARN] PackLoader:240 - Cannot read IP mode file for STMicroelectronics.X-CUBE-AZRTOS-F7.1.1.0
2025-07-23 02:11:32,804 [WARN] PackLoader:240 - Cannot read IP mode file for Infineon.AIROC-Wi-Fi-Bluetooth-STM32.1.7.0
2025-07-23 02:11:32,869 [WARN] PackLoader:240 - Cannot read IP mode file for STMicroelectronics.X-CUBE-AZRTOS-H7.3.4.0
2025-07-23 02:11:32,898 [WARN] PackLoader:240 - Cannot read IP mode file for STMicroelectronics.X-CUBE-DISPLAY.3.0.0
2025-07-23 02:11:32,940 [WARN] PackLoader:240 - Cannot read IP mode file for STMicroelectronics.X-CUBE-NFC10.1.0.0
2025-07-23 02:11:32,971 [WARN] PackLoader:240 - Cannot read IP mode file for STMicroelectronics.X-CUBE-BLEMGR.4.0.0
2025-07-23 02:11:32,989 [WARN] PackLoader:240 - Cannot read IP mode file for emotas.I-CUBE-CANOPEN.1.3.0
2025-07-23 02:11:33,001 [WARN] ConditionMgr:438 - getConditionDescription Invalid condition id : Cortex-A Device cause : null
2025-07-23 02:11:33,028 [WARN] ConditionMgr:1044 - genDependencies : Invalid condition id : Cortex-A Device cause : null
2025-07-23 02:11:33,030 [WARN] ConditionMgr:1044 - genDependencies : Invalid condition id : Cortex-A Device cause : null
2025-07-23 02:11:33,030 [WARN] ConditionMgr:1044 - genDependencies : Invalid condition id : Cortex-A Device cause : null
2025-07-23 02:11:33,039 [WARN] PackLoader:240 - Cannot read IP mode file for STMicroelectronics.FP-SNS-SMARTAG2.1.2.0
2025-07-23 02:11:33,050 [WARN] PackLoader:240 - Cannot read IP mode file for STMicroelectronics.FP-SNS-FLIGHT1.5.1.0
2025-07-23 02:11:33,068 [INFO] LogOutputStream:77 - [STDOUT_REDIRECT] 1 : Invalid condition id : UX_CORESTACK_Condition cause : null
2025-07-23 02:11:33,072 [INFO] LogOutputStream:77 - [STDOUT_REDIRECT] 1 : Invalid condition id : UX_CORESTACK_Condition cause : null
2025-07-23 02:11:33,075 [INFO] LogOutputStream:77 - [STDOUT_REDIRECT] 1 : Invalid condition id : UX_CORESTACK_Condition cause : null
2025-07-23 02:11:33,075 [INFO] LogOutputStream:77 - [STDOUT_REDIRECT] 1 : Invalid condition id : UX_CORESTACK_Condition cause : null
2025-07-23 02:11:33,078 [INFO] LogOutputStream:77 - [STDOUT_REDIRECT] 1 : Invalid condition id : UX_CORESTACK_Condition cause : null
2025-07-23 02:11:33,086 [WARN] PackLoader:240 - Cannot read IP mode file for STMicroelectronics.X-CUBE-AZRTOS-WL.2.0.0
2025-07-23 02:11:33,102 [WARN] PackLoader:240 - Cannot read IP mode file for STMicroelectronics.FP-SNS-MOTENV1.5.0.0
2025-07-23 02:11:33,124 [WARN] PackLoader:240 - Cannot read IP mode file for WES.I-CUBE-Cesium.1.3.0
2025-07-23 02:11:33,134 [WARN] PackLoader:240 - Cannot read IP mode file for STMicroelectronics.X-CUBE-BLE2.3.3.0
2025-07-23 02:11:33,146 [WARN] PackLoader:240 - Cannot read IP mode file for STMicroelectronics.X-CUBE-NFC9.1.0.0
2025-07-23 02:11:33,156 [WARN] PackLoader:240 - Cannot read IP mode file for wolfSSL.I-CUBE-wolfSSL.5.8.0
2025-07-23 02:11:33,165 [WARN] PackLoader:240 - Cannot read IP mode file for STMicroelectronics.X-CUBE-BLE1.7.1.0
2025-07-23 02:11:33,171 [WARN] PackLoader:240 - Cannot read IP mode file for wolfSSL.I-CUBE-wolfMQTT.1.19.2
2025-07-23 02:11:33,180 [WARN] PackLoader:240 - Cannot read IP mode file for STMicroelectronics.X-CUBE-EEPRMA1.5.2.0
2025-07-23 02:11:33,190 [WARN] PackLoader:240 - Cannot read IP mode file for STMicroelectronics.X-CUBE-AI.10.1.0
2025-07-23 02:11:33,241 [WARN] PackLoader:240 - Cannot read IP mode file for STMicroelectronics.X-CUBE-AZRTOS-G0.1.1.0
2025-07-23 02:11:33,256 [WARN] PackLoader:240 - Cannot read IP mode file for STMicroelectronics.X-CUBE-SAFEA1.1.2.2
2025-07-23 02:11:33,268 [WARN] PackLoader:240 - Cannot read IP mode file for STMicroelectronics.X-CUBE-NFC4.3.0.0
2025-07-23 02:11:33,286 [WARN] PackLoader:240 - Cannot read IP mode file for EmbeddedOffice.I-CUBE-FS-RTOS.1.0.1
2025-07-23 02:11:33,299 [WARN] PackLoader:240 - Cannot read IP mode file for STMicroelectronics.X-CUBE-WB05N.2.0.0
2025-07-23 02:11:33,308 [WARN] PackLoader:240 - Cannot read IP mode file for wolfSSL.I-CUBE-wolfTPM.3.8.0
2025-07-23 02:11:33,318 [WARN] PackLoader:240 - Cannot read IP mode file for STMicroelectronics.X-CUBE-TCPP.4.2.0
2025-07-23 02:11:33,336 [WARN] PackLoader:240 - Cannot read IP mode file for RealThread.X-CUBE-RT-Thread_Nano.4.1.1
2025-07-23 02:11:33,347 [WARN] PackLoader:240 - Cannot read IP mode file for STMicroelectronics.FP-ATR-SIGFOX1.3.2.0
2025-07-23 02:11:33,355 [WARN] PackLoader:240 - Cannot read IP mode file for STMicroelectronics.X-CUBE-EEPRMA1.5.1.0
2025-07-23 02:11:33,370 [WARN] PackLoader:240 - Cannot read IP mode file for ITTIA_DB.I-CUBE-ITTIADB.8.9.0
2025-07-23 02:11:33,380 [WARN] PackLoader:240 - Cannot read IP mode file for STMicroelectronics.X-CUBE-ST67W61.1.0.0
2025-07-23 02:11:33,420 [WARN] PackLoader:240 - Cannot read IP mode file for SEGGER.I-CUBE-embOS.1.3.1
2025-07-23 02:11:33,506 [WARN] PackLoader:240 - Cannot read IP mode file for STMicroelectronics.X-CUBE-ALGOBUILD.1.4.0
2025-07-23 02:11:33,616 [WARN] PackLoader:240 - Cannot read IP mode file for STMicroelectronics.X-CUBE-MEMS1.11.3.0
2025-07-23 02:11:34,015 [WARN] PackLoader:240 - Cannot read IP mode file for STMicroelectronics.X-CUBE-PM33A1.1.0.0
2025-07-23 02:11:34,020 [INFO] WebApp:463 - Apply proxy settings
2025-07-23 02:11:34,020 [INFO] WebApp:548 - Chromium requires no authentication
2025-07-23 02:11:34,036 [INFO] WebApp:491 - Direct internet connection detected
2025-07-23 02:11:34,045 [WARN] PackLoader:240 - Cannot read IP mode file for STMicroelectronics.X-CUBE-AZRTOS-F4.1.1.0
2025-07-23 02:11:34,062 [WARN] PackLoader:240 - Cannot read IP mode file for Avnet-IotConnect.X-CUBE-IoTC-DA16k-PMOD.1.0.0
2025-07-23 02:11:34,073 [WARN] PackLoader:240 - Cannot read IP mode file for STMicroelectronics.X-CUBE-ISPU.2.1.0
2025-07-23 02:11:34,096 [WARN] PackLoader:240 - Cannot read IP mode file for STMicroelectronics.X-CUBE-NFC12.1.0.0
2025-07-23 02:11:34,096 [INFO] WebApp:900 - Register for checkConnection events
2025-07-23 02:11:34,096 [INFO] WebApp:463 - Apply proxy settings
2025-07-23 02:11:34,098 [INFO] WebApp:548 - Chromium requires no authentication
2025-07-23 02:11:34,099 [INFO] WebApp:491 - Direct internet connection detected
2025-07-23 02:11:34,131 [WARN] PackLoader:240 - Cannot read IP mode file for STMicroelectronics.X-CUBE-AZRTOS-L5.2.0.0
2025-07-23 02:11:34,151 [WARN] PackLoader:240 - Cannot read IP mode file for STMicroelectronics.X-CUBE-NFC6.3.1.0
2025-07-23 02:11:34,165 [WARN] PackLoader:240 - Cannot read IP mode file for STMicroelectronics.X-CUBE-FREERTOS.1.3.1
2025-07-23 02:11:34,174 [WARN] PackLoader:240 - Cannot read IP mode file for STMicroelectronics.FP-SNS-STAIOTCFT.1.0.0
2025-07-23 02:11:34,186 [WARN] PackLoader:240 - Cannot read IP mode file for STMicroelectronics.X-CUBE-DPower.1.3.0
2025-07-23 02:11:34,222 [WARN] ConditionMgr:438 - getConditionDescription Invalid condition id : LAN8742 Phy interface Condition cause : null
2025-07-23 02:11:34,225 [WARN] PackLoader:240 - Cannot read IP mode file for STMicroelectronics.X-CUBE-AZRTOS-L4.2.0.0
2025-07-23 02:11:34,227 [WARN] ConditionMgr:1044 - genDependencies : Invalid condition id : LAN8742 Phy interface Condition cause : null
2025-07-23 02:11:34,228 [WARN] ConditionMgr:1044 - genDependencies : Invalid condition id : LAN8742 Phy interface Condition cause : null
2025-07-23 02:11:34,228 [WARN] ConditionMgr:1044 - genDependencies : Invalid condition id : LAN8742 Phy interface Condition cause : null
2025-07-23 02:11:34,246 [WARN] PackLoader:240 - Cannot read IP mode file for STMicroelectronics.X-CUBE-SFXS2LP1.4.0.0
2025-07-23 02:11:34,375 [INFO] WebApp:191 - Connection restablished
2025-07-23 02:11:34,389 [WARN] PackLoader:240 - Cannot read IP mode file for STMicroelectronics.X-CUBE-AZRTOS-H7.3.3.0
2025-07-23 02:11:34,412 [WARN] PackLoader:240 - Cannot read IP mode file for STMicroelectronics.X-CUBE-BLEMGR.4.1.0
2025-07-23 02:11:34,471 [WARN] ConditionMgr:438 - getConditionDescription Invalid condition id : UX DEVICE CLASS RTOS Condition cause : null
2025-07-23 02:11:34,474 [WARN] ConditionMgr:438 - getConditionDescription Invalid condition id : UX DEVICE CLASS RTOS Condition cause : null
2025-07-23 02:11:34,478 [WARN] PackLoader:240 - Cannot read IP mode file for STMicroelectronics.X-CUBE-AZRTOS-WB.2.0.0
2025-07-23 02:11:34,480 [WARN] ConditionMgr:1044 - genDependencies : Invalid condition id : UX DEVICE CLASS RTOS Condition cause : null
2025-07-23 02:11:34,480 [WARN] ConditionMgr:1044 - genDependencies : Invalid condition id : UX DEVICE CLASS RTOS Condition cause : null
2025-07-23 02:11:34,480 [WARN] ConditionMgr:1044 - genDependencies : Invalid condition id : UX DEVICE CLASS RTOS Condition cause : null
2025-07-23 02:11:34,480 [WARN] ConditionMgr:1044 - genDependencies : Invalid condition id : UX DEVICE CLASS RTOS Condition cause : null
2025-07-23 02:11:34,493 [INFO] WebApp:225 - Starting web application
2025-07-23 02:11:34,493 [INFO] WebApp:593 - Web application path used C:\ST\STM32CubeIDE_1.18.1\STM32CubeIDE\plugins\com.st.stm32cube.common.mx_6.15.0.202507011659\db\plugins\mcufinder\reactClient1\index.html
2025-07-23 02:11:34,490 [WARN] ConditionMgr:1044 - genDependencies : Invalid condition id : UX DEVICE CLASS RTOS Condition cause : null
2025-07-23 02:11:34,506 [WARN] PackLoader:240 - Cannot read IP mode file for STMicroelectronics.X-CUBE-GNSS1.7.0.1
2025-07-23 02:11:34,518 [WARN] PackLoader:240 - Cannot read IP mode file for STMicroelectronics.X-CUBE-TOUCHGFX.4.25.0
2025-07-23 02:11:34,538 [WARN] PackLoader:240 - Cannot read IP mode file for STMicroelectronics.FP-SNS-STBOX1.2.0.0
2025-07-23 02:11:34,635 [WARN] PackLoader:240 - Cannot read IP mode file for STMicroelectronics.X-CUBE-SUBG2.5.0.0
2025-07-23 02:11:34,714 [WARN] PackLoader:240 - Cannot read IP mode file for STMicroelectronics.X-CUBE-AZRTOS-H7RS.1.1.0
2025-07-23 02:11:34,750 [WARN] PackLoader:240 - Cannot read IP mode file for Cesanta.I-CUBE-Mongoose.7.13.0
2025-07-23 02:11:34,777 [WARN] PackLoader:240 - Cannot read IP mode file for STMicroelectronics.X-CUBE-AZRTOS-G4.2.0.0
2025-07-23 02:11:34,786 [WARN] PackLoader:240 - Cannot read IP mode file for wolfSSL.I-CUBE-wolfSSH.1.4.20
2025-07-23 02:11:34,797 [WARN] PackLoader:240 - Cannot read IP mode file for STMicroelectronics.X-CUBE-NFC7.2.0.0
2025-07-23 02:11:34,812 [INFO] UserAuth:487 - Internet connection configuration mode: 1
2025-07-23 02:11:34,864 [WARN] PackLoader:240 - Cannot read IP mode file for STMicroelectronics.X-CUBE-IPS.3.1.0
2025-07-23 02:11:34,895 [WARN] PackLoader:240 - Cannot read IP mode file for STMicroelectronics.X-CUBE-ALS.1.0.2
2025-07-23 02:11:34,905 [WARN] PackLoader:240 - Cannot read IP mode file for portGmbH.I-Cube-SoM-uGOAL.1.1.0
2025-07-23 02:11:34,920 [WARN] PackLoader:240 - Cannot read IP mode file for STMicroelectronics.X-CUBE-TOF1.3.4.3
2025-07-23 02:11:34,940 [INFO] ThirdParty:978 - Integrity check success = true
2025-07-23 02:11:34,940 [INFO] IntegrityCheckThread:100 - exiting critical section [integrity check]
2025-07-23 02:11:34,940 [INFO] IntegrityCheckThread:103 - End integrity checks thread
2025-07-23 03:20:57,202 [INFO] McuFinderGlobals:63 - Set McuFinder mode to 2 (CubeIDE integrated)
2025-07-23 03:20:57,207 [INFO] MainUpdater:2872 - connection check result : 10
2025-07-23 03:20:57,208 [INFO] MainUpdater:2872 - connection check result : 10
2025-07-23 03:20:57,253 [INFO] MicroXplorer:468 - Change Database Path : 
2025-07-23 03:20:57,253 [INFO] MicroXplorer:498 - Change Database Version : DB.6.0.150
2025-07-23 03:20:57,264 [WARN] ThirdParty:871 - waiting for thirdparty lock release [close project]
2025-07-23 03:20:57,264 [INFO] ThirdParty:873 - entering critical section [close project]
2025-07-23 03:20:57,267 [INFO] ThirdParty:883 - exiting critical section [close project]
2025-07-23 03:20:57,273 [INFO] PinOutPanel:1589 - setPackage(No Configuration,No Configuration)
2025-07-23 03:20:57,283 [INFO] UtilMem:75 - Begin LoadConfig() Used Memory: 320218424 Bytes (618659840)
2025-07-23 03:20:57,286 [INFO] MicroXplorer:468 - Change Database Path : 
2025-07-23 03:20:57,286 [INFO] MicroXplorer:498 - Change Database Version : DB.6.0.150
2025-07-23 03:20:57,286 [INFO] OpenFileManager:355 - Change cursor
2025-07-23 03:20:57,369 [INFO] Mcu:2029 - Initializing MCU STM32F446R(C-E)Tx STM32F446RETx STM32F446RET6
2025-07-23 03:20:59,167 [INFO] Context:786 - Trying to add GPIOservice into a context  which must be forbidden
2025-07-23 03:20:59,734 [INFO] ImportTextPane:234 - (OptionalMessage_ERROR) Pin16 (VP_RIF_VS_RIF1) cannot be retrieved for this MCU
2025-07-23 03:20:59,853 [INFO] RtosManager:558 - Registered RTOS mode: class=CMSIS, group=RTOS, mode=CMSIS_V1, owner=FREERTOS
2025-07-23 03:20:59,854 [INFO] RtosManager:558 - Registered RTOS mode: class=CMSIS, group=RTOS2, mode=CMSIS_V2, owner=FREERTOS
2025-07-23 03:20:59,854 [INFO] RtosManager:558 - Registered RTOS mode: class=RTOS, group=Core, mode=CMSIS_V1, owner=FREERTOS
2025-07-23 03:20:59,854 [INFO] RtosManager:558 - Registered RTOS mode: class=RTOS, group=Core, mode=CMSIS_V2, owner=FREERTOS
2025-07-23 03:20:59,854 [WARN] ModelIntegratedComponent:184 - Missing modes for component STMicroelectronics:FreeRTOS:0.0.1:STMicroelectronics:RTOS:FreeRTOS:Core:::10.2.0:
2025-07-23 03:20:59,883 [WARN] ModelIntegratedComponent:63 - No mode defined for component null
2025-07-23 03:20:59,883 [WARN] ModelIntegratedComponent:63 - No mode defined for component null
2025-07-23 03:20:59,883 [WARN] ModelIntegratedComponent:63 - No mode defined for component null
2025-07-23 03:20:59,883 [WARN] ModelIntegratedComponent:63 - No mode defined for component null
2025-07-23 03:20:59,883 [WARN] ModelIntegratedComponent:63 - No mode defined for component null
2025-07-23 03:20:59,883 [WARN] ModelIntegratedComponent:63 - No mode defined for component null
2025-07-23 03:20:59,883 [WARN] ModelIntegratedComponent:63 - No mode defined for component null
2025-07-23 03:20:59,883 [WARN] ModelIntegratedComponent:63 - No mode defined for component null
2025-07-23 03:20:59,883 [WARN] ModelIntegratedComponent:63 - No mode defined for component null
2025-07-23 03:20:59,883 [WARN] ModelIntegratedComponent:63 - No mode defined for component null
2025-07-23 03:20:59,883 [WARN] ModelIntegratedComponent:63 - No mode defined for component null
2025-07-23 03:20:59,884 [WARN] ModelIntegratedComponent:63 - No mode defined for component null
2025-07-23 03:20:59,884 [WARN] ModelIntegratedComponent:63 - No mode defined for component null
2025-07-23 03:20:59,884 [WARN] ModelIntegratedComponent:63 - No mode defined for component null
2025-07-23 03:20:59,884 [WARN] ModelIntegratedComponent:63 - No mode defined for component null
2025-07-23 03:20:59,884 [WARN] ModelIntegratedComponent:63 - No mode defined for component null
2025-07-23 03:20:59,884 [WARN] ModelIntegratedComponent:63 - No mode defined for component null
2025-07-23 03:20:59,884 [WARN] ModelIntegratedComponent:63 - No mode defined for component null
2025-07-23 03:20:59,884 [WARN] ModelIntegratedComponent:63 - No mode defined for component null
2025-07-23 03:20:59,884 [WARN] ModelIntegratedComponent:63 - No mode defined for component null
2025-07-23 03:20:59,884 [WARN] ModelIntegratedComponent:63 - No mode defined for component null
2025-07-23 03:20:59,884 [WARN] ModelIntegratedComponent:63 - No mode defined for component null
2025-07-23 03:20:59,884 [WARN] ModelIntegratedComponent:63 - No mode defined for component null
2025-07-23 03:20:59,884 [WARN] ModelIntegratedComponent:63 - No mode defined for component null
2025-07-23 03:20:59,884 [WARN] ModelIntegratedComponent:63 - No mode defined for component null
2025-07-23 03:20:59,884 [WARN] ModelIntegratedComponent:63 - No mode defined for component null
2025-07-23 03:20:59,884 [WARN] ModelIntegratedComponent:63 - No mode defined for component null
2025-07-23 03:20:59,884 [WARN] ModelIntegratedComponent:63 - No mode defined for component null
2025-07-23 03:20:59,885 [WARN] ModelIntegratedComponent:63 - No mode defined for component null
2025-07-23 03:20:59,885 [WARN] ModelIntegratedComponent:63 - No mode defined for component null
2025-07-23 03:20:59,885 [WARN] ModelIntegratedComponent:63 - No mode defined for component null
2025-07-23 03:20:59,885 [WARN] ModelIntegratedComponent:63 - No mode defined for component null
2025-07-23 03:20:59,885 [WARN] ModelIntegratedComponent:63 - No mode defined for component null
2025-07-23 03:20:59,885 [WARN] ModelIntegratedComponent:63 - No mode defined for component null
2025-07-23 03:20:59,885 [WARN] ModelIntegratedComponent:63 - No mode defined for component null
2025-07-23 03:20:59,885 [WARN] ModelPack:524 - Component already loaded: STMicroelectronics:HAL Drivers:0.0.0:STMicroelectronics:Device:STMicro_Driver:XSPI:HAL::0.0.1:HAL_XSPI
2025-07-23 03:21:00,022 [INFO] ThirdPartyModel:298 - Start build external matchings
2025-07-23 03:21:00,510 [INFO] ThirdPartyModel:316 - End build external matchings
2025-07-23 03:21:00,527 [INFO] RtosManager:1018 - Current active RTOS is FREERTOS [Cortex-M4NS]
2025-07-23 03:21:00,536 [INFO] ImportTextPane:234 - (OptionalMessage_ERROR) IP (RCC) : Invalid parameter (48MHZClocksFreq_Value)
2025-07-23 03:21:00,536 [INFO] ImportTextPane:234 - (OptionalMessage_ERROR) IP (RCC) : Invalid parameter (EthernetFreq_Value)
2025-07-23 03:21:00,539 [INFO] ImportTextPane:234 - (OptionalMessage_ERROR) IP (RCC) : Parameter (FLatency) has Id (AdvancedSettings) currently not set
2025-07-23 03:21:00,539 [INFO] ImportTextPane:234 - (OptionalMessage_ERROR) IP (RCC) : Invalid parameter (FamilyName)
2025-07-23 03:21:00,539 [INFO] ImportTextPane:234 - (OptionalMessage_ERROR) IP (RCC) : Invalid parameter (I2SClocksFreq_Value)
2025-07-23 03:21:00,541 [INFO] ImportTextPane:234 - (OptionalMessage_ERROR) IP (RCC) : Parameter (MCO2PinFreq_Value) has invalid value (180000000)
2025-07-23 03:21:00,543 [INFO] ImportTextPane:234 - (OptionalMessage_ERROR) IP (RCC) : Parameter (SDIOFreq_Value) has invalid value (180000000)
2025-07-23 03:21:00,543 [INFO] ImportTextPane:234 - (OptionalMessage_ERROR) IP (RCC) : Parameter (USBFreq_Value) has invalid value (180000000)
2025-07-23 03:21:00,544 [INFO] ImportTextPane:234 - (OptionalMessage_ERROR) IP (RCC) : Invalid parameter (VCOInputMFreq_Value)
2025-07-23 03:21:00,544 [INFO] ImportTextPane:234 - (OptionalMessage_ERROR) IP (RCC) : Invalid parameter (VcooutputI2S)
2025-07-23 03:21:00,930 [INFO] ApiDb:581 - Connected to CubeFinder SQLite database (C:\Users\aliya\.stmcufinder\plugins\mcufinder\mcu\cube-finder-db.db)
2025-07-23 03:21:01,014 [INFO] ApiDb:668 - CubeFinder database Data Model version=2.1
2025-07-23 03:21:01,014 [INFO] ApiDb:669 - CubeFinder database Configuration version=3.0.39
2025-07-23 03:21:01,015 [INFO] ApiDb:670 - CubeFinder database generation date=2025-06-24 (1750757100)
2025-07-23 03:21:01,016 [INFO] ApiDb:671 - CubeFinder database FW Pack versions=[FP-ATR-ASTRA1_V2.0.0, FP-SNS-FLIGHT1_V5.1.0, FP-SNS-MOTENV1_V5.0.0, FP-SNS-MOTENVWB1_V1.4.0, FP-SNS-SMARTAG2_V1.2.0, FP-SNS-STBOX1_V2.0.0, STM32Cube_FW_C0_V1.4.0, STM32Cube_FW_F4_V1.28.2, STM32Cube_FW_F7_V1.17.3, STM32Cube_FW_G0_V1.6.2, STM32Cube_FW_G4_V1.6.1, STM32Cube_FW_H5_V1.5.0, STM32Cube_FW_H7RS_V1.2.0, STM32Cube_FW_H7_V1.12.1, STM32Cube_FW_L0_V1.12.2, STM32Cube_FW_L4_V1.18.1, STM32Cube_FW_L5_V1.5.1, STM32Cube_FW_N6_V1.2.0, STM32Cube_FW_U0_V1.3.0, STM32Cube_FW_U3_V1.2.0, STM32Cube_FW_U5_V1.8.0, STM32Cube_FW_WB0_V1.3.0, STM32Cube_FW_WBA_V1.7.0, STM32Cube_FW_WB_V1.23.0, STM32Cube_FW_WL3_V1.2.0, STM32Cube_FW_WL_V1.3.1, X-CUBE-ALGOBUILD_V1.4.0, X-CUBE-ALS_V1.0.2, X-CUBE-AZRTOS-F4_V1.1.0, X-CUBE-AZRTOS-F7_V1.1.0, X-CUBE-AZRTOS-G0_V1.1.0, X-CUBE-AZRTOS-G4_V2.0.0, X-CUBE-AZRTOS-H7RS_V1.1.0, X-CUBE-AZRTOS-H7_V3.3.0, X-CUBE-AZRTOS-L4_V2.0.0, X-CUBE-AZRTOS-L5_V2.0.0, X-CUBE-AZRTOS-WB_V2.0.0, X-CUBE-AZRTOS-WL_V2.0.0, X-CUBE-BLE1_V7.1.0, X-CUBE-BLE2_V3.3.0, X-CUBE-BLEMGR_V4.0.0, X-CUBE-EEPRMA1_V5.1.0, X-CUBE-FREERTOS_V1.3.1, X-CUBE-GNSS1_V6.0.0, X-CUBE-MEMS1_V11.3.0, X-CUBE-NFC4_V3.0.0, X-CUBE-NFC7_V2.0.0, X-CUBE-SFXS2LP1_V4.0.0, X-CUBE-SUBG2_V5.0.0, X-CUBE-TOF1_V3.4.3]
2025-07-23 03:21:01,083 [INFO] DbBoardsSqlite:226 - include board P-NUCLEO-WB55-NUCLEO as a kit item of type 'Nucleo-64'
2025-07-23 03:21:01,084 [INFO] DbBoardsSqlite:226 - include board P-NUCLEO-WB55-USBDONGLE as a kit item of type 'Nucleo USB Dongle'
2025-07-23 03:21:01,084 [INFO] DbBoardsSqlite:226 - include board STEVAL-IDP005V1 as a kit item of type 'Evaluation Board'
2025-07-23 03:21:01,084 [INFO] DbBoardsSqlite:226 - include board STEVAL-IDP005V2 as a kit item of type 'Evaluation Board'
2025-07-23 03:21:01,162 [INFO] ApiDb:240 - Found 880 in-development CPN: [B-G473E-ZEST1S, B-WB1M-WPAN1, B-WBA5M-WPAN, B-WL5M-SUBG1, NUCLEO-C031C6, NUCLEO-C051C8, NUCLEO-C071RB, NUCLEO-C092RC, NUCLEO-H503RB, NUCLEO-H533RE, NUCLEO-H563ZI, NUCLEO-H7S3L8, NUCLEO-N657X0-Q, NUCLEO-U031R8, NUCLEO-U083RC, NUCLEO-U385RG-Q, NUCLEO-U545RE-Q, NUCLEO-U5A5ZJ-Q, NUCLEO-WB05KZ, NUCLEO-WB07CC, NUCLEO-WB09KE, NUCLEO-WBA52CG, NUCLEO-WBA55CG, NUCLEO-WL33CC1, NUCLEO-WL33CC2, STEVAL-PROTEUS1, STEVAL-SMARTAG2, STEVAL-STWINBX1, STM320518-EVAL, STM32C0116-DK, STM32C011D6Y3TR, STM32C011D6Y6TR, STM32C011F4P3, STM32C011F4P6, STM32C011F4U3, STM32C011F4U6TR, STM32C011F6P3, STM32C011F6P6, STM32C011F6U3, STM32C011F6U6TR, STM32C011J4M3, STM32C011J4M6, STM32C011J6M3, STM32C011J6M6, STM32C0316-DK, STM32C031C4T3, STM32C031C4T6, STM32C031C4U3, STM32C031C4U6, STM32C031C6T3, STM32C031C6T6, STM32C031C6U3, STM32C031C6U6, STM32C031F4P3, STM32C031F4P6, STM32C031F6P3, STM32C031F6P6, STM32C031G4U3, STM32C031G4U6, STM32C031G6U3, STM32C031G6U6, STM32C031K4T3, STM32C031K4T6, STM32C031K4U3, STM32C031K4U6, STM32C031K6T3, STM32C031K6T6, STM32C031K6U3, STM32C031K6U6, STM32C051C6T6, STM32C051C6U6, STM32C051C8T6, STM32C051C8U6, STM32C051D8Y6TR, STM32C051F6P6, STM32C051F8P6, STM32C051G6U6, STM32C051G8U6, STM32C051K6T6, STM32C051K6U6, STM32C051K8T6, STM32C071C8T6, STM32C071C8T6N, STM32C071C8U6, STM32C071C8U6N, STM32C071CBT6, STM32C071CBT6N, STM32C071CBU6, STM32C071CBU6N, STM32C071F8P6, STM32C071F8P6N, STM32C071FBP6, STM32C071FBP6N, STM32C071FBY6TR, STM32C071G8U6, STM32C071G8U6N, STM32C071GBU6, STM32C071GBU6N, STM32C071K8T6, STM32C071K8T6N, STM32C071K8U6, STM32C071K8U6N, STM32C071KBT6, STM32C071KBT6N, STM32C071KBU6, STM32C071KBU6N, STM32C071R8T6, STM32C071R8T6N, STM32C071RBI6N, STM32C071RBT6, STM32C071RBT6N, STM32C091CBT6, STM32C091CBU6, STM32C091CCT6, STM32C091CCU6, STM32C091ECY6TR, STM32C091FBP6, STM32C091FCP6, STM32C091GBU6, STM32C091GCU6, STM32C091KBT6, STM32C091KBU6, STM32C091KCT6, STM32C091KCU6, STM32C091RBT6, STM32C091RCI6, STM32C091RCT6, STM32C092CBT6, STM32C092CBU6, STM32C092CCT6, STM32C092CCU6, STM32C092ECY6TR, STM32C092FBP6, STM32C092FCP6, STM32C092GBU6, STM32C092GCU6, STM32C092KBT6, STM32C092KBU6, STM32C092KCT6, STM32C092KCU6, STM32C092RBT6, STM32C092RCI6, STM32C092RCT6, STM32G071K8TXN, STM32G071K8UXN, STM32G081GBU6N, STM32G081KBT6N, STM32G081KBUXN, STM32G0B1CCT6N, STM32G0B1KCT6, STM32G0B1NEY6TR, STM32G0B1RCT6N, STM32G0C1CCT6, STM32G0C1CCT6N, STM32G0C1CCU6N, STM32G0C1CET6N, STM32G0C1CEU6N, STM32G0C1KCT6, STM32G0C1NEY6TR, STM32G0C1RCI6N, STM32G0C1RCT6N, STM32G0C1REI6N, STM32G0C1RET6N, STM32G0C1VCI6, STM32G0C1VEI6, STM32G411C6T3, STM32G411C6T6, STM32G411C6U3, STM32G411C6U6, STM32G411C8T3, STM32G411C8T6, STM32G411C8U3, STM32G411C8U6, STM32G411CBT3, STM32G411CBT6, STM32G411CBU3, STM32G411CBU6, STM32G411K6T3, STM32G411K6T6, STM32G411K6U3, STM32G411K6U6, STM32G411K8T3, STM32G411K8T6, STM32G411K8U3, STM32G411K8U6, STM32G411KBT3, STM32G411KBT6, STM32G411KBU3, STM32G411KBU6, STM32G411M6T3, STM32G411M6T6, STM32G411M8T3, STM32G411M8T6, STM32G411MBT3, STM32G411MBT6, STM32G411R6T3, STM32G411R6T6, STM32G411R8T3, STM32G411R8T6, STM32G411RBT3, STM32G411RBT6, STM32G414CBT3, STM32G414CBT6, STM32G414CBU3, STM32G414CBU6, STM32G414CCT3, STM32G414CCT6, STM32G414CCU3, STM32G414CCU6, STM32G414MBT3, STM32G414MBT6, STM32G414MCT3, STM32G414MCT6, STM32G414RBT3, STM32G414RBT6, STM32G414RCT3, STM32G414RCT6, STM32G414VBT3, STM32G414VBT6, STM32G414VCT3, STM32G414VCT6, STM32G431CBT3Z, STM32G431RBT3Z, STM32G471CCT6, STM32G471CCU6, STM32G471CET3, STM32G471CET6, STM32G471CEU3, STM32G471CEU6, STM32G471MCT6, STM32G471MET3, STM32G471MET6, STM32G471MEY6TR, STM32G471QCT6, STM32G471QET3, STM32G471RCT6, STM32G471RET3, STM32G471RET6, STM32G471VCH6, STM32G471VCI6, STM32G471VCT6, STM32G471VEH3, STM32G471VEH6, STM32G471VEI3, STM32G471VEI6, STM32G471VET3, STM32G471VET6, STM32G473QET3Z, STM32G473RET3Z, STM32G474CCT6, STM32G491RET3Z, STM32H503CBT6, STM32H503CBU6, STM32H503EBY6TR, STM32H503KBU6, STM32H503RBT6, STM32H523CCT6, STM32H523CCU6, STM32H523CET6, STM32H523CEU6, STM32H523HEY6TR, STM32H523RCT6, STM32H523RET6, STM32H523VCI6, STM32H523VCT6, STM32H523VEI6, STM32H523VET6, STM32H523ZCJ6, STM32H523ZCT6, STM32H523ZEJ6, STM32H523ZET6, STM32H533CET6, STM32H533CEU6, STM32H533HEY6TR, STM32H533RET6, STM32H533VEI6, STM32H533VET6, STM32H533ZEJ6, STM32H533ZET6, STM32H562AGI6, STM32H562AII6, STM32H562IGK6, STM32H562IGT6, STM32H562IIK6, STM32H562IIT6, STM32H562RGT6, STM32H562RGV6, STM32H562RIT6, STM32H562RIV6, STM32H562VGT6, STM32H562VIT6, STM32H562ZGT6, STM32H562ZIT6, STM32H563AGI6, STM32H563AII3Q, STM32H563AII6, STM32H563IGK6, STM32H563IGT6, STM32H563IIK3Q, STM32H563IIK6, STM32H563IIT3Q, STM32H563IIT6, STM32H563MIY3QTR, STM32H563RGT6, STM32H563RGV6, STM32H563RIT6, STM32H563RIV6, STM32H563VGT6, STM32H563VIT3Q, STM32H563VIT6, STM32H563ZGT6, STM32H563ZIT3Q, STM32H563ZIT6, STM32H573AII3Q, STM32H573AII6, STM32H573I-DK, STM32H573IIK3Q, STM32H573IIK6, STM32H573IIT3Q, STM32H573IIT6, STM32H573MIY3QTR, STM32H573RIT6, STM32H573RIV6, STM32H573VIT3Q, STM32H573VIT6, STM32H573ZIT3Q, STM32H573ZIT6, STM32H7R3A8I6, STM32H7R3I8K6, STM32H7R3I8T6, STM32H7R3L8H6, STM32H7R3L8H6H, STM32H7R3R8V6, STM32H7R3V8H6, STM32H7R3V8T6, STM32H7R3V8Y6TR, STM32H7R3Z8J6, STM32H7R3Z8T6, STM32H7R7A8I6, STM32H7R7I8K6, STM32H7R7I8T6, STM32H7R7L8H6, STM32H7R7L8H6H, STM32H7R7Z8J6, STM32H7S3A8I6, STM32H7S3I8K6, STM32H7S3I8T6, STM32H7S3L8H6, STM32H7S3L8H6H, STM32H7S3R8V6, STM32H7S3V8H6, STM32H7S3V8T6, STM32H7S3V8Y6TR, STM32H7S3Z8J6, STM32H7S3Z8T6, STM32H7S78-DK, STM32H7S7A8I6, STM32H7S7I8K6, STM32H7S7I8T6, STM32H7S7L8H6, STM32H7S7L8H6H, STM32H7S7Z8J6, STM32L4R5QGI6STR, STM32MP131AAE3, STM32MP131AAF3, STM32MP131AAG3, STM32MP131CAE3, STM32MP131CAF3, STM32MP131CAG3, STM32MP131DAE7, STM32MP131DAF7, STM32MP131DAG7, STM32MP131FAE7, STM32MP131FAF7, STM32MP131FAG7, STM32MP133AAE3, STM32MP133AAF3, STM32MP133AAG3, STM32MP133CAE3, STM32MP133CAF3, STM32MP133CAG3, STM32MP133DAE7, STM32MP133DAF7, STM32MP133DAG7, STM32MP133FAE7, STM32MP133FAF7, STM32MP133FAG7, STM32MP135AAE3, STM32MP135AAF3, STM32MP135AAG3, STM32MP135CAE3, STM32MP135CAF3, STM32MP135CAG3, STM32MP135DAE7, STM32MP135DAF7, STM32MP135DAG7, STM32MP135F-DK, STM32MP135FAE7, STM32MP135FAF7, STM32MP135FAF7T, STM32MP135FAF7U, STM32MP135FAG7, STM32MP211AAL3, STM32MP211AAM3, STM32MP211AAN3, STM32MP211AAO3, STM32MP211CAL3, STM32MP211CAM3, STM32MP211CAN3, STM32MP211CAO3, STM32MP211DAL3, STM32MP211DAM3, STM32MP211DAN3, STM32MP211DAO3, STM32MP211FAL3, STM32MP211FAM3, STM32MP211FAN3, STM32MP211FAO3, STM32MP213AAL3, STM32MP213AAM3, STM32MP213AAN3, STM32MP213AAO3, STM32MP213CAL3, STM32MP213CAM3, STM32MP213CAN3, STM32MP213CAO3, STM32MP213DAL3, STM32MP213DAM3, STM32MP213DAN3, STM32MP213DAO3, STM32MP213FAL3, STM32MP213FAM3, STM32MP213FAN3, STM32MP213FAO3, STM32MP215AAL3, STM32MP215AAM3, STM32MP215AAN3, STM32MP215AAO3, STM32MP215CAL3, STM32MP215CAM3, STM32MP215CAN3, STM32MP215CAO3, STM32MP215DAL3, STM32MP215DAM3, STM32MP215DAN3, STM32MP215DAO3, STM32MP215F-DK, STM32MP215FAL3, STM32MP215FAM3, STM32MP215FAN3, STM32MP215FAO3, STM32MP231AAJ3, STM32MP231AAK3, STM32MP231AAL3, STM32MP231CAJ3, STM32MP231CAK3, STM32MP231CAL3, STM32MP231DAJ3, STM32MP231DAK3, STM32MP231DAL3, STM32MP231FAJ3, STM32MP231FAK3, STM32MP231FAL3, STM32MP233AAJ3, STM32MP233AAK3, STM32MP233AAL3, STM32MP233CAJ3, STM32MP233CAK3, STM32MP233CAL3, STM32MP233DAJ3, STM32MP233DAK3, STM32MP233DAL3, STM32MP233FAJ3, STM32MP233FAK3, STM32MP233FAL3, STM32MP235AAJ3, STM32MP235AAK3, STM32MP235AAL3, STM32MP235CAJ3, STM32MP235CAK3, STM32MP235CAL3, STM32MP235DAJ3, STM32MP235DAK3, STM32MP235DAL3, STM32MP235FAJ3, STM32MP235FAK3, STM32MP235FAL3, STM32MP251AAI3, STM32MP251AAK3, STM32MP251AAL3, STM32MP251CAI3, STM32MP251CAK3, STM32MP251CAL3, STM32MP251DAI3, STM32MP251DAK3, STM32MP251DAL3, STM32MP251FAI3, STM32MP251FAK3, STM32MP251FAL3, STM32MP253AAI3, STM32MP253AAK3, STM32MP253AAL3, STM32MP253CAI3, STM32MP253CAK3, STM32MP253CAL3, STM32MP253DAI3, STM32MP253DAK3, STM32MP253DAL3, STM32MP253FAI3, STM32MP253FAK3, STM32MP253FAL3, STM32MP255AAI3, STM32MP255AAK3, STM32MP255AAL3, STM32MP255CAI3, STM32MP255CAK3, STM32MP255CAL3, STM32MP255DAI3, STM32MP255DAK3, STM32MP255DAL3, STM32MP255FAI3, STM32MP255FAK3, STM32MP255FAL3, STM32MP257AAI3, STM32MP257AAK3, STM32MP257AAL3, STM32MP257CAI3, STM32MP257CAK3, STM32MP257CAL3, STM32MP257DAI3, STM32MP257DAK3, STM32MP257DAL3, STM32MP257F-DK, STM32MP257F-EV1, STM32MP257FAI3, STM32MP257FAK3, STM32MP257FAL3, STM32N645A0H3Q, STM32N645B0H3Q, STM32N645I0H3Q, STM32N645L0H3Q, STM32N645X0H3Q, STM32N645Z0H3Q, STM32N647A0H3Q, STM32N647B0H3Q, STM32N647I0H3Q, STM32N647L0H3Q, STM32N647X0H3Q, STM32N647Z0H3Q, STM32N655A0H3Q, STM32N655B0H3Q, STM32N655I0H3Q, STM32N655L0H3Q, STM32N655X0H3Q, STM32N655Z0H3Q, STM32N6570-DK, STM32N657A0H3Q, STM32N657B0H3Q, STM32N657I0H3Q, STM32N657L0H3Q, STM32N657X0H3Q, STM32N657Z0H3Q, STM32U031C6T6, STM32U031C6U6, STM32U031C8T6, STM32U031C8U6, STM32U031F4P6, STM32U031F6P6, STM32U031F8P6, STM32U031G6Y6TR, STM32U031G8Y6TR, STM32U031K4U6, STM32U031K6U6, STM32U031K8U6, STM32U031R6I6, STM32U031R6T6, STM32U031R8I6, STM32U031R8T6, STM32U073C8T6, STM32U073C8U6, STM32U073CBT6, STM32U073CBU6, STM32U073CCT6, STM32U073CCU6, STM32U073H8Y6TR, STM32U073HBY6TR, STM32U073HCY6TR, STM32U073K8U6, STM32U073KBU6, STM32U073KCU6, STM32U073M8I6, STM32U073M8T6, STM32U073MBI6, STM32U073MBT6, STM32U073MCI6, STM32U073MCT6, STM32U073R8I6, STM32U073R8T6, STM32U073RBI6, STM32U073RBT6, STM32U073RCI6, STM32U073RCT6, STM32U083C-DK, STM32U083CCT6, STM32U083CCU6, STM32U083HCY6TR, STM32U083KCU6, STM32U083MCI6, STM32U083MCT6, STM32U083RCI6, STM32U083RCT6, STM32U375CET6, STM32U375CET6Q, STM32U375CEU6, STM32U375CEU6Q, STM32U375CEY6QTR, STM32U375CGT6, STM32U375CGT6Q, STM32U375CGU6, STM32U375CGU6Q, STM32U375CGY6QTR, STM32U375KEU6, STM32U375KGU6, STM32U375REI6, STM32U375REI6Q, STM32U375RET6, STM32U375RET6Q, STM32U375REY6GTR, STM32U375REY6QTR, STM32U375RGI6, STM32U375RGI6Q, STM32U375RGT6, STM32U375RGT6Q, STM32U375RGY6GTR, STM32U375RGY6QTR, STM32U375VEI6, STM32U375VEI6Q, STM32U375VET6, STM32U375VET6Q, STM32U375VGI6, STM32U375VGI6Q, STM32U375VGT6, STM32U375VGT6Q, STM32U385CGT6, STM32U385CGT6Q, STM32U385CGU6, STM32U385CGU6Q, STM32U385CGY6QTR, STM32U385KGU6, STM32U385RGI6, STM32U385RGI6Q, STM32U385RGT6, STM32U385RGT6Q, STM32U385RGY6GTR, STM32U385RGY6QTR, STM32U385VGI6, STM32U385VGI6Q, STM32U385VGT6, STM32U385VGT6Q, STM32U535CBT6, STM32U535CBT6Q, STM32U535CBU6, STM32U535CBU6Q, STM32U535CCT6, STM32U535CCT6Q, STM32U535CCU6, STM32U535CCU6Q, STM32U535CET6, STM32U535CET6Q, STM32U535CEU6, STM32U535CEU6Q, STM32U535JEY6QTR, STM32U535NCY6QTR, STM32U535NEY6QTR, STM32U535RBI6, STM32U535RBI6Q, STM32U535RBT6, STM32U535RBT6Q, STM32U535RCI6, STM32U535RCI6Q, STM32U535RCT6, STM32U535RCT6Q, STM32U535REI6, STM32U535REI6Q, STM32U535RET6, STM32U535RET6Q, STM32U535VCI6, STM32U535VCI6Q, STM32U535VCT6, STM32U535VCT6Q, STM32U535VEI6, STM32U535VEI6Q, STM32U535VET6, STM32U535VET6Q, STM32U545CET6, STM32U545CET6Q, STM32U545CEU6, STM32U545CEU6Q, STM32U545JEY6QTR, STM32U545NEY6QTR, STM32U545REI6, STM32U545REI6Q, STM32U545RET6, STM32U545RET6Q, STM32U545VEI6, STM32U545VEI6Q, STM32U545VET6, STM32U545VET6Q, STM32U595AIH6, STM32U595AIH6Q, STM32U595AJH6, STM32U595AJH6Q, STM32U595QII6, STM32U595QII6Q, STM32U595QJI6, STM32U595QJI6Q, STM32U595RIT6, STM32U595RIT6Q, STM32U595RJT6, STM32U595RJT6Q, STM32U595VIT6, STM32U595VIT6Q, STM32U595VJT6, STM32U595VJT6Q, STM32U595ZIT6, STM32U595ZIT6Q, STM32U595ZIY6QTR, STM32U595ZJT6, STM32U595ZJT6Q, STM32U595ZJY6QTR, STM32U599BJY6QTR, STM32U599NIH6Q, STM32U599NJH6Q, STM32U599VIT6Q, STM32U599VJT6, STM32U599VJT6Q, STM32U599ZIT6Q, STM32U599ZIY6QTR, STM32U599ZJT6Q, STM32U599ZJY6QTR, STM32U5A5AJH6, STM32U5A5AJH6Q, STM32U5A5QII3Q , STM32U5A5QJI6, STM32U5A5QJI6Q, STM32U5A5RJT6, STM32U5A5RJT6Q, STM32U5A5VJT6, STM32U5A5VJT6Q, STM32U5A5ZJT6, STM32U5A5ZJT6Q, STM32U5A5ZJY6QTR, STM32U5A9BJY6QTR, STM32U5A9J-DK, STM32U5A9NJH6Q, STM32U5A9VJT6Q, STM32U5A9ZJT6Q, STM32U5A9ZJY6QTR, STM32U5F7VIT6, STM32U5F7VIT6Q, STM32U5F7VJT6, STM32U5F7VJT6Q, STM32U5F9BJY6QTR, STM32U5F9NJH6Q, STM32U5F9VIT6Q, STM32U5F9VJT6Q, STM32U5F9ZIJ6QTR, STM32U5F9ZIT6Q, STM32U5F9ZJJ6QTR, STM32U5F9ZJT6Q, STM32U5G7VJT6, STM32U5G7VJT6Q, STM32U5G9BJY6QTR, STM32U5G9J-DK1, STM32U5G9J-DK2, STM32U5G9NJH6Q, STM32U5G9VJT6Q, STM32U5G9ZJJ6QTR, STM32U5G9ZJT6Q, STM32WB05KZV6TR, STM32WB05KZV7TR, STM32WB05TZF6TR, STM32WB05TZF7TR, STM32WB06CCF6TR, STM32WB06CCF7TR, STM32WB06CCV6TR, STM32WB06CCV7TR, STM32WB06KCV6TR, STM32WB06KCV7TR, STM32WB07CCF6TR, STM32WB07CCF7TR, STM32WB07CCV6TR, STM32WB07CCV7TR, STM32WB07KCV6TR, STM32WB07KCV7TR, STM32WB09KEV6TR, STM32WB09KEV7TR, STM32WB09TEF6TR, STM32WB09TEF7TR, STM32WB1MMCH6, STM32WBA50KGU6, STM32WBA50KGU6TR, STM32WBA52CEU6, STM32WBA52CEU6TR, STM32WBA52CEU7, STM32WBA52CEU7TR, STM32WBA52CGU6, STM32WBA52CGU6TR, STM32WBA52CGU6U, STM32WBA52CGU7, STM32WBA52CGU7TR, STM32WBA52KEU6, STM32WBA52KEU6TR, STM32WBA52KGU6, STM32WBA52KGU6TR, STM32WBA54CEU6, STM32WBA54CEU6TR, STM32WBA54CEU7, STM32WBA54CEU7TR, STM32WBA54CGU6, STM32WBA54CGU6TR, STM32WBA54CGU7, STM32WBA54CGU7TR, STM32WBA54KEU6, STM32WBA54KEU6TR, STM32WBA54KEU7, STM32WBA54KEU7TR, STM32WBA54KGU6, STM32WBA54KGU6TR, STM32WBA54KGU7, STM32WBA54KGU7TR, STM32WBA55CEU6, STM32WBA55CEU6TR, STM32WBA55CEU7, STM32WBA55CEU7TR, STM32WBA55CGU6, STM32WBA55CGU6TR, STM32WBA55CGU6U, STM32WBA55CGU7, STM32WBA55CGU7TR, STM32WBA55G-DK1, STM32WBA55HEF6, STM32WBA55HEF7, STM32WBA55HGF6, STM32WBA55HGF7, STM32WBA55UEI6, STM32WBA55UEI6TR, STM32WBA55UEI7, STM32WBA55UEI7TR, STM32WBA55UGI6, STM32WBA55UGI6TR, STM32WBA55UGI7, STM32WBA55UGI7TR, STM32WBA5MMGH6TR, STM32WBA62MGF6, STM32WBA62MIF6, STM32WBA65MGF7, STM32WBA65MIF6, STM32WBA65MIF7, STM32WL30K8V6, STM32WL30KBV6, STM32WL31C8V6, STM32WL31CBV6, STM32WL31K8V6, STM32WL31KBV6, STM32WL33C8V6, STM32WL33C8V6X, STM32WL33CBV6, STM32WL33CBV6X, STM32WL33CCV6, STM32WL33CCV6A, STM32WL33CCV6X, STM32WL33K8V7, STM32WL33K8V7X, STM32WL33KBV7 , STM32WL33KBV7X, STM32WL33KCV7, STM32WL33KCV7X, STM32WL5MOCH6, STM32WL5MOCH6TR]
2025-07-23 03:21:01,453 [INFO] BoardInfo:889 - No configuration file found for board P-NUCLEO-WB55
2025-07-23 03:21:01,455 [INFO] DbBoards:161 - Kit is not supported: P-NUCLEO-WB55
2025-07-23 03:21:01,465 [INFO] BoardInfo:889 - No configuration file found for board STEVAL-BFA001V1B
2025-07-23 03:21:01,467 [INFO] DbBoards:161 - Kit is not supported: STEVAL-BFA001V1B
2025-07-23 03:21:01,468 [INFO] BoardInfo:889 - No configuration file found for board STEVAL-BFA001V2B
2025-07-23 03:21:01,470 [INFO] DbBoards:161 - Kit is not supported: STEVAL-BFA001V2B
2025-07-23 03:21:01,820 [INFO] DbBoards:168 - Found 212 boards, 209 are supported
2025-07-23 03:21:01,820 [INFO] DbBoards:169 - Found 212 boards, 43 of them is supported for  Bsp
2025-07-23 03:21:01,825 [INFO] ApiDb:668 - CubeFinder database Data Model version=2.1
2025-07-23 03:21:01,825 [INFO] ApiDb:669 - CubeFinder database Configuration version=3.0.39
2025-07-23 03:21:01,825 [INFO] ApiDb:670 - CubeFinder database generation date=2025-06-24 (1750757100)
2025-07-23 03:21:01,825 [INFO] ApiDb:671 - CubeFinder database FW Pack versions=[FP-ATR-ASTRA1_V2.0.0, FP-SNS-FLIGHT1_V5.1.0, FP-SNS-MOTENV1_V5.0.0, FP-SNS-MOTENVWB1_V1.4.0, FP-SNS-SMARTAG2_V1.2.0, FP-SNS-STBOX1_V2.0.0, STM32Cube_FW_C0_V1.4.0, STM32Cube_FW_F4_V1.28.2, STM32Cube_FW_F7_V1.17.3, STM32Cube_FW_G0_V1.6.2, STM32Cube_FW_G4_V1.6.1, STM32Cube_FW_H5_V1.5.0, STM32Cube_FW_H7RS_V1.2.0, STM32Cube_FW_H7_V1.12.1, STM32Cube_FW_L0_V1.12.2, STM32Cube_FW_L4_V1.18.1, STM32Cube_FW_L5_V1.5.1, STM32Cube_FW_N6_V1.2.0, STM32Cube_FW_U0_V1.3.0, STM32Cube_FW_U3_V1.2.0, STM32Cube_FW_U5_V1.8.0, STM32Cube_FW_WB0_V1.3.0, STM32Cube_FW_WBA_V1.7.0, STM32Cube_FW_WB_V1.23.0, STM32Cube_FW_WL3_V1.2.0, STM32Cube_FW_WL_V1.3.1, X-CUBE-ALGOBUILD_V1.4.0, X-CUBE-ALS_V1.0.2, X-CUBE-AZRTOS-F4_V1.1.0, X-CUBE-AZRTOS-F7_V1.1.0, X-CUBE-AZRTOS-G0_V1.1.0, X-CUBE-AZRTOS-G4_V2.0.0, X-CUBE-AZRTOS-H7RS_V1.1.0, X-CUBE-AZRTOS-H7_V3.3.0, X-CUBE-AZRTOS-L4_V2.0.0, X-CUBE-AZRTOS-L5_V2.0.0, X-CUBE-AZRTOS-WB_V2.0.0, X-CUBE-AZRTOS-WL_V2.0.0, X-CUBE-BLE1_V7.1.0, X-CUBE-BLE2_V3.3.0, X-CUBE-BLEMGR_V4.0.0, X-CUBE-EEPRMA1_V5.1.0, X-CUBE-FREERTOS_V1.3.1, X-CUBE-GNSS1_V6.0.0, X-CUBE-MEMS1_V11.3.0, X-CUBE-NFC4_V3.0.0, X-CUBE-NFC7_V2.0.0, X-CUBE-SFXS2LP1_V4.0.0, X-CUBE-SUBG2_V5.0.0, X-CUBE-TOF1_V3.4.3]
2025-07-23 03:21:04,103 [INFO] ApiDb:240 - Found 880 in-development CPN: [B-G473E-ZEST1S, B-WB1M-WPAN1, B-WBA5M-WPAN, B-WL5M-SUBG1, NUCLEO-C031C6, NUCLEO-C051C8, NUCLEO-C071RB, NUCLEO-C092RC, NUCLEO-H503RB, NUCLEO-H533RE, NUCLEO-H563ZI, NUCLEO-H7S3L8, NUCLEO-N657X0-Q, NUCLEO-U031R8, NUCLEO-U083RC, NUCLEO-U385RG-Q, NUCLEO-U545RE-Q, NUCLEO-U5A5ZJ-Q, NUCLEO-WB05KZ, NUCLEO-WB07CC, NUCLEO-WB09KE, NUCLEO-WBA52CG, NUCLEO-WBA55CG, NUCLEO-WL33CC1, NUCLEO-WL33CC2, STEVAL-PROTEUS1, STEVAL-SMARTAG2, STEVAL-STWINBX1, STM320518-EVAL, STM32C0116-DK, STM32C011D6Y3TR, STM32C011D6Y6TR, STM32C011F4P3, STM32C011F4P6, STM32C011F4U3, STM32C011F4U6TR, STM32C011F6P3, STM32C011F6P6, STM32C011F6U3, STM32C011F6U6TR, STM32C011J4M3, STM32C011J4M6, STM32C011J6M3, STM32C011J6M6, STM32C0316-DK, STM32C031C4T3, STM32C031C4T6, STM32C031C4U3, STM32C031C4U6, STM32C031C6T3, STM32C031C6T6, STM32C031C6U3, STM32C031C6U6, STM32C031F4P3, STM32C031F4P6, STM32C031F6P3, STM32C031F6P6, STM32C031G4U3, STM32C031G4U6, STM32C031G6U3, STM32C031G6U6, STM32C031K4T3, STM32C031K4T6, STM32C031K4U3, STM32C031K4U6, STM32C031K6T3, STM32C031K6T6, STM32C031K6U3, STM32C031K6U6, STM32C051C6T6, STM32C051C6U6, STM32C051C8T6, STM32C051C8U6, STM32C051D8Y6TR, STM32C051F6P6, STM32C051F8P6, STM32C051G6U6, STM32C051G8U6, STM32C051K6T6, STM32C051K6U6, STM32C051K8T6, STM32C071C8T6, STM32C071C8T6N, STM32C071C8U6, STM32C071C8U6N, STM32C071CBT6, STM32C071CBT6N, STM32C071CBU6, STM32C071CBU6N, STM32C071F8P6, STM32C071F8P6N, STM32C071FBP6, STM32C071FBP6N, STM32C071FBY6TR, STM32C071G8U6, STM32C071G8U6N, STM32C071GBU6, STM32C071GBU6N, STM32C071K8T6, STM32C071K8T6N, STM32C071K8U6, STM32C071K8U6N, STM32C071KBT6, STM32C071KBT6N, STM32C071KBU6, STM32C071KBU6N, STM32C071R8T6, STM32C071R8T6N, STM32C071RBI6N, STM32C071RBT6, STM32C071RBT6N, STM32C091CBT6, STM32C091CBU6, STM32C091CCT6, STM32C091CCU6, STM32C091ECY6TR, STM32C091FBP6, STM32C091FCP6, STM32C091GBU6, STM32C091GCU6, STM32C091KBT6, STM32C091KBU6, STM32C091KCT6, STM32C091KCU6, STM32C091RBT6, STM32C091RCI6, STM32C091RCT6, STM32C092CBT6, STM32C092CBU6, STM32C092CCT6, STM32C092CCU6, STM32C092ECY6TR, STM32C092FBP6, STM32C092FCP6, STM32C092GBU6, STM32C092GCU6, STM32C092KBT6, STM32C092KBU6, STM32C092KCT6, STM32C092KCU6, STM32C092RBT6, STM32C092RCI6, STM32C092RCT6, STM32G071K8TXN, STM32G071K8UXN, STM32G081GBU6N, STM32G081KBT6N, STM32G081KBUXN, STM32G0B1CCT6N, STM32G0B1KCT6, STM32G0B1NEY6TR, STM32G0B1RCT6N, STM32G0C1CCT6, STM32G0C1CCT6N, STM32G0C1CCU6N, STM32G0C1CET6N, STM32G0C1CEU6N, STM32G0C1KCT6, STM32G0C1NEY6TR, STM32G0C1RCI6N, STM32G0C1RCT6N, STM32G0C1REI6N, STM32G0C1RET6N, STM32G0C1VCI6, STM32G0C1VEI6, STM32G411C6T3, STM32G411C6T6, STM32G411C6U3, STM32G411C6U6, STM32G411C8T3, STM32G411C8T6, STM32G411C8U3, STM32G411C8U6, STM32G411CBT3, STM32G411CBT6, STM32G411CBU3, STM32G411CBU6, STM32G411K6T3, STM32G411K6T6, STM32G411K6U3, STM32G411K6U6, STM32G411K8T3, STM32G411K8T6, STM32G411K8U3, STM32G411K8U6, STM32G411KBT3, STM32G411KBT6, STM32G411KBU3, STM32G411KBU6, STM32G411M6T3, STM32G411M6T6, STM32G411M8T3, STM32G411M8T6, STM32G411MBT3, STM32G411MBT6, STM32G411R6T3, STM32G411R6T6, STM32G411R8T3, STM32G411R8T6, STM32G411RBT3, STM32G411RBT6, STM32G414CBT3, STM32G414CBT6, STM32G414CBU3, STM32G414CBU6, STM32G414CCT3, STM32G414CCT6, STM32G414CCU3, STM32G414CCU6, STM32G414MBT3, STM32G414MBT6, STM32G414MCT3, STM32G414MCT6, STM32G414RBT3, STM32G414RBT6, STM32G414RCT3, STM32G414RCT6, STM32G414VBT3, STM32G414VBT6, STM32G414VCT3, STM32G414VCT6, STM32G431CBT3Z, STM32G431RBT3Z, STM32G471CCT6, STM32G471CCU6, STM32G471CET3, STM32G471CET6, STM32G471CEU3, STM32G471CEU6, STM32G471MCT6, STM32G471MET3, STM32G471MET6, STM32G471MEY6TR, STM32G471QCT6, STM32G471QET3, STM32G471RCT6, STM32G471RET3, STM32G471RET6, STM32G471VCH6, STM32G471VCI6, STM32G471VCT6, STM32G471VEH3, STM32G471VEH6, STM32G471VEI3, STM32G471VEI6, STM32G471VET3, STM32G471VET6, STM32G473QET3Z, STM32G473RET3Z, STM32G474CCT6, STM32G491RET3Z, STM32H503CBT6, STM32H503CBU6, STM32H503EBY6TR, STM32H503KBU6, STM32H503RBT6, STM32H523CCT6, STM32H523CCU6, STM32H523CET6, STM32H523CEU6, STM32H523HEY6TR, STM32H523RCT6, STM32H523RET6, STM32H523VCI6, STM32H523VCT6, STM32H523VEI6, STM32H523VET6, STM32H523ZCJ6, STM32H523ZCT6, STM32H523ZEJ6, STM32H523ZET6, STM32H533CET6, STM32H533CEU6, STM32H533HEY6TR, STM32H533RET6, STM32H533VEI6, STM32H533VET6, STM32H533ZEJ6, STM32H533ZET6, STM32H562AGI6, STM32H562AII6, STM32H562IGK6, STM32H562IGT6, STM32H562IIK6, STM32H562IIT6, STM32H562RGT6, STM32H562RGV6, STM32H562RIT6, STM32H562RIV6, STM32H562VGT6, STM32H562VIT6, STM32H562ZGT6, STM32H562ZIT6, STM32H563AGI6, STM32H563AII3Q, STM32H563AII6, STM32H563IGK6, STM32H563IGT6, STM32H563IIK3Q, STM32H563IIK6, STM32H563IIT3Q, STM32H563IIT6, STM32H563MIY3QTR, STM32H563RGT6, STM32H563RGV6, STM32H563RIT6, STM32H563RIV6, STM32H563VGT6, STM32H563VIT3Q, STM32H563VIT6, STM32H563ZGT6, STM32H563ZIT3Q, STM32H563ZIT6, STM32H573AII3Q, STM32H573AII6, STM32H573I-DK, STM32H573IIK3Q, STM32H573IIK6, STM32H573IIT3Q, STM32H573IIT6, STM32H573MIY3QTR, STM32H573RIT6, STM32H573RIV6, STM32H573VIT3Q, STM32H573VIT6, STM32H573ZIT3Q, STM32H573ZIT6, STM32H7R3A8I6, STM32H7R3I8K6, STM32H7R3I8T6, STM32H7R3L8H6, STM32H7R3L8H6H, STM32H7R3R8V6, STM32H7R3V8H6, STM32H7R3V8T6, STM32H7R3V8Y6TR, STM32H7R3Z8J6, STM32H7R3Z8T6, STM32H7R7A8I6, STM32H7R7I8K6, STM32H7R7I8T6, STM32H7R7L8H6, STM32H7R7L8H6H, STM32H7R7Z8J6, STM32H7S3A8I6, STM32H7S3I8K6, STM32H7S3I8T6, STM32H7S3L8H6, STM32H7S3L8H6H, STM32H7S3R8V6, STM32H7S3V8H6, STM32H7S3V8T6, STM32H7S3V8Y6TR, STM32H7S3Z8J6, STM32H7S3Z8T6, STM32H7S78-DK, STM32H7S7A8I6, STM32H7S7I8K6, STM32H7S7I8T6, STM32H7S7L8H6, STM32H7S7L8H6H, STM32H7S7Z8J6, STM32L4R5QGI6STR, STM32MP131AAE3, STM32MP131AAF3, STM32MP131AAG3, STM32MP131CAE3, STM32MP131CAF3, STM32MP131CAG3, STM32MP131DAE7, STM32MP131DAF7, STM32MP131DAG7, STM32MP131FAE7, STM32MP131FAF7, STM32MP131FAG7, STM32MP133AAE3, STM32MP133AAF3, STM32MP133AAG3, STM32MP133CAE3, STM32MP133CAF3, STM32MP133CAG3, STM32MP133DAE7, STM32MP133DAF7, STM32MP133DAG7, STM32MP133FAE7, STM32MP133FAF7, STM32MP133FAG7, STM32MP135AAE3, STM32MP135AAF3, STM32MP135AAG3, STM32MP135CAE3, STM32MP135CAF3, STM32MP135CAG3, STM32MP135DAE7, STM32MP135DAF7, STM32MP135DAG7, STM32MP135F-DK, STM32MP135FAE7, STM32MP135FAF7, STM32MP135FAF7T, STM32MP135FAF7U, STM32MP135FAG7, STM32MP211AAL3, STM32MP211AAM3, STM32MP211AAN3, STM32MP211AAO3, STM32MP211CAL3, STM32MP211CAM3, STM32MP211CAN3, STM32MP211CAO3, STM32MP211DAL3, STM32MP211DAM3, STM32MP211DAN3, STM32MP211DAO3, STM32MP211FAL3, STM32MP211FAM3, STM32MP211FAN3, STM32MP211FAO3, STM32MP213AAL3, STM32MP213AAM3, STM32MP213AAN3, STM32MP213AAO3, STM32MP213CAL3, STM32MP213CAM3, STM32MP213CAN3, STM32MP213CAO3, STM32MP213DAL3, STM32MP213DAM3, STM32MP213DAN3, STM32MP213DAO3, STM32MP213FAL3, STM32MP213FAM3, STM32MP213FAN3, STM32MP213FAO3, STM32MP215AAL3, STM32MP215AAM3, STM32MP215AAN3, STM32MP215AAO3, STM32MP215CAL3, STM32MP215CAM3, STM32MP215CAN3, STM32MP215CAO3, STM32MP215DAL3, STM32MP215DAM3, STM32MP215DAN3, STM32MP215DAO3, STM32MP215F-DK, STM32MP215FAL3, STM32MP215FAM3, STM32MP215FAN3, STM32MP215FAO3, STM32MP231AAJ3, STM32MP231AAK3, STM32MP231AAL3, STM32MP231CAJ3, STM32MP231CAK3, STM32MP231CAL3, STM32MP231DAJ3, STM32MP231DAK3, STM32MP231DAL3, STM32MP231FAJ3, STM32MP231FAK3, STM32MP231FAL3, STM32MP233AAJ3, STM32MP233AAK3, STM32MP233AAL3, STM32MP233CAJ3, STM32MP233CAK3, STM32MP233CAL3, STM32MP233DAJ3, STM32MP233DAK3, STM32MP233DAL3, STM32MP233FAJ3, STM32MP233FAK3, STM32MP233FAL3, STM32MP235AAJ3, STM32MP235AAK3, STM32MP235AAL3, STM32MP235CAJ3, STM32MP235CAK3, STM32MP235CAL3, STM32MP235DAJ3, STM32MP235DAK3, STM32MP235DAL3, STM32MP235FAJ3, STM32MP235FAK3, STM32MP235FAL3, STM32MP251AAI3, STM32MP251AAK3, STM32MP251AAL3, STM32MP251CAI3, STM32MP251CAK3, STM32MP251CAL3, STM32MP251DAI3, STM32MP251DAK3, STM32MP251DAL3, STM32MP251FAI3, STM32MP251FAK3, STM32MP251FAL3, STM32MP253AAI3, STM32MP253AAK3, STM32MP253AAL3, STM32MP253CAI3, STM32MP253CAK3, STM32MP253CAL3, STM32MP253DAI3, STM32MP253DAK3, STM32MP253DAL3, STM32MP253FAI3, STM32MP253FAK3, STM32MP253FAL3, STM32MP255AAI3, STM32MP255AAK3, STM32MP255AAL3, STM32MP255CAI3, STM32MP255CAK3, STM32MP255CAL3, STM32MP255DAI3, STM32MP255DAK3, STM32MP255DAL3, STM32MP255FAI3, STM32MP255FAK3, STM32MP255FAL3, STM32MP257AAI3, STM32MP257AAK3, STM32MP257AAL3, STM32MP257CAI3, STM32MP257CAK3, STM32MP257CAL3, STM32MP257DAI3, STM32MP257DAK3, STM32MP257DAL3, STM32MP257F-DK, STM32MP257F-EV1, STM32MP257FAI3, STM32MP257FAK3, STM32MP257FAL3, STM32N645A0H3Q, STM32N645B0H3Q, STM32N645I0H3Q, STM32N645L0H3Q, STM32N645X0H3Q, STM32N645Z0H3Q, STM32N647A0H3Q, STM32N647B0H3Q, STM32N647I0H3Q, STM32N647L0H3Q, STM32N647X0H3Q, STM32N647Z0H3Q, STM32N655A0H3Q, STM32N655B0H3Q, STM32N655I0H3Q, STM32N655L0H3Q, STM32N655X0H3Q, STM32N655Z0H3Q, STM32N6570-DK, STM32N657A0H3Q, STM32N657B0H3Q, STM32N657I0H3Q, STM32N657L0H3Q, STM32N657X0H3Q, STM32N657Z0H3Q, STM32U031C6T6, STM32U031C6U6, STM32U031C8T6, STM32U031C8U6, STM32U031F4P6, STM32U031F6P6, STM32U031F8P6, STM32U031G6Y6TR, STM32U031G8Y6TR, STM32U031K4U6, STM32U031K6U6, STM32U031K8U6, STM32U031R6I6, STM32U031R6T6, STM32U031R8I6, STM32U031R8T6, STM32U073C8T6, STM32U073C8U6, STM32U073CBT6, STM32U073CBU6, STM32U073CCT6, STM32U073CCU6, STM32U073H8Y6TR, STM32U073HBY6TR, STM32U073HCY6TR, STM32U073K8U6, STM32U073KBU6, STM32U073KCU6, STM32U073M8I6, STM32U073M8T6, STM32U073MBI6, STM32U073MBT6, STM32U073MCI6, STM32U073MCT6, STM32U073R8I6, STM32U073R8T6, STM32U073RBI6, STM32U073RBT6, STM32U073RCI6, STM32U073RCT6, STM32U083C-DK, STM32U083CCT6, STM32U083CCU6, STM32U083HCY6TR, STM32U083KCU6, STM32U083MCI6, STM32U083MCT6, STM32U083RCI6, STM32U083RCT6, STM32U375CET6, STM32U375CET6Q, STM32U375CEU6, STM32U375CEU6Q, STM32U375CEY6QTR, STM32U375CGT6, STM32U375CGT6Q, STM32U375CGU6, STM32U375CGU6Q, STM32U375CGY6QTR, STM32U375KEU6, STM32U375KGU6, STM32U375REI6, STM32U375REI6Q, STM32U375RET6, STM32U375RET6Q, STM32U375REY6GTR, STM32U375REY6QTR, STM32U375RGI6, STM32U375RGI6Q, STM32U375RGT6, STM32U375RGT6Q, STM32U375RGY6GTR, STM32U375RGY6QTR, STM32U375VEI6, STM32U375VEI6Q, STM32U375VET6, STM32U375VET6Q, STM32U375VGI6, STM32U375VGI6Q, STM32U375VGT6, STM32U375VGT6Q, STM32U385CGT6, STM32U385CGT6Q, STM32U385CGU6, STM32U385CGU6Q, STM32U385CGY6QTR, STM32U385KGU6, STM32U385RGI6, STM32U385RGI6Q, STM32U385RGT6, STM32U385RGT6Q, STM32U385RGY6GTR, STM32U385RGY6QTR, STM32U385VGI6, STM32U385VGI6Q, STM32U385VGT6, STM32U385VGT6Q, STM32U535CBT6, STM32U535CBT6Q, STM32U535CBU6, STM32U535CBU6Q, STM32U535CCT6, STM32U535CCT6Q, STM32U535CCU6, STM32U535CCU6Q, STM32U535CET6, STM32U535CET6Q, STM32U535CEU6, STM32U535CEU6Q, STM32U535JEY6QTR, STM32U535NCY6QTR, STM32U535NEY6QTR, STM32U535RBI6, STM32U535RBI6Q, STM32U535RBT6, STM32U535RBT6Q, STM32U535RCI6, STM32U535RCI6Q, STM32U535RCT6, STM32U535RCT6Q, STM32U535REI6, STM32U535REI6Q, STM32U535RET6, STM32U535RET6Q, STM32U535VCI6, STM32U535VCI6Q, STM32U535VCT6, STM32U535VCT6Q, STM32U535VEI6, STM32U535VEI6Q, STM32U535VET6, STM32U535VET6Q, STM32U545CET6, STM32U545CET6Q, STM32U545CEU6, STM32U545CEU6Q, STM32U545JEY6QTR, STM32U545NEY6QTR, STM32U545REI6, STM32U545REI6Q, STM32U545RET6, STM32U545RET6Q, STM32U545VEI6, STM32U545VEI6Q, STM32U545VET6, STM32U545VET6Q, STM32U595AIH6, STM32U595AIH6Q, STM32U595AJH6, STM32U595AJH6Q, STM32U595QII6, STM32U595QII6Q, STM32U595QJI6, STM32U595QJI6Q, STM32U595RIT6, STM32U595RIT6Q, STM32U595RJT6, STM32U595RJT6Q, STM32U595VIT6, STM32U595VIT6Q, STM32U595VJT6, STM32U595VJT6Q, STM32U595ZIT6, STM32U595ZIT6Q, STM32U595ZIY6QTR, STM32U595ZJT6, STM32U595ZJT6Q, STM32U595ZJY6QTR, STM32U599BJY6QTR, STM32U599NIH6Q, STM32U599NJH6Q, STM32U599VIT6Q, STM32U599VJT6, STM32U599VJT6Q, STM32U599ZIT6Q, STM32U599ZIY6QTR, STM32U599ZJT6Q, STM32U599ZJY6QTR, STM32U5A5AJH6, STM32U5A5AJH6Q, STM32U5A5QII3Q , STM32U5A5QJI6, STM32U5A5QJI6Q, STM32U5A5RJT6, STM32U5A5RJT6Q, STM32U5A5VJT6, STM32U5A5VJT6Q, STM32U5A5ZJT6, STM32U5A5ZJT6Q, STM32U5A5ZJY6QTR, STM32U5A9BJY6QTR, STM32U5A9J-DK, STM32U5A9NJH6Q, STM32U5A9VJT6Q, STM32U5A9ZJT6Q, STM32U5A9ZJY6QTR, STM32U5F7VIT6, STM32U5F7VIT6Q, STM32U5F7VJT6, STM32U5F7VJT6Q, STM32U5F9BJY6QTR, STM32U5F9NJH6Q, STM32U5F9VIT6Q, STM32U5F9VJT6Q, STM32U5F9ZIJ6QTR, STM32U5F9ZIT6Q, STM32U5F9ZJJ6QTR, STM32U5F9ZJT6Q, STM32U5G7VJT6, STM32U5G7VJT6Q, STM32U5G9BJY6QTR, STM32U5G9J-DK1, STM32U5G9J-DK2, STM32U5G9NJH6Q, STM32U5G9VJT6Q, STM32U5G9ZJJ6QTR, STM32U5G9ZJT6Q, STM32WB05KZV6TR, STM32WB05KZV7TR, STM32WB05TZF6TR, STM32WB05TZF7TR, STM32WB06CCF6TR, STM32WB06CCF7TR, STM32WB06CCV6TR, STM32WB06CCV7TR, STM32WB06KCV6TR, STM32WB06KCV7TR, STM32WB07CCF6TR, STM32WB07CCF7TR, STM32WB07CCV6TR, STM32WB07CCV7TR, STM32WB07KCV6TR, STM32WB07KCV7TR, STM32WB09KEV6TR, STM32WB09KEV7TR, STM32WB09TEF6TR, STM32WB09TEF7TR, STM32WB1MMCH6, STM32WBA50KGU6, STM32WBA50KGU6TR, STM32WBA52CEU6, STM32WBA52CEU6TR, STM32WBA52CEU7, STM32WBA52CEU7TR, STM32WBA52CGU6, STM32WBA52CGU6TR, STM32WBA52CGU6U, STM32WBA52CGU7, STM32WBA52CGU7TR, STM32WBA52KEU6, STM32WBA52KEU6TR, STM32WBA52KGU6, STM32WBA52KGU6TR, STM32WBA54CEU6, STM32WBA54CEU6TR, STM32WBA54CEU7, STM32WBA54CEU7TR, STM32WBA54CGU6, STM32WBA54CGU6TR, STM32WBA54CGU7, STM32WBA54CGU7TR, STM32WBA54KEU6, STM32WBA54KEU6TR, STM32WBA54KEU7, STM32WBA54KEU7TR, STM32WBA54KGU6, STM32WBA54KGU6TR, STM32WBA54KGU7, STM32WBA54KGU7TR, STM32WBA55CEU6, STM32WBA55CEU6TR, STM32WBA55CEU7, STM32WBA55CEU7TR, STM32WBA55CGU6, STM32WBA55CGU6TR, STM32WBA55CGU6U, STM32WBA55CGU7, STM32WBA55CGU7TR, STM32WBA55G-DK1, STM32WBA55HEF6, STM32WBA55HEF7, STM32WBA55HGF6, STM32WBA55HGF7, STM32WBA55UEI6, STM32WBA55UEI6TR, STM32WBA55UEI7, STM32WBA55UEI7TR, STM32WBA55UGI6, STM32WBA55UGI6TR, STM32WBA55UGI7, STM32WBA55UGI7TR, STM32WBA5MMGH6TR, STM32WBA62MGF6, STM32WBA62MIF6, STM32WBA65MGF7, STM32WBA65MIF6, STM32WBA65MIF7, STM32WL30K8V6, STM32WL30KBV6, STM32WL31C8V6, STM32WL31CBV6, STM32WL31K8V6, STM32WL31KBV6, STM32WL33C8V6, STM32WL33C8V6X, STM32WL33CBV6, STM32WL33CBV6X, STM32WL33CCV6, STM32WL33CCV6A, STM32WL33CCV6X, STM32WL33K8V7, STM32WL33K8V7X, STM32WL33KBV7 , STM32WL33KBV7X, STM32WL33KCV7, STM32WL33KCV7X, STM32WL5MOCH6, STM32WL5MOCH6TR]
2025-07-23 03:21:04,111 [INFO] DbMcus:218 - Found 4801 MCUs, 4801 are supported
2025-07-23 03:21:04,111 [INFO] ApiDb:423 - Load user favorites file C:\Users\aliya/.stm32cubeide/favorites.mcus.txt: 0 item(s)
2025-07-23 03:21:04,112 [INFO] ApiDb:427 - User favorites MCUs=[]
2025-07-23 03:21:04,112 [INFO] DbMcus:224 - Set 0 / 0 favorites MCUs
2025-07-23 03:21:04,703 [INFO] ApiDb:423 - Load user favorites file C:\Users\aliya/.stm32cubeide/favorites.boards.txt: 1 item(s)
2025-07-23 03:21:04,704 [INFO] ApiDb:427 - User favorites Boards=[NUCLEO-F446RE]
2025-07-23 03:21:04,704 [INFO] DbBoards:198 - Set 1 / 1 favorites Boards
2025-07-23 03:21:04,777 [INFO] UtilMem:75 - End LoadConfig() Used Memory: 384928832 Bytes (618659840)
2025-07-23 03:21:04,924 [WARN] ThirdParty:833 - waiting for thirdparty lock release [change project]
2025-07-23 03:21:04,924 [INFO] ThirdParty:835 - entering critical section [change project]
2025-07-23 03:21:04,925 [INFO] ThirdParty:1030 - CMSIS Pack Vendor :STMicroelectronics X-CUBE-PM33A1 1.0.0
2025-07-23 03:21:04,925 [INFO] ThirdParty:1030 - CMSIS Pack Vendor :STMicroelectronics USBPD 4.1
2025-07-23 03:21:04,925 [INFO] ThirdParty:1030 - CMSIS Pack Vendor :STMicroelectronics X-CUBE-AZRTOS-H7 3.3.0
2025-07-23 03:21:04,925 [INFO] ThirdParty:1030 - CMSIS Pack Vendor :STMicroelectronics X-CUBE-NFC9 1.0.0
2025-07-23 03:21:04,925 [INFO] ThirdParty:1030 - CMSIS Pack Vendor :wolfSSL I-CUBE-wolfSSL 5.8.0
2025-07-23 03:21:04,925 [INFO] ThirdParty:1030 - CMSIS Pack Vendor :STMicroelectronics USB_HOST 2.0.0
2025-07-23 03:21:04,925 [INFO] ThirdParty:1030 - CMSIS Pack Vendor :STMicroelectronics FP-SNS-MOTENVWB1 1.4.0
2025-07-23 03:21:04,925 [INFO] ThirdParty:1030 - CMSIS Pack Vendor :STMicroelectronics X-CUBE-AZRTOS-F4 1.1.0
2025-07-23 03:21:04,925 [INFO] ThirdParty:1030 - CMSIS Pack Vendor :STMicroelectronics LIBJPEG 8.0.0
2025-07-23 03:21:04,925 [INFO] ThirdParty:1030 - CMSIS Pack Vendor :STMicroelectronics FP-ATR-ASTRA1 2.0.2
2025-07-23 03:21:04,925 [INFO] ThirdParty:1030 - CMSIS Pack Vendor :STMicroelectronics X-CUBE-BLE1 7.1.0
2025-07-23 03:21:04,925 [INFO] ThirdParty:1030 - CMSIS Pack Vendor :Avnet-IotConnect X-CUBE-IoTC-DA16k-PMOD 1.0.0
2025-07-23 03:21:04,925 [INFO] ThirdParty:1030 - CMSIS Pack Vendor :STMicroelectronics X-CUBE-SMBUS 2.1.0
2025-07-23 03:21:04,925 [INFO] ThirdParty:1030 - CMSIS Pack Vendor :wolfSSL I-CUBE-wolfMQTT 1.19.2
2025-07-23 03:21:04,925 [INFO] ThirdParty:1030 - CMSIS Pack Vendor :STMicroelectronics USB_DEVICE 3.0.0
2025-07-23 03:21:04,926 [INFO] ThirdParty:1030 - CMSIS Pack Vendor :STMicroelectronics X-CUBE-ISPU 2.1.0
2025-07-23 03:21:04,926 [INFO] ThirdParty:1030 - CMSIS Pack Vendor :STMicroelectronics X-CUBE-EEPRMA1 5.2.0
2025-07-23 03:21:04,926 [INFO] ThirdParty:1030 - CMSIS Pack Vendor :STMicroelectronics X-CUBE-BLEMGR 4.1.0
2025-07-23 03:21:04,926 [INFO] ThirdParty:1030 - CMSIS Pack Vendor :STMicroelectronics X-CUBE-AZRTOS-WB 2.0.0
2025-07-23 03:21:04,926 [INFO] ThirdParty:1030 - CMSIS Pack Vendor :STMicroelectronics X-CUBE-ST60 1.0.0
2025-07-23 03:21:04,926 [INFO] ThirdParty:1030 - CMSIS Pack Vendor :STMicroelectronics X-CUBE-GNSS1 7.0.1
2025-07-23 03:21:04,926 [INFO] ThirdParty:1030 - CMSIS Pack Vendor :STMicroelectronics X-CUBE-NFC12 1.0.0
2025-07-23 03:21:04,926 [INFO] ThirdParty:1030 - CMSIS Pack Vendor :STMicroelectronics X-CUBE-AZRTOS-F7 1.1.0
2025-07-23 03:21:04,926 [INFO] ThirdParty:1030 - CMSIS Pack Vendor :STMicroelectronics X-CUBE-AZRTOS-L5 2.0.0
2025-07-23 03:21:04,926 [INFO] ThirdParty:1030 - CMSIS Pack Vendor :STMicroelectronics X-CUBE-TOUCHGFX 4.25.0
2025-07-23 03:21:04,926 [INFO] ThirdParty:1030 - CMSIS Pack Vendor :STMicroelectronics USB_DEVICE 2.0.0
2025-07-23 03:21:04,926 [INFO] ThirdParty:1030 - CMSIS Pack Vendor :STMicroelectronics X-CUBE-NFC6 3.1.0
2025-07-23 03:21:04,926 [INFO] ThirdParty:1030 - CMSIS Pack Vendor :STMicroelectronics X-CUBE-AI 10.1.0
2025-07-23 03:21:04,926 [INFO] ThirdParty:1030 - CMSIS Pack Vendor :STMicroelectronics FP-SNS-STBOX1 2.0.0
2025-07-23 03:21:04,926 [INFO] ThirdParty:1030 - CMSIS Pack Vendor :STMicroelectronics FreeRTOS 0.0.1
2025-07-23 03:21:04,926 [INFO] ThirdParty:1030 - CMSIS Pack Vendor :STMicroelectronics X-CUBE-AZRTOS-G0 1.1.0
2025-07-23 03:21:04,926 [INFO] ThirdParty:1030 - CMSIS Pack Vendor :STMicroelectronics X-CUBE-SAFEA1 1.2.2
2025-07-23 03:21:04,926 [INFO] ThirdParty:1030 - CMSIS Pack Vendor :STMicroelectronics X-CUBE-NFC4 3.0.0
2025-07-23 03:21:04,926 [INFO] ThirdParty:1030 - CMSIS Pack Vendor :STMicroelectronics X-CUBE-SUBG2 5.0.0
2025-07-23 03:21:04,926 [INFO] ThirdParty:1030 - CMSIS Pack Vendor :STMicroelectronics X-CUBE-AZRTOS-H7RS 1.1.0
2025-07-23 03:21:04,927 [INFO] ThirdParty:1030 - CMSIS Pack Vendor :STMicroelectronics STM32_WPAN 1.0.0
2025-07-23 03:21:04,927 [INFO] ThirdParty:1030 - CMSIS Pack Vendor :EmbeddedOffice I-CUBE-FS-RTOS 1.0.1
2025-07-23 03:21:04,927 [INFO] ThirdParty:1030 - CMSIS Pack Vendor :STMicroelectronics lwIP 2.0.3
2025-07-23 03:21:04,927 [INFO] ThirdParty:1030 - CMSIS Pack Vendor :Cesanta I-CUBE-Mongoose 7.13.0
2025-07-23 03:21:04,928 [INFO] ThirdParty:1030 - CMSIS Pack Vendor :STMicroelectronics USB_HOST 1.0.0
2025-07-23 03:21:04,928 [INFO] ThirdParty:1030 - CMSIS Pack Vendor :Infineon AIROC-Wi-Fi-Bluetooth-STM32 1.7.0
2025-07-23 03:21:04,928 [INFO] ThirdParty:1030 - CMSIS Pack Vendor :STMicroelectronics X-CUBE-AZRTOS-G4 2.0.0
2025-07-23 03:21:04,928 [INFO] ThirdParty:1030 - CMSIS Pack Vendor :STMicroelectronics X-CUBE-WB05N 2.0.0
2025-07-23 03:21:04,928 [INFO] ThirdParty:1030 - CMSIS Pack Vendor :STMicroelectronics PDM2PCM 3.1.0
2025-07-23 03:21:04,928 [INFO] ThirdParty:1030 - CMSIS Pack Vendor :STMicroelectronics PDM2PCM 3.3.0
2025-07-23 03:21:04,928 [INFO] ThirdParty:1030 - CMSIS Pack Vendor :wolfSSL I-CUBE-wolfTPM 3.8.0
2025-07-23 03:21:04,928 [INFO] ThirdParty:1030 - CMSIS Pack Vendor :STMicroelectronics X-CUBE-AZRTOS-H7 3.4.0
2025-07-23 03:21:04,928 [INFO] ThirdParty:1030 - CMSIS Pack Vendor :STMicroelectronics X-CUBE-DISPLAY 3.0.0
2025-07-23 03:21:04,928 [INFO] ThirdParty:1030 - CMSIS Pack Vendor :wolfSSL I-CUBE-wolfSSH 1.4.20
2025-07-23 03:21:04,928 [INFO] ThirdParty:1030 - CMSIS Pack Vendor :STMicroelectronics X-CUBE-NFC7 2.0.0
2025-07-23 03:21:04,928 [INFO] ThirdParty:1030 - CMSIS Pack Vendor :STMicroelectronics X-CUBE-TCPP 4.2.0
2025-07-23 03:21:04,928 [INFO] ThirdParty:1030 - CMSIS Pack Vendor :RealThread X-CUBE-RT-Thread_Nano 4.1.1
2025-07-23 03:21:04,928 [INFO] ThirdParty:1030 - CMSIS Pack Vendor :STMicroelectronics FP-ATR-SIGFOX1 3.2.0
2025-07-23 03:21:04,929 [INFO] ThirdParty:1030 - CMSIS Pack Vendor :STMicroelectronics X-CUBE-NFC10 1.0.0
2025-07-23 03:21:04,929 [INFO] ThirdParty:1030 - CMSIS Pack Vendor :STMicroelectronics X-CUBE-BLEMGR 4.0.0
2025-07-23 03:21:04,929 [INFO] ThirdParty:1030 - CMSIS Pack Vendor :STMicroelectronics X-CUBE-EEPRMA1 5.1.0
2025-07-23 03:21:04,929 [INFO] ThirdParty:1030 - CMSIS Pack Vendor :STMicroelectronics X-CUBE-FREERTOS 1.3.1
2025-07-23 03:21:04,929 [INFO] ThirdParty:1030 - CMSIS Pack Vendor :STMicroelectronics HAL Drivers 0.0.0
2025-07-23 03:21:04,929 [INFO] ThirdParty:1030 - CMSIS Pack Vendor :STMicroelectronics MBEDTLS 2.16.2
2025-07-23 03:21:04,929 [INFO] ThirdParty:1030 - CMSIS Pack Vendor :STMicroelectronics X-CUBE-IPS 3.1.0
2025-07-23 03:21:04,929 [INFO] ThirdParty:1030 - CMSIS Pack Vendor :STMicroelectronics X-CUBE-ALS 1.0.2
2025-07-23 03:21:04,929 [INFO] ThirdParty:1030 - CMSIS Pack Vendor :emotas I-CUBE-CANOPEN 1.3.0
2025-07-23 03:21:04,929 [INFO] ThirdParty:1030 - CMSIS Pack Vendor :STMicroelectronics MBEDTLS 2.14.1
2025-07-23 03:21:04,929 [INFO] ThirdParty:1030 - CMSIS Pack Vendor :ITTIA_DB I-CUBE-ITTIADB 8.9.0
2025-07-23 03:21:04,929 [INFO] ThirdParty:1030 - CMSIS Pack Vendor :portGmbH I-Cube-SoM-uGOAL 1.1.0
2025-07-23 03:21:04,929 [INFO] ThirdParty:1030 - CMSIS Pack Vendor :quantropi X-CUBE-qispace-sdk-base 2.0.0
2025-07-23 03:21:04,929 [INFO] ThirdParty:1030 - CMSIS Pack Vendor :STMicroelectronics X-CUBE-ST67W61 1.0.0
2025-07-23 03:21:04,929 [INFO] ThirdParty:1030 - CMSIS Pack Vendor :STMicroelectronics FP-SNS-STAIOTCFT 1.0.0
2025-07-23 03:21:04,929 [INFO] ThirdParty:1030 - CMSIS Pack Vendor :STMicroelectronics ThreadX 1.0.0
2025-07-23 03:21:04,929 [INFO] ThirdParty:1030 - CMSIS Pack Vendor :STMicroelectronics FP-SNS-SMARTAG2 1.2.0
2025-07-23 03:21:04,929 [INFO] ThirdParty:1030 - CMSIS Pack Vendor :STMicroelectronics FP-SNS-FLIGHT1 5.1.0
2025-07-23 03:21:04,929 [INFO] ThirdParty:1030 - CMSIS Pack Vendor :STMicroelectronics X-CUBE-AZRTOS-WL 2.0.0
2025-07-23 03:21:04,929 [INFO] ThirdParty:1030 - CMSIS Pack Vendor :SEGGER I-CUBE-embOS 1.3.1
2025-07-23 03:21:04,930 [INFO] ThirdParty:1030 - CMSIS Pack Vendor :STMicroelectronics X-CUBE-ALGOBUILD 1.4.0
2025-07-23 03:21:04,930 [INFO] ThirdParty:1030 - CMSIS Pack Vendor :STMicroelectronics X-CUBE-DPower 1.3.0
2025-07-23 03:21:04,930 [INFO] ThirdParty:1030 - CMSIS Pack Vendor :STMicroelectronics X-CUBE-MEMS1 11.3.0
2025-07-23 03:21:04,930 [INFO] ThirdParty:1030 - CMSIS Pack Vendor :STMicroelectronics FP-SNS-MOTENV1 5.0.0
2025-07-23 03:21:04,930 [INFO] ThirdParty:1030 - CMSIS Pack Vendor :STMicroelectronics USB_DEVICE 1.0.0
2025-07-23 03:21:04,930 [INFO] ThirdParty:1030 - CMSIS Pack Vendor :STMicroelectronics X-CUBE-AZRTOS-L4 2.0.0
2025-07-23 03:21:04,930 [INFO] ThirdParty:1030 - CMSIS Pack Vendor :STMicroelectronics ThreadX 0.0.2
2025-07-23 03:21:04,930 [INFO] ThirdParty:1030 - CMSIS Pack Vendor :WES I-CUBE-Cesium 1.3.0
2025-07-23 03:21:04,930 [INFO] ThirdParty:1030 - CMSIS Pack Vendor :STMicroelectronics lwIP 2.1.2
2025-07-23 03:21:04,930 [INFO] ThirdParty:1030 - CMSIS Pack Vendor :STMicroelectronics X-CUBE-SFXS2LP1 4.0.0
2025-07-23 03:21:04,930 [INFO] ThirdParty:1030 - CMSIS Pack Vendor :STMicroelectronics X-CUBE-BLE2 3.3.0
2025-07-23 03:21:04,930 [INFO] ThirdParty:1030 - CMSIS Pack Vendor :STMicroelectronics X-CUBE-TOF1 3.4.3
2025-07-23 03:21:04,930 [INFO] ThirdParty:1030 - CMSIS Pack Vendor :STMicroelectronics PDM2PCM 3.2.0
2025-07-23 03:21:04,930 [INFO] ThirdParty:841 - exiting critical section [change project]
2025-07-23 03:21:05,479 [INFO] PinOutPanel:1589 - setPackage(No Configuration,No Configuration)
2025-07-23 03:21:05,480 [INFO] PinOutPanel:1589 - setPackage(STM32F446RETx,LQFP64)
2025-07-23 03:21:06,182 [INFO] UtilMem:75 - Before build in PCC Used Memory: 377558104 Bytes (618659840)
2025-07-23 03:21:06,993 [INFO] UtilMem:75 - After build in PCC Used Memory: 472135840 Bytes (618659840)
2025-07-23 03:21:07,070 [INFO] ApiDbMcu:532 - Load IP Config File for FREERTOS
2025-07-23 03:21:07,107 [INFO] IPUIPlugin:80 - create IPUIPlugin
2025-07-23 03:21:07,107 [INFO] IPUIPlugin:80 - create IPUIPlugin
2025-07-23 03:21:07,107 [INFO] IPUIPlugin:80 - create IPUIPlugin
2025-07-23 03:21:07,107 [INFO] IPUIPlugin:80 - create IPUIPlugin
2025-07-23 03:21:07,107 [INFO] IPUIPlugin:80 - create IPUIPlugin
2025-07-23 03:21:07,107 [INFO] IPUIPlugin:80 - create IPUIPlugin
2025-07-23 03:21:07,107 [INFO] IPUIPlugin:80 - create IPUIPlugin
2025-07-23 03:21:07,107 [INFO] IPUIPlugin:80 - create IPUIPlugin
2025-07-23 03:21:07,108 [INFO] IPUIPlugin:80 - create IPUIPlugin
2025-07-23 03:21:07,108 [INFO] IPUIPlugin:80 - create IPUIPlugin
2025-07-23 03:21:07,108 [INFO] IPUIPlugin:80 - create IPUIPlugin
2025-07-23 03:21:07,108 [INFO] IPUIPlugin:80 - create IPUIPlugin
2025-07-23 03:21:07,108 [INFO] IPUIPlugin:80 - create IPUIPlugin
2025-07-23 03:21:07,108 [INFO] IPUIPlugin:80 - create IPUIPlugin
2025-07-23 03:21:07,110 [INFO] IPUIPlugin:80 - create IPUIPlugin
2025-07-23 03:21:07,110 [INFO] IPUIPlugin:80 - create IPUIPlugin
2025-07-23 03:21:07,110 [INFO] IPUIPlugin:80 - create IPUIPlugin
2025-07-23 03:21:07,110 [INFO] IPUIPlugin:80 - create IPUIPlugin
2025-07-23 03:21:07,110 [INFO] IPUIPlugin:80 - create IPUIPlugin
2025-07-23 03:21:07,110 [INFO] IPUIPlugin:80 - create IPUIPlugin
2025-07-23 03:21:07,111 [INFO] IPUIPlugin:80 - create IPUIPlugin
2025-07-23 03:21:07,111 [INFO] IPUIPlugin:80 - create IPUIPlugin
2025-07-23 03:21:07,111 [INFO] IPUIPlugin:80 - create IPUIPlugin
2025-07-23 03:21:07,112 [INFO] IPUIPlugin:80 - create IPUIPlugin
2025-07-23 03:21:07,112 [INFO] IPUIPlugin:80 - create IPUIPlugin
2025-07-23 03:21:07,112 [INFO] IPUIPlugin:80 - create IPUIPlugin
2025-07-23 03:21:07,112 [INFO] IPUIPlugin:80 - create IPUIPlugin
2025-07-23 03:21:07,112 [INFO] IPUIPlugin:80 - create IPUIPlugin
2025-07-23 03:21:07,112 [INFO] IPUIPlugin:80 - create IPUIPlugin
2025-07-23 03:21:07,113 [INFO] IPUIPlugin:80 - create IPUIPlugin
2025-07-23 03:21:07,113 [INFO] IPUIPlugin:80 - create IPUIPlugin
2025-07-23 03:21:07,113 [INFO] IPUIPlugin:80 - create IPUIPlugin
2025-07-23 03:21:07,114 [INFO] IPUIPlugin:80 - create IPUIPlugin
2025-07-23 03:21:07,114 [INFO] IPUIPlugin:80 - create IPUIPlugin
2025-07-23 03:21:07,114 [INFO] IPUIPlugin:80 - create IPUIPlugin
2025-07-23 03:21:07,114 [INFO] IPUIPlugin:80 - create IPUIPlugin
2025-07-23 03:21:07,114 [INFO] IPUIPlugin:80 - create IPUIPlugin
2025-07-23 03:21:07,114 [INFO] IPUIPlugin:80 - create IPUIPlugin
2025-07-23 03:21:07,115 [INFO] IPUIPlugin:80 - create IPUIPlugin
2025-07-23 03:21:07,115 [INFO] IPUIPlugin:80 - create IPUIPlugin
2025-07-23 03:21:07,115 [INFO] IPUIPlugin:80 - create IPUIPlugin
2025-07-23 03:21:07,115 [INFO] IPUIPlugin:80 - create IPUIPlugin
2025-07-23 03:21:07,115 [INFO] IPUIPlugin:80 - create IPUIPlugin
2025-07-23 03:21:07,116 [INFO] IPUIPlugin:80 - create IPUIPlugin
2025-07-23 03:21:07,116 [INFO] IPUIPlugin:80 - create IPUIPlugin
2025-07-23 03:21:07,116 [INFO] IPUIPlugin:80 - create IPUIPlugin
2025-07-23 03:21:07,116 [INFO] IPUIPlugin:80 - create IPUIPlugin
2025-07-23 03:21:07,116 [INFO] IPUIPlugin:80 - create IPUIPlugin
2025-07-23 03:21:07,116 [INFO] IPUIPlugin:80 - create IPUIPlugin
2025-07-23 03:21:07,117 [INFO] IPUIPlugin:80 - create IPUIPlugin
2025-07-23 03:21:07,117 [INFO] IPUIPlugin:80 - create IPUIPlugin
2025-07-23 03:21:07,117 [INFO] IPUIPlugin:80 - create IPUIPlugin
2025-07-23 03:21:07,118 [INFO] IPUIPlugin:80 - create IPUIPlugin
2025-07-23 03:21:07,119 [INFO] IPUIPlugin:80 - create IPUIPlugin
2025-07-23 03:21:07,119 [INFO] IPUIPlugin:80 - create IPUIPlugin
2025-07-23 03:21:07,119 [INFO] IPUIPlugin:80 - create IPUIPlugin
2025-07-23 03:21:07,120 [INFO] IPUIPlugin:80 - create IPUIPlugin
2025-07-23 03:21:07,120 [INFO] IPUIPlugin:80 - create IPUIPlugin
2025-07-23 03:21:07,120 [INFO] IPUIPlugin:80 - create IPUIPlugin
2025-07-23 03:21:07,120 [INFO] IPUIPlugin:80 - create IPUIPlugin
2025-07-23 03:21:07,129 [INFO] ApiDbMcu:532 - Load IP Config File for PDM2PCM
2025-07-23 03:21:07,136 [WARN] IP:2250 - I2C_Coeff_DF not found: check if there is a RefParameter without a condition.
2025-07-23 03:21:07,136 [WARN] IP:2250 - Analog_Filter not found: check if there is a RefParameter without a condition.
2025-07-23 03:21:07,164 [WARN] FreeRTOS:1023 - Null or empty value: should not occur! (nothing added to the table)
2025-07-23 03:21:07,400 [INFO] CADModel:165 - CPN selected for project levelSTM32F446RET6
2025-07-23 03:21:07,400 [INFO] CADModel:114 - Register for checkConnection events
2025-07-23 03:21:07,404 [INFO] RtosManager:728 - Active RTOS found at IOC load: FREERTOS [Cortex-M4NS]
2025-07-23 03:21:07,465 [INFO] OpenFileManager:386 - Restore cursor
2025-07-23 03:21:07,711 [WARN] IP:2250 - I2C_Coeff_DF not found: check if there is a RefParameter without a condition.
2025-07-23 03:21:07,711 [WARN] IP:2250 - Analog_Filter not found: check if there is a RefParameter without a condition.
2025-07-23 03:21:07,711 [WARN] IP:2250 - I2C_Coeff_DF not found: check if there is a RefParameter without a condition.
2025-07-23 03:21:07,711 [WARN] IP:2250 - Analog_Filter not found: check if there is a RefParameter without a condition.
2025-07-23 03:21:30,820 [INFO] UtilMem:75 - End SaveConfig() Used Memory: 334241088 Bytes (618659840)
2025-07-23 03:21:31,499 [INFO] UtilMem:75 - End SaveConfig() Used Memory: 365176128 Bytes (618659840)
2025-07-23 03:21:32,533 [INFO] UtilMem:75 - End SaveConfig() Used Memory: 549199168 Bytes (618659840)
2025-07-23 03:21:33,053 [INFO] ProjectBuilder:2395 - IP not ready for code generation: FREERTOS
2025-07-23 03:21:34,010 [INFO] BlockDiagram:2775 - set Specific Code input for plugin: FREERTOS
2025-07-23 03:21:34,010 [INFO] BlockDiagram:2775 - set Specific Code input for plugin: SYS
2025-07-23 03:21:34,010 [INFO] BlockDiagram:2775 - set Specific Code input for plugin: RCC
2025-07-23 03:21:34,010 [INFO] BlockDiagram:2775 - set Specific Code input for plugin: I2C
2025-07-23 03:21:34,011 [INFO] BlockDiagram:2775 - set Specific Code input for plugin: NVIC
2025-07-23 03:21:34,011 [INFO] BlockDiagram:2775 - set Specific Code input for plugin: USART
2025-07-23 03:21:34,011 [INFO] BlockDiagram:2775 - set Specific Code input for plugin: TIM1_8
2025-07-23 03:21:34,012 [INFO] BlockDiagram:2775 - set Specific Code input for plugin: GPIO
2025-07-23 03:21:34,014 [INFO] CodeGenerator:892 - code generatio: config db path: C:\ST\STM32CubeIDE_1.18.1\STM32CubeIDE\plugins\com.st.stm32cube.common.mx_6.15.0.202507011659\\db\
2025-07-23 03:21:34,022 [WARN] IP:2250 - I2C_Coeff_DF not found: check if there is a RefParameter without a condition.
2025-07-23 03:21:34,022 [WARN] IP:2250 - Analog_Filter not found: check if there is a RefParameter without a condition.
2025-07-23 03:21:34,255 [INFO] CodeEngine:265 - oldGeneratedFile, C:\Users\aliya\proje\KontrolOrtakCalisma\Kontroll4\MXTmpFiles\license.tmp_save
2025-07-23 03:21:34,654 [INFO] CodeEngine:289 - Generated code: C:\Users\aliya\proje\KontrolOrtakCalisma\Kontroll4\MXTmpFiles\license.tmp
2025-07-23 03:21:34,709 [INFO] CodeEngine:265 - oldGeneratedFile, C:\Users\aliya\proje\KontrolOrtakCalisma\Kontroll4\Core\Src\gpio.c_save
2025-07-23 03:21:34,864 [INFO] CodeEngine:289 - Generated code: C:\Users\aliya\proje\KontrolOrtakCalisma\Kontroll4\Core\Src\gpio.c
2025-07-23 03:21:34,874 [INFO] CodeEngine:265 - oldGeneratedFile, C:\Users\aliya\proje\KontrolOrtakCalisma\Kontroll4\Core\Inc\gpio.h_save
2025-07-23 03:21:34,997 [INFO] CodeEngine:289 - Generated code: C:\Users\aliya\proje\KontrolOrtakCalisma\Kontroll4\Core\Inc\gpio.h
2025-07-23 03:21:35,259 [INFO] Middleware:1452 - No code input for Bsp Dependency
2025-07-23 03:21:35,270 [INFO] CodeEngine:265 - oldGeneratedFile, C:\Users\aliya\proje\KontrolOrtakCalisma\Kontroll4\MXTmpFiles\rtos_inc.tmp_save
2025-07-23 03:21:35,359 [INFO] CodeEngine:289 - Generated code: C:\Users\aliya\proje\KontrolOrtakCalisma\Kontroll4\MXTmpFiles\rtos_inc.tmp
2025-07-23 03:21:35,367 [INFO] CodeEngine:265 - oldGeneratedFile, C:\Users\aliya\proje\KontrolOrtakCalisma\Kontroll4\MXTmpFiles\rtos_kernelInit.tmp_save
2025-07-23 03:21:35,470 [INFO] CodeEngine:289 - Generated code: C:\Users\aliya\proje\KontrolOrtakCalisma\Kontroll4\MXTmpFiles\rtos_kernelInit.tmp
2025-07-23 03:21:35,481 [INFO] CodeEngine:265 - oldGeneratedFile, C:\Users\aliya\proje\KontrolOrtakCalisma\Kontroll4\MXTmpFiles\rtos_kernelStart.tmp_save
2025-07-23 03:21:35,588 [INFO] CodeEngine:289 - Generated code: C:\Users\aliya\proje\KontrolOrtakCalisma\Kontroll4\MXTmpFiles\rtos_kernelStart.tmp
2025-07-23 03:21:35,598 [INFO] CodeEngine:265 - oldGeneratedFile, C:\Users\aliya\proje\KontrolOrtakCalisma\Kontroll4\MXTmpFiles\rtos_typedefs.tmp_save
2025-07-23 03:21:35,690 [INFO] CodeEngine:289 - Generated code: C:\Users\aliya\proje\KontrolOrtakCalisma\Kontroll4\MXTmpFiles\rtos_typedefs.tmp
2025-07-23 03:21:35,698 [INFO] CodeEngine:265 - oldGeneratedFile, C:\Users\aliya\proje\KontrolOrtakCalisma\Kontroll4\MXTmpFiles\rtos_vars.tmp_save
2025-07-23 03:21:35,780 [INFO] CodeEngine:289 - Generated code: C:\Users\aliya\proje\KontrolOrtakCalisma\Kontroll4\MXTmpFiles\rtos_vars.tmp
2025-07-23 03:21:35,786 [INFO] CodeEngine:265 - oldGeneratedFile, C:\Users\aliya\proje\KontrolOrtakCalisma\Kontroll4\MXTmpFiles\rtos_pfp.tmp_save
2025-07-23 03:21:35,852 [INFO] CodeEngine:289 - Generated code: C:\Users\aliya\proje\KontrolOrtakCalisma\Kontroll4\MXTmpFiles\rtos_pfp.tmp
2025-07-23 03:21:35,859 [INFO] CodeEngine:265 - oldGeneratedFile, C:\Users\aliya\proje\KontrolOrtakCalisma\Kontroll4\MXTmpFiles\rtos_obj_creat.tmp_save
2025-07-23 03:21:35,924 [INFO] CodeEngine:289 - Generated code: C:\Users\aliya\proje\KontrolOrtakCalisma\Kontroll4\MXTmpFiles\rtos_obj_creat.tmp
2025-07-23 03:21:35,930 [INFO] CodeEngine:265 - oldGeneratedFile, C:\Users\aliya\proje\KontrolOrtakCalisma\Kontroll4\MXTmpFiles\rtos_default_thread.tmp_save
2025-07-23 03:21:36,039 [INFO] CodeEngine:289 - Generated code: C:\Users\aliya\proje\KontrolOrtakCalisma\Kontroll4\MXTmpFiles\rtos_default_thread.tmp
2025-07-23 03:21:36,046 [INFO] CodeEngine:265 - oldGeneratedFile, C:\Users\aliya\proje\KontrolOrtakCalisma\Kontroll4\MXTmpFiles\rtos_threads.tmp_save
2025-07-23 03:21:36,112 [INFO] CodeEngine:289 - Generated code: C:\Users\aliya\proje\KontrolOrtakCalisma\Kontroll4\MXTmpFiles\rtos_threads.tmp
2025-07-23 03:21:36,147 [INFO] Middleware:1452 - No code input for Bsp Dependency
2025-07-23 03:21:36,161 [INFO] CodeEngine:265 - oldGeneratedFile, C:\Users\aliya\proje\KontrolOrtakCalisma\Kontroll4\MXTmpFiles\rtos_inc.tmp_save
2025-07-23 03:21:36,240 [INFO] CodeEngine:289 - Generated code: C:\Users\aliya\proje\KontrolOrtakCalisma\Kontroll4\MXTmpFiles\rtos_inc.tmp
2025-07-23 03:21:36,249 [INFO] CodeEngine:265 - oldGeneratedFile, C:\Users\aliya\proje\KontrolOrtakCalisma\Kontroll4\MXTmpFiles\rtos_kernelInit.tmp_save
2025-07-23 03:21:36,310 [INFO] CodeEngine:289 - Generated code: C:\Users\aliya\proje\KontrolOrtakCalisma\Kontroll4\MXTmpFiles\rtos_kernelInit.tmp
2025-07-23 03:21:36,320 [INFO] CodeEngine:265 - oldGeneratedFile, C:\Users\aliya\proje\KontrolOrtakCalisma\Kontroll4\MXTmpFiles\rtos_kernelStart.tmp_save
2025-07-23 03:21:36,381 [INFO] CodeEngine:289 - Generated code: C:\Users\aliya\proje\KontrolOrtakCalisma\Kontroll4\MXTmpFiles\rtos_kernelStart.tmp
2025-07-23 03:21:36,389 [INFO] CodeEngine:265 - oldGeneratedFile, C:\Users\aliya\proje\KontrolOrtakCalisma\Kontroll4\MXTmpFiles\rtos_typedefs.tmp_save
2025-07-23 03:21:36,452 [INFO] CodeEngine:289 - Generated code: C:\Users\aliya\proje\KontrolOrtakCalisma\Kontroll4\MXTmpFiles\rtos_typedefs.tmp
2025-07-23 03:21:36,458 [INFO] CodeEngine:265 - oldGeneratedFile, C:\Users\aliya\proje\KontrolOrtakCalisma\Kontroll4\MXTmpFiles\rtos_vars.tmp_save
2025-07-23 03:21:36,520 [INFO] CodeEngine:289 - Generated code: C:\Users\aliya\proje\KontrolOrtakCalisma\Kontroll4\MXTmpFiles\rtos_vars.tmp
2025-07-23 03:21:36,530 [INFO] CodeEngine:265 - oldGeneratedFile, C:\Users\aliya\proje\KontrolOrtakCalisma\Kontroll4\MXTmpFiles\rtos_pfp.tmp_save
2025-07-23 03:21:36,592 [INFO] CodeEngine:289 - Generated code: C:\Users\aliya\proje\KontrolOrtakCalisma\Kontroll4\MXTmpFiles\rtos_pfp.tmp
2025-07-23 03:21:36,600 [INFO] CodeEngine:265 - oldGeneratedFile, C:\Users\aliya\proje\KontrolOrtakCalisma\Kontroll4\MXTmpFiles\rtos_obj_creat.tmp_save
2025-07-23 03:21:36,664 [INFO] CodeEngine:289 - Generated code: C:\Users\aliya\proje\KontrolOrtakCalisma\Kontroll4\MXTmpFiles\rtos_obj_creat.tmp
2025-07-23 03:21:36,672 [INFO] CodeEngine:265 - oldGeneratedFile, C:\Users\aliya\proje\KontrolOrtakCalisma\Kontroll4\MXTmpFiles\rtos_default_thread.tmp_save
2025-07-23 03:21:36,750 [INFO] CodeEngine:289 - Generated code: C:\Users\aliya\proje\KontrolOrtakCalisma\Kontroll4\MXTmpFiles\rtos_default_thread.tmp
2025-07-23 03:21:36,757 [INFO] CodeEngine:265 - oldGeneratedFile, C:\Users\aliya\proje\KontrolOrtakCalisma\Kontroll4\MXTmpFiles\rtos_threads.tmp_save
2025-07-23 03:21:36,830 [INFO] CodeEngine:289 - Generated code: C:\Users\aliya\proje\KontrolOrtakCalisma\Kontroll4\MXTmpFiles\rtos_threads.tmp
2025-07-23 03:21:36,837 [INFO] CodeEngine:265 - oldGeneratedFile, C:\Users\aliya\proje\KontrolOrtakCalisma\Kontroll4\Core\Inc\FreeRTOSConfig.h_save
2025-07-23 03:21:36,935 [INFO] CodeEngine:289 - Generated code: C:\Users\aliya\proje\KontrolOrtakCalisma\Kontroll4\Core\Inc\FreeRTOSConfig.h
2025-07-23 03:21:36,946 [INFO] CodeEngine:265 - oldGeneratedFile, C:\Users\aliya\proje\KontrolOrtakCalisma\Kontroll4\Core\Src\freertos.c_save
2025-07-23 03:21:37,039 [INFO] CodeEngine:289 - Generated code: C:\Users\aliya\proje\KontrolOrtakCalisma\Kontroll4\Core\Src\freertos.c
2025-07-23 03:21:37,055 [INFO] CodeEngine:265 - oldGeneratedFile, C:\Users\aliya\proje\KontrolOrtakCalisma\Kontroll4\Core\Src\i2c.c_save
2025-07-23 03:21:37,218 [INFO] CodeEngine:289 - Generated code: C:\Users\aliya\proje\KontrolOrtakCalisma\Kontroll4\Core\Src\i2c.c
2025-07-23 03:21:37,228 [INFO] CodeEngine:265 - oldGeneratedFile, C:\Users\aliya\proje\KontrolOrtakCalisma\Kontroll4\Core\Inc\i2c.h_save
2025-07-23 03:21:37,322 [INFO] CodeEngine:289 - Generated code: C:\Users\aliya\proje\KontrolOrtakCalisma\Kontroll4\Core\Inc\i2c.h
2025-07-23 03:21:37,339 [INFO] CodeEngine:265 - oldGeneratedFile, C:\Users\aliya\proje\KontrolOrtakCalisma\Kontroll4\Core\Src\tim.c_save
2025-07-23 03:21:37,470 [INFO] CodeEngine:289 - Generated code: C:\Users\aliya\proje\KontrolOrtakCalisma\Kontroll4\Core\Src\tim.c
2025-07-23 03:21:37,480 [INFO] CodeEngine:265 - oldGeneratedFile, C:\Users\aliya\proje\KontrolOrtakCalisma\Kontroll4\Core\Inc\tim.h_save
2025-07-23 03:21:37,553 [INFO] CodeEngine:289 - Generated code: C:\Users\aliya\proje\KontrolOrtakCalisma\Kontroll4\Core\Inc\tim.h
2025-07-23 03:21:37,569 [INFO] CodeEngine:265 - oldGeneratedFile, C:\Users\aliya\proje\KontrolOrtakCalisma\Kontroll4\Core\Src\usart.c_save
2025-07-23 03:21:37,666 [INFO] CodeEngine:289 - Generated code: C:\Users\aliya\proje\KontrolOrtakCalisma\Kontroll4\Core\Src\usart.c
2025-07-23 03:21:37,676 [INFO] CodeEngine:265 - oldGeneratedFile, C:\Users\aliya\proje\KontrolOrtakCalisma\Kontroll4\Core\Inc\usart.h_save
2025-07-23 03:21:37,753 [INFO] CodeEngine:289 - Generated code: C:\Users\aliya\proje\KontrolOrtakCalisma\Kontroll4\Core\Inc\usart.h
2025-07-23 03:21:37,770 [INFO] CodeEngine:265 - oldGeneratedFile, C:\Users\aliya\proje\KontrolOrtakCalisma\Kontroll4\Core\Src\stm32f4xx_it.c_save
2025-07-23 03:21:37,869 [INFO] CodeEngine:289 - Generated code: C:\Users\aliya\proje\KontrolOrtakCalisma\Kontroll4\Core\Src\stm32f4xx_it.c
2025-07-23 03:21:37,880 [INFO] CodeEngine:265 - oldGeneratedFile, C:\Users\aliya\proje\KontrolOrtakCalisma\Kontroll4\Core\Inc\stm32f4xx_it.h_save
2025-07-23 03:21:37,967 [INFO] CodeEngine:289 - Generated code: C:\Users\aliya\proje\KontrolOrtakCalisma\Kontroll4\Core\Inc\stm32f4xx_it.h
2025-07-23 03:21:37,988 [INFO] CodeEngine:265 - oldGeneratedFile, C:\Users\aliya\proje\KontrolOrtakCalisma\Kontroll4\Core\Src\stm32f4xx_hal_msp.c_save
2025-07-23 03:21:38,088 [INFO] CodeEngine:289 - Generated code: C:\Users\aliya\proje\KontrolOrtakCalisma\Kontroll4\Core\Src\stm32f4xx_hal_msp.c
2025-07-23 03:21:38,097 [INFO] CodeEngine:265 - oldGeneratedFile, C:\Users\aliya\proje\KontrolOrtakCalisma\Kontroll4\MXTmpFiles\system.tmp_save
2025-07-23 03:21:38,154 [INFO] CodeEngine:289 - Generated code: C:\Users\aliya\proje\KontrolOrtakCalisma\Kontroll4\MXTmpFiles\system.tmp
2025-07-23 03:21:38,162 [INFO] CodeEngine:265 - oldGeneratedFile, C:\Users\aliya\proje\KontrolOrtakCalisma\Kontroll4\Core\Src\stm32f4xx_hal_timebase_tim.c_save
2025-07-23 03:21:38,229 [INFO] CodeEngine:289 - Generated code: C:\Users\aliya\proje\KontrolOrtakCalisma\Kontroll4\Core\Src\stm32f4xx_hal_timebase_tim.c
2025-07-23 03:21:38,244 [INFO] CodeEngine:321 - oldGeneratedFile, C:\Users\aliya\proje\KontrolOrtakCalisma\Kontroll4\Core\Inc\stm32f4xx_hal_conf.h_save
2025-07-23 03:21:38,314 [INFO] CodeEngine:345 - Generated code: C:\Users\aliya\proje\KontrolOrtakCalisma\Kontroll4\Core\Inc\stm32f4xx_hal_conf.h
2025-07-23 03:21:38,382 [WARN] IPConfigManager:3238 - Warning: the RefConfig PLL2P_FOR_MCO is not available in your config.xml file
2025-07-23 03:21:38,399 [INFO] ApiDbMcu:532 - Load IP Config File for I2C2
2025-07-23 03:21:38,426 [INFO] ApiDbMcu:532 - Load IP Config File for TIM8
2025-07-23 03:21:38,436 [INFO] ApiDbMcu:532 - Load IP Config File for USART2
2025-07-23 03:21:38,445 [INFO] ApiDbMcu:532 - Load IP Config File for RCC
2025-07-23 03:21:38,468 [INFO] CodeEngine:265 - oldGeneratedFile, C:\Users\aliya\proje\KontrolOrtakCalisma\Kontroll4\Core\Inc\main.h_save
2025-07-23 03:21:38,619 [INFO] CodeEngine:289 - Generated code: C:\Users\aliya\proje\KontrolOrtakCalisma\Kontroll4\Core\Inc\main.h
2025-07-23 03:21:38,630 [INFO] CodeEngine:265 - oldGeneratedFile, C:\Users\aliya\proje\KontrolOrtakCalisma\Kontroll4\Core\Src\main.c_save
2025-07-23 03:21:38,840 [INFO] CodeEngine:289 - Generated code: C:\Users\aliya\proje\KontrolOrtakCalisma\Kontroll4\Core\Src\main.c
2025-07-23 03:21:39,366 [INFO] ProjectBuilder:3606 - Time for Copy HAL[1] : 283mS.
2025-07-23 03:21:39,377 [INFO] ProjectBuilder:5216 - Project Generator version: 4.7.0-B52
2025-07-23 03:21:39,477 [INFO] ConfigFileManager:1595 - The Die is : DIE421
2025-07-23 03:21:39,481 [INFO] ApiDbMcu:532 - Load IP Config File for FATFS
2025-07-23 03:21:39,483 [INFO] ApiDbMcu:532 - Load IP Config File for LIBJPEG
2025-07-23 03:21:39,489 [INFO] ApiDbMcu:532 - Load IP Config File for MBEDTLS
2025-07-23 03:21:39,497 [INFO] ApiDbMcu:532 - Load IP Config File for USB_DEVICE
2025-07-23 03:21:39,500 [INFO] ApiDbMcu:532 - Load IP Config File for USB_HOST
2025-07-23 03:21:40,005 [INFO] LogOutputStream:77 - [STDOUT_REDIRECT] 
2025-07-23 03:21:41,988 [INFO] ProjectBuilder:5496 - Time for Generating toolchain IDE Files: 2609mS.
2025-07-23 03:21:41,990 [INFO] ProjectBuilder:3463 - Time for Copy CMSIS : 1mS.
2025-07-23 03:21:42,000 [INFO] ProjectBuilder:3463 - Time for Copy CMSIS : 0mS.
2025-07-23 03:27:27,538 [INFO] NvicIntPanel:101 - NVIC parent = com.st.microxplorer.plugins.ip.nvic.MultiNvicIntPanel[,0,0,610x254,layout=javax.swing.BoxLayout,alignmentX=0.0,alignmentY=0.0,border=,flags=9,maximumSize=,minimumSize=,preferredSize=]
2025-07-23 03:41:47,515 [INFO] WebApp:194 - Connection lost
2025-07-23 03:41:47,982 [INFO] WebApp:191 - Connection restablished
2025-07-23 03:41:49,852 [INFO] WebApp:194 - Connection lost
2025-07-23 03:41:50,016 [INFO] WebApp:191 - Connection restablished
2025-07-23 05:17:31,196 [ERROR] LogOutputStream:75 - [STDERR_REDIRECT] 
2025-07-23 05:17:31,198 [ERROR] LogOutputStream:75 - [STDERR_REDIRECT] 
2025-07-23 09:38:44,316 [INFO] Activator:176 - 


2025-07-23 09:38:44,319 [INFO] Activator:177 - !SESSION log4j initialized
2025-07-23 09:38:53,523 [INFO] LogOutputStream:77 - [STDOUT_REDIRECT] 
2025-07-23 09:38:57,176 [INFO] ApplicationProperties:184 - Using Application install path: C:\ST\STM32CubeIDE_1.18.1\STM32CubeIDE\plugins\com.st.stm32cube.common.mx_6.15.0.202507011659
2025-07-23 09:38:57,211 [INFO] DbMcusXml:78 - Set database path to: C:\ST\STM32CubeIDE_1.18.1\STM32CubeIDE\plugins\com.st.stm32cube.common.mx_6.15.0.202507011659\\db\/mcu/
2025-07-23 09:38:57,213 [INFO] ApiDb:274 - Set plugin database path to: C:\ST\STM32CubeIDE_1.18.1\STM32CubeIDE\plugins\com.st.stm32cube.common.mx_6.15.0.202507011659\\db\/plugins/boardmanager/
2025-07-23 09:38:57,213 [WARN] ApiDb:259 - Overriding images path with different value:  => C:\ST\STM32CubeIDE_1.18.1\STM32CubeIDE\plugins\com.st.stm32cube.common.mx_6.15.0.202507011659\\db\/plugins/mcufinder/images/
2025-07-23 09:38:57,228 [INFO] ApiDb:250 - Set database path to: C:\Users\aliya\.stmcufinder\plugins\mcufinder//mcu/
2025-07-23 09:38:57,230 [INFO] DbMcusAds:125 - Set database path to: C:\Users\aliya\.stmcufinder\plugins\mcufinder//mcu/
2025-07-23 09:38:57,234 [INFO] CrossReferenceDbSqlite:203 - Set database path to: C:\Users\aliya\.stmcufinder\plugins\mcufinder//mcu/cs/
2025-07-23 09:38:57,404 [INFO] RulesReader:64 - Compatibility file has been processed (317 Rules)
2025-07-23 09:38:57,583 [INFO] DbMcusXml:78 - Set database path to: C:\ST\STM32CubeIDE_1.18.1\STM32CubeIDE\plugins\com.st.stm32cube.common.mx_6.15.0.202507011659\\db\/mcu/
2025-07-23 09:38:57,583 [INFO] ApiDb:274 - Set plugin database path to: C:\ST\STM32CubeIDE_1.18.1\STM32CubeIDE\plugins\com.st.stm32cube.common.mx_6.15.0.202507011659\\db\/plugins/boardmanager/
2025-07-23 09:38:57,583 [INFO] ApiDb:261 - Set plugin images path to: C:\ST\STM32CubeIDE_1.18.1\STM32CubeIDE\plugins\com.st.stm32cube.common.mx_6.15.0.202507011659\\db\/plugins/mcufinder/images/
2025-07-23 09:38:57,584 [WARN] DbFile:41 - Overriding database path with different value: C:\Users\aliya\.stmcufinder\plugins\mcufinder/ => C:\Users\aliya\.stmcufinder\plugins\mcufinder
2025-07-23 09:38:57,584 [INFO] ApiDb:250 - Set database path to: C:\Users\aliya\.stmcufinder\plugins\mcufinder//mcu/
2025-07-23 09:38:57,584 [WARN] DbFile:41 - Overriding database path with different value: C:\Users\aliya\.stmcufinder\plugins\mcufinder/ => C:\Users\aliya\.stmcufinder\plugins\mcufinder
2025-07-23 09:38:57,584 [INFO] DbMcusAds:125 - Set database path to: C:\Users\aliya\.stmcufinder\plugins\mcufinder//mcu/
2025-07-23 09:38:57,584 [WARN] DbFile:41 - Overriding database path with different value: C:\Users\aliya\.stmcufinder\plugins\mcufinder/ => C:\Users\aliya\.stmcufinder\plugins\mcufinder
2025-07-23 09:38:57,585 [WARN] DbFile:41 - Overriding database path with different value: C:\Users\aliya\.stmcufinder\plugins\mcufinder/ => C:\Users\aliya\.stmcufinder\plugins\mcufinder
2025-07-23 09:38:57,585 [INFO] CrossReferenceDbSqlite:203 - Set database path to: C:\Users\aliya\.stmcufinder\plugins\mcufinder//mcu/cs/
2025-07-23 09:38:57,708 [INFO] MainPanel:274 - HeapMemory: 278921216
2025-07-23 09:38:57,921 [INFO] DbMcusXml:78 - Set database path to: C:\ST\STM32CubeIDE_1.18.1\STM32CubeIDE\plugins\com.st.stm32cube.common.mx_6.15.0.202507011659\\db\/mcu/
2025-07-23 09:38:57,922 [INFO] ApiDb:274 - Set plugin database path to: C:\ST\STM32CubeIDE_1.18.1\STM32CubeIDE\plugins\com.st.stm32cube.common.mx_6.15.0.202507011659\\db\/plugins/boardmanager/
2025-07-23 09:38:57,922 [INFO] ApiDb:261 - Set plugin images path to: C:\ST\STM32CubeIDE_1.18.1\STM32CubeIDE\plugins\com.st.stm32cube.common.mx_6.15.0.202507011659\\db\/plugins/mcufinder/images/
2025-07-23 09:38:57,922 [WARN] DbFile:41 - Overriding database path with different value: C:\Users\aliya\.stmcufinder\plugins\mcufinder/ => C:\Users\aliya\.stmcufinder\plugins\mcufinder
2025-07-23 09:38:57,924 [INFO] ApiDb:250 - Set database path to: C:\Users\aliya\.stmcufinder\plugins\mcufinder//mcu/
2025-07-23 09:38:57,924 [WARN] DbFile:41 - Overriding database path with different value: C:\Users\aliya\.stmcufinder\plugins\mcufinder/ => C:\Users\aliya\.stmcufinder\plugins\mcufinder
2025-07-23 09:38:57,924 [INFO] DbMcusAds:125 - Set database path to: C:\Users\aliya\.stmcufinder\plugins\mcufinder//mcu/
2025-07-23 09:38:57,924 [WARN] DbFile:41 - Overriding database path with different value: C:\Users\aliya\.stmcufinder\plugins\mcufinder/ => C:\Users\aliya\.stmcufinder\plugins\mcufinder
2025-07-23 09:38:57,924 [WARN] DbFile:41 - Overriding database path with different value: C:\Users\aliya\.stmcufinder\plugins\mcufinder/ => C:\Users\aliya\.stmcufinder\plugins\mcufinder
2025-07-23 09:38:57,924 [INFO] CrossReferenceDbSqlite:203 - Set database path to: C:\Users\aliya\.stmcufinder\plugins\mcufinder//mcu/cs/
2025-07-23 09:38:57,949 [INFO] ApplicationProperties:184 - Using Application install path: C:\ST\STM32CubeIDE_1.18.1\STM32CubeIDE\plugins\com.st.stm32cube.common.mx_6.15.0.202507011659
2025-07-23 09:38:57,951 [INFO] PluginManage:196 - Search for loadable plugins [exclusion list=, ]
2025-07-23 09:38:57,953 [INFO] PluginManage:310 - Check plugin analytics
2025-07-23 09:38:58,249 [INFO] AnalyticsPlugin:253 - Accepted Software Licenses: 
2025-07-23 09:38:58,250 [INFO] AnalyticsPlugin:255 - Accepted CMSIS Pack Licenses: 
2025-07-23 09:38:58,250 [INFO] AnalyticsPlugin:257 - Accepted Firmware Licenses: 
2025-07-23 09:38:58,251 [INFO] PluginManage:359 - Loaded plugin analytics (category:tool,tabindex:-1)
2025-07-23 09:38:58,251 [INFO] PluginManage:310 - Check plugin cadmodel
2025-07-23 09:38:58,258 [INFO] CADModel:105 - Init CAD model plugin
2025-07-23 09:38:58,259 [INFO] PluginManage:359 - Loaded plugin cadmodel (category:power,tabindex:5)
2025-07-23 09:38:58,259 [INFO] PluginManage:310 - Check plugin clock
2025-07-23 09:38:58,271 [INFO] PluginManage:359 - Loaded plugin clock (category:base,tabindex:2)
2025-07-23 09:38:58,272 [INFO] PluginManage:310 - Check plugin ddr
2025-07-23 09:38:58,275 [INFO] PluginManage:359 - Loaded plugin ddr (category:tool,tabindex:6)
2025-07-23 09:38:58,275 [INFO] PluginManage:310 - Check plugin filemanager
2025-07-23 09:38:58,496 [INFO] PluginManage:359 - Loaded plugin filemanager (category:base,tabindex:10)
2025-07-23 09:38:58,496 [INFO] PluginManage:310 - Check plugin ipmanager
2025-07-23 09:38:58,508 [INFO] PluginManage:359 - Loaded plugin ipmanager (category:base,tabindex:5)
2025-07-23 09:38:58,508 [INFO] PluginManage:310 - Check plugin lpbam
2025-07-23 09:38:58,521 [INFO] PluginManage:359 - Loaded plugin lpbam (category:base,tabindex:0)
2025-07-23 09:38:58,521 [INFO] PluginManage:310 - Check plugin memorymap
2025-07-23 09:38:58,540 [INFO] PluginManage:359 - Loaded plugin memorymap (category:base,tabindex:4)
2025-07-23 09:38:58,540 [INFO] PluginManage:310 - Check plugin pinoutandconfiguration
2025-07-23 09:38:58,553 [INFO] PluginManage:359 - Loaded plugin pinoutandconfiguration (category:base,tabindex:1)
2025-07-23 09:38:58,553 [INFO] PluginManage:310 - Check plugin pinoutconfig
2025-07-23 09:38:58,688 [WARN] SupportedApi:132 - Cannot load RTOS API schema: s4s-elt-must-match.1: The content of 'definitions' must match (annotation?, (simpleType | complexType)?, (unique | key | keyref)*)). A problem was found starting at: attribute.
2025-07-23 09:38:58,898 [INFO] PluginManage:359 - Loaded plugin pinoutconfig (category:base,tabindex:0)
2025-07-23 09:38:58,898 [INFO] PluginManage:310 - Check plugin power
2025-07-23 09:38:58,913 [INFO] PluginManage:359 - Loaded plugin power (category:power,tabindex:4)
2025-07-23 09:38:58,913 [INFO] PluginManage:310 - Check plugin projectmanager
2025-07-23 09:38:58,934 [INFO] PluginManage:359 - Loaded plugin projectmanager (category:projectmanager,tabindex:4)
2025-07-23 09:38:58,934 [INFO] PluginManage:310 - Check plugin rif
2025-07-23 09:38:58,945 [INFO] PluginManage:359 - Loaded plugin rif (category:base,tabindex:3)
2025-07-23 09:38:58,945 [INFO] PluginManage:310 - Check plugin thirdparty
2025-07-23 09:38:59,123 [INFO] PluginManage:359 - Loaded plugin thirdparty (category:base,tabindex:-1)
2025-07-23 09:38:59,123 [WARN] IntegrityCheckThread:84 - waiting for thirdparty lock release [integrity check]
2025-07-23 09:38:59,124 [INFO] PluginManage:310 - Check plugin tools
2025-07-23 09:38:59,124 [INFO] IntegrityCheckThread:86 - entering critical section [integrity check]
2025-07-23 09:38:59,124 [INFO] ThirdPartyUpdaterWithRetryManager:70 - Updater plugin not ready yet. [1/15]
2025-07-23 09:38:59,127 [INFO] PluginManage:359 - Loaded plugin tools (category:base,tabindex:7)
2025-07-23 09:38:59,127 [INFO] PluginManage:310 - Check plugin tutovideos
2025-07-23 09:38:59,436 [INFO] PluginManage:359 - Loaded plugin tutovideos (category:base,tabindex:-1)
2025-07-23 09:38:59,436 [INFO] PluginManage:310 - Check plugin updater
2025-07-23 09:38:59,464 [INFO] PluginManage:359 - Loaded plugin updater (category:base,tabindex:12)
2025-07-23 09:38:59,464 [INFO] PluginManage:310 - Check plugin userauth
2025-07-23 09:38:59,469 [INFO] UserAuth:118 - Init User Auth plugin
2025-07-23 09:38:59,470 [INFO] PluginManage:359 - Loaded plugin userauth (category:base,tabindex:14)
2025-07-23 09:38:59,470 [INFO] PluginManage:283 - PluginManage : Loaded plugins [18]
2025-07-23 09:38:59,838 [INFO] PinOutPanel:1589 - setPackage(No Configuration,No Configuration)
2025-07-23 09:39:00,038 [INFO] CADModel:165 - CPN selected for project level
2025-07-23 09:39:00,038 [INFO] CADModel:114 - Register for checkConnection events
2025-07-23 09:39:00,065 [INFO] IPUIPlugin:80 - create IPUIPlugin
2025-07-23 09:39:00,066 [INFO] PluginManager:220 - loadIPPluginJar : add adc
2025-07-23 09:39:00,071 [INFO] IPUIPlugin:80 - create IPUIPlugin
2025-07-23 09:39:00,071 [INFO] PluginManager:220 - loadIPPluginJar : add aes
2025-07-23 09:39:00,074 [INFO] IPUIPlugin:80 - create IPUIPlugin
2025-07-23 09:39:00,075 [INFO] PluginManager:220 - loadIPPluginJar : add can
2025-07-23 09:39:00,077 [INFO] IPUIPlugin:80 - create IPUIPlugin
2025-07-23 09:39:00,077 [INFO] PluginManager:220 - loadIPPluginJar : add comp
2025-07-23 09:39:00,081 [INFO] IPUIPlugin:80 - create IPUIPlugin
2025-07-23 09:39:00,081 [INFO] PluginManager:220 - loadIPPluginJar : add cryp
2025-07-23 09:39:00,087 [INFO] IPUIPlugin:80 - create IPUIPlugin
2025-07-23 09:39:00,087 [INFO] PluginManager:220 - loadIPPluginJar : add ddr_ctrl_phy
2025-07-23 09:39:00,091 [INFO] IPUIPlugin:80 - create IPUIPlugin
2025-07-23 09:39:00,091 [INFO] PluginManager:220 - loadIPPluginJar : add dfsdm
2025-07-23 09:39:00,099 [INFO] IPUIPlugin:80 - create IPUIPlugin
2025-07-23 09:39:00,100 [INFO] PluginManager:220 - loadIPPluginJar : add dma
2025-07-23 09:39:00,104 [INFO] IPUIPlugin:80 - create IPUIPlugin
2025-07-23 09:39:00,104 [INFO] PluginManager:220 - loadIPPluginJar : add dma3
2025-07-23 09:39:00,107 [INFO] IPUIPlugin:80 - create IPUIPlugin
2025-07-23 09:39:00,108 [INFO] PluginManager:220 - loadIPPluginJar : add extmemmanager
2025-07-23 09:39:00,111 [INFO] IPUIPlugin:80 - create IPUIPlugin
2025-07-23 09:39:00,111 [INFO] PluginManager:220 - loadIPPluginJar : add fatfs
2025-07-23 09:39:00,117 [INFO] IPUIPlugin:80 - create IPUIPlugin
2025-07-23 09:39:00,117 [INFO] PluginManager:220 - loadIPPluginJar : add fmc
2025-07-23 09:39:00,126 [INFO] IPUIPlugin:80 - create IPUIPlugin
2025-07-23 09:39:00,126 [INFO] PluginManager:220 - loadIPPluginJar : add freertos
2025-07-23 09:39:00,129 [INFO] IPUIPlugin:80 - create IPUIPlugin
2025-07-23 09:39:00,129 [INFO] PluginManager:220 - loadIPPluginJar : add genericplugin
2025-07-23 09:39:00,134 [INFO] IPUIPlugin:80 - create IPUIPlugin
2025-07-23 09:39:00,134 [INFO] PluginManager:220 - loadIPPluginJar : add gfxmmu
2025-07-23 09:39:00,140 [INFO] IPUIPlugin:80 - create IPUIPlugin
2025-07-23 09:39:00,141 [INFO] PluginManager:220 - loadIPPluginJar : add gic
2025-07-23 09:39:00,148 [INFO] IPUIPlugin:80 - create IPUIPlugin
2025-07-23 09:39:00,148 [INFO] PluginManager:220 - loadIPPluginJar : add gpio
2025-07-23 09:39:00,152 [INFO] IPUIPlugin:80 - create IPUIPlugin
2025-07-23 09:39:00,152 [INFO] PluginManager:220 - loadIPPluginJar : add gtzc
2025-07-23 09:39:00,157 [INFO] IPUIPlugin:80 - create IPUIPlugin
2025-07-23 09:39:00,157 [INFO] PluginManager:220 - loadIPPluginJar : add hash
2025-07-23 09:39:00,161 [INFO] IPUIPlugin:80 - create IPUIPlugin
2025-07-23 09:39:00,162 [INFO] PluginManager:220 - loadIPPluginJar : add i2c
2025-07-23 09:39:00,165 [INFO] IPUIPlugin:80 - create IPUIPlugin
2025-07-23 09:39:00,165 [INFO] PluginManager:220 - loadIPPluginJar : add i2s
2025-07-23 09:39:00,170 [INFO] IPUIPlugin:80 - create IPUIPlugin
2025-07-23 09:39:00,170 [INFO] PluginManager:220 - loadIPPluginJar : add i3c
2025-07-23 09:39:00,175 [INFO] IPUIPlugin:80 - create IPUIPlugin
2025-07-23 09:39:00,175 [INFO] PluginManager:220 - loadIPPluginJar : add ipddr
2025-07-23 09:39:00,184 [INFO] IPUIPlugin:80 - create IPUIPlugin
2025-07-23 09:39:00,184 [INFO] PluginManager:220 - loadIPPluginJar : add linkedlist
2025-07-23 09:39:00,188 [INFO] IPUIPlugin:80 - create IPUIPlugin
2025-07-23 09:39:00,188 [INFO] PluginManager:220 - loadIPPluginJar : add lorawan
2025-07-23 09:39:00,190 [INFO] IPUIPlugin:80 - create IPUIPlugin
2025-07-23 09:39:00,190 [INFO] PluginManager:220 - loadIPPluginJar : add ltdc
2025-07-23 09:39:00,196 [INFO] IPUIPlugin:80 - create IPUIPlugin
2025-07-23 09:39:00,196 [INFO] PluginManager:220 - loadIPPluginJar : add mdma
2025-07-23 09:39:00,202 [INFO] IPUIPlugin:80 - create IPUIPlugin
2025-07-23 09:39:00,202 [INFO] PluginManager:220 - loadIPPluginJar : add nvic
2025-07-23 09:39:00,207 [INFO] IPUIPlugin:80 - create IPUIPlugin
2025-07-23 09:39:00,207 [INFO] PluginManager:220 - loadIPPluginJar : add opamp
2025-07-23 09:39:00,212 [INFO] IPUIPlugin:80 - create IPUIPlugin
2025-07-23 09:39:00,212 [INFO] PluginManager:220 - loadIPPluginJar : add openamp
2025-07-23 09:39:00,216 [INFO] IPUIPlugin:80 - create IPUIPlugin
2025-07-23 09:39:00,217 [INFO] PluginManager:220 - loadIPPluginJar : add pdm2pcm
2025-07-23 09:39:00,226 [INFO] IPUIPlugin:80 - create IPUIPlugin
2025-07-23 09:39:00,229 [INFO] PluginManager:220 - loadIPPluginJar : add plateformsettings
2025-07-23 09:39:00,233 [INFO] IPUIPlugin:80 - create IPUIPlugin
2025-07-23 09:39:00,233 [INFO] PluginManager:220 - loadIPPluginJar : add quadspi
2025-07-23 09:39:00,236 [INFO] IPUIPlugin:80 - create IPUIPlugin
2025-07-23 09:39:00,237 [INFO] PluginManager:220 - loadIPPluginJar : add radio
2025-07-23 09:39:00,243 [INFO] IPUIPlugin:80 - create IPUIPlugin
2025-07-23 09:39:00,243 [INFO] PluginManager:220 - loadIPPluginJar : add resmgrutility
2025-07-23 09:39:00,247 [INFO] IPUIPlugin:80 - create IPUIPlugin
2025-07-23 09:39:00,247 [INFO] PluginManager:220 - loadIPPluginJar : add sai
2025-07-23 09:39:00,250 [INFO] IPUIPlugin:80 - create IPUIPlugin
2025-07-23 09:39:00,250 [INFO] PluginManager:220 - loadIPPluginJar : add spi
2025-07-23 09:39:00,259 [INFO] IPUIPlugin:80 - create IPUIPlugin
2025-07-23 09:39:00,260 [INFO] PluginManager:220 - loadIPPluginJar : add stm32_wpan
2025-07-23 09:39:00,263 [INFO] IPUIPlugin:80 - create IPUIPlugin
2025-07-23 09:39:00,264 [INFO] PluginManager:220 - loadIPPluginJar : add tim
2025-07-23 09:39:00,269 [INFO] IPUIPlugin:80 - create IPUIPlugin
2025-07-23 09:39:00,271 [INFO] PluginManager:220 - loadIPPluginJar : add touchsensing
2025-07-23 09:39:00,275 [INFO] IPUIPlugin:80 - create IPUIPlugin
2025-07-23 09:39:00,275 [INFO] PluginManager:220 - loadIPPluginJar : add tracer_emb
2025-07-23 09:39:00,279 [INFO] IPUIPlugin:80 - create IPUIPlugin
2025-07-23 09:39:00,279 [INFO] PluginManager:220 - loadIPPluginJar : add ts
2025-07-23 09:39:00,282 [INFO] IPUIPlugin:80 - create IPUIPlugin
2025-07-23 09:39:00,282 [INFO] PluginManager:220 - loadIPPluginJar : add tsc
2025-07-23 09:39:00,287 [INFO] IPUIPlugin:80 - create IPUIPlugin
2025-07-23 09:39:00,287 [INFO] PluginManager:220 - loadIPPluginJar : add ucpd
2025-07-23 09:39:00,291 [INFO] IPUIPlugin:80 - create IPUIPlugin
2025-07-23 09:39:00,291 [INFO] PluginManager:220 - loadIPPluginJar : add usart
2025-07-23 09:39:00,295 [INFO] IPUIPlugin:80 - create IPUIPlugin
2025-07-23 09:39:00,295 [INFO] PluginManager:220 - loadIPPluginJar : add usbx
2025-07-23 09:39:00,439 [FATAL] Updater:351 - Updater called before beeing initialized
2025-07-23 09:39:00,516 [INFO] RulesReader:64 - Compatibility file has been processed (317 Rules)
2025-07-23 09:39:00,541 [INFO] RulesReader:64 - Compatibility file has been processed (317 Rules)
2025-07-23 09:39:00,555 [INFO] CADModel:165 - CPN selected for project level
2025-07-23 09:39:00,556 [INFO] CADModel:114 - Register for checkConnection events
2025-07-23 09:39:00,556 [FATAL] Updater:351 - Updater called before beeing initialized
2025-07-23 09:39:00,556 [ERROR] CADModel:125 - Updater not yet initialized, retry later 
2025-07-23 09:39:00,746 [FATAL] Updater:351 - Updater called before beeing initialized
2025-07-23 09:39:00,749 [INFO] CADModel:165 - CPN selected for project level
2025-07-23 09:39:00,749 [INFO] CADModel:114 - Register for checkConnection events
2025-07-23 09:39:00,749 [FATAL] Updater:351 - Updater called before beeing initialized
2025-07-23 09:39:00,749 [ERROR] CADModel:125 - Updater not yet initialized, retry later 
2025-07-23 09:39:00,754 [FATAL] Updater:351 - Updater called before beeing initialized
2025-07-23 09:39:00,955 [FATAL] Updater:351 - Updater called before beeing initialized
2025-07-23 09:39:00,964 [INFO] DbMcusAds:53 - JSON generation date=Tue Jul 08 11:14:23 TRT 2025 (1751962463562)
2025-07-23 09:39:00,964 [FATAL] Updater:351 - Updater called before beeing initialized
2025-07-23 09:39:01,035 [WARN] DetailPanel:346 - Failed to get advertising image, set to default
2025-07-23 09:39:01,132 [FATAL] Updater:351 - Updater called before beeing initialized
2025-07-23 09:39:01,134 [FATAL] Updater:351 - Updater called before beeing initialized
2025-07-23 09:39:01,134 [FATAL] Updater:351 - Updater called before beeing initialized
2025-07-23 09:39:01,134 [WARN] DetailPanel:346 - Failed to get advertising image, set to default
2025-07-23 09:39:01,135 [FATAL] Updater:351 - Updater called before beeing initialized
2025-07-23 09:39:01,190 [ERROR] Updater:1198 - MainUpdater not yet initialized. External WinMGr cannot be set.
2025-07-23 09:39:01,192 [INFO] Updater:1134 - Updater Version found : 6.15.0
2025-07-23 09:39:01,211 [INFO] ApplicationProperties:184 - Using Application install path: C:\ST\STM32CubeIDE_1.18.1\STM32CubeIDE\plugins\com.st.stm32cube.common.mx_6.15.0.202507011659
2025-07-23 09:39:02,126 [INFO] ThirdPartyUpdaterWithRetryManager:70 - Updater plugin not ready yet. [2/15]
2025-07-23 09:39:02,794 [ERROR] LogOutputStream:75 - [STDERR_REDIRECT] Jul 23, 2025 9:39:02 AM java.util.prefs.WindowsPreferences <init>
2025-07-23 09:39:02,796 [ERROR] LogOutputStream:75 - [STDERR_REDIRECT] WARNING: Could not open/create prefs root node Software\JavaSoft\Prefs at root 0xffffffff80000002. Windows RegCreateKeyEx(...) returned error code 5.
2025-07-23 09:39:02,796 [ERROR] LogOutputStream:75 - [STDERR_REDIRECT] 
2025-07-23 09:39:03,355 [INFO] MainUpdater:2872 - connection check result : 10
2025-07-23 09:39:03,356 [INFO] MainUpdater:289 - Updater Check For Update Now.
2025-07-23 09:39:03,356 [INFO] MicroXplorer:498 - Change Database Version : DB.6.0.150
2025-07-23 09:39:03,365 [INFO] McuFinderGlobals:63 - Set McuFinder mode to 2 (CubeIDE integrated)
2025-07-23 09:39:03,366 [INFO] UserAuth:487 - Internet connection configuration mode: 1
2025-07-23 09:39:03,395 [INFO] JxBrowserEngine:152 - Initiate JxBrowser Engine with user profile folder
2025-07-23 09:39:03,577 [INFO] CheckServerUpdateThread:120 - End of CheckServer Thread
2025-07-23 09:39:05,171 [INFO] McuFinderGlobals:63 - Set McuFinder mode to 2 (CubeIDE integrated)
2025-07-23 09:39:05,379 [INFO] MainUpdater:2872 - connection check result : 10
2025-07-23 09:39:05,381 [INFO] MainUpdater:2872 - connection check result : 10
2025-07-23 09:39:05,411 [INFO] WebApp:169 - Instantiating new browser for Auth
2025-07-23 09:39:05,444 [INFO] MicroXplorer:468 - Change Database Path : 
2025-07-23 09:39:05,445 [INFO] MicroXplorer:498 - Change Database Version : DB.6.0.150
2025-07-23 09:39:05,465 [WARN] ThirdParty:871 - waiting for thirdparty lock release [close project]
2025-07-23 09:39:05,732 [WARN] PackLoader:240 - Cannot read IP mode file for STMicroelectronics.FP-SNS-MOTENVWB1.1.4.0
2025-07-23 09:39:05,762 [WARN] PackLoader:240 - Cannot read IP mode file for STMicroelectronics.FP-ATR-ASTRA1.2.0.2
2025-07-23 09:39:05,781 [WARN] PackLoader:240 - Cannot read IP mode file for STMicroelectronics.X-CUBE-SMBUS.2.1.0
2025-07-23 09:39:05,792 [WARN] PackLoader:240 - Cannot read IP mode file for STMicroelectronics.X-CUBE-ST60.1.0.0
2025-07-23 09:39:05,901 [WARN] PackLoader:240 - Cannot read IP mode file for STMicroelectronics.X-CUBE-AZRTOS-F7.1.1.0
2025-07-23 09:39:05,956 [WARN] PackLoader:240 - Cannot read IP mode file for Infineon.AIROC-Wi-Fi-Bluetooth-STM32.1.7.0
2025-07-23 09:39:06,010 [WARN] PackLoader:240 - Cannot read IP mode file for STMicroelectronics.X-CUBE-AZRTOS-H7.3.4.0
2025-07-23 09:39:06,042 [WARN] PackLoader:240 - Cannot read IP mode file for STMicroelectronics.X-CUBE-DISPLAY.3.0.0
2025-07-23 09:39:06,072 [WARN] PackLoader:240 - Cannot read IP mode file for STMicroelectronics.X-CUBE-NFC10.1.0.0
2025-07-23 09:39:06,097 [WARN] PackLoader:240 - Cannot read IP mode file for STMicroelectronics.X-CUBE-BLEMGR.4.0.0
2025-07-23 09:39:06,117 [WARN] PackLoader:240 - Cannot read IP mode file for emotas.I-CUBE-CANOPEN.1.3.0
2025-07-23 09:39:06,128 [WARN] ConditionMgr:438 - getConditionDescription Invalid condition id : Cortex-A Device cause : null
2025-07-23 09:39:06,151 [WARN] ConditionMgr:1044 - genDependencies : Invalid condition id : Cortex-A Device cause : null
2025-07-23 09:39:06,152 [WARN] ConditionMgr:1044 - genDependencies : Invalid condition id : Cortex-A Device cause : null
2025-07-23 09:39:06,152 [WARN] ConditionMgr:1044 - genDependencies : Invalid condition id : Cortex-A Device cause : null
2025-07-23 09:39:06,161 [WARN] PackLoader:240 - Cannot read IP mode file for STMicroelectronics.FP-SNS-SMARTAG2.1.2.0
2025-07-23 09:39:06,171 [WARN] PackLoader:240 - Cannot read IP mode file for STMicroelectronics.FP-SNS-FLIGHT1.5.1.0
2025-07-23 09:39:06,194 [INFO] LogOutputStream:77 - [STDOUT_REDIRECT] 1 : Invalid condition id : UX_CORESTACK_Condition cause : null
2025-07-23 09:39:06,196 [INFO] LogOutputStream:77 - [STDOUT_REDIRECT] 1 : Invalid condition id : UX_CORESTACK_Condition cause : null
2025-07-23 09:39:06,202 [INFO] LogOutputStream:77 - [STDOUT_REDIRECT] 1 : Invalid condition id : UX_CORESTACK_Condition cause : null
2025-07-23 09:39:06,204 [INFO] LogOutputStream:77 - [STDOUT_REDIRECT] 1 : Invalid condition id : UX_CORESTACK_Condition cause : null
2025-07-23 09:39:06,206 [INFO] LogOutputStream:77 - [STDOUT_REDIRECT] 1 : Invalid condition id : UX_CORESTACK_Condition cause : null
2025-07-23 09:39:06,212 [WARN] PackLoader:240 - Cannot read IP mode file for STMicroelectronics.X-CUBE-AZRTOS-WL.2.0.0
2025-07-23 09:39:06,225 [WARN] PackLoader:240 - Cannot read IP mode file for STMicroelectronics.FP-SNS-MOTENV1.5.0.0
2025-07-23 09:39:06,246 [WARN] PackLoader:240 - Cannot read IP mode file for WES.I-CUBE-Cesium.1.3.0
2025-07-23 09:39:06,259 [WARN] PackLoader:240 - Cannot read IP mode file for STMicroelectronics.X-CUBE-BLE2.3.3.0
2025-07-23 09:39:06,275 [WARN] PackLoader:240 - Cannot read IP mode file for STMicroelectronics.X-CUBE-NFC9.1.0.0
2025-07-23 09:39:06,289 [WARN] PackLoader:240 - Cannot read IP mode file for wolfSSL.I-CUBE-wolfSSL.5.8.0
2025-07-23 09:39:06,302 [WARN] PackLoader:240 - Cannot read IP mode file for STMicroelectronics.X-CUBE-BLE1.7.1.0
2025-07-23 09:39:06,311 [WARN] PackLoader:240 - Cannot read IP mode file for wolfSSL.I-CUBE-wolfMQTT.1.19.2
2025-07-23 09:39:06,330 [WARN] PackLoader:240 - Cannot read IP mode file for STMicroelectronics.X-CUBE-EEPRMA1.5.2.0
2025-07-23 09:39:06,360 [WARN] PackLoader:240 - Cannot read IP mode file for STMicroelectronics.X-CUBE-AI.10.1.0
2025-07-23 09:39:06,391 [WARN] PackLoader:240 - Cannot read IP mode file for STMicroelectronics.X-CUBE-AZRTOS-G0.1.1.0
2025-07-23 09:39:06,407 [WARN] PackLoader:240 - Cannot read IP mode file for STMicroelectronics.X-CUBE-SAFEA1.1.2.2
2025-07-23 09:39:06,421 [WARN] PackLoader:240 - Cannot read IP mode file for STMicroelectronics.X-CUBE-NFC4.3.0.0
2025-07-23 09:39:06,445 [WARN] PackLoader:240 - Cannot read IP mode file for EmbeddedOffice.I-CUBE-FS-RTOS.1.0.1
2025-07-23 09:39:06,456 [WARN] PackLoader:240 - Cannot read IP mode file for STMicroelectronics.X-CUBE-WB05N.2.0.0
2025-07-23 09:39:06,466 [WARN] PackLoader:240 - Cannot read IP mode file for wolfSSL.I-CUBE-wolfTPM.3.8.0
2025-07-23 09:39:06,478 [WARN] PackLoader:240 - Cannot read IP mode file for STMicroelectronics.X-CUBE-TCPP.4.2.0
2025-07-23 09:39:06,490 [WARN] PackLoader:240 - Cannot read IP mode file for RealThread.X-CUBE-RT-Thread_Nano.4.1.1
2025-07-23 09:39:06,497 [WARN] PackLoader:240 - Cannot read IP mode file for STMicroelectronics.FP-ATR-SIGFOX1.3.2.0
2025-07-23 09:39:06,507 [WARN] PackLoader:240 - Cannot read IP mode file for STMicroelectronics.X-CUBE-EEPRMA1.5.1.0
2025-07-23 09:39:06,521 [WARN] PackLoader:240 - Cannot read IP mode file for ITTIA_DB.I-CUBE-ITTIADB.8.9.0
2025-07-23 09:39:06,532 [WARN] PackLoader:240 - Cannot read IP mode file for STMicroelectronics.X-CUBE-ST67W61.1.0.0
2025-07-23 09:39:06,574 [WARN] PackLoader:240 - Cannot read IP mode file for SEGGER.I-CUBE-embOS.1.3.1
2025-07-23 09:39:06,648 [WARN] PackLoader:240 - Cannot read IP mode file for STMicroelectronics.X-CUBE-ALGOBUILD.1.4.0
2025-07-23 09:39:06,729 [WARN] PackLoader:240 - Cannot read IP mode file for STMicroelectronics.X-CUBE-MEMS1.11.3.0
2025-07-23 09:39:07,042 [WARN] PackLoader:240 - Cannot read IP mode file for STMicroelectronics.X-CUBE-PM33A1.1.0.0
2025-07-23 09:39:07,077 [WARN] PackLoader:240 - Cannot read IP mode file for STMicroelectronics.X-CUBE-AZRTOS-F4.1.1.0
2025-07-23 09:39:07,109 [WARN] PackLoader:240 - Cannot read IP mode file for Avnet-IotConnect.X-CUBE-IoTC-DA16k-PMOD.1.0.0
2025-07-23 09:39:07,117 [WARN] PackLoader:240 - Cannot read IP mode file for STMicroelectronics.X-CUBE-ISPU.2.1.0
2025-07-23 09:39:07,128 [WARN] PackLoader:240 - Cannot read IP mode file for STMicroelectronics.X-CUBE-NFC12.1.0.0
2025-07-23 09:39:07,156 [WARN] PackLoader:240 - Cannot read IP mode file for STMicroelectronics.X-CUBE-AZRTOS-L5.2.0.0
2025-07-23 09:39:07,181 [WARN] PackLoader:240 - Cannot read IP mode file for STMicroelectronics.X-CUBE-NFC6.3.1.0
2025-07-23 09:39:07,199 [WARN] PackLoader:240 - Cannot read IP mode file for STMicroelectronics.X-CUBE-FREERTOS.1.3.1
2025-07-23 09:39:07,208 [WARN] PackLoader:240 - Cannot read IP mode file for STMicroelectronics.FP-SNS-STAIOTCFT.1.0.0
2025-07-23 09:39:07,220 [WARN] PackLoader:240 - Cannot read IP mode file for STMicroelectronics.X-CUBE-DPower.1.3.0
2025-07-23 09:39:07,269 [WARN] ConditionMgr:438 - getConditionDescription Invalid condition id : LAN8742 Phy interface Condition cause : null
2025-07-23 09:39:07,270 [WARN] PackLoader:240 - Cannot read IP mode file for STMicroelectronics.X-CUBE-AZRTOS-L4.2.0.0
2025-07-23 09:39:07,273 [WARN] ConditionMgr:1044 - genDependencies : Invalid condition id : LAN8742 Phy interface Condition cause : null
2025-07-23 09:39:07,273 [WARN] ConditionMgr:1044 - genDependencies : Invalid condition id : LAN8742 Phy interface Condition cause : null
2025-07-23 09:39:07,276 [WARN] ConditionMgr:1044 - genDependencies : Invalid condition id : LAN8742 Phy interface Condition cause : null
2025-07-23 09:39:07,294 [WARN] PackLoader:240 - Cannot read IP mode file for STMicroelectronics.X-CUBE-SFXS2LP1.4.0.0
2025-07-23 09:39:07,336 [WARN] PackLoader:240 - Cannot read IP mode file for STMicroelectronics.X-CUBE-AZRTOS-H7.3.3.0
2025-07-23 09:39:07,356 [WARN] PackLoader:240 - Cannot read IP mode file for STMicroelectronics.X-CUBE-BLEMGR.4.1.0
2025-07-23 09:39:07,367 [INFO] WebApp:463 - Apply proxy settings
2025-07-23 09:39:07,368 [INFO] WebApp:548 - Chromium requires no authentication
2025-07-23 09:39:07,383 [WARN] ConditionMgr:438 - getConditionDescription Invalid condition id : UX DEVICE CLASS RTOS Condition cause : null
2025-07-23 09:39:07,383 [WARN] ConditionMgr:438 - getConditionDescription Invalid condition id : UX DEVICE CLASS RTOS Condition cause : null
2025-07-23 09:39:07,385 [INFO] WebApp:491 - Direct internet connection detected
2025-07-23 09:39:07,386 [WARN] PackLoader:240 - Cannot read IP mode file for STMicroelectronics.X-CUBE-AZRTOS-WB.2.0.0
2025-07-23 09:39:07,387 [WARN] ConditionMgr:1044 - genDependencies : Invalid condition id : UX DEVICE CLASS RTOS Condition cause : null
2025-07-23 09:39:07,387 [WARN] ConditionMgr:1044 - genDependencies : Invalid condition id : UX DEVICE CLASS RTOS Condition cause : null
2025-07-23 09:39:07,388 [WARN] ConditionMgr:1044 - genDependencies : Invalid condition id : UX DEVICE CLASS RTOS Condition cause : null
2025-07-23 09:39:07,389 [WARN] ConditionMgr:1044 - genDependencies : Invalid condition id : UX DEVICE CLASS RTOS Condition cause : null
2025-07-23 09:39:07,389 [WARN] ConditionMgr:1044 - genDependencies : Invalid condition id : UX DEVICE CLASS RTOS Condition cause : null
2025-07-23 09:39:07,399 [WARN] PackLoader:240 - Cannot read IP mode file for STMicroelectronics.X-CUBE-GNSS1.7.0.1
2025-07-23 09:39:07,408 [WARN] PackLoader:240 - Cannot read IP mode file for STMicroelectronics.X-CUBE-TOUCHGFX.4.25.0
2025-07-23 09:39:07,419 [WARN] PackLoader:240 - Cannot read IP mode file for STMicroelectronics.FP-SNS-STBOX1.2.0.0
2025-07-23 09:39:07,429 [INFO] WebApp:900 - Register for checkConnection events
2025-07-23 09:39:07,430 [INFO] WebApp:463 - Apply proxy settings
2025-07-23 09:39:07,430 [INFO] WebApp:548 - Chromium requires no authentication
2025-07-23 09:39:07,430 [INFO] WebApp:491 - Direct internet connection detected
2025-07-23 09:39:07,437 [WARN] PackLoader:240 - Cannot read IP mode file for STMicroelectronics.X-CUBE-SUBG2.5.0.0
2025-07-23 09:39:07,468 [WARN] PackLoader:240 - Cannot read IP mode file for STMicroelectronics.X-CUBE-AZRTOS-H7RS.1.1.0
2025-07-23 09:39:07,476 [WARN] PackLoader:240 - Cannot read IP mode file for Cesanta.I-CUBE-Mongoose.7.13.0
2025-07-23 09:39:07,491 [WARN] PackLoader:240 - Cannot read IP mode file for STMicroelectronics.X-CUBE-AZRTOS-G4.2.0.0
2025-07-23 09:39:07,498 [WARN] PackLoader:240 - Cannot read IP mode file for wolfSSL.I-CUBE-wolfSSH.1.4.20
2025-07-23 09:39:07,506 [WARN] PackLoader:240 - Cannot read IP mode file for STMicroelectronics.X-CUBE-NFC7.2.0.0
2025-07-23 09:39:07,523 [WARN] PackLoader:240 - Cannot read IP mode file for STMicroelectronics.X-CUBE-IPS.3.1.0
2025-07-23 09:39:07,533 [WARN] PackLoader:240 - Cannot read IP mode file for STMicroelectronics.X-CUBE-ALS.1.0.2
2025-07-23 09:39:07,540 [WARN] PackLoader:240 - Cannot read IP mode file for portGmbH.I-Cube-SoM-uGOAL.1.1.0
2025-07-23 09:39:07,555 [WARN] PackLoader:240 - Cannot read IP mode file for STMicroelectronics.X-CUBE-TOF1.3.4.3
2025-07-23 09:39:07,569 [INFO] ThirdParty:978 - Integrity check success = true
2025-07-23 09:39:07,569 [INFO] IntegrityCheckThread:100 - exiting critical section [integrity check]
2025-07-23 09:39:07,569 [INFO] IntegrityCheckThread:103 - End integrity checks thread
2025-07-23 09:39:07,569 [INFO] ThirdParty:873 - entering critical section [close project]
2025-07-23 09:39:07,570 [INFO] ThirdParty:883 - exiting critical section [close project]
2025-07-23 09:39:07,572 [INFO] PinOutPanel:1589 - setPackage(No Configuration,No Configuration)
2025-07-23 09:39:07,574 [INFO] UtilMem:75 - Begin LoadConfig() Used Memory: 284265552 Bytes (335544320)
2025-07-23 09:39:07,576 [INFO] MicroXplorer:468 - Change Database Path : 
2025-07-23 09:39:07,576 [INFO] MicroXplorer:498 - Change Database Version : DB.6.0.150
2025-07-23 09:39:07,577 [INFO] OpenFileManager:355 - Change cursor
2025-07-23 09:39:07,603 [INFO] Mcu:2029 - Initializing MCU STM32F446R(C-E)Tx STM32F446RETx STM32F446RET6
2025-07-23 09:39:07,756 [INFO] WebApp:225 - Starting web application
2025-07-23 09:39:07,757 [INFO] WebApp:593 - Web application path used C:\ST\STM32CubeIDE_1.18.1\STM32CubeIDE\plugins\com.st.stm32cube.common.mx_6.15.0.202507011659\db\plugins\mcufinder\reactClient1\index.html
2025-07-23 09:39:08,001 [INFO] WebApp:191 - Connection restablished
2025-07-23 09:39:08,196 [INFO] UserAuth:487 - Internet connection configuration mode: 1
2025-07-23 09:39:09,844 [INFO] Context:786 - Trying to add GPIOservice into a context  which must be forbidden
2025-07-23 09:39:10,472 [INFO] ImportTextPane:234 - (OptionalMessage_ERROR) Pin18 (VP_RIF_VS_RIF1) cannot be retrieved for this MCU
2025-07-23 09:39:10,576 [INFO] RtosManager:558 - Registered RTOS mode: class=CMSIS, group=RTOS, mode=CMSIS_V1, owner=FREERTOS
2025-07-23 09:39:10,578 [INFO] RtosManager:558 - Registered RTOS mode: class=CMSIS, group=RTOS2, mode=CMSIS_V2, owner=FREERTOS
2025-07-23 09:39:10,578 [INFO] RtosManager:558 - Registered RTOS mode: class=RTOS, group=Core, mode=CMSIS_V1, owner=FREERTOS
2025-07-23 09:39:10,578 [INFO] RtosManager:558 - Registered RTOS mode: class=RTOS, group=Core, mode=CMSIS_V2, owner=FREERTOS
2025-07-23 09:39:10,578 [WARN] ModelIntegratedComponent:184 - Missing modes for component STMicroelectronics:FreeRTOS:0.0.1:STMicroelectronics:RTOS:FreeRTOS:Core:::10.2.0:
2025-07-23 09:39:10,605 [WARN] ModelIntegratedComponent:63 - No mode defined for component null
2025-07-23 09:39:10,605 [WARN] ModelIntegratedComponent:63 - No mode defined for component null
2025-07-23 09:39:10,605 [WARN] ModelIntegratedComponent:63 - No mode defined for component null
2025-07-23 09:39:10,605 [WARN] ModelIntegratedComponent:63 - No mode defined for component null
2025-07-23 09:39:10,605 [WARN] ModelIntegratedComponent:63 - No mode defined for component null
2025-07-23 09:39:10,605 [WARN] ModelIntegratedComponent:63 - No mode defined for component null
2025-07-23 09:39:10,605 [WARN] ModelIntegratedComponent:63 - No mode defined for component null
2025-07-23 09:39:10,605 [WARN] ModelIntegratedComponent:63 - No mode defined for component null
2025-07-23 09:39:10,605 [WARN] ModelIntegratedComponent:63 - No mode defined for component null
2025-07-23 09:39:10,605 [WARN] ModelIntegratedComponent:63 - No mode defined for component null
2025-07-23 09:39:10,605 [WARN] ModelIntegratedComponent:63 - No mode defined for component null
2025-07-23 09:39:10,605 [WARN] ModelIntegratedComponent:63 - No mode defined for component null
2025-07-23 09:39:10,606 [WARN] ModelIntegratedComponent:63 - No mode defined for component null
2025-07-23 09:39:10,606 [WARN] ModelIntegratedComponent:63 - No mode defined for component null
2025-07-23 09:39:10,606 [WARN] ModelIntegratedComponent:63 - No mode defined for component null
2025-07-23 09:39:10,606 [WARN] ModelIntegratedComponent:63 - No mode defined for component null
2025-07-23 09:39:10,606 [WARN] ModelIntegratedComponent:63 - No mode defined for component null
2025-07-23 09:39:10,606 [WARN] ModelIntegratedComponent:63 - No mode defined for component null
2025-07-23 09:39:10,606 [WARN] ModelIntegratedComponent:63 - No mode defined for component null
2025-07-23 09:39:10,606 [WARN] ModelIntegratedComponent:63 - No mode defined for component null
2025-07-23 09:39:10,606 [WARN] ModelIntegratedComponent:63 - No mode defined for component null
2025-07-23 09:39:10,606 [WARN] ModelIntegratedComponent:63 - No mode defined for component null
2025-07-23 09:39:10,606 [WARN] ModelIntegratedComponent:63 - No mode defined for component null
2025-07-23 09:39:10,606 [WARN] ModelIntegratedComponent:63 - No mode defined for component null
2025-07-23 09:39:10,606 [WARN] ModelIntegratedComponent:63 - No mode defined for component null
2025-07-23 09:39:10,606 [WARN] ModelIntegratedComponent:63 - No mode defined for component null
2025-07-23 09:39:10,606 [WARN] ModelIntegratedComponent:63 - No mode defined for component null
2025-07-23 09:39:10,606 [WARN] ModelIntegratedComponent:63 - No mode defined for component null
2025-07-23 09:39:10,607 [WARN] ModelIntegratedComponent:63 - No mode defined for component null
2025-07-23 09:39:10,607 [WARN] ModelIntegratedComponent:63 - No mode defined for component null
2025-07-23 09:39:10,607 [WARN] ModelIntegratedComponent:63 - No mode defined for component null
2025-07-23 09:39:10,607 [WARN] ModelIntegratedComponent:63 - No mode defined for component null
2025-07-23 09:39:10,607 [WARN] ModelIntegratedComponent:63 - No mode defined for component null
2025-07-23 09:39:10,607 [WARN] ModelIntegratedComponent:63 - No mode defined for component null
2025-07-23 09:39:10,607 [WARN] ModelIntegratedComponent:63 - No mode defined for component null
2025-07-23 09:39:10,607 [WARN] ModelPack:524 - Component already loaded: STMicroelectronics:HAL Drivers:0.0.0:STMicroelectronics:Device:STMicro_Driver:XSPI:HAL::0.0.1:HAL_XSPI
2025-07-23 09:39:10,793 [INFO] ThirdPartyModel:298 - Start build external matchings
2025-07-23 09:39:11,363 [INFO] ThirdPartyModel:316 - End build external matchings
2025-07-23 09:39:11,379 [INFO] RtosManager:1018 - Current active RTOS is FREERTOS [Cortex-M4NS]
2025-07-23 09:39:11,387 [INFO] ImportTextPane:234 - (OptionalMessage_ERROR) IP (RCC) : Invalid parameter (48MHZClocksFreq_Value)
2025-07-23 09:39:11,387 [INFO] ImportTextPane:234 - (OptionalMessage_ERROR) IP (RCC) : Invalid parameter (EthernetFreq_Value)
2025-07-23 09:39:11,389 [INFO] ImportTextPane:234 - (OptionalMessage_ERROR) IP (RCC) : Parameter (FLatency) has Id (AdvancedSettings) currently not set
2025-07-23 09:39:11,389 [INFO] ImportTextPane:234 - (OptionalMessage_ERROR) IP (RCC) : Invalid parameter (FamilyName)
2025-07-23 09:39:11,389 [INFO] ImportTextPane:234 - (OptionalMessage_ERROR) IP (RCC) : Invalid parameter (I2SClocksFreq_Value)
2025-07-23 09:39:11,389 [INFO] ImportTextPane:234 - (OptionalMessage_ERROR) IP (RCC) : Parameter (MCO2PinFreq_Value) has invalid value (180000000)
2025-07-23 09:39:11,391 [INFO] ImportTextPane:234 - (OptionalMessage_ERROR) IP (RCC) : Parameter (SDIOFreq_Value) has invalid value (180000000)
2025-07-23 09:39:11,391 [INFO] ImportTextPane:234 - (OptionalMessage_ERROR) IP (RCC) : Parameter (USBFreq_Value) has invalid value (180000000)
2025-07-23 09:39:11,392 [INFO] ImportTextPane:234 - (OptionalMessage_ERROR) IP (RCC) : Invalid parameter (VCOInputMFreq_Value)
2025-07-23 09:39:11,392 [INFO] ImportTextPane:234 - (OptionalMessage_ERROR) IP (RCC) : Invalid parameter (VcooutputI2S)
2025-07-23 09:39:11,811 [INFO] ApiDb:581 - Connected to CubeFinder SQLite database (C:\Users\aliya\.stmcufinder\plugins\mcufinder\mcu\cube-finder-db.db)
2025-07-23 09:39:12,068 [INFO] ApiDb:668 - CubeFinder database Data Model version=2.1
2025-07-23 09:39:12,068 [INFO] ApiDb:669 - CubeFinder database Configuration version=3.0.39
2025-07-23 09:39:12,070 [INFO] ApiDb:670 - CubeFinder database generation date=2025-06-24 (1750757100)
2025-07-23 09:39:12,070 [INFO] ApiDb:671 - CubeFinder database FW Pack versions=[FP-ATR-ASTRA1_V2.0.0, FP-SNS-FLIGHT1_V5.1.0, FP-SNS-MOTENV1_V5.0.0, FP-SNS-MOTENVWB1_V1.4.0, FP-SNS-SMARTAG2_V1.2.0, FP-SNS-STBOX1_V2.0.0, STM32Cube_FW_C0_V1.4.0, STM32Cube_FW_F4_V1.28.2, STM32Cube_FW_F7_V1.17.3, STM32Cube_FW_G0_V1.6.2, STM32Cube_FW_G4_V1.6.1, STM32Cube_FW_H5_V1.5.0, STM32Cube_FW_H7RS_V1.2.0, STM32Cube_FW_H7_V1.12.1, STM32Cube_FW_L0_V1.12.2, STM32Cube_FW_L4_V1.18.1, STM32Cube_FW_L5_V1.5.1, STM32Cube_FW_N6_V1.2.0, STM32Cube_FW_U0_V1.3.0, STM32Cube_FW_U3_V1.2.0, STM32Cube_FW_U5_V1.8.0, STM32Cube_FW_WB0_V1.3.0, STM32Cube_FW_WBA_V1.7.0, STM32Cube_FW_WB_V1.23.0, STM32Cube_FW_WL3_V1.2.0, STM32Cube_FW_WL_V1.3.1, X-CUBE-ALGOBUILD_V1.4.0, X-CUBE-ALS_V1.0.2, X-CUBE-AZRTOS-F4_V1.1.0, X-CUBE-AZRTOS-F7_V1.1.0, X-CUBE-AZRTOS-G0_V1.1.0, X-CUBE-AZRTOS-G4_V2.0.0, X-CUBE-AZRTOS-H7RS_V1.1.0, X-CUBE-AZRTOS-H7_V3.3.0, X-CUBE-AZRTOS-L4_V2.0.0, X-CUBE-AZRTOS-L5_V2.0.0, X-CUBE-AZRTOS-WB_V2.0.0, X-CUBE-AZRTOS-WL_V2.0.0, X-CUBE-BLE1_V7.1.0, X-CUBE-BLE2_V3.3.0, X-CUBE-BLEMGR_V4.0.0, X-CUBE-EEPRMA1_V5.1.0, X-CUBE-FREERTOS_V1.3.1, X-CUBE-GNSS1_V6.0.0, X-CUBE-MEMS1_V11.3.0, X-CUBE-NFC4_V3.0.0, X-CUBE-NFC7_V2.0.0, X-CUBE-SFXS2LP1_V4.0.0, X-CUBE-SUBG2_V5.0.0, X-CUBE-TOF1_V3.4.3]
2025-07-23 09:39:12,986 [INFO] DbBoardsSqlite:226 - include board P-NUCLEO-WB55-NUCLEO as a kit item of type 'Nucleo-64'
2025-07-23 09:39:12,988 [INFO] DbBoardsSqlite:226 - include board P-NUCLEO-WB55-USBDONGLE as a kit item of type 'Nucleo USB Dongle'
2025-07-23 09:39:12,995 [INFO] DbBoardsSqlite:226 - include board STEVAL-IDP005V1 as a kit item of type 'Evaluation Board'
2025-07-23 09:39:12,998 [INFO] DbBoardsSqlite:226 - include board STEVAL-IDP005V2 as a kit item of type 'Evaluation Board'
2025-07-23 09:39:16,535 [INFO] ApiDb:240 - Found 880 in-development CPN: [B-G473E-ZEST1S, B-WB1M-WPAN1, B-WBA5M-WPAN, B-WL5M-SUBG1, NUCLEO-C031C6, NUCLEO-C051C8, NUCLEO-C071RB, NUCLEO-C092RC, NUCLEO-H503RB, NUCLEO-H533RE, NUCLEO-H563ZI, NUCLEO-H7S3L8, NUCLEO-N657X0-Q, NUCLEO-U031R8, NUCLEO-U083RC, NUCLEO-U385RG-Q, NUCLEO-U545RE-Q, NUCLEO-U5A5ZJ-Q, NUCLEO-WB05KZ, NUCLEO-WB07CC, NUCLEO-WB09KE, NUCLEO-WBA52CG, NUCLEO-WBA55CG, NUCLEO-WL33CC1, NUCLEO-WL33CC2, STEVAL-PROTEUS1, STEVAL-SMARTAG2, STEVAL-STWINBX1, STM320518-EVAL, STM32C0116-DK, STM32C011D6Y3TR, STM32C011D6Y6TR, STM32C011F4P3, STM32C011F4P6, STM32C011F4U3, STM32C011F4U6TR, STM32C011F6P3, STM32C011F6P6, STM32C011F6U3, STM32C011F6U6TR, STM32C011J4M3, STM32C011J4M6, STM32C011J6M3, STM32C011J6M6, STM32C0316-DK, STM32C031C4T3, STM32C031C4T6, STM32C031C4U3, STM32C031C4U6, STM32C031C6T3, STM32C031C6T6, STM32C031C6U3, STM32C031C6U6, STM32C031F4P3, STM32C031F4P6, STM32C031F6P3, STM32C031F6P6, STM32C031G4U3, STM32C031G4U6, STM32C031G6U3, STM32C031G6U6, STM32C031K4T3, STM32C031K4T6, STM32C031K4U3, STM32C031K4U6, STM32C031K6T3, STM32C031K6T6, STM32C031K6U3, STM32C031K6U6, STM32C051C6T6, STM32C051C6U6, STM32C051C8T6, STM32C051C8U6, STM32C051D8Y6TR, STM32C051F6P6, STM32C051F8P6, STM32C051G6U6, STM32C051G8U6, STM32C051K6T6, STM32C051K6U6, STM32C051K8T6, STM32C071C8T6, STM32C071C8T6N, STM32C071C8U6, STM32C071C8U6N, STM32C071CBT6, STM32C071CBT6N, STM32C071CBU6, STM32C071CBU6N, STM32C071F8P6, STM32C071F8P6N, STM32C071FBP6, STM32C071FBP6N, STM32C071FBY6TR, STM32C071G8U6, STM32C071G8U6N, STM32C071GBU6, STM32C071GBU6N, STM32C071K8T6, STM32C071K8T6N, STM32C071K8U6, STM32C071K8U6N, STM32C071KBT6, STM32C071KBT6N, STM32C071KBU6, STM32C071KBU6N, STM32C071R8T6, STM32C071R8T6N, STM32C071RBI6N, STM32C071RBT6, STM32C071RBT6N, STM32C091CBT6, STM32C091CBU6, STM32C091CCT6, STM32C091CCU6, STM32C091ECY6TR, STM32C091FBP6, STM32C091FCP6, STM32C091GBU6, STM32C091GCU6, STM32C091KBT6, STM32C091KBU6, STM32C091KCT6, STM32C091KCU6, STM32C091RBT6, STM32C091RCI6, STM32C091RCT6, STM32C092CBT6, STM32C092CBU6, STM32C092CCT6, STM32C092CCU6, STM32C092ECY6TR, STM32C092FBP6, STM32C092FCP6, STM32C092GBU6, STM32C092GCU6, STM32C092KBT6, STM32C092KBU6, STM32C092KCT6, STM32C092KCU6, STM32C092RBT6, STM32C092RCI6, STM32C092RCT6, STM32G071K8TXN, STM32G071K8UXN, STM32G081GBU6N, STM32G081KBT6N, STM32G081KBUXN, STM32G0B1CCT6N, STM32G0B1KCT6, STM32G0B1NEY6TR, STM32G0B1RCT6N, STM32G0C1CCT6, STM32G0C1CCT6N, STM32G0C1CCU6N, STM32G0C1CET6N, STM32G0C1CEU6N, STM32G0C1KCT6, STM32G0C1NEY6TR, STM32G0C1RCI6N, STM32G0C1RCT6N, STM32G0C1REI6N, STM32G0C1RET6N, STM32G0C1VCI6, STM32G0C1VEI6, STM32G411C6T3, STM32G411C6T6, STM32G411C6U3, STM32G411C6U6, STM32G411C8T3, STM32G411C8T6, STM32G411C8U3, STM32G411C8U6, STM32G411CBT3, STM32G411CBT6, STM32G411CBU3, STM32G411CBU6, STM32G411K6T3, STM32G411K6T6, STM32G411K6U3, STM32G411K6U6, STM32G411K8T3, STM32G411K8T6, STM32G411K8U3, STM32G411K8U6, STM32G411KBT3, STM32G411KBT6, STM32G411KBU3, STM32G411KBU6, STM32G411M6T3, STM32G411M6T6, STM32G411M8T3, STM32G411M8T6, STM32G411MBT3, STM32G411MBT6, STM32G411R6T3, STM32G411R6T6, STM32G411R8T3, STM32G411R8T6, STM32G411RBT3, STM32G411RBT6, STM32G414CBT3, STM32G414CBT6, STM32G414CBU3, STM32G414CBU6, STM32G414CCT3, STM32G414CCT6, STM32G414CCU3, STM32G414CCU6, STM32G414MBT3, STM32G414MBT6, STM32G414MCT3, STM32G414MCT6, STM32G414RBT3, STM32G414RBT6, STM32G414RCT3, STM32G414RCT6, STM32G414VBT3, STM32G414VBT6, STM32G414VCT3, STM32G414VCT6, STM32G431CBT3Z, STM32G431RBT3Z, STM32G471CCT6, STM32G471CCU6, STM32G471CET3, STM32G471CET6, STM32G471CEU3, STM32G471CEU6, STM32G471MCT6, STM32G471MET3, STM32G471MET6, STM32G471MEY6TR, STM32G471QCT6, STM32G471QET3, STM32G471RCT6, STM32G471RET3, STM32G471RET6, STM32G471VCH6, STM32G471VCI6, STM32G471VCT6, STM32G471VEH3, STM32G471VEH6, STM32G471VEI3, STM32G471VEI6, STM32G471VET3, STM32G471VET6, STM32G473QET3Z, STM32G473RET3Z, STM32G474CCT6, STM32G491RET3Z, STM32H503CBT6, STM32H503CBU6, STM32H503EBY6TR, STM32H503KBU6, STM32H503RBT6, STM32H523CCT6, STM32H523CCU6, STM32H523CET6, STM32H523CEU6, STM32H523HEY6TR, STM32H523RCT6, STM32H523RET6, STM32H523VCI6, STM32H523VCT6, STM32H523VEI6, STM32H523VET6, STM32H523ZCJ6, STM32H523ZCT6, STM32H523ZEJ6, STM32H523ZET6, STM32H533CET6, STM32H533CEU6, STM32H533HEY6TR, STM32H533RET6, STM32H533VEI6, STM32H533VET6, STM32H533ZEJ6, STM32H533ZET6, STM32H562AGI6, STM32H562AII6, STM32H562IGK6, STM32H562IGT6, STM32H562IIK6, STM32H562IIT6, STM32H562RGT6, STM32H562RGV6, STM32H562RIT6, STM32H562RIV6, STM32H562VGT6, STM32H562VIT6, STM32H562ZGT6, STM32H562ZIT6, STM32H563AGI6, STM32H563AII3Q, STM32H563AII6, STM32H563IGK6, STM32H563IGT6, STM32H563IIK3Q, STM32H563IIK6, STM32H563IIT3Q, STM32H563IIT6, STM32H563MIY3QTR, STM32H563RGT6, STM32H563RGV6, STM32H563RIT6, STM32H563RIV6, STM32H563VGT6, STM32H563VIT3Q, STM32H563VIT6, STM32H563ZGT6, STM32H563ZIT3Q, STM32H563ZIT6, STM32H573AII3Q, STM32H573AII6, STM32H573I-DK, STM32H573IIK3Q, STM32H573IIK6, STM32H573IIT3Q, STM32H573IIT6, STM32H573MIY3QTR, STM32H573RIT6, STM32H573RIV6, STM32H573VIT3Q, STM32H573VIT6, STM32H573ZIT3Q, STM32H573ZIT6, STM32H7R3A8I6, STM32H7R3I8K6, STM32H7R3I8T6, STM32H7R3L8H6, STM32H7R3L8H6H, STM32H7R3R8V6, STM32H7R3V8H6, STM32H7R3V8T6, STM32H7R3V8Y6TR, STM32H7R3Z8J6, STM32H7R3Z8T6, STM32H7R7A8I6, STM32H7R7I8K6, STM32H7R7I8T6, STM32H7R7L8H6, STM32H7R7L8H6H, STM32H7R7Z8J6, STM32H7S3A8I6, STM32H7S3I8K6, STM32H7S3I8T6, STM32H7S3L8H6, STM32H7S3L8H6H, STM32H7S3R8V6, STM32H7S3V8H6, STM32H7S3V8T6, STM32H7S3V8Y6TR, STM32H7S3Z8J6, STM32H7S3Z8T6, STM32H7S78-DK, STM32H7S7A8I6, STM32H7S7I8K6, STM32H7S7I8T6, STM32H7S7L8H6, STM32H7S7L8H6H, STM32H7S7Z8J6, STM32L4R5QGI6STR, STM32MP131AAE3, STM32MP131AAF3, STM32MP131AAG3, STM32MP131CAE3, STM32MP131CAF3, STM32MP131CAG3, STM32MP131DAE7, STM32MP131DAF7, STM32MP131DAG7, STM32MP131FAE7, STM32MP131FAF7, STM32MP131FAG7, STM32MP133AAE3, STM32MP133AAF3, STM32MP133AAG3, STM32MP133CAE3, STM32MP133CAF3, STM32MP133CAG3, STM32MP133DAE7, STM32MP133DAF7, STM32MP133DAG7, STM32MP133FAE7, STM32MP133FAF7, STM32MP133FAG7, STM32MP135AAE3, STM32MP135AAF3, STM32MP135AAG3, STM32MP135CAE3, STM32MP135CAF3, STM32MP135CAG3, STM32MP135DAE7, STM32MP135DAF7, STM32MP135DAG7, STM32MP135F-DK, STM32MP135FAE7, STM32MP135FAF7, STM32MP135FAF7T, STM32MP135FAF7U, STM32MP135FAG7, STM32MP211AAL3, STM32MP211AAM3, STM32MP211AAN3, STM32MP211AAO3, STM32MP211CAL3, STM32MP211CAM3, STM32MP211CAN3, STM32MP211CAO3, STM32MP211DAL3, STM32MP211DAM3, STM32MP211DAN3, STM32MP211DAO3, STM32MP211FAL3, STM32MP211FAM3, STM32MP211FAN3, STM32MP211FAO3, STM32MP213AAL3, STM32MP213AAM3, STM32MP213AAN3, STM32MP213AAO3, STM32MP213CAL3, STM32MP213CAM3, STM32MP213CAN3, STM32MP213CAO3, STM32MP213DAL3, STM32MP213DAM3, STM32MP213DAN3, STM32MP213DAO3, STM32MP213FAL3, STM32MP213FAM3, STM32MP213FAN3, STM32MP213FAO3, STM32MP215AAL3, STM32MP215AAM3, STM32MP215AAN3, STM32MP215AAO3, STM32MP215CAL3, STM32MP215CAM3, STM32MP215CAN3, STM32MP215CAO3, STM32MP215DAL3, STM32MP215DAM3, STM32MP215DAN3, STM32MP215DAO3, STM32MP215F-DK, STM32MP215FAL3, STM32MP215FAM3, STM32MP215FAN3, STM32MP215FAO3, STM32MP231AAJ3, STM32MP231AAK3, STM32MP231AAL3, STM32MP231CAJ3, STM32MP231CAK3, STM32MP231CAL3, STM32MP231DAJ3, STM32MP231DAK3, STM32MP231DAL3, STM32MP231FAJ3, STM32MP231FAK3, STM32MP231FAL3, STM32MP233AAJ3, STM32MP233AAK3, STM32MP233AAL3, STM32MP233CAJ3, STM32MP233CAK3, STM32MP233CAL3, STM32MP233DAJ3, STM32MP233DAK3, STM32MP233DAL3, STM32MP233FAJ3, STM32MP233FAK3, STM32MP233FAL3, STM32MP235AAJ3, STM32MP235AAK3, STM32MP235AAL3, STM32MP235CAJ3, STM32MP235CAK3, STM32MP235CAL3, STM32MP235DAJ3, STM32MP235DAK3, STM32MP235DAL3, STM32MP235FAJ3, STM32MP235FAK3, STM32MP235FAL3, STM32MP251AAI3, STM32MP251AAK3, STM32MP251AAL3, STM32MP251CAI3, STM32MP251CAK3, STM32MP251CAL3, STM32MP251DAI3, STM32MP251DAK3, STM32MP251DAL3, STM32MP251FAI3, STM32MP251FAK3, STM32MP251FAL3, STM32MP253AAI3, STM32MP253AAK3, STM32MP253AAL3, STM32MP253CAI3, STM32MP253CAK3, STM32MP253CAL3, STM32MP253DAI3, STM32MP253DAK3, STM32MP253DAL3, STM32MP253FAI3, STM32MP253FAK3, STM32MP253FAL3, STM32MP255AAI3, STM32MP255AAK3, STM32MP255AAL3, STM32MP255CAI3, STM32MP255CAK3, STM32MP255CAL3, STM32MP255DAI3, STM32MP255DAK3, STM32MP255DAL3, STM32MP255FAI3, STM32MP255FAK3, STM32MP255FAL3, STM32MP257AAI3, STM32MP257AAK3, STM32MP257AAL3, STM32MP257CAI3, STM32MP257CAK3, STM32MP257CAL3, STM32MP257DAI3, STM32MP257DAK3, STM32MP257DAL3, STM32MP257F-DK, STM32MP257F-EV1, STM32MP257FAI3, STM32MP257FAK3, STM32MP257FAL3, STM32N645A0H3Q, STM32N645B0H3Q, STM32N645I0H3Q, STM32N645L0H3Q, STM32N645X0H3Q, STM32N645Z0H3Q, STM32N647A0H3Q, STM32N647B0H3Q, STM32N647I0H3Q, STM32N647L0H3Q, STM32N647X0H3Q, STM32N647Z0H3Q, STM32N655A0H3Q, STM32N655B0H3Q, STM32N655I0H3Q, STM32N655L0H3Q, STM32N655X0H3Q, STM32N655Z0H3Q, STM32N6570-DK, STM32N657A0H3Q, STM32N657B0H3Q, STM32N657I0H3Q, STM32N657L0H3Q, STM32N657X0H3Q, STM32N657Z0H3Q, STM32U031C6T6, STM32U031C6U6, STM32U031C8T6, STM32U031C8U6, STM32U031F4P6, STM32U031F6P6, STM32U031F8P6, STM32U031G6Y6TR, STM32U031G8Y6TR, STM32U031K4U6, STM32U031K6U6, STM32U031K8U6, STM32U031R6I6, STM32U031R6T6, STM32U031R8I6, STM32U031R8T6, STM32U073C8T6, STM32U073C8U6, STM32U073CBT6, STM32U073CBU6, STM32U073CCT6, STM32U073CCU6, STM32U073H8Y6TR, STM32U073HBY6TR, STM32U073HCY6TR, STM32U073K8U6, STM32U073KBU6, STM32U073KCU6, STM32U073M8I6, STM32U073M8T6, STM32U073MBI6, STM32U073MBT6, STM32U073MCI6, STM32U073MCT6, STM32U073R8I6, STM32U073R8T6, STM32U073RBI6, STM32U073RBT6, STM32U073RCI6, STM32U073RCT6, STM32U083C-DK, STM32U083CCT6, STM32U083CCU6, STM32U083HCY6TR, STM32U083KCU6, STM32U083MCI6, STM32U083MCT6, STM32U083RCI6, STM32U083RCT6, STM32U375CET6, STM32U375CET6Q, STM32U375CEU6, STM32U375CEU6Q, STM32U375CEY6QTR, STM32U375CGT6, STM32U375CGT6Q, STM32U375CGU6, STM32U375CGU6Q, STM32U375CGY6QTR, STM32U375KEU6, STM32U375KGU6, STM32U375REI6, STM32U375REI6Q, STM32U375RET6, STM32U375RET6Q, STM32U375REY6GTR, STM32U375REY6QTR, STM32U375RGI6, STM32U375RGI6Q, STM32U375RGT6, STM32U375RGT6Q, STM32U375RGY6GTR, STM32U375RGY6QTR, STM32U375VEI6, STM32U375VEI6Q, STM32U375VET6, STM32U375VET6Q, STM32U375VGI6, STM32U375VGI6Q, STM32U375VGT6, STM32U375VGT6Q, STM32U385CGT6, STM32U385CGT6Q, STM32U385CGU6, STM32U385CGU6Q, STM32U385CGY6QTR, STM32U385KGU6, STM32U385RGI6, STM32U385RGI6Q, STM32U385RGT6, STM32U385RGT6Q, STM32U385RGY6GTR, STM32U385RGY6QTR, STM32U385VGI6, STM32U385VGI6Q, STM32U385VGT6, STM32U385VGT6Q, STM32U535CBT6, STM32U535CBT6Q, STM32U535CBU6, STM32U535CBU6Q, STM32U535CCT6, STM32U535CCT6Q, STM32U535CCU6, STM32U535CCU6Q, STM32U535CET6, STM32U535CET6Q, STM32U535CEU6, STM32U535CEU6Q, STM32U535JEY6QTR, STM32U535NCY6QTR, STM32U535NEY6QTR, STM32U535RBI6, STM32U535RBI6Q, STM32U535RBT6, STM32U535RBT6Q, STM32U535RCI6, STM32U535RCI6Q, STM32U535RCT6, STM32U535RCT6Q, STM32U535REI6, STM32U535REI6Q, STM32U535RET6, STM32U535RET6Q, STM32U535VCI6, STM32U535VCI6Q, STM32U535VCT6, STM32U535VCT6Q, STM32U535VEI6, STM32U535VEI6Q, STM32U535VET6, STM32U535VET6Q, STM32U545CET6, STM32U545CET6Q, STM32U545CEU6, STM32U545CEU6Q, STM32U545JEY6QTR, STM32U545NEY6QTR, STM32U545REI6, STM32U545REI6Q, STM32U545RET6, STM32U545RET6Q, STM32U545VEI6, STM32U545VEI6Q, STM32U545VET6, STM32U545VET6Q, STM32U595AIH6, STM32U595AIH6Q, STM32U595AJH6, STM32U595AJH6Q, STM32U595QII6, STM32U595QII6Q, STM32U595QJI6, STM32U595QJI6Q, STM32U595RIT6, STM32U595RIT6Q, STM32U595RJT6, STM32U595RJT6Q, STM32U595VIT6, STM32U595VIT6Q, STM32U595VJT6, STM32U595VJT6Q, STM32U595ZIT6, STM32U595ZIT6Q, STM32U595ZIY6QTR, STM32U595ZJT6, STM32U595ZJT6Q, STM32U595ZJY6QTR, STM32U599BJY6QTR, STM32U599NIH6Q, STM32U599NJH6Q, STM32U599VIT6Q, STM32U599VJT6, STM32U599VJT6Q, STM32U599ZIT6Q, STM32U599ZIY6QTR, STM32U599ZJT6Q, STM32U599ZJY6QTR, STM32U5A5AJH6, STM32U5A5AJH6Q, STM32U5A5QII3Q , STM32U5A5QJI6, STM32U5A5QJI6Q, STM32U5A5RJT6, STM32U5A5RJT6Q, STM32U5A5VJT6, STM32U5A5VJT6Q, STM32U5A5ZJT6, STM32U5A5ZJT6Q, STM32U5A5ZJY6QTR, STM32U5A9BJY6QTR, STM32U5A9J-DK, STM32U5A9NJH6Q, STM32U5A9VJT6Q, STM32U5A9ZJT6Q, STM32U5A9ZJY6QTR, STM32U5F7VIT6, STM32U5F7VIT6Q, STM32U5F7VJT6, STM32U5F7VJT6Q, STM32U5F9BJY6QTR, STM32U5F9NJH6Q, STM32U5F9VIT6Q, STM32U5F9VJT6Q, STM32U5F9ZIJ6QTR, STM32U5F9ZIT6Q, STM32U5F9ZJJ6QTR, STM32U5F9ZJT6Q, STM32U5G7VJT6, STM32U5G7VJT6Q, STM32U5G9BJY6QTR, STM32U5G9J-DK1, STM32U5G9J-DK2, STM32U5G9NJH6Q, STM32U5G9VJT6Q, STM32U5G9ZJJ6QTR, STM32U5G9ZJT6Q, STM32WB05KZV6TR, STM32WB05KZV7TR, STM32WB05TZF6TR, STM32WB05TZF7TR, STM32WB06CCF6TR, STM32WB06CCF7TR, STM32WB06CCV6TR, STM32WB06CCV7TR, STM32WB06KCV6TR, STM32WB06KCV7TR, STM32WB07CCF6TR, STM32WB07CCF7TR, STM32WB07CCV6TR, STM32WB07CCV7TR, STM32WB07KCV6TR, STM32WB07KCV7TR, STM32WB09KEV6TR, STM32WB09KEV7TR, STM32WB09TEF6TR, STM32WB09TEF7TR, STM32WB1MMCH6, STM32WBA50KGU6, STM32WBA50KGU6TR, STM32WBA52CEU6, STM32WBA52CEU6TR, STM32WBA52CEU7, STM32WBA52CEU7TR, STM32WBA52CGU6, STM32WBA52CGU6TR, STM32WBA52CGU6U, STM32WBA52CGU7, STM32WBA52CGU7TR, STM32WBA52KEU6, STM32WBA52KEU6TR, STM32WBA52KGU6, STM32WBA52KGU6TR, STM32WBA54CEU6, STM32WBA54CEU6TR, STM32WBA54CEU7, STM32WBA54CEU7TR, STM32WBA54CGU6, STM32WBA54CGU6TR, STM32WBA54CGU7, STM32WBA54CGU7TR, STM32WBA54KEU6, STM32WBA54KEU6TR, STM32WBA54KEU7, STM32WBA54KEU7TR, STM32WBA54KGU6, STM32WBA54KGU6TR, STM32WBA54KGU7, STM32WBA54KGU7TR, STM32WBA55CEU6, STM32WBA55CEU6TR, STM32WBA55CEU7, STM32WBA55CEU7TR, STM32WBA55CGU6, STM32WBA55CGU6TR, STM32WBA55CGU6U, STM32WBA55CGU7, STM32WBA55CGU7TR, STM32WBA55G-DK1, STM32WBA55HEF6, STM32WBA55HEF7, STM32WBA55HGF6, STM32WBA55HGF7, STM32WBA55UEI6, STM32WBA55UEI6TR, STM32WBA55UEI7, STM32WBA55UEI7TR, STM32WBA55UGI6, STM32WBA55UGI6TR, STM32WBA55UGI7, STM32WBA55UGI7TR, STM32WBA5MMGH6TR, STM32WBA62MGF6, STM32WBA62MIF6, STM32WBA65MGF7, STM32WBA65MIF6, STM32WBA65MIF7, STM32WL30K8V6, STM32WL30KBV6, STM32WL31C8V6, STM32WL31CBV6, STM32WL31K8V6, STM32WL31KBV6, STM32WL33C8V6, STM32WL33C8V6X, STM32WL33CBV6, STM32WL33CBV6X, STM32WL33CCV6, STM32WL33CCV6A, STM32WL33CCV6X, STM32WL33K8V7, STM32WL33K8V7X, STM32WL33KBV7 , STM32WL33KBV7X, STM32WL33KCV7, STM32WL33KCV7X, STM32WL5MOCH6, STM32WL5MOCH6TR]
2025-07-23 09:39:17,474 [INFO] BoardInfo:889 - No configuration file found for board P-NUCLEO-WB55
2025-07-23 09:39:17,476 [INFO] DbBoards:161 - Kit is not supported: P-NUCLEO-WB55
2025-07-23 09:39:17,486 [INFO] BoardInfo:889 - No configuration file found for board STEVAL-BFA001V1B
2025-07-23 09:39:17,489 [INFO] DbBoards:161 - Kit is not supported: STEVAL-BFA001V1B
2025-07-23 09:39:17,490 [INFO] BoardInfo:889 - No configuration file found for board STEVAL-BFA001V2B
2025-07-23 09:39:17,492 [INFO] DbBoards:161 - Kit is not supported: STEVAL-BFA001V2B
2025-07-23 09:39:17,822 [INFO] DbBoards:168 - Found 212 boards, 209 are supported
2025-07-23 09:39:17,822 [INFO] DbBoards:169 - Found 212 boards, 43 of them is supported for  Bsp
2025-07-23 09:39:17,826 [INFO] ApiDb:668 - CubeFinder database Data Model version=2.1
2025-07-23 09:39:17,826 [INFO] ApiDb:669 - CubeFinder database Configuration version=3.0.39
2025-07-23 09:39:17,826 [INFO] ApiDb:670 - CubeFinder database generation date=2025-06-24 (1750757100)
2025-07-23 09:39:17,826 [INFO] ApiDb:671 - CubeFinder database FW Pack versions=[FP-ATR-ASTRA1_V2.0.0, FP-SNS-FLIGHT1_V5.1.0, FP-SNS-MOTENV1_V5.0.0, FP-SNS-MOTENVWB1_V1.4.0, FP-SNS-SMARTAG2_V1.2.0, FP-SNS-STBOX1_V2.0.0, STM32Cube_FW_C0_V1.4.0, STM32Cube_FW_F4_V1.28.2, STM32Cube_FW_F7_V1.17.3, STM32Cube_FW_G0_V1.6.2, STM32Cube_FW_G4_V1.6.1, STM32Cube_FW_H5_V1.5.0, STM32Cube_FW_H7RS_V1.2.0, STM32Cube_FW_H7_V1.12.1, STM32Cube_FW_L0_V1.12.2, STM32Cube_FW_L4_V1.18.1, STM32Cube_FW_L5_V1.5.1, STM32Cube_FW_N6_V1.2.0, STM32Cube_FW_U0_V1.3.0, STM32Cube_FW_U3_V1.2.0, STM32Cube_FW_U5_V1.8.0, STM32Cube_FW_WB0_V1.3.0, STM32Cube_FW_WBA_V1.7.0, STM32Cube_FW_WB_V1.23.0, STM32Cube_FW_WL3_V1.2.0, STM32Cube_FW_WL_V1.3.1, X-CUBE-ALGOBUILD_V1.4.0, X-CUBE-ALS_V1.0.2, X-CUBE-AZRTOS-F4_V1.1.0, X-CUBE-AZRTOS-F7_V1.1.0, X-CUBE-AZRTOS-G0_V1.1.0, X-CUBE-AZRTOS-G4_V2.0.0, X-CUBE-AZRTOS-H7RS_V1.1.0, X-CUBE-AZRTOS-H7_V3.3.0, X-CUBE-AZRTOS-L4_V2.0.0, X-CUBE-AZRTOS-L5_V2.0.0, X-CUBE-AZRTOS-WB_V2.0.0, X-CUBE-AZRTOS-WL_V2.0.0, X-CUBE-BLE1_V7.1.0, X-CUBE-BLE2_V3.3.0, X-CUBE-BLEMGR_V4.0.0, X-CUBE-EEPRMA1_V5.1.0, X-CUBE-FREERTOS_V1.3.1, X-CUBE-GNSS1_V6.0.0, X-CUBE-MEMS1_V11.3.0, X-CUBE-NFC4_V3.0.0, X-CUBE-NFC7_V2.0.0, X-CUBE-SFXS2LP1_V4.0.0, X-CUBE-SUBG2_V5.0.0, X-CUBE-TOF1_V3.4.3]
2025-07-23 09:39:25,368 [INFO] ApiDb:240 - Found 880 in-development CPN: [B-G473E-ZEST1S, B-WB1M-WPAN1, B-WBA5M-WPAN, B-WL5M-SUBG1, NUCLEO-C031C6, NUCLEO-C051C8, NUCLEO-C071RB, NUCLEO-C092RC, NUCLEO-H503RB, NUCLEO-H533RE, NUCLEO-H563ZI, NUCLEO-H7S3L8, NUCLEO-N657X0-Q, NUCLEO-U031R8, NUCLEO-U083RC, NUCLEO-U385RG-Q, NUCLEO-U545RE-Q, NUCLEO-U5A5ZJ-Q, NUCLEO-WB05KZ, NUCLEO-WB07CC, NUCLEO-WB09KE, NUCLEO-WBA52CG, NUCLEO-WBA55CG, NUCLEO-WL33CC1, NUCLEO-WL33CC2, STEVAL-PROTEUS1, STEVAL-SMARTAG2, STEVAL-STWINBX1, STM320518-EVAL, STM32C0116-DK, STM32C011D6Y3TR, STM32C011D6Y6TR, STM32C011F4P3, STM32C011F4P6, STM32C011F4U3, STM32C011F4U6TR, STM32C011F6P3, STM32C011F6P6, STM32C011F6U3, STM32C011F6U6TR, STM32C011J4M3, STM32C011J4M6, STM32C011J6M3, STM32C011J6M6, STM32C0316-DK, STM32C031C4T3, STM32C031C4T6, STM32C031C4U3, STM32C031C4U6, STM32C031C6T3, STM32C031C6T6, STM32C031C6U3, STM32C031C6U6, STM32C031F4P3, STM32C031F4P6, STM32C031F6P3, STM32C031F6P6, STM32C031G4U3, STM32C031G4U6, STM32C031G6U3, STM32C031G6U6, STM32C031K4T3, STM32C031K4T6, STM32C031K4U3, STM32C031K4U6, STM32C031K6T3, STM32C031K6T6, STM32C031K6U3, STM32C031K6U6, STM32C051C6T6, STM32C051C6U6, STM32C051C8T6, STM32C051C8U6, STM32C051D8Y6TR, STM32C051F6P6, STM32C051F8P6, STM32C051G6U6, STM32C051G8U6, STM32C051K6T6, STM32C051K6U6, STM32C051K8T6, STM32C071C8T6, STM32C071C8T6N, STM32C071C8U6, STM32C071C8U6N, STM32C071CBT6, STM32C071CBT6N, STM32C071CBU6, STM32C071CBU6N, STM32C071F8P6, STM32C071F8P6N, STM32C071FBP6, STM32C071FBP6N, STM32C071FBY6TR, STM32C071G8U6, STM32C071G8U6N, STM32C071GBU6, STM32C071GBU6N, STM32C071K8T6, STM32C071K8T6N, STM32C071K8U6, STM32C071K8U6N, STM32C071KBT6, STM32C071KBT6N, STM32C071KBU6, STM32C071KBU6N, STM32C071R8T6, STM32C071R8T6N, STM32C071RBI6N, STM32C071RBT6, STM32C071RBT6N, STM32C091CBT6, STM32C091CBU6, STM32C091CCT6, STM32C091CCU6, STM32C091ECY6TR, STM32C091FBP6, STM32C091FCP6, STM32C091GBU6, STM32C091GCU6, STM32C091KBT6, STM32C091KBU6, STM32C091KCT6, STM32C091KCU6, STM32C091RBT6, STM32C091RCI6, STM32C091RCT6, STM32C092CBT6, STM32C092CBU6, STM32C092CCT6, STM32C092CCU6, STM32C092ECY6TR, STM32C092FBP6, STM32C092FCP6, STM32C092GBU6, STM32C092GCU6, STM32C092KBT6, STM32C092KBU6, STM32C092KCT6, STM32C092KCU6, STM32C092RBT6, STM32C092RCI6, STM32C092RCT6, STM32G071K8TXN, STM32G071K8UXN, STM32G081GBU6N, STM32G081KBT6N, STM32G081KBUXN, STM32G0B1CCT6N, STM32G0B1KCT6, STM32G0B1NEY6TR, STM32G0B1RCT6N, STM32G0C1CCT6, STM32G0C1CCT6N, STM32G0C1CCU6N, STM32G0C1CET6N, STM32G0C1CEU6N, STM32G0C1KCT6, STM32G0C1NEY6TR, STM32G0C1RCI6N, STM32G0C1RCT6N, STM32G0C1REI6N, STM32G0C1RET6N, STM32G0C1VCI6, STM32G0C1VEI6, STM32G411C6T3, STM32G411C6T6, STM32G411C6U3, STM32G411C6U6, STM32G411C8T3, STM32G411C8T6, STM32G411C8U3, STM32G411C8U6, STM32G411CBT3, STM32G411CBT6, STM32G411CBU3, STM32G411CBU6, STM32G411K6T3, STM32G411K6T6, STM32G411K6U3, STM32G411K6U6, STM32G411K8T3, STM32G411K8T6, STM32G411K8U3, STM32G411K8U6, STM32G411KBT3, STM32G411KBT6, STM32G411KBU3, STM32G411KBU6, STM32G411M6T3, STM32G411M6T6, STM32G411M8T3, STM32G411M8T6, STM32G411MBT3, STM32G411MBT6, STM32G411R6T3, STM32G411R6T6, STM32G411R8T3, STM32G411R8T6, STM32G411RBT3, STM32G411RBT6, STM32G414CBT3, STM32G414CBT6, STM32G414CBU3, STM32G414CBU6, STM32G414CCT3, STM32G414CCT6, STM32G414CCU3, STM32G414CCU6, STM32G414MBT3, STM32G414MBT6, STM32G414MCT3, STM32G414MCT6, STM32G414RBT3, STM32G414RBT6, STM32G414RCT3, STM32G414RCT6, STM32G414VBT3, STM32G414VBT6, STM32G414VCT3, STM32G414VCT6, STM32G431CBT3Z, STM32G431RBT3Z, STM32G471CCT6, STM32G471CCU6, STM32G471CET3, STM32G471CET6, STM32G471CEU3, STM32G471CEU6, STM32G471MCT6, STM32G471MET3, STM32G471MET6, STM32G471MEY6TR, STM32G471QCT6, STM32G471QET3, STM32G471RCT6, STM32G471RET3, STM32G471RET6, STM32G471VCH6, STM32G471VCI6, STM32G471VCT6, STM32G471VEH3, STM32G471VEH6, STM32G471VEI3, STM32G471VEI6, STM32G471VET3, STM32G471VET6, STM32G473QET3Z, STM32G473RET3Z, STM32G474CCT6, STM32G491RET3Z, STM32H503CBT6, STM32H503CBU6, STM32H503EBY6TR, STM32H503KBU6, STM32H503RBT6, STM32H523CCT6, STM32H523CCU6, STM32H523CET6, STM32H523CEU6, STM32H523HEY6TR, STM32H523RCT6, STM32H523RET6, STM32H523VCI6, STM32H523VCT6, STM32H523VEI6, STM32H523VET6, STM32H523ZCJ6, STM32H523ZCT6, STM32H523ZEJ6, STM32H523ZET6, STM32H533CET6, STM32H533CEU6, STM32H533HEY6TR, STM32H533RET6, STM32H533VEI6, STM32H533VET6, STM32H533ZEJ6, STM32H533ZET6, STM32H562AGI6, STM32H562AII6, STM32H562IGK6, STM32H562IGT6, STM32H562IIK6, STM32H562IIT6, STM32H562RGT6, STM32H562RGV6, STM32H562RIT6, STM32H562RIV6, STM32H562VGT6, STM32H562VIT6, STM32H562ZGT6, STM32H562ZIT6, STM32H563AGI6, STM32H563AII3Q, STM32H563AII6, STM32H563IGK6, STM32H563IGT6, STM32H563IIK3Q, STM32H563IIK6, STM32H563IIT3Q, STM32H563IIT6, STM32H563MIY3QTR, STM32H563RGT6, STM32H563RGV6, STM32H563RIT6, STM32H563RIV6, STM32H563VGT6, STM32H563VIT3Q, STM32H563VIT6, STM32H563ZGT6, STM32H563ZIT3Q, STM32H563ZIT6, STM32H573AII3Q, STM32H573AII6, STM32H573I-DK, STM32H573IIK3Q, STM32H573IIK6, STM32H573IIT3Q, STM32H573IIT6, STM32H573MIY3QTR, STM32H573RIT6, STM32H573RIV6, STM32H573VIT3Q, STM32H573VIT6, STM32H573ZIT3Q, STM32H573ZIT6, STM32H7R3A8I6, STM32H7R3I8K6, STM32H7R3I8T6, STM32H7R3L8H6, STM32H7R3L8H6H, STM32H7R3R8V6, STM32H7R3V8H6, STM32H7R3V8T6, STM32H7R3V8Y6TR, STM32H7R3Z8J6, STM32H7R3Z8T6, STM32H7R7A8I6, STM32H7R7I8K6, STM32H7R7I8T6, STM32H7R7L8H6, STM32H7R7L8H6H, STM32H7R7Z8J6, STM32H7S3A8I6, STM32H7S3I8K6, STM32H7S3I8T6, STM32H7S3L8H6, STM32H7S3L8H6H, STM32H7S3R8V6, STM32H7S3V8H6, STM32H7S3V8T6, STM32H7S3V8Y6TR, STM32H7S3Z8J6, STM32H7S3Z8T6, STM32H7S78-DK, STM32H7S7A8I6, STM32H7S7I8K6, STM32H7S7I8T6, STM32H7S7L8H6, STM32H7S7L8H6H, STM32H7S7Z8J6, STM32L4R5QGI6STR, STM32MP131AAE3, STM32MP131AAF3, STM32MP131AAG3, STM32MP131CAE3, STM32MP131CAF3, STM32MP131CAG3, STM32MP131DAE7, STM32MP131DAF7, STM32MP131DAG7, STM32MP131FAE7, STM32MP131FAF7, STM32MP131FAG7, STM32MP133AAE3, STM32MP133AAF3, STM32MP133AAG3, STM32MP133CAE3, STM32MP133CAF3, STM32MP133CAG3, STM32MP133DAE7, STM32MP133DAF7, STM32MP133DAG7, STM32MP133FAE7, STM32MP133FAF7, STM32MP133FAG7, STM32MP135AAE3, STM32MP135AAF3, STM32MP135AAG3, STM32MP135CAE3, STM32MP135CAF3, STM32MP135CAG3, STM32MP135DAE7, STM32MP135DAF7, STM32MP135DAG7, STM32MP135F-DK, STM32MP135FAE7, STM32MP135FAF7, STM32MP135FAF7T, STM32MP135FAF7U, STM32MP135FAG7, STM32MP211AAL3, STM32MP211AAM3, STM32MP211AAN3, STM32MP211AAO3, STM32MP211CAL3, STM32MP211CAM3, STM32MP211CAN3, STM32MP211CAO3, STM32MP211DAL3, STM32MP211DAM3, STM32MP211DAN3, STM32MP211DAO3, STM32MP211FAL3, STM32MP211FAM3, STM32MP211FAN3, STM32MP211FAO3, STM32MP213AAL3, STM32MP213AAM3, STM32MP213AAN3, STM32MP213AAO3, STM32MP213CAL3, STM32MP213CAM3, STM32MP213CAN3, STM32MP213CAO3, STM32MP213DAL3, STM32MP213DAM3, STM32MP213DAN3, STM32MP213DAO3, STM32MP213FAL3, STM32MP213FAM3, STM32MP213FAN3, STM32MP213FAO3, STM32MP215AAL3, STM32MP215AAM3, STM32MP215AAN3, STM32MP215AAO3, STM32MP215CAL3, STM32MP215CAM3, STM32MP215CAN3, STM32MP215CAO3, STM32MP215DAL3, STM32MP215DAM3, STM32MP215DAN3, STM32MP215DAO3, STM32MP215F-DK, STM32MP215FAL3, STM32MP215FAM3, STM32MP215FAN3, STM32MP215FAO3, STM32MP231AAJ3, STM32MP231AAK3, STM32MP231AAL3, STM32MP231CAJ3, STM32MP231CAK3, STM32MP231CAL3, STM32MP231DAJ3, STM32MP231DAK3, STM32MP231DAL3, STM32MP231FAJ3, STM32MP231FAK3, STM32MP231FAL3, STM32MP233AAJ3, STM32MP233AAK3, STM32MP233AAL3, STM32MP233CAJ3, STM32MP233CAK3, STM32MP233CAL3, STM32MP233DAJ3, STM32MP233DAK3, STM32MP233DAL3, STM32MP233FAJ3, STM32MP233FAK3, STM32MP233FAL3, STM32MP235AAJ3, STM32MP235AAK3, STM32MP235AAL3, STM32MP235CAJ3, STM32MP235CAK3, STM32MP235CAL3, STM32MP235DAJ3, STM32MP235DAK3, STM32MP235DAL3, STM32MP235FAJ3, STM32MP235FAK3, STM32MP235FAL3, STM32MP251AAI3, STM32MP251AAK3, STM32MP251AAL3, STM32MP251CAI3, STM32MP251CAK3, STM32MP251CAL3, STM32MP251DAI3, STM32MP251DAK3, STM32MP251DAL3, STM32MP251FAI3, STM32MP251FAK3, STM32MP251FAL3, STM32MP253AAI3, STM32MP253AAK3, STM32MP253AAL3, STM32MP253CAI3, STM32MP253CAK3, STM32MP253CAL3, STM32MP253DAI3, STM32MP253DAK3, STM32MP253DAL3, STM32MP253FAI3, STM32MP253FAK3, STM32MP253FAL3, STM32MP255AAI3, STM32MP255AAK3, STM32MP255AAL3, STM32MP255CAI3, STM32MP255CAK3, STM32MP255CAL3, STM32MP255DAI3, STM32MP255DAK3, STM32MP255DAL3, STM32MP255FAI3, STM32MP255FAK3, STM32MP255FAL3, STM32MP257AAI3, STM32MP257AAK3, STM32MP257AAL3, STM32MP257CAI3, STM32MP257CAK3, STM32MP257CAL3, STM32MP257DAI3, STM32MP257DAK3, STM32MP257DAL3, STM32MP257F-DK, STM32MP257F-EV1, STM32MP257FAI3, STM32MP257FAK3, STM32MP257FAL3, STM32N645A0H3Q, STM32N645B0H3Q, STM32N645I0H3Q, STM32N645L0H3Q, STM32N645X0H3Q, STM32N645Z0H3Q, STM32N647A0H3Q, STM32N647B0H3Q, STM32N647I0H3Q, STM32N647L0H3Q, STM32N647X0H3Q, STM32N647Z0H3Q, STM32N655A0H3Q, STM32N655B0H3Q, STM32N655I0H3Q, STM32N655L0H3Q, STM32N655X0H3Q, STM32N655Z0H3Q, STM32N6570-DK, STM32N657A0H3Q, STM32N657B0H3Q, STM32N657I0H3Q, STM32N657L0H3Q, STM32N657X0H3Q, STM32N657Z0H3Q, STM32U031C6T6, STM32U031C6U6, STM32U031C8T6, STM32U031C8U6, STM32U031F4P6, STM32U031F6P6, STM32U031F8P6, STM32U031G6Y6TR, STM32U031G8Y6TR, STM32U031K4U6, STM32U031K6U6, STM32U031K8U6, STM32U031R6I6, STM32U031R6T6, STM32U031R8I6, STM32U031R8T6, STM32U073C8T6, STM32U073C8U6, STM32U073CBT6, STM32U073CBU6, STM32U073CCT6, STM32U073CCU6, STM32U073H8Y6TR, STM32U073HBY6TR, STM32U073HCY6TR, STM32U073K8U6, STM32U073KBU6, STM32U073KCU6, STM32U073M8I6, STM32U073M8T6, STM32U073MBI6, STM32U073MBT6, STM32U073MCI6, STM32U073MCT6, STM32U073R8I6, STM32U073R8T6, STM32U073RBI6, STM32U073RBT6, STM32U073RCI6, STM32U073RCT6, STM32U083C-DK, STM32U083CCT6, STM32U083CCU6, STM32U083HCY6TR, STM32U083KCU6, STM32U083MCI6, STM32U083MCT6, STM32U083RCI6, STM32U083RCT6, STM32U375CET6, STM32U375CET6Q, STM32U375CEU6, STM32U375CEU6Q, STM32U375CEY6QTR, STM32U375CGT6, STM32U375CGT6Q, STM32U375CGU6, STM32U375CGU6Q, STM32U375CGY6QTR, STM32U375KEU6, STM32U375KGU6, STM32U375REI6, STM32U375REI6Q, STM32U375RET6, STM32U375RET6Q, STM32U375REY6GTR, STM32U375REY6QTR, STM32U375RGI6, STM32U375RGI6Q, STM32U375RGT6, STM32U375RGT6Q, STM32U375RGY6GTR, STM32U375RGY6QTR, STM32U375VEI6, STM32U375VEI6Q, STM32U375VET6, STM32U375VET6Q, STM32U375VGI6, STM32U375VGI6Q, STM32U375VGT6, STM32U375VGT6Q, STM32U385CGT6, STM32U385CGT6Q, STM32U385CGU6, STM32U385CGU6Q, STM32U385CGY6QTR, STM32U385KGU6, STM32U385RGI6, STM32U385RGI6Q, STM32U385RGT6, STM32U385RGT6Q, STM32U385RGY6GTR, STM32U385RGY6QTR, STM32U385VGI6, STM32U385VGI6Q, STM32U385VGT6, STM32U385VGT6Q, STM32U535CBT6, STM32U535CBT6Q, STM32U535CBU6, STM32U535CBU6Q, STM32U535CCT6, STM32U535CCT6Q, STM32U535CCU6, STM32U535CCU6Q, STM32U535CET6, STM32U535CET6Q, STM32U535CEU6, STM32U535CEU6Q, STM32U535JEY6QTR, STM32U535NCY6QTR, STM32U535NEY6QTR, STM32U535RBI6, STM32U535RBI6Q, STM32U535RBT6, STM32U535RBT6Q, STM32U535RCI6, STM32U535RCI6Q, STM32U535RCT6, STM32U535RCT6Q, STM32U535REI6, STM32U535REI6Q, STM32U535RET6, STM32U535RET6Q, STM32U535VCI6, STM32U535VCI6Q, STM32U535VCT6, STM32U535VCT6Q, STM32U535VEI6, STM32U535VEI6Q, STM32U535VET6, STM32U535VET6Q, STM32U545CET6, STM32U545CET6Q, STM32U545CEU6, STM32U545CEU6Q, STM32U545JEY6QTR, STM32U545NEY6QTR, STM32U545REI6, STM32U545REI6Q, STM32U545RET6, STM32U545RET6Q, STM32U545VEI6, STM32U545VEI6Q, STM32U545VET6, STM32U545VET6Q, STM32U595AIH6, STM32U595AIH6Q, STM32U595AJH6, STM32U595AJH6Q, STM32U595QII6, STM32U595QII6Q, STM32U595QJI6, STM32U595QJI6Q, STM32U595RIT6, STM32U595RIT6Q, STM32U595RJT6, STM32U595RJT6Q, STM32U595VIT6, STM32U595VIT6Q, STM32U595VJT6, STM32U595VJT6Q, STM32U595ZIT6, STM32U595ZIT6Q, STM32U595ZIY6QTR, STM32U595ZJT6, STM32U595ZJT6Q, STM32U595ZJY6QTR, STM32U599BJY6QTR, STM32U599NIH6Q, STM32U599NJH6Q, STM32U599VIT6Q, STM32U599VJT6, STM32U599VJT6Q, STM32U599ZIT6Q, STM32U599ZIY6QTR, STM32U599ZJT6Q, STM32U599ZJY6QTR, STM32U5A5AJH6, STM32U5A5AJH6Q, STM32U5A5QII3Q , STM32U5A5QJI6, STM32U5A5QJI6Q, STM32U5A5RJT6, STM32U5A5RJT6Q, STM32U5A5VJT6, STM32U5A5VJT6Q, STM32U5A5ZJT6, STM32U5A5ZJT6Q, STM32U5A5ZJY6QTR, STM32U5A9BJY6QTR, STM32U5A9J-DK, STM32U5A9NJH6Q, STM32U5A9VJT6Q, STM32U5A9ZJT6Q, STM32U5A9ZJY6QTR, STM32U5F7VIT6, STM32U5F7VIT6Q, STM32U5F7VJT6, STM32U5F7VJT6Q, STM32U5F9BJY6QTR, STM32U5F9NJH6Q, STM32U5F9VIT6Q, STM32U5F9VJT6Q, STM32U5F9ZIJ6QTR, STM32U5F9ZIT6Q, STM32U5F9ZJJ6QTR, STM32U5F9ZJT6Q, STM32U5G7VJT6, STM32U5G7VJT6Q, STM32U5G9BJY6QTR, STM32U5G9J-DK1, STM32U5G9J-DK2, STM32U5G9NJH6Q, STM32U5G9VJT6Q, STM32U5G9ZJJ6QTR, STM32U5G9ZJT6Q, STM32WB05KZV6TR, STM32WB05KZV7TR, STM32WB05TZF6TR, STM32WB05TZF7TR, STM32WB06CCF6TR, STM32WB06CCF7TR, STM32WB06CCV6TR, STM32WB06CCV7TR, STM32WB06KCV6TR, STM32WB06KCV7TR, STM32WB07CCF6TR, STM32WB07CCF7TR, STM32WB07CCV6TR, STM32WB07CCV7TR, STM32WB07KCV6TR, STM32WB07KCV7TR, STM32WB09KEV6TR, STM32WB09KEV7TR, STM32WB09TEF6TR, STM32WB09TEF7TR, STM32WB1MMCH6, STM32WBA50KGU6, STM32WBA50KGU6TR, STM32WBA52CEU6, STM32WBA52CEU6TR, STM32WBA52CEU7, STM32WBA52CEU7TR, STM32WBA52CGU6, STM32WBA52CGU6TR, STM32WBA52CGU6U, STM32WBA52CGU7, STM32WBA52CGU7TR, STM32WBA52KEU6, STM32WBA52KEU6TR, STM32WBA52KGU6, STM32WBA52KGU6TR, STM32WBA54CEU6, STM32WBA54CEU6TR, STM32WBA54CEU7, STM32WBA54CEU7TR, STM32WBA54CGU6, STM32WBA54CGU6TR, STM32WBA54CGU7, STM32WBA54CGU7TR, STM32WBA54KEU6, STM32WBA54KEU6TR, STM32WBA54KEU7, STM32WBA54KEU7TR, STM32WBA54KGU6, STM32WBA54KGU6TR, STM32WBA54KGU7, STM32WBA54KGU7TR, STM32WBA55CEU6, STM32WBA55CEU6TR, STM32WBA55CEU7, STM32WBA55CEU7TR, STM32WBA55CGU6, STM32WBA55CGU6TR, STM32WBA55CGU6U, STM32WBA55CGU7, STM32WBA55CGU7TR, STM32WBA55G-DK1, STM32WBA55HEF6, STM32WBA55HEF7, STM32WBA55HGF6, STM32WBA55HGF7, STM32WBA55UEI6, STM32WBA55UEI6TR, STM32WBA55UEI7, STM32WBA55UEI7TR, STM32WBA55UGI6, STM32WBA55UGI6TR, STM32WBA55UGI7, STM32WBA55UGI7TR, STM32WBA5MMGH6TR, STM32WBA62MGF6, STM32WBA62MIF6, STM32WBA65MGF7, STM32WBA65MIF6, STM32WBA65MIF7, STM32WL30K8V6, STM32WL30KBV6, STM32WL31C8V6, STM32WL31CBV6, STM32WL31K8V6, STM32WL31KBV6, STM32WL33C8V6, STM32WL33C8V6X, STM32WL33CBV6, STM32WL33CBV6X, STM32WL33CCV6, STM32WL33CCV6A, STM32WL33CCV6X, STM32WL33K8V7, STM32WL33K8V7X, STM32WL33KBV7 , STM32WL33KBV7X, STM32WL33KCV7, STM32WL33KCV7X, STM32WL5MOCH6, STM32WL5MOCH6TR]
2025-07-23 09:39:25,375 [INFO] DbMcus:218 - Found 4801 MCUs, 4801 are supported
2025-07-23 09:39:25,376 [INFO] ApiDb:423 - Load user favorites file C:\Users\aliya/.stm32cubeide/favorites.mcus.txt: 0 item(s)
2025-07-23 09:39:25,376 [INFO] ApiDb:427 - User favorites MCUs=[]
2025-07-23 09:39:25,376 [INFO] DbMcus:224 - Set 0 / 0 favorites MCUs
2025-07-23 09:39:28,706 [INFO] ApiDb:423 - Load user favorites file C:\Users\aliya/.stm32cubeide/favorites.boards.txt: 1 item(s)
2025-07-23 09:39:28,708 [INFO] ApiDb:427 - User favorites Boards=[NUCLEO-F446RE]
2025-07-23 09:39:28,710 [INFO] DbBoards:198 - Set 1 / 1 favorites Boards
2025-07-23 09:39:29,170 [INFO] UtilMem:75 - End LoadConfig() Used Memory: 404514832 Bytes (525336576)
2025-07-23 09:39:31,026 [WARN] ThirdParty:833 - waiting for thirdparty lock release [change project]
2025-07-23 09:39:31,026 [INFO] ThirdParty:835 - entering critical section [change project]
2025-07-23 09:39:31,027 [INFO] ThirdParty:1030 - CMSIS Pack Vendor :STMicroelectronics X-CUBE-PM33A1 1.0.0
2025-07-23 09:39:31,027 [INFO] ThirdParty:1030 - CMSIS Pack Vendor :STMicroelectronics USBPD 4.1
2025-07-23 09:39:31,027 [INFO] ThirdParty:1030 - CMSIS Pack Vendor :STMicroelectronics X-CUBE-AZRTOS-H7 3.3.0
2025-07-23 09:39:31,027 [INFO] ThirdParty:1030 - CMSIS Pack Vendor :STMicroelectronics X-CUBE-NFC9 1.0.0
2025-07-23 09:39:31,027 [INFO] ThirdParty:1030 - CMSIS Pack Vendor :wolfSSL I-CUBE-wolfSSL 5.8.0
2025-07-23 09:39:31,027 [INFO] ThirdParty:1030 - CMSIS Pack Vendor :STMicroelectronics USB_HOST 2.0.0
2025-07-23 09:39:31,027 [INFO] ThirdParty:1030 - CMSIS Pack Vendor :STMicroelectronics FP-SNS-MOTENVWB1 1.4.0
2025-07-23 09:39:31,027 [INFO] ThirdParty:1030 - CMSIS Pack Vendor :STMicroelectronics X-CUBE-AZRTOS-F4 1.1.0
2025-07-23 09:39:31,027 [INFO] ThirdParty:1030 - CMSIS Pack Vendor :STMicroelectronics LIBJPEG 8.0.0
2025-07-23 09:39:31,027 [INFO] ThirdParty:1030 - CMSIS Pack Vendor :STMicroelectronics FP-ATR-ASTRA1 2.0.2
2025-07-23 09:39:31,027 [INFO] ThirdParty:1030 - CMSIS Pack Vendor :STMicroelectronics X-CUBE-BLE1 7.1.0
2025-07-23 09:39:31,028 [INFO] ThirdParty:1030 - CMSIS Pack Vendor :Avnet-IotConnect X-CUBE-IoTC-DA16k-PMOD 1.0.0
2025-07-23 09:39:31,028 [INFO] ThirdParty:1030 - CMSIS Pack Vendor :STMicroelectronics X-CUBE-SMBUS 2.1.0
2025-07-23 09:39:31,028 [INFO] ThirdParty:1030 - CMSIS Pack Vendor :wolfSSL I-CUBE-wolfMQTT 1.19.2
2025-07-23 09:39:31,028 [INFO] ThirdParty:1030 - CMSIS Pack Vendor :STMicroelectronics USB_DEVICE 3.0.0
2025-07-23 09:39:31,028 [INFO] ThirdParty:1030 - CMSIS Pack Vendor :STMicroelectronics X-CUBE-ISPU 2.1.0
2025-07-23 09:39:31,028 [INFO] ThirdParty:1030 - CMSIS Pack Vendor :STMicroelectronics X-CUBE-EEPRMA1 5.2.0
2025-07-23 09:39:31,028 [INFO] ThirdParty:1030 - CMSIS Pack Vendor :STMicroelectronics X-CUBE-BLEMGR 4.1.0
2025-07-23 09:39:31,028 [INFO] ThirdParty:1030 - CMSIS Pack Vendor :STMicroelectronics X-CUBE-AZRTOS-WB 2.0.0
2025-07-23 09:39:31,028 [INFO] ThirdParty:1030 - CMSIS Pack Vendor :STMicroelectronics X-CUBE-ST60 1.0.0
2025-07-23 09:39:31,028 [INFO] ThirdParty:1030 - CMSIS Pack Vendor :STMicroelectronics X-CUBE-GNSS1 7.0.1
2025-07-23 09:39:31,028 [INFO] ThirdParty:1030 - CMSIS Pack Vendor :STMicroelectronics X-CUBE-NFC12 1.0.0
2025-07-23 09:39:31,028 [INFO] ThirdParty:1030 - CMSIS Pack Vendor :STMicroelectronics X-CUBE-AZRTOS-F7 1.1.0
2025-07-23 09:39:31,029 [INFO] ThirdParty:1030 - CMSIS Pack Vendor :STMicroelectronics X-CUBE-AZRTOS-L5 2.0.0
2025-07-23 09:39:31,029 [INFO] ThirdParty:1030 - CMSIS Pack Vendor :STMicroelectronics X-CUBE-TOUCHGFX 4.25.0
2025-07-23 09:39:31,029 [INFO] ThirdParty:1030 - CMSIS Pack Vendor :STMicroelectronics USB_DEVICE 2.0.0
2025-07-23 09:39:31,029 [INFO] ThirdParty:1030 - CMSIS Pack Vendor :STMicroelectronics X-CUBE-NFC6 3.1.0
2025-07-23 09:39:31,029 [INFO] ThirdParty:1030 - CMSIS Pack Vendor :STMicroelectronics X-CUBE-AI 10.1.0
2025-07-23 09:39:31,029 [INFO] ThirdParty:1030 - CMSIS Pack Vendor :STMicroelectronics FP-SNS-STBOX1 2.0.0
2025-07-23 09:39:31,029 [INFO] ThirdParty:1030 - CMSIS Pack Vendor :STMicroelectronics FreeRTOS 0.0.1
2025-07-23 09:39:31,029 [INFO] ThirdParty:1030 - CMSIS Pack Vendor :STMicroelectronics X-CUBE-AZRTOS-G0 1.1.0
2025-07-23 09:39:31,029 [INFO] ThirdParty:1030 - CMSIS Pack Vendor :STMicroelectronics X-CUBE-SAFEA1 1.2.2
2025-07-23 09:39:31,029 [INFO] ThirdParty:1030 - CMSIS Pack Vendor :STMicroelectronics X-CUBE-NFC4 3.0.0
2025-07-23 09:39:31,029 [INFO] ThirdParty:1030 - CMSIS Pack Vendor :STMicroelectronics X-CUBE-SUBG2 5.0.0
2025-07-23 09:39:31,029 [INFO] ThirdParty:1030 - CMSIS Pack Vendor :STMicroelectronics X-CUBE-AZRTOS-H7RS 1.1.0
2025-07-23 09:39:31,029 [INFO] ThirdParty:1030 - CMSIS Pack Vendor :STMicroelectronics STM32_WPAN 1.0.0
2025-07-23 09:39:31,029 [INFO] ThirdParty:1030 - CMSIS Pack Vendor :EmbeddedOffice I-CUBE-FS-RTOS 1.0.1
2025-07-23 09:39:31,030 [INFO] ThirdParty:1030 - CMSIS Pack Vendor :STMicroelectronics lwIP 2.0.3
2025-07-23 09:39:31,030 [INFO] ThirdParty:1030 - CMSIS Pack Vendor :Cesanta I-CUBE-Mongoose 7.13.0
2025-07-23 09:39:31,030 [INFO] ThirdParty:1030 - CMSIS Pack Vendor :STMicroelectronics USB_HOST 1.0.0
2025-07-23 09:39:31,030 [INFO] ThirdParty:1030 - CMSIS Pack Vendor :Infineon AIROC-Wi-Fi-Bluetooth-STM32 1.7.0
2025-07-23 09:39:31,030 [INFO] ThirdParty:1030 - CMSIS Pack Vendor :STMicroelectronics X-CUBE-AZRTOS-G4 2.0.0
2025-07-23 09:39:31,030 [INFO] ThirdParty:1030 - CMSIS Pack Vendor :STMicroelectronics X-CUBE-WB05N 2.0.0
2025-07-23 09:39:31,030 [INFO] ThirdParty:1030 - CMSIS Pack Vendor :STMicroelectronics PDM2PCM 3.1.0
2025-07-23 09:39:31,030 [INFO] ThirdParty:1030 - CMSIS Pack Vendor :STMicroelectronics PDM2PCM 3.3.0
2025-07-23 09:39:31,030 [INFO] ThirdParty:1030 - CMSIS Pack Vendor :wolfSSL I-CUBE-wolfTPM 3.8.0
2025-07-23 09:39:31,030 [INFO] ThirdParty:1030 - CMSIS Pack Vendor :STMicroelectronics X-CUBE-AZRTOS-H7 3.4.0
2025-07-23 09:39:31,030 [INFO] ThirdParty:1030 - CMSIS Pack Vendor :STMicroelectronics X-CUBE-DISPLAY 3.0.0
2025-07-23 09:39:31,030 [INFO] ThirdParty:1030 - CMSIS Pack Vendor :wolfSSL I-CUBE-wolfSSH 1.4.20
2025-07-23 09:39:31,030 [INFO] ThirdParty:1030 - CMSIS Pack Vendor :STMicroelectronics X-CUBE-NFC7 2.0.0
2025-07-23 09:39:31,031 [INFO] ThirdParty:1030 - CMSIS Pack Vendor :STMicroelectronics X-CUBE-TCPP 4.2.0
2025-07-23 09:39:31,031 [INFO] ThirdParty:1030 - CMSIS Pack Vendor :RealThread X-CUBE-RT-Thread_Nano 4.1.1
2025-07-23 09:39:31,031 [INFO] ThirdParty:1030 - CMSIS Pack Vendor :STMicroelectronics FP-ATR-SIGFOX1 3.2.0
2025-07-23 09:39:31,031 [INFO] ThirdParty:1030 - CMSIS Pack Vendor :STMicroelectronics X-CUBE-NFC10 1.0.0
2025-07-23 09:39:31,031 [INFO] ThirdParty:1030 - CMSIS Pack Vendor :STMicroelectronics X-CUBE-BLEMGR 4.0.0
2025-07-23 09:39:31,031 [INFO] ThirdParty:1030 - CMSIS Pack Vendor :STMicroelectronics X-CUBE-EEPRMA1 5.1.0
2025-07-23 09:39:31,031 [INFO] ThirdParty:1030 - CMSIS Pack Vendor :STMicroelectronics X-CUBE-FREERTOS 1.3.1
2025-07-23 09:39:31,031 [INFO] ThirdParty:1030 - CMSIS Pack Vendor :STMicroelectronics HAL Drivers 0.0.0
2025-07-23 09:39:31,031 [INFO] ThirdParty:1030 - CMSIS Pack Vendor :STMicroelectronics MBEDTLS 2.16.2
2025-07-23 09:39:31,031 [INFO] ThirdParty:1030 - CMSIS Pack Vendor :STMicroelectronics X-CUBE-IPS 3.1.0
2025-07-23 09:39:31,031 [INFO] ThirdParty:1030 - CMSIS Pack Vendor :STMicroelectronics X-CUBE-ALS 1.0.2
2025-07-23 09:39:31,031 [INFO] ThirdParty:1030 - CMSIS Pack Vendor :emotas I-CUBE-CANOPEN 1.3.0
2025-07-23 09:39:31,031 [INFO] ThirdParty:1030 - CMSIS Pack Vendor :STMicroelectronics MBEDTLS 2.14.1
2025-07-23 09:39:31,031 [INFO] ThirdParty:1030 - CMSIS Pack Vendor :ITTIA_DB I-CUBE-ITTIADB 8.9.0
2025-07-23 09:39:31,031 [INFO] ThirdParty:1030 - CMSIS Pack Vendor :portGmbH I-Cube-SoM-uGOAL 1.1.0
2025-07-23 09:39:31,031 [INFO] ThirdParty:1030 - CMSIS Pack Vendor :quantropi X-CUBE-qispace-sdk-base 2.0.0
2025-07-23 09:39:31,033 [INFO] ThirdParty:1030 - CMSIS Pack Vendor :STMicroelectronics X-CUBE-ST67W61 1.0.0
2025-07-23 09:39:31,033 [INFO] ThirdParty:1030 - CMSIS Pack Vendor :STMicroelectronics FP-SNS-STAIOTCFT 1.0.0
2025-07-23 09:39:31,033 [INFO] ThirdParty:1030 - CMSIS Pack Vendor :STMicroelectronics ThreadX 1.0.0
2025-07-23 09:39:31,033 [INFO] ThirdParty:1030 - CMSIS Pack Vendor :STMicroelectronics FP-SNS-SMARTAG2 1.2.0
2025-07-23 09:39:31,033 [INFO] ThirdParty:1030 - CMSIS Pack Vendor :STMicroelectronics FP-SNS-FLIGHT1 5.1.0
2025-07-23 09:39:31,033 [INFO] ThirdParty:1030 - CMSIS Pack Vendor :STMicroelectronics X-CUBE-AZRTOS-WL 2.0.0
2025-07-23 09:39:31,033 [INFO] ThirdParty:1030 - CMSIS Pack Vendor :SEGGER I-CUBE-embOS 1.3.1
2025-07-23 09:39:31,033 [INFO] ThirdParty:1030 - CMSIS Pack Vendor :STMicroelectronics X-CUBE-ALGOBUILD 1.4.0
2025-07-23 09:39:31,033 [INFO] ThirdParty:1030 - CMSIS Pack Vendor :STMicroelectronics X-CUBE-DPower 1.3.0
2025-07-23 09:39:31,033 [INFO] ThirdParty:1030 - CMSIS Pack Vendor :STMicroelectronics X-CUBE-MEMS1 11.3.0
2025-07-23 09:39:31,033 [INFO] ThirdParty:1030 - CMSIS Pack Vendor :STMicroelectronics FP-SNS-MOTENV1 5.0.0
2025-07-23 09:39:31,033 [INFO] ThirdParty:1030 - CMSIS Pack Vendor :STMicroelectronics USB_DEVICE 1.0.0
2025-07-23 09:39:31,033 [INFO] ThirdParty:1030 - CMSIS Pack Vendor :STMicroelectronics X-CUBE-AZRTOS-L4 2.0.0
2025-07-23 09:39:31,033 [INFO] ThirdParty:1030 - CMSIS Pack Vendor :STMicroelectronics ThreadX 0.0.2
2025-07-23 09:39:31,034 [INFO] ThirdParty:1030 - CMSIS Pack Vendor :WES I-CUBE-Cesium 1.3.0
2025-07-23 09:39:31,034 [INFO] ThirdParty:1030 - CMSIS Pack Vendor :STMicroelectronics lwIP 2.1.2
2025-07-23 09:39:31,034 [INFO] ThirdParty:1030 - CMSIS Pack Vendor :STMicroelectronics X-CUBE-SFXS2LP1 4.0.0
2025-07-23 09:39:31,034 [INFO] ThirdParty:1030 - CMSIS Pack Vendor :STMicroelectronics X-CUBE-BLE2 3.3.0
2025-07-23 09:39:31,034 [INFO] ThirdParty:1030 - CMSIS Pack Vendor :STMicroelectronics X-CUBE-TOF1 3.4.3
2025-07-23 09:39:31,034 [INFO] ThirdParty:1030 - CMSIS Pack Vendor :STMicroelectronics PDM2PCM 3.2.0
2025-07-23 09:39:31,034 [INFO] ThirdParty:841 - exiting critical section [change project]
2025-07-23 09:39:31,940 [INFO] PinOutPanel:1589 - setPackage(No Configuration,No Configuration)
2025-07-23 09:39:31,942 [INFO] PinOutPanel:1589 - setPackage(STM32F446RETx,LQFP64)
2025-07-23 09:39:32,911 [INFO] UtilMem:75 - Before build in PCC Used Memory: 494972880 Bytes (578813952)
2025-07-23 09:39:38,365 [INFO] UtilMem:75 - After build in PCC Used Memory: 420607112 Bytes (611319808)
2025-07-23 09:39:38,459 [INFO] ApiDbMcu:532 - Load IP Config File for FREERTOS
2025-07-23 09:39:38,504 [INFO] IPUIPlugin:80 - create IPUIPlugin
2025-07-23 09:39:38,504 [INFO] IPUIPlugin:80 - create IPUIPlugin
2025-07-23 09:39:38,504 [INFO] IPUIPlugin:80 - create IPUIPlugin
2025-07-23 09:39:38,504 [INFO] IPUIPlugin:80 - create IPUIPlugin
2025-07-23 09:39:38,504 [INFO] IPUIPlugin:80 - create IPUIPlugin
2025-07-23 09:39:38,504 [INFO] IPUIPlugin:80 - create IPUIPlugin
2025-07-23 09:39:38,504 [INFO] IPUIPlugin:80 - create IPUIPlugin
2025-07-23 09:39:38,505 [INFO] IPUIPlugin:80 - create IPUIPlugin
2025-07-23 09:39:38,505 [INFO] IPUIPlugin:80 - create IPUIPlugin
2025-07-23 09:39:38,505 [INFO] IPUIPlugin:80 - create IPUIPlugin
2025-07-23 09:39:38,505 [INFO] IPUIPlugin:80 - create IPUIPlugin
2025-07-23 09:39:38,505 [INFO] IPUIPlugin:80 - create IPUIPlugin
2025-07-23 09:39:38,505 [INFO] IPUIPlugin:80 - create IPUIPlugin
2025-07-23 09:39:38,505 [INFO] IPUIPlugin:80 - create IPUIPlugin
2025-07-23 09:39:38,506 [INFO] IPUIPlugin:80 - create IPUIPlugin
2025-07-23 09:39:38,506 [INFO] IPUIPlugin:80 - create IPUIPlugin
2025-07-23 09:39:38,506 [INFO] IPUIPlugin:80 - create IPUIPlugin
2025-07-23 09:39:38,506 [INFO] IPUIPlugin:80 - create IPUIPlugin
2025-07-23 09:39:38,506 [INFO] IPUIPlugin:80 - create IPUIPlugin
2025-07-23 09:39:38,506 [INFO] IPUIPlugin:80 - create IPUIPlugin
2025-07-23 09:39:38,507 [INFO] IPUIPlugin:80 - create IPUIPlugin
2025-07-23 09:39:38,507 [INFO] IPUIPlugin:80 - create IPUIPlugin
2025-07-23 09:39:38,507 [INFO] IPUIPlugin:80 - create IPUIPlugin
2025-07-23 09:39:38,507 [INFO] IPUIPlugin:80 - create IPUIPlugin
2025-07-23 09:39:38,507 [INFO] IPUIPlugin:80 - create IPUIPlugin
2025-07-23 09:39:38,509 [INFO] IPUIPlugin:80 - create IPUIPlugin
2025-07-23 09:39:38,509 [INFO] IPUIPlugin:80 - create IPUIPlugin
2025-07-23 09:39:38,509 [INFO] IPUIPlugin:80 - create IPUIPlugin
2025-07-23 09:39:38,509 [INFO] IPUIPlugin:80 - create IPUIPlugin
2025-07-23 09:39:38,510 [INFO] IPUIPlugin:80 - create IPUIPlugin
2025-07-23 09:39:38,510 [INFO] IPUIPlugin:80 - create IPUIPlugin
2025-07-23 09:39:38,510 [INFO] IPUIPlugin:80 - create IPUIPlugin
2025-07-23 09:39:38,510 [INFO] IPUIPlugin:80 - create IPUIPlugin
2025-07-23 09:39:38,510 [INFO] IPUIPlugin:80 - create IPUIPlugin
2025-07-23 09:39:38,511 [INFO] IPUIPlugin:80 - create IPUIPlugin
2025-07-23 09:39:38,511 [INFO] IPUIPlugin:80 - create IPUIPlugin
2025-07-23 09:39:38,513 [INFO] IPUIPlugin:80 - create IPUIPlugin
2025-07-23 09:39:38,513 [INFO] IPUIPlugin:80 - create IPUIPlugin
2025-07-23 09:39:38,514 [INFO] IPUIPlugin:80 - create IPUIPlugin
2025-07-23 09:39:38,514 [INFO] IPUIPlugin:80 - create IPUIPlugin
2025-07-23 09:39:38,514 [INFO] IPUIPlugin:80 - create IPUIPlugin
2025-07-23 09:39:38,515 [INFO] IPUIPlugin:80 - create IPUIPlugin
2025-07-23 09:39:38,515 [INFO] IPUIPlugin:80 - create IPUIPlugin
2025-07-23 09:39:38,515 [INFO] IPUIPlugin:80 - create IPUIPlugin
2025-07-23 09:39:38,516 [INFO] IPUIPlugin:80 - create IPUIPlugin
2025-07-23 09:39:38,517 [INFO] IPUIPlugin:80 - create IPUIPlugin
2025-07-23 09:39:38,518 [INFO] IPUIPlugin:80 - create IPUIPlugin
2025-07-23 09:39:38,519 [INFO] IPUIPlugin:80 - create IPUIPlugin
2025-07-23 09:39:38,519 [INFO] IPUIPlugin:80 - create IPUIPlugin
2025-07-23 09:39:38,519 [INFO] IPUIPlugin:80 - create IPUIPlugin
2025-07-23 09:39:38,520 [INFO] IPUIPlugin:80 - create IPUIPlugin
2025-07-23 09:39:38,521 [INFO] IPUIPlugin:80 - create IPUIPlugin
2025-07-23 09:39:38,521 [INFO] IPUIPlugin:80 - create IPUIPlugin
2025-07-23 09:39:38,522 [INFO] IPUIPlugin:80 - create IPUIPlugin
2025-07-23 09:39:38,522 [INFO] IPUIPlugin:80 - create IPUIPlugin
2025-07-23 09:39:38,524 [INFO] IPUIPlugin:80 - create IPUIPlugin
2025-07-23 09:39:38,524 [INFO] IPUIPlugin:80 - create IPUIPlugin
2025-07-23 09:39:38,525 [INFO] IPUIPlugin:80 - create IPUIPlugin
2025-07-23 09:39:38,525 [INFO] IPUIPlugin:80 - create IPUIPlugin
2025-07-23 09:39:38,526 [INFO] IPUIPlugin:80 - create IPUIPlugin
2025-07-23 09:39:38,540 [INFO] ApiDbMcu:532 - Load IP Config File for PDM2PCM
2025-07-23 09:39:38,548 [WARN] IP:2250 - I2C_Coeff_DF not found: check if there is a RefParameter without a condition.
2025-07-23 09:39:38,548 [WARN] IP:2250 - Analog_Filter not found: check if there is a RefParameter without a condition.
2025-07-23 09:39:38,587 [WARN] FreeRTOS:1023 - Null or empty value: should not occur! (nothing added to the table)
2025-07-23 09:39:38,897 [INFO] CADModel:165 - CPN selected for project levelSTM32F446RET6
2025-07-23 09:39:38,897 [INFO] CADModel:114 - Register for checkConnection events
2025-07-23 09:39:38,900 [INFO] RtosManager:728 - Active RTOS found at IOC load: FREERTOS [Cortex-M4NS]
2025-07-23 09:39:38,960 [INFO] OpenFileManager:386 - Restore cursor
2025-07-23 09:39:39,391 [WARN] IP:2250 - I2C_Coeff_DF not found: check if there is a RefParameter without a condition.
2025-07-23 09:39:39,391 [WARN] IP:2250 - Analog_Filter not found: check if there is a RefParameter without a condition.
2025-07-23 09:39:39,391 [WARN] IP:2250 - I2C_Coeff_DF not found: check if there is a RefParameter without a condition.
2025-07-23 09:39:39,391 [WARN] IP:2250 - Analog_Filter not found: check if there is a RefParameter without a condition.
2025-07-23 09:57:36,021 [ERROR] RtosPanel:558 - Can not restore the selected Tab for FREERTOS(A reason can be that the tab is no more available.)
2025-07-23 09:58:03,822 [INFO] TasksAndQueuesTab:757 - Dynamic
2025-07-23 09:58:03,823 [WARN] TasksAndQueuesTab:763 - 2048 128
2025-07-23 09:58:03,824 [WARN] TasksAndQueuesTab:775 - max value is: 3840.0
2025-07-23 09:58:03,825 [INFO] TasksAndQueuesTab:757 - Dynamic
2025-07-23 09:58:03,825 [WARN] TasksAndQueuesTab:763 - 2048 128
2025-07-23 09:58:03,825 [WARN] TasksAndQueuesTab:775 - max value is: 3840.0
2025-07-23 09:58:16,534 [INFO] TasksAndQueuesTab:757 - Dynamic
2025-07-23 09:58:16,534 [WARN] TasksAndQueuesTab:763 - 2048 128
2025-07-23 09:58:16,535 [WARN] TasksAndQueuesTab:775 - max value is: 3840.0
2025-07-23 09:58:16,535 [INFO] TasksAndQueuesTab:757 - Dynamic
2025-07-23 09:58:16,535 [WARN] TasksAndQueuesTab:763 - 2048 128
2025-07-23 09:58:16,537 [WARN] TasksAndQueuesTab:775 - max value is: 3840.0
2025-07-23 09:58:24,094 [INFO] EditThreadDialog:704 - RAM SIZE (in KB): 128
2025-07-23 09:58:24,095 [INFO] EditThreadDialog:706 - RAM SIZE (in words): 32768
2025-07-23 09:58:33,985 [INFO] TasksAndQueuesTab:757 - Dynamic
2025-07-23 09:58:33,985 [WARN] TasksAndQueuesTab:763 - 1024 128
2025-07-23 09:58:33,986 [WARN] TasksAndQueuesTab:775 - max value is: 3840.0
2025-07-23 09:58:33,986 [INFO] TasksAndQueuesTab:757 - Dynamic
2025-07-23 09:58:33,986 [WARN] TasksAndQueuesTab:763 - 2048 128
2025-07-23 09:58:33,986 [WARN] TasksAndQueuesTab:775 - max value is: 3840.0
2025-07-23 09:58:36,184 [INFO] EditThreadDialog:704 - RAM SIZE (in KB): 128
2025-07-23 09:58:36,185 [INFO] EditThreadDialog:706 - RAM SIZE (in words): 32768
2025-07-23 09:58:41,809 [INFO] TasksAndQueuesTab:757 - Dynamic
2025-07-23 09:58:41,810 [WARN] TasksAndQueuesTab:763 - 1024 128
2025-07-23 09:58:41,811 [WARN] TasksAndQueuesTab:775 - max value is: 3840.0
2025-07-23 09:58:41,811 [INFO] TasksAndQueuesTab:757 - Dynamic
2025-07-23 09:58:41,811 [WARN] TasksAndQueuesTab:763 - 1024 128
2025-07-23 09:58:41,812 [WARN] TasksAndQueuesTab:775 - max value is: 3840.0
2025-07-23 09:58:49,532 [INFO] UtilMem:75 - End SaveConfig() Used Memory: 348526448 Bytes (1048576000)
2025-07-23 09:58:50,913 [INFO] UtilMem:75 - End SaveConfig() Used Memory: 380510064 Bytes (1048576000)
2025-07-23 09:58:51,714 [INFO] UtilMem:75 - End SaveConfig() Used Memory: 462298992 Bytes (1048576000)
2025-07-23 09:59:04,829 [INFO] BlockDiagram:2775 - set Specific Code input for plugin: FREERTOS
2025-07-23 09:59:04,831 [INFO] BlockDiagram:2775 - set Specific Code input for plugin: SYS
2025-07-23 09:59:04,831 [INFO] BlockDiagram:2775 - set Specific Code input for plugin: RCC
2025-07-23 09:59:04,831 [INFO] BlockDiagram:2775 - set Specific Code input for plugin: I2C
2025-07-23 09:59:04,832 [INFO] BlockDiagram:2775 - set Specific Code input for plugin: NVIC
2025-07-23 09:59:04,832 [INFO] BlockDiagram:2775 - set Specific Code input for plugin: USART
2025-07-23 09:59:04,832 [INFO] BlockDiagram:2775 - set Specific Code input for plugin: TIM1_8
2025-07-23 09:59:04,835 [INFO] BlockDiagram:2775 - set Specific Code input for plugin: GPIO
2025-07-23 09:59:04,842 [INFO] CodeGenerator:892 - code generatio: config db path: C:\ST\STM32CubeIDE_1.18.1\STM32CubeIDE\plugins\com.st.stm32cube.common.mx_6.15.0.202507011659\\db\
2025-07-23 09:59:04,879 [WARN] IP:2250 - I2C_Coeff_DF not found: check if there is a RefParameter without a condition.
2025-07-23 09:59:04,879 [WARN] IP:2250 - Analog_Filter not found: check if there is a RefParameter without a condition.
2025-07-23 09:59:05,147 [INFO] CodeEngine:265 - oldGeneratedFile, C:\Users\aliya\proje\KontrolOrtakCalisma\Kontroll4\MXTmpFiles\license.tmp_save
2025-07-23 09:59:05,570 [INFO] CodeEngine:289 - Generated code: C:\Users\aliya\proje\KontrolOrtakCalisma\Kontroll4\MXTmpFiles\license.tmp
2025-07-23 09:59:05,746 [INFO] CodeEngine:265 - oldGeneratedFile, C:\Users\aliya\proje\KontrolOrtakCalisma\Kontroll4\Core\Src\gpio.c_save
2025-07-23 09:59:05,894 [INFO] CodeEngine:289 - Generated code: C:\Users\aliya\proje\KontrolOrtakCalisma\Kontroll4\Core\Src\gpio.c
2025-07-23 09:59:05,905 [INFO] CodeEngine:265 - oldGeneratedFile, C:\Users\aliya\proje\KontrolOrtakCalisma\Kontroll4\Core\Inc\gpio.h_save
2025-07-23 09:59:06,001 [INFO] CodeEngine:289 - Generated code: C:\Users\aliya\proje\KontrolOrtakCalisma\Kontroll4\Core\Inc\gpio.h
2025-07-23 09:59:06,288 [INFO] Middleware:1452 - No code input for Bsp Dependency
2025-07-23 09:59:06,297 [INFO] CodeEngine:265 - oldGeneratedFile, C:\Users\aliya\proje\KontrolOrtakCalisma\Kontroll4\MXTmpFiles\rtos_inc.tmp_save
2025-07-23 09:59:06,373 [INFO] CodeEngine:289 - Generated code: C:\Users\aliya\proje\KontrolOrtakCalisma\Kontroll4\MXTmpFiles\rtos_inc.tmp
2025-07-23 09:59:06,379 [INFO] CodeEngine:265 - oldGeneratedFile, C:\Users\aliya\proje\KontrolOrtakCalisma\Kontroll4\MXTmpFiles\rtos_kernelInit.tmp_save
2025-07-23 09:59:06,463 [INFO] CodeEngine:289 - Generated code: C:\Users\aliya\proje\KontrolOrtakCalisma\Kontroll4\MXTmpFiles\rtos_kernelInit.tmp
2025-07-23 09:59:06,470 [INFO] CodeEngine:265 - oldGeneratedFile, C:\Users\aliya\proje\KontrolOrtakCalisma\Kontroll4\MXTmpFiles\rtos_kernelStart.tmp_save
2025-07-23 09:59:06,538 [INFO] CodeEngine:289 - Generated code: C:\Users\aliya\proje\KontrolOrtakCalisma\Kontroll4\MXTmpFiles\rtos_kernelStart.tmp
2025-07-23 09:59:06,545 [INFO] CodeEngine:265 - oldGeneratedFile, C:\Users\aliya\proje\KontrolOrtakCalisma\Kontroll4\MXTmpFiles\rtos_typedefs.tmp_save
2025-07-23 09:59:06,612 [INFO] CodeEngine:289 - Generated code: C:\Users\aliya\proje\KontrolOrtakCalisma\Kontroll4\MXTmpFiles\rtos_typedefs.tmp
2025-07-23 09:59:06,618 [INFO] CodeEngine:265 - oldGeneratedFile, C:\Users\aliya\proje\KontrolOrtakCalisma\Kontroll4\MXTmpFiles\rtos_vars.tmp_save
2025-07-23 09:59:06,687 [INFO] CodeEngine:289 - Generated code: C:\Users\aliya\proje\KontrolOrtakCalisma\Kontroll4\MXTmpFiles\rtos_vars.tmp
2025-07-23 09:59:06,692 [INFO] CodeEngine:265 - oldGeneratedFile, C:\Users\aliya\proje\KontrolOrtakCalisma\Kontroll4\MXTmpFiles\rtos_pfp.tmp_save
2025-07-23 09:59:06,752 [INFO] CodeEngine:289 - Generated code: C:\Users\aliya\proje\KontrolOrtakCalisma\Kontroll4\MXTmpFiles\rtos_pfp.tmp
2025-07-23 09:59:06,757 [INFO] CodeEngine:265 - oldGeneratedFile, C:\Users\aliya\proje\KontrolOrtakCalisma\Kontroll4\MXTmpFiles\rtos_obj_creat.tmp_save
2025-07-23 09:59:06,826 [INFO] CodeEngine:289 - Generated code: C:\Users\aliya\proje\KontrolOrtakCalisma\Kontroll4\MXTmpFiles\rtos_obj_creat.tmp
2025-07-23 09:59:06,834 [INFO] CodeEngine:265 - oldGeneratedFile, C:\Users\aliya\proje\KontrolOrtakCalisma\Kontroll4\MXTmpFiles\rtos_default_thread.tmp_save
2025-07-23 09:59:06,922 [INFO] CodeEngine:289 - Generated code: C:\Users\aliya\proje\KontrolOrtakCalisma\Kontroll4\MXTmpFiles\rtos_default_thread.tmp
2025-07-23 09:59:06,934 [INFO] CodeEngine:265 - oldGeneratedFile, C:\Users\aliya\proje\KontrolOrtakCalisma\Kontroll4\MXTmpFiles\rtos_threads.tmp_save
2025-07-23 09:59:07,014 [INFO] CodeEngine:289 - Generated code: C:\Users\aliya\proje\KontrolOrtakCalisma\Kontroll4\MXTmpFiles\rtos_threads.tmp
2025-07-23 09:59:07,034 [INFO] Middleware:1452 - No code input for Bsp Dependency
2025-07-23 09:59:07,044 [INFO] CodeEngine:265 - oldGeneratedFile, C:\Users\aliya\proje\KontrolOrtakCalisma\Kontroll4\MXTmpFiles\rtos_inc.tmp_save
2025-07-23 09:59:07,100 [INFO] CodeEngine:289 - Generated code: C:\Users\aliya\proje\KontrolOrtakCalisma\Kontroll4\MXTmpFiles\rtos_inc.tmp
2025-07-23 09:59:07,107 [INFO] CodeEngine:265 - oldGeneratedFile, C:\Users\aliya\proje\KontrolOrtakCalisma\Kontroll4\MXTmpFiles\rtos_kernelInit.tmp_save
2025-07-23 09:59:07,209 [INFO] CodeEngine:289 - Generated code: C:\Users\aliya\proje\KontrolOrtakCalisma\Kontroll4\MXTmpFiles\rtos_kernelInit.tmp
2025-07-23 09:59:07,217 [INFO] CodeEngine:265 - oldGeneratedFile, C:\Users\aliya\proje\KontrolOrtakCalisma\Kontroll4\MXTmpFiles\rtos_kernelStart.tmp_save
2025-07-23 09:59:07,277 [INFO] CodeEngine:289 - Generated code: C:\Users\aliya\proje\KontrolOrtakCalisma\Kontroll4\MXTmpFiles\rtos_kernelStart.tmp
2025-07-23 09:59:07,285 [INFO] CodeEngine:265 - oldGeneratedFile, C:\Users\aliya\proje\KontrolOrtakCalisma\Kontroll4\MXTmpFiles\rtos_typedefs.tmp_save
2025-07-23 09:59:07,344 [INFO] CodeEngine:289 - Generated code: C:\Users\aliya\proje\KontrolOrtakCalisma\Kontroll4\MXTmpFiles\rtos_typedefs.tmp
2025-07-23 09:59:07,350 [INFO] CodeEngine:265 - oldGeneratedFile, C:\Users\aliya\proje\KontrolOrtakCalisma\Kontroll4\MXTmpFiles\rtos_vars.tmp_save
2025-07-23 09:59:07,472 [INFO] CodeEngine:289 - Generated code: C:\Users\aliya\proje\KontrolOrtakCalisma\Kontroll4\MXTmpFiles\rtos_vars.tmp
2025-07-23 09:59:07,507 [INFO] CodeEngine:265 - oldGeneratedFile, C:\Users\aliya\proje\KontrolOrtakCalisma\Kontroll4\MXTmpFiles\rtos_pfp.tmp_save
2025-07-23 09:59:07,637 [INFO] CodeEngine:289 - Generated code: C:\Users\aliya\proje\KontrolOrtakCalisma\Kontroll4\MXTmpFiles\rtos_pfp.tmp
2025-07-23 09:59:07,644 [INFO] CodeEngine:265 - oldGeneratedFile, C:\Users\aliya\proje\KontrolOrtakCalisma\Kontroll4\MXTmpFiles\rtos_obj_creat.tmp_save
2025-07-23 09:59:07,706 [INFO] CodeEngine:289 - Generated code: C:\Users\aliya\proje\KontrolOrtakCalisma\Kontroll4\MXTmpFiles\rtos_obj_creat.tmp
2025-07-23 09:59:07,714 [INFO] CodeEngine:265 - oldGeneratedFile, C:\Users\aliya\proje\KontrolOrtakCalisma\Kontroll4\MXTmpFiles\rtos_default_thread.tmp_save
2025-07-23 09:59:07,770 [INFO] CodeEngine:289 - Generated code: C:\Users\aliya\proje\KontrolOrtakCalisma\Kontroll4\MXTmpFiles\rtos_default_thread.tmp
2025-07-23 09:59:07,777 [INFO] CodeEngine:265 - oldGeneratedFile, C:\Users\aliya\proje\KontrolOrtakCalisma\Kontroll4\MXTmpFiles\rtos_threads.tmp_save
2025-07-23 09:59:07,926 [INFO] CodeEngine:289 - Generated code: C:\Users\aliya\proje\KontrolOrtakCalisma\Kontroll4\MXTmpFiles\rtos_threads.tmp
2025-07-23 09:59:07,943 [INFO] CodeEngine:265 - oldGeneratedFile, C:\Users\aliya\proje\KontrolOrtakCalisma\Kontroll4\Core\Inc\FreeRTOSConfig.h_save
2025-07-23 09:59:08,102 [INFO] CodeEngine:289 - Generated code: C:\Users\aliya\proje\KontrolOrtakCalisma\Kontroll4\Core\Inc\FreeRTOSConfig.h
2025-07-23 09:59:08,163 [INFO] CodeEngine:265 - oldGeneratedFile, C:\Users\aliya\proje\KontrolOrtakCalisma\Kontroll4\Core\Src\freertos.c_save
2025-07-23 09:59:08,255 [INFO] CodeEngine:289 - Generated code: C:\Users\aliya\proje\KontrolOrtakCalisma\Kontroll4\Core\Src\freertos.c
2025-07-23 09:59:08,281 [INFO] CodeEngine:265 - oldGeneratedFile, C:\Users\aliya\proje\KontrolOrtakCalisma\Kontroll4\Core\Src\i2c.c_save
2025-07-23 09:59:08,416 [INFO] CodeEngine:289 - Generated code: C:\Users\aliya\proje\KontrolOrtakCalisma\Kontroll4\Core\Src\i2c.c
2025-07-23 09:59:08,476 [INFO] CodeEngine:265 - oldGeneratedFile, C:\Users\aliya\proje\KontrolOrtakCalisma\Kontroll4\Core\Inc\i2c.h_save
2025-07-23 09:59:08,542 [INFO] CodeEngine:289 - Generated code: C:\Users\aliya\proje\KontrolOrtakCalisma\Kontroll4\Core\Inc\i2c.h
2025-07-23 09:59:08,557 [INFO] CodeEngine:265 - oldGeneratedFile, C:\Users\aliya\proje\KontrolOrtakCalisma\Kontroll4\Core\Src\tim.c_save
2025-07-23 09:59:08,651 [INFO] CodeEngine:289 - Generated code: C:\Users\aliya\proje\KontrolOrtakCalisma\Kontroll4\Core\Src\tim.c
2025-07-23 09:59:08,657 [INFO] CodeEngine:265 - oldGeneratedFile, C:\Users\aliya\proje\KontrolOrtakCalisma\Kontroll4\Core\Inc\tim.h_save
2025-07-23 09:59:08,782 [INFO] CodeEngine:289 - Generated code: C:\Users\aliya\proje\KontrolOrtakCalisma\Kontroll4\Core\Inc\tim.h
2025-07-23 09:59:08,801 [INFO] CodeEngine:265 - oldGeneratedFile, C:\Users\aliya\proje\KontrolOrtakCalisma\Kontroll4\Core\Src\usart.c_save
2025-07-23 09:59:08,911 [INFO] CodeEngine:289 - Generated code: C:\Users\aliya\proje\KontrolOrtakCalisma\Kontroll4\Core\Src\usart.c
2025-07-23 09:59:08,920 [INFO] CodeEngine:265 - oldGeneratedFile, C:\Users\aliya\proje\KontrolOrtakCalisma\Kontroll4\Core\Inc\usart.h_save
2025-07-23 09:59:08,988 [INFO] CodeEngine:289 - Generated code: C:\Users\aliya\proje\KontrolOrtakCalisma\Kontroll4\Core\Inc\usart.h
2025-07-23 09:59:09,065 [INFO] CodeEngine:265 - oldGeneratedFile, C:\Users\aliya\proje\KontrolOrtakCalisma\Kontroll4\Core\Src\stm32f4xx_it.c_save
2025-07-23 09:59:09,326 [INFO] CodeEngine:289 - Generated code: C:\Users\aliya\proje\KontrolOrtakCalisma\Kontroll4\Core\Src\stm32f4xx_it.c
2025-07-23 09:59:09,390 [INFO] CodeEngine:265 - oldGeneratedFile, C:\Users\aliya\proje\KontrolOrtakCalisma\Kontroll4\Core\Inc\stm32f4xx_it.h_save
2025-07-23 09:59:09,572 [INFO] CodeEngine:289 - Generated code: C:\Users\aliya\proje\KontrolOrtakCalisma\Kontroll4\Core\Inc\stm32f4xx_it.h
2025-07-23 09:59:09,651 [INFO] CodeEngine:265 - oldGeneratedFile, C:\Users\aliya\proje\KontrolOrtakCalisma\Kontroll4\Core\Src\stm32f4xx_hal_msp.c_save
2025-07-23 09:59:09,747 [INFO] CodeEngine:289 - Generated code: C:\Users\aliya\proje\KontrolOrtakCalisma\Kontroll4\Core\Src\stm32f4xx_hal_msp.c
2025-07-23 09:59:09,754 [INFO] CodeEngine:265 - oldGeneratedFile, C:\Users\aliya\proje\KontrolOrtakCalisma\Kontroll4\MXTmpFiles\system.tmp_save
2025-07-23 09:59:09,825 [INFO] CodeEngine:289 - Generated code: C:\Users\aliya\proje\KontrolOrtakCalisma\Kontroll4\MXTmpFiles\system.tmp
2025-07-23 09:59:09,836 [INFO] CodeEngine:265 - oldGeneratedFile, C:\Users\aliya\proje\KontrolOrtakCalisma\Kontroll4\Core\Src\stm32f4xx_hal_timebase_tim.c_save
2025-07-23 09:59:09,901 [INFO] CodeEngine:289 - Generated code: C:\Users\aliya\proje\KontrolOrtakCalisma\Kontroll4\Core\Src\stm32f4xx_hal_timebase_tim.c
2025-07-23 09:59:09,916 [INFO] CodeEngine:321 - oldGeneratedFile, C:\Users\aliya\proje\KontrolOrtakCalisma\Kontroll4\Core\Inc\stm32f4xx_hal_conf.h_save
2025-07-23 09:59:09,987 [INFO] CodeEngine:345 - Generated code: C:\Users\aliya\proje\KontrolOrtakCalisma\Kontroll4\Core\Inc\stm32f4xx_hal_conf.h
2025-07-23 09:59:10,015 [WARN] IPConfigManager:3238 - Warning: the RefConfig PLL2P_FOR_MCO is not available in your config.xml file
2025-07-23 09:59:10,024 [INFO] ApiDbMcu:532 - Load IP Config File for I2C2
2025-07-23 09:59:10,042 [INFO] ApiDbMcu:532 - Load IP Config File for TIM8
2025-07-23 09:59:10,046 [INFO] ApiDbMcu:532 - Load IP Config File for USART2
2025-07-23 09:59:10,049 [INFO] ApiDbMcu:532 - Load IP Config File for RCC
2025-07-23 09:59:10,114 [INFO] CodeEngine:265 - oldGeneratedFile, C:\Users\aliya\proje\KontrolOrtakCalisma\Kontroll4\Core\Inc\main.h_save
2025-07-23 09:59:10,208 [INFO] CodeEngine:289 - Generated code: C:\Users\aliya\proje\KontrolOrtakCalisma\Kontroll4\Core\Inc\main.h
2025-07-23 09:59:10,217 [INFO] CodeEngine:265 - oldGeneratedFile, C:\Users\aliya\proje\KontrolOrtakCalisma\Kontroll4\Core\Src\main.c_save
2025-07-23 09:59:10,354 [INFO] CodeEngine:289 - Generated code: C:\Users\aliya\proje\KontrolOrtakCalisma\Kontroll4\Core\Src\main.c
2025-07-23 09:59:11,222 [INFO] ProjectBuilder:3606 - Time for Copy HAL[1] : 435mS.
2025-07-23 09:59:11,241 [INFO] ProjectBuilder:5216 - Project Generator version: 4.7.0-B52
2025-07-23 09:59:11,336 [INFO] ConfigFileManager:1595 - The Die is : DIE421
2025-07-23 09:59:11,341 [INFO] ApiDbMcu:532 - Load IP Config File for FATFS
2025-07-23 09:59:11,345 [INFO] ApiDbMcu:532 - Load IP Config File for LIBJPEG
2025-07-23 09:59:11,358 [INFO] ApiDbMcu:532 - Load IP Config File for MBEDTLS
2025-07-23 09:59:11,367 [INFO] ApiDbMcu:532 - Load IP Config File for USB_DEVICE
2025-07-23 09:59:11,373 [INFO] ApiDbMcu:532 - Load IP Config File for USB_HOST
2025-07-23 09:59:11,940 [INFO] LogOutputStream:77 - [STDOUT_REDIRECT] 
2025-07-23 09:59:13,303 [INFO] ProjectBuilder:5496 - Time for Generating toolchain IDE Files: 2062mS.
2025-07-23 09:59:13,305 [INFO] ProjectBuilder:3463 - Time for Copy CMSIS : 1mS.
2025-07-23 09:59:13,315 [INFO] ProjectBuilder:3463 - Time for Copy CMSIS : 0mS.
2025-07-23 09:59:46,921 [INFO] UtilMem:75 - End SaveConfig() Used Memory: 485542464 Bytes (1048576000)
2025-07-23 09:59:47,805 [INFO] UtilMem:75 - End SaveConfig() Used Memory: 399559232 Bytes (1048576000)
2025-07-23 09:59:48,188 [INFO] BlockDiagram:2775 - set Specific Code input for plugin: FREERTOS
2025-07-23 09:59:48,189 [INFO] BlockDiagram:2775 - set Specific Code input for plugin: SYS
2025-07-23 09:59:48,189 [INFO] BlockDiagram:2775 - set Specific Code input for plugin: RCC
2025-07-23 09:59:48,189 [INFO] BlockDiagram:2775 - set Specific Code input for plugin: I2C
2025-07-23 09:59:48,189 [INFO] BlockDiagram:2775 - set Specific Code input for plugin: NVIC
2025-07-23 09:59:48,189 [INFO] BlockDiagram:2775 - set Specific Code input for plugin: USART
2025-07-23 09:59:48,189 [INFO] BlockDiagram:2775 - set Specific Code input for plugin: TIM1_8
2025-07-23 09:59:48,189 [INFO] BlockDiagram:2775 - set Specific Code input for plugin: GPIO
2025-07-23 09:59:48,191 [INFO] CodeGenerator:892 - code generatio: config db path: C:\ST\STM32CubeIDE_1.18.1\STM32CubeIDE\plugins\com.st.stm32cube.common.mx_6.15.0.202507011659\\db\
2025-07-23 09:59:48,199 [WARN] IP:2250 - I2C_Coeff_DF not found: check if there is a RefParameter without a condition.
2025-07-23 09:59:48,200 [WARN] IP:2250 - Analog_Filter not found: check if there is a RefParameter without a condition.
2025-07-23 09:59:48,304 [INFO] CodeEngine:265 - oldGeneratedFile, C:\Users\aliya\proje\KontrolOrtakCalisma\Kontroll4\MXTmpFiles\license.tmp_save
2025-07-23 09:59:48,366 [INFO] CodeEngine:289 - Generated code: C:\Users\aliya\proje\KontrolOrtakCalisma\Kontroll4\MXTmpFiles\license.tmp
2025-07-23 09:59:48,393 [INFO] CodeEngine:265 - oldGeneratedFile, C:\Users\aliya\proje\KontrolOrtakCalisma\Kontroll4\Core\Src\gpio.c_save
2025-07-23 09:59:48,583 [INFO] CodeEngine:289 - Generated code: C:\Users\aliya\proje\KontrolOrtakCalisma\Kontroll4\Core\Src\gpio.c
2025-07-23 09:59:48,616 [INFO] CodeEngine:265 - oldGeneratedFile, C:\Users\aliya\proje\KontrolOrtakCalisma\Kontroll4\Core\Inc\gpio.h_save
2025-07-23 09:59:48,726 [INFO] CodeEngine:289 - Generated code: C:\Users\aliya\proje\KontrolOrtakCalisma\Kontroll4\Core\Inc\gpio.h
2025-07-23 09:59:48,878 [INFO] Middleware:1452 - No code input for Bsp Dependency
2025-07-23 09:59:48,887 [INFO] CodeEngine:265 - oldGeneratedFile, C:\Users\aliya\proje\KontrolOrtakCalisma\Kontroll4\MXTmpFiles\rtos_inc.tmp_save
2025-07-23 09:59:48,942 [INFO] CodeEngine:289 - Generated code: C:\Users\aliya\proje\KontrolOrtakCalisma\Kontroll4\MXTmpFiles\rtos_inc.tmp
2025-07-23 09:59:48,948 [INFO] CodeEngine:265 - oldGeneratedFile, C:\Users\aliya\proje\KontrolOrtakCalisma\Kontroll4\MXTmpFiles\rtos_kernelInit.tmp_save
2025-07-23 09:59:49,058 [INFO] CodeEngine:289 - Generated code: C:\Users\aliya\proje\KontrolOrtakCalisma\Kontroll4\MXTmpFiles\rtos_kernelInit.tmp
2025-07-23 09:59:49,085 [INFO] CodeEngine:265 - oldGeneratedFile, C:\Users\aliya\proje\KontrolOrtakCalisma\Kontroll4\MXTmpFiles\rtos_kernelStart.tmp_save
2025-07-23 09:59:49,284 [INFO] CodeEngine:289 - Generated code: C:\Users\aliya\proje\KontrolOrtakCalisma\Kontroll4\MXTmpFiles\rtos_kernelStart.tmp
2025-07-23 09:59:49,290 [INFO] CodeEngine:265 - oldGeneratedFile, C:\Users\aliya\proje\KontrolOrtakCalisma\Kontroll4\MXTmpFiles\rtos_typedefs.tmp_save
2025-07-23 09:59:49,361 [INFO] CodeEngine:289 - Generated code: C:\Users\aliya\proje\KontrolOrtakCalisma\Kontroll4\MXTmpFiles\rtos_typedefs.tmp
2025-07-23 09:59:49,367 [INFO] CodeEngine:265 - oldGeneratedFile, C:\Users\aliya\proje\KontrolOrtakCalisma\Kontroll4\MXTmpFiles\rtos_vars.tmp_save
2025-07-23 09:59:49,483 [INFO] CodeEngine:289 - Generated code: C:\Users\aliya\proje\KontrolOrtakCalisma\Kontroll4\MXTmpFiles\rtos_vars.tmp
2025-07-23 09:59:49,506 [INFO] CodeEngine:265 - oldGeneratedFile, C:\Users\aliya\proje\KontrolOrtakCalisma\Kontroll4\MXTmpFiles\rtos_pfp.tmp_save
2025-07-23 09:59:49,572 [INFO] CodeEngine:289 - Generated code: C:\Users\aliya\proje\KontrolOrtakCalisma\Kontroll4\MXTmpFiles\rtos_pfp.tmp
2025-07-23 09:59:49,576 [INFO] CodeEngine:265 - oldGeneratedFile, C:\Users\aliya\proje\KontrolOrtakCalisma\Kontroll4\MXTmpFiles\rtos_obj_creat.tmp_save
2025-07-23 09:59:49,635 [INFO] CodeEngine:289 - Generated code: C:\Users\aliya\proje\KontrolOrtakCalisma\Kontroll4\MXTmpFiles\rtos_obj_creat.tmp
2025-07-23 09:59:49,640 [INFO] CodeEngine:265 - oldGeneratedFile, C:\Users\aliya\proje\KontrolOrtakCalisma\Kontroll4\MXTmpFiles\rtos_default_thread.tmp_save
2025-07-23 09:59:49,704 [INFO] CodeEngine:289 - Generated code: C:\Users\aliya\proje\KontrolOrtakCalisma\Kontroll4\MXTmpFiles\rtos_default_thread.tmp
2025-07-23 09:59:49,709 [INFO] CodeEngine:265 - oldGeneratedFile, C:\Users\aliya\proje\KontrolOrtakCalisma\Kontroll4\MXTmpFiles\rtos_threads.tmp_save
2025-07-23 09:59:49,763 [INFO] CodeEngine:289 - Generated code: C:\Users\aliya\proje\KontrolOrtakCalisma\Kontroll4\MXTmpFiles\rtos_threads.tmp
2025-07-23 09:59:49,782 [INFO] Middleware:1452 - No code input for Bsp Dependency
2025-07-23 09:59:49,791 [INFO] CodeEngine:265 - oldGeneratedFile, C:\Users\aliya\proje\KontrolOrtakCalisma\Kontroll4\MXTmpFiles\rtos_inc.tmp_save
2025-07-23 09:59:49,849 [INFO] CodeEngine:289 - Generated code: C:\Users\aliya\proje\KontrolOrtakCalisma\Kontroll4\MXTmpFiles\rtos_inc.tmp
2025-07-23 09:59:49,858 [INFO] CodeEngine:265 - oldGeneratedFile, C:\Users\aliya\proje\KontrolOrtakCalisma\Kontroll4\MXTmpFiles\rtos_kernelInit.tmp_save
2025-07-23 09:59:49,915 [INFO] CodeEngine:289 - Generated code: C:\Users\aliya\proje\KontrolOrtakCalisma\Kontroll4\MXTmpFiles\rtos_kernelInit.tmp
2025-07-23 09:59:49,921 [INFO] CodeEngine:265 - oldGeneratedFile, C:\Users\aliya\proje\KontrolOrtakCalisma\Kontroll4\MXTmpFiles\rtos_kernelStart.tmp_save
2025-07-23 09:59:49,977 [INFO] CodeEngine:289 - Generated code: C:\Users\aliya\proje\KontrolOrtakCalisma\Kontroll4\MXTmpFiles\rtos_kernelStart.tmp
2025-07-23 09:59:49,983 [INFO] CodeEngine:265 - oldGeneratedFile, C:\Users\aliya\proje\KontrolOrtakCalisma\Kontroll4\MXTmpFiles\rtos_typedefs.tmp_save
2025-07-23 09:59:50,090 [INFO] CodeEngine:289 - Generated code: C:\Users\aliya\proje\KontrolOrtakCalisma\Kontroll4\MXTmpFiles\rtos_typedefs.tmp
2025-07-23 09:59:50,104 [INFO] CodeEngine:265 - oldGeneratedFile, C:\Users\aliya\proje\KontrolOrtakCalisma\Kontroll4\MXTmpFiles\rtos_vars.tmp_save
2025-07-23 09:59:50,206 [INFO] CodeEngine:289 - Generated code: C:\Users\aliya\proje\KontrolOrtakCalisma\Kontroll4\MXTmpFiles\rtos_vars.tmp
2025-07-23 09:59:50,222 [INFO] CodeEngine:265 - oldGeneratedFile, C:\Users\aliya\proje\KontrolOrtakCalisma\Kontroll4\MXTmpFiles\rtos_pfp.tmp_save
2025-07-23 09:59:50,324 [INFO] CodeEngine:289 - Generated code: C:\Users\aliya\proje\KontrolOrtakCalisma\Kontroll4\MXTmpFiles\rtos_pfp.tmp
2025-07-23 09:59:50,333 [INFO] CodeEngine:265 - oldGeneratedFile, C:\Users\aliya\proje\KontrolOrtakCalisma\Kontroll4\MXTmpFiles\rtos_obj_creat.tmp_save
2025-07-23 09:59:50,463 [INFO] CodeEngine:289 - Generated code: C:\Users\aliya\proje\KontrolOrtakCalisma\Kontroll4\MXTmpFiles\rtos_obj_creat.tmp
2025-07-23 09:59:50,475 [INFO] CodeEngine:265 - oldGeneratedFile, C:\Users\aliya\proje\KontrolOrtakCalisma\Kontroll4\MXTmpFiles\rtos_default_thread.tmp_save
2025-07-23 09:59:50,539 [INFO] CodeEngine:289 - Generated code: C:\Users\aliya\proje\KontrolOrtakCalisma\Kontroll4\MXTmpFiles\rtos_default_thread.tmp
2025-07-23 09:59:50,547 [INFO] CodeEngine:265 - oldGeneratedFile, C:\Users\aliya\proje\KontrolOrtakCalisma\Kontroll4\MXTmpFiles\rtos_threads.tmp_save
2025-07-23 09:59:50,612 [INFO] CodeEngine:289 - Generated code: C:\Users\aliya\proje\KontrolOrtakCalisma\Kontroll4\MXTmpFiles\rtos_threads.tmp
2025-07-23 09:59:50,620 [INFO] CodeEngine:265 - oldGeneratedFile, C:\Users\aliya\proje\KontrolOrtakCalisma\Kontroll4\Core\Inc\FreeRTOSConfig.h_save
2025-07-23 09:59:50,703 [INFO] CodeEngine:289 - Generated code: C:\Users\aliya\proje\KontrolOrtakCalisma\Kontroll4\Core\Inc\FreeRTOSConfig.h
2025-07-23 09:59:50,711 [INFO] CodeEngine:265 - oldGeneratedFile, C:\Users\aliya\proje\KontrolOrtakCalisma\Kontroll4\Core\Src\freertos.c_save
2025-07-23 09:59:50,878 [INFO] CodeEngine:289 - Generated code: C:\Users\aliya\proje\KontrolOrtakCalisma\Kontroll4\Core\Src\freertos.c
2025-07-23 09:59:50,894 [INFO] CodeEngine:265 - oldGeneratedFile, C:\Users\aliya\proje\KontrolOrtakCalisma\Kontroll4\Core\Src\i2c.c_save
2025-07-23 09:59:50,980 [INFO] CodeEngine:289 - Generated code: C:\Users\aliya\proje\KontrolOrtakCalisma\Kontroll4\Core\Src\i2c.c
2025-07-23 09:59:50,988 [INFO] CodeEngine:265 - oldGeneratedFile, C:\Users\aliya\proje\KontrolOrtakCalisma\Kontroll4\Core\Inc\i2c.h_save
2025-07-23 09:59:51,055 [INFO] CodeEngine:289 - Generated code: C:\Users\aliya\proje\KontrolOrtakCalisma\Kontroll4\Core\Inc\i2c.h
2025-07-23 09:59:51,069 [INFO] CodeEngine:265 - oldGeneratedFile, C:\Users\aliya\proje\KontrolOrtakCalisma\Kontroll4\Core\Src\tim.c_save
2025-07-23 09:59:51,214 [INFO] CodeEngine:289 - Generated code: C:\Users\aliya\proje\KontrolOrtakCalisma\Kontroll4\Core\Src\tim.c
2025-07-23 09:59:51,248 [INFO] CodeEngine:265 - oldGeneratedFile, C:\Users\aliya\proje\KontrolOrtakCalisma\Kontroll4\Core\Inc\tim.h_save
2025-07-23 09:59:51,462 [INFO] CodeEngine:289 - Generated code: C:\Users\aliya\proje\KontrolOrtakCalisma\Kontroll4\Core\Inc\tim.h
2025-07-23 09:59:51,492 [INFO] CodeEngine:265 - oldGeneratedFile, C:\Users\aliya\proje\KontrolOrtakCalisma\Kontroll4\Core\Src\usart.c_save
2025-07-23 09:59:51,685 [INFO] CodeEngine:289 - Generated code: C:\Users\aliya\proje\KontrolOrtakCalisma\Kontroll4\Core\Src\usart.c
2025-07-23 09:59:51,705 [INFO] CodeEngine:265 - oldGeneratedFile, C:\Users\aliya\proje\KontrolOrtakCalisma\Kontroll4\Core\Inc\usart.h_save
2025-07-23 09:59:51,837 [INFO] CodeEngine:289 - Generated code: C:\Users\aliya\proje\KontrolOrtakCalisma\Kontroll4\Core\Inc\usart.h
2025-07-23 09:59:51,850 [INFO] CodeEngine:265 - oldGeneratedFile, C:\Users\aliya\proje\KontrolOrtakCalisma\Kontroll4\Core\Src\stm32f4xx_it.c_save
2025-07-23 09:59:51,922 [INFO] CodeEngine:289 - Generated code: C:\Users\aliya\proje\KontrolOrtakCalisma\Kontroll4\Core\Src\stm32f4xx_it.c
2025-07-23 09:59:51,930 [INFO] CodeEngine:265 - oldGeneratedFile, C:\Users\aliya\proje\KontrolOrtakCalisma\Kontroll4\Core\Inc\stm32f4xx_it.h_save
2025-07-23 09:59:51,994 [INFO] CodeEngine:289 - Generated code: C:\Users\aliya\proje\KontrolOrtakCalisma\Kontroll4\Core\Inc\stm32f4xx_it.h
2025-07-23 09:59:52,010 [INFO] CodeEngine:265 - oldGeneratedFile, C:\Users\aliya\proje\KontrolOrtakCalisma\Kontroll4\Core\Src\stm32f4xx_hal_msp.c_save
2025-07-23 09:59:52,149 [INFO] CodeEngine:289 - Generated code: C:\Users\aliya\proje\KontrolOrtakCalisma\Kontroll4\Core\Src\stm32f4xx_hal_msp.c
2025-07-23 09:59:52,161 [INFO] CodeEngine:265 - oldGeneratedFile, C:\Users\aliya\proje\KontrolOrtakCalisma\Kontroll4\MXTmpFiles\system.tmp_save
2025-07-23 09:59:52,239 [INFO] CodeEngine:289 - Generated code: C:\Users\aliya\proje\KontrolOrtakCalisma\Kontroll4\MXTmpFiles\system.tmp
2025-07-23 09:59:52,246 [INFO] CodeEngine:265 - oldGeneratedFile, C:\Users\aliya\proje\KontrolOrtakCalisma\Kontroll4\Core\Src\stm32f4xx_hal_timebase_tim.c_save
2025-07-23 09:59:52,318 [INFO] CodeEngine:289 - Generated code: C:\Users\aliya\proje\KontrolOrtakCalisma\Kontroll4\Core\Src\stm32f4xx_hal_timebase_tim.c
2025-07-23 09:59:52,334 [INFO] CodeEngine:321 - oldGeneratedFile, C:\Users\aliya\proje\KontrolOrtakCalisma\Kontroll4\Core\Inc\stm32f4xx_hal_conf.h_save
2025-07-23 09:59:52,426 [INFO] CodeEngine:345 - Generated code: C:\Users\aliya\proje\KontrolOrtakCalisma\Kontroll4\Core\Inc\stm32f4xx_hal_conf.h
2025-07-23 09:59:52,448 [WARN] IPConfigManager:3238 - Warning: the RefConfig PLL2P_FOR_MCO is not available in your config.xml file
2025-07-23 09:59:52,461 [INFO] CodeEngine:265 - oldGeneratedFile, C:\Users\aliya\proje\KontrolOrtakCalisma\Kontroll4\Core\Inc\main.h_save
2025-07-23 09:59:52,524 [INFO] CodeEngine:289 - Generated code: C:\Users\aliya\proje\KontrolOrtakCalisma\Kontroll4\Core\Inc\main.h
2025-07-23 09:59:52,531 [INFO] CodeEngine:265 - oldGeneratedFile, C:\Users\aliya\proje\KontrolOrtakCalisma\Kontroll4\Core\Src\main.c_save
2025-07-23 09:59:52,644 [INFO] CodeEngine:289 - Generated code: C:\Users\aliya\proje\KontrolOrtakCalisma\Kontroll4\Core\Src\main.c
2025-07-23 09:59:53,177 [INFO] ProjectBuilder:3606 - Time for Copy HAL[1] : 314mS.
2025-07-23 09:59:53,184 [INFO] ProjectBuilder:5216 - Project Generator version: 4.7.0-B52
2025-07-23 09:59:53,286 [INFO] ConfigFileManager:1595 - The Die is : DIE421
2025-07-23 09:59:54,574 [INFO] ProjectBuilder:5496 - Time for Generating toolchain IDE Files: 1389mS.
2025-07-23 09:59:54,575 [INFO] ProjectBuilder:3463 - Time for Copy CMSIS : 1mS.
2025-07-23 09:59:54,582 [INFO] ProjectBuilder:3463 - Time for Copy CMSIS : 0mS.
2025-07-23 10:01:45,087 [INFO] TasksAndQueuesTab:757 - Dynamic
2025-07-23 10:01:45,087 [WARN] TasksAndQueuesTab:763 - 1024 128
2025-07-23 10:01:45,089 [WARN] TasksAndQueuesTab:775 - max value is: 3840.0
2025-07-23 10:01:45,089 [INFO] TasksAndQueuesTab:757 - Dynamic
2025-07-23 10:01:45,089 [WARN] TasksAndQueuesTab:763 - 1024 128
2025-07-23 10:01:45,089 [WARN] TasksAndQueuesTab:775 - max value is: 3840.0
2025-07-23 10:07:52,575 [INFO] WebApp:194 - Connection lost
2025-07-23 10:07:52,824 [INFO] WebApp:191 - Connection restablished
2025-07-23 10:09:49,100 [INFO] WebApp:194 - Connection lost
2025-07-23 10:09:49,486 [INFO] WebApp:191 - Connection restablished
2025-07-23 10:10:30,689 [INFO] WebApp:194 - Connection lost
2025-07-23 10:10:30,972 [INFO] WebApp:191 - Connection restablished
2025-07-23 10:10:34,088 [INFO] WebApp:194 - Connection lost
2025-07-23 10:10:34,277 [INFO] WebApp:191 - Connection restablished
2025-07-23 10:11:24,873 [INFO] WebApp:194 - Connection lost
2025-07-23 10:13:23,139 [INFO] WebApp:191 - Connection restablished
2025-07-23 10:13:25,592 [INFO] WebApp:194 - Connection lost
2025-07-23 10:13:26,164 [INFO] WebApp:191 - Connection restablished
2025-07-23 10:14:42,286 [INFO] WebApp:194 - Connection lost
