2025-07-18 15:55:17,547 [INFO] Activator:176 - 


2025-07-18 15:55:17,552 [INFO] Activator:177 - !SESSION log4j initialized
2025-07-18 15:55:27,157 [INFO] LogOutputStream:77 - [STDOUT_REDIRECT] 
2025-07-18 15:55:34,950 [INFO] ApplicationProperties:184 - Using Application install path: C:\ST\STM32CubeIDE_1.18.1\STM32CubeIDE\plugins\com.st.stm32cube.common.mx_6.15.0.202507011659
2025-07-18 15:55:34,968 [INFO] DbMcusXml:78 - Set database path to: C:\ST\STM32CubeIDE_1.18.1\STM32CubeIDE\plugins\com.st.stm32cube.common.mx_6.15.0.202507011659\\db\/mcu/
2025-07-18 15:55:34,968 [INFO] ApiDb:274 - Set plugin database path to: C:\ST\STM32CubeIDE_1.18.1\STM32CubeIDE\plugins\com.st.stm32cube.common.mx_6.15.0.202507011659\\db\/plugins/boardmanager/
2025-07-18 15:55:34,968 [WARN] ApiDb:259 - Overriding images path with different value:  => C:\ST\STM32CubeIDE_1.18.1\STM32CubeIDE\plugins\com.st.stm32cube.common.mx_6.15.0.202507011659\\db\/plugins/mcufinder/images/
2025-07-18 15:55:34,978 [INFO] ApiDb:250 - Set database path to: C:\Users\aliya\.stmcufinder\plugins\mcufinder//mcu/
2025-07-18 15:55:34,979 [INFO] DbMcusAds:125 - Set database path to: C:\Users\aliya\.stmcufinder\plugins\mcufinder//mcu/
2025-07-18 15:55:34,981 [INFO] CrossReferenceDbSqlite:203 - Set database path to: C:\Users\aliya\.stmcufinder\plugins\mcufinder//mcu/cs/
2025-07-18 15:55:35,170 [INFO] RulesReader:64 - Compatibility file has been processed (317 Rules)
2025-07-18 15:55:35,284 [INFO] DbMcusXml:78 - Set database path to: C:\ST\STM32CubeIDE_1.18.1\STM32CubeIDE\plugins\com.st.stm32cube.common.mx_6.15.0.202507011659\\db\/mcu/
2025-07-18 15:55:35,284 [INFO] ApiDb:274 - Set plugin database path to: C:\ST\STM32CubeIDE_1.18.1\STM32CubeIDE\plugins\com.st.stm32cube.common.mx_6.15.0.202507011659\\db\/plugins/boardmanager/
2025-07-18 15:55:35,284 [INFO] ApiDb:261 - Set plugin images path to: C:\ST\STM32CubeIDE_1.18.1\STM32CubeIDE\plugins\com.st.stm32cube.common.mx_6.15.0.202507011659\\db\/plugins/mcufinder/images/
2025-07-18 15:55:35,284 [WARN] DbFile:41 - Overriding database path with different value: C:\Users\aliya\.stmcufinder\plugins\mcufinder/ => C:\Users\aliya\.stmcufinder\plugins\mcufinder
2025-07-18 15:55:35,284 [INFO] ApiDb:250 - Set database path to: C:\Users\aliya\.stmcufinder\plugins\mcufinder//mcu/
2025-07-18 15:55:35,284 [WARN] DbFile:41 - Overriding database path with different value: C:\Users\aliya\.stmcufinder\plugins\mcufinder/ => C:\Users\aliya\.stmcufinder\plugins\mcufinder
2025-07-18 15:55:35,284 [INFO] DbMcusAds:125 - Set database path to: C:\Users\aliya\.stmcufinder\plugins\mcufinder//mcu/
2025-07-18 15:55:35,285 [WARN] DbFile:41 - Overriding database path with different value: C:\Users\aliya\.stmcufinder\plugins\mcufinder/ => C:\Users\aliya\.stmcufinder\plugins\mcufinder
2025-07-18 15:55:35,285 [WARN] DbFile:41 - Overriding database path with different value: C:\Users\aliya\.stmcufinder\plugins\mcufinder/ => C:\Users\aliya\.stmcufinder\plugins\mcufinder
2025-07-18 15:55:35,285 [INFO] CrossReferenceDbSqlite:203 - Set database path to: C:\Users\aliya\.stmcufinder\plugins\mcufinder//mcu/cs/
2025-07-18 15:55:35,350 [INFO] MainPanel:274 - HeapMemory: 273678336
2025-07-18 15:55:35,426 [INFO] DbMcusXml:78 - Set database path to: C:\ST\STM32CubeIDE_1.18.1\STM32CubeIDE\plugins\com.st.stm32cube.common.mx_6.15.0.202507011659\\db\/mcu/
2025-07-18 15:55:35,426 [INFO] ApiDb:274 - Set plugin database path to: C:\ST\STM32CubeIDE_1.18.1\STM32CubeIDE\plugins\com.st.stm32cube.common.mx_6.15.0.202507011659\\db\/plugins/boardmanager/
2025-07-18 15:55:35,427 [INFO] ApiDb:261 - Set plugin images path to: C:\ST\STM32CubeIDE_1.18.1\STM32CubeIDE\plugins\com.st.stm32cube.common.mx_6.15.0.202507011659\\db\/plugins/mcufinder/images/
2025-07-18 15:55:35,427 [WARN] DbFile:41 - Overriding database path with different value: C:\Users\aliya\.stmcufinder\plugins\mcufinder/ => C:\Users\aliya\.stmcufinder\plugins\mcufinder
2025-07-18 15:55:35,427 [INFO] ApiDb:250 - Set database path to: C:\Users\aliya\.stmcufinder\plugins\mcufinder//mcu/
2025-07-18 15:55:35,427 [WARN] DbFile:41 - Overriding database path with different value: C:\Users\aliya\.stmcufinder\plugins\mcufinder/ => C:\Users\aliya\.stmcufinder\plugins\mcufinder
2025-07-18 15:55:35,427 [INFO] DbMcusAds:125 - Set database path to: C:\Users\aliya\.stmcufinder\plugins\mcufinder//mcu/
2025-07-18 15:55:35,427 [WARN] DbFile:41 - Overriding database path with different value: C:\Users\aliya\.stmcufinder\plugins\mcufinder/ => C:\Users\aliya\.stmcufinder\plugins\mcufinder
2025-07-18 15:55:35,427 [WARN] DbFile:41 - Overriding database path with different value: C:\Users\aliya\.stmcufinder\plugins\mcufinder/ => C:\Users\aliya\.stmcufinder\plugins\mcufinder
2025-07-18 15:55:35,428 [INFO] CrossReferenceDbSqlite:203 - Set database path to: C:\Users\aliya\.stmcufinder\plugins\mcufinder//mcu/cs/
2025-07-18 15:55:35,443 [INFO] ApplicationProperties:184 - Using Application install path: C:\ST\STM32CubeIDE_1.18.1\STM32CubeIDE\plugins\com.st.stm32cube.common.mx_6.15.0.202507011659
2025-07-18 15:55:35,445 [INFO] PluginManage:196 - Search for loadable plugins [exclusion list=, ]
2025-07-18 15:55:35,445 [INFO] PluginManage:310 - Check plugin analytics
2025-07-18 15:55:35,730 [INFO] AnalyticsPlugin:253 - Accepted Software Licenses: 
2025-07-18 15:55:35,730 [INFO] AnalyticsPlugin:255 - Accepted CMSIS Pack Licenses: 
2025-07-18 15:55:35,731 [INFO] AnalyticsPlugin:257 - Accepted Firmware Licenses: 
2025-07-18 15:55:35,733 [INFO] PluginManage:359 - Loaded plugin analytics (category:tool,tabindex:-1)
2025-07-18 15:55:35,734 [INFO] PluginManage:310 - Check plugin cadmodel
2025-07-18 15:55:35,739 [INFO] CADModel:105 - Init CAD model plugin
2025-07-18 15:55:35,739 [INFO] PluginManage:359 - Loaded plugin cadmodel (category:power,tabindex:5)
2025-07-18 15:55:35,739 [INFO] PluginManage:310 - Check plugin clock
2025-07-18 15:55:35,748 [INFO] PluginManage:359 - Loaded plugin clock (category:base,tabindex:2)
2025-07-18 15:55:35,748 [INFO] PluginManage:310 - Check plugin ddr
2025-07-18 15:55:35,750 [INFO] PluginManage:359 - Loaded plugin ddr (category:tool,tabindex:6)
2025-07-18 15:55:35,750 [INFO] PluginManage:310 - Check plugin filemanager
2025-07-18 15:55:36,074 [INFO] PluginManage:359 - Loaded plugin filemanager (category:base,tabindex:10)
2025-07-18 15:55:36,074 [INFO] PluginManage:310 - Check plugin ipmanager
2025-07-18 15:55:36,081 [INFO] PluginManage:359 - Loaded plugin ipmanager (category:base,tabindex:5)
2025-07-18 15:55:36,081 [INFO] PluginManage:310 - Check plugin lpbam
2025-07-18 15:55:36,089 [INFO] PluginManage:359 - Loaded plugin lpbam (category:base,tabindex:0)
2025-07-18 15:55:36,089 [INFO] PluginManage:310 - Check plugin memorymap
2025-07-18 15:55:36,098 [INFO] PluginManage:359 - Loaded plugin memorymap (category:base,tabindex:4)
2025-07-18 15:55:36,098 [INFO] PluginManage:310 - Check plugin pinoutandconfiguration
2025-07-18 15:55:36,104 [INFO] PluginManage:359 - Loaded plugin pinoutandconfiguration (category:base,tabindex:1)
2025-07-18 15:55:36,105 [INFO] PluginManage:310 - Check plugin pinoutconfig
2025-07-18 15:55:36,394 [WARN] SupportedApi:132 - Cannot load RTOS API schema: s4s-elt-must-match.1: The content of 'definitions' must match (annotation?, (simpleType | complexType)?, (unique | key | keyref)*)). A problem was found starting at: attribute.
2025-07-18 15:55:36,646 [INFO] PluginManage:359 - Loaded plugin pinoutconfig (category:base,tabindex:0)
2025-07-18 15:55:36,646 [INFO] PluginManage:310 - Check plugin power
2025-07-18 15:55:36,652 [INFO] PluginManage:359 - Loaded plugin power (category:power,tabindex:4)
2025-07-18 15:55:36,652 [INFO] PluginManage:310 - Check plugin projectmanager
2025-07-18 15:55:36,666 [INFO] PluginManage:359 - Loaded plugin projectmanager (category:projectmanager,tabindex:4)
2025-07-18 15:55:36,666 [INFO] PluginManage:310 - Check plugin rif
2025-07-18 15:55:36,674 [INFO] PluginManage:359 - Loaded plugin rif (category:base,tabindex:3)
2025-07-18 15:55:36,674 [INFO] PluginManage:310 - Check plugin thirdparty
2025-07-18 15:55:36,833 [INFO] PluginManage:359 - Loaded plugin thirdparty (category:base,tabindex:-1)
2025-07-18 15:55:36,833 [WARN] IntegrityCheckThread:84 - waiting for thirdparty lock release [integrity check]
2025-07-18 15:55:36,833 [INFO] PluginManage:310 - Check plugin tools
2025-07-18 15:55:36,833 [INFO] IntegrityCheckThread:86 - entering critical section [integrity check]
2025-07-18 15:55:36,835 [INFO] ThirdPartyUpdaterWithRetryManager:70 - Updater plugin not ready yet. [1/15]
2025-07-18 15:55:36,838 [INFO] PluginManage:359 - Loaded plugin tools (category:base,tabindex:7)
2025-07-18 15:55:36,838 [INFO] PluginManage:310 - Check plugin tutovideos
2025-07-18 15:55:37,040 [INFO] PluginManage:359 - Loaded plugin tutovideos (category:base,tabindex:-1)
2025-07-18 15:55:37,041 [INFO] PluginManage:310 - Check plugin updater
2025-07-18 15:55:37,076 [INFO] PluginManage:359 - Loaded plugin updater (category:base,tabindex:12)
2025-07-18 15:55:37,077 [INFO] PluginManage:310 - Check plugin userauth
2025-07-18 15:55:37,083 [INFO] UserAuth:118 - Init User Auth plugin
2025-07-18 15:55:37,084 [INFO] PluginManage:359 - Loaded plugin userauth (category:base,tabindex:14)
2025-07-18 15:55:37,085 [INFO] PluginManage:283 - PluginManage : Loaded plugins [18]
2025-07-18 15:55:37,306 [INFO] PinOutPanel:1589 - setPackage(No Configuration,No Configuration)
2025-07-18 15:55:37,410 [INFO] CADModel:165 - CPN selected for project level
2025-07-18 15:55:37,410 [INFO] CADModel:114 - Register for checkConnection events
2025-07-18 15:55:37,430 [INFO] IPUIPlugin:80 - create IPUIPlugin
2025-07-18 15:55:37,431 [INFO] PluginManager:220 - loadIPPluginJar : add adc
2025-07-18 15:55:37,433 [INFO] IPUIPlugin:80 - create IPUIPlugin
2025-07-18 15:55:37,434 [INFO] PluginManager:220 - loadIPPluginJar : add aes
2025-07-18 15:55:37,436 [INFO] IPUIPlugin:80 - create IPUIPlugin
2025-07-18 15:55:37,436 [INFO] PluginManager:220 - loadIPPluginJar : add can
2025-07-18 15:55:37,438 [INFO] IPUIPlugin:80 - create IPUIPlugin
2025-07-18 15:55:37,439 [INFO] PluginManager:220 - loadIPPluginJar : add comp
2025-07-18 15:55:37,442 [INFO] IPUIPlugin:80 - create IPUIPlugin
2025-07-18 15:55:37,442 [INFO] PluginManager:220 - loadIPPluginJar : add cryp
2025-07-18 15:55:37,445 [INFO] IPUIPlugin:80 - create IPUIPlugin
2025-07-18 15:55:37,445 [INFO] PluginManager:220 - loadIPPluginJar : add ddr_ctrl_phy
2025-07-18 15:55:37,447 [INFO] IPUIPlugin:80 - create IPUIPlugin
2025-07-18 15:55:37,447 [INFO] PluginManager:220 - loadIPPluginJar : add dfsdm
2025-07-18 15:55:37,453 [INFO] IPUIPlugin:80 - create IPUIPlugin
2025-07-18 15:55:37,454 [INFO] PluginManager:220 - loadIPPluginJar : add dma
2025-07-18 15:55:37,456 [INFO] IPUIPlugin:80 - create IPUIPlugin
2025-07-18 15:55:37,457 [INFO] PluginManager:220 - loadIPPluginJar : add dma3
2025-07-18 15:55:37,459 [INFO] IPUIPlugin:80 - create IPUIPlugin
2025-07-18 15:55:37,459 [INFO] PluginManager:220 - loadIPPluginJar : add extmemmanager
2025-07-18 15:55:37,461 [INFO] IPUIPlugin:80 - create IPUIPlugin
2025-07-18 15:55:37,461 [INFO] PluginManager:220 - loadIPPluginJar : add fatfs
2025-07-18 15:55:37,465 [INFO] IPUIPlugin:80 - create IPUIPlugin
2025-07-18 15:55:37,465 [INFO] PluginManager:220 - loadIPPluginJar : add fmc
2025-07-18 15:55:37,472 [INFO] IPUIPlugin:80 - create IPUIPlugin
2025-07-18 15:55:37,472 [INFO] PluginManager:220 - loadIPPluginJar : add freertos
2025-07-18 15:55:37,474 [INFO] IPUIPlugin:80 - create IPUIPlugin
2025-07-18 15:55:37,474 [INFO] PluginManager:220 - loadIPPluginJar : add genericplugin
2025-07-18 15:55:37,476 [INFO] IPUIPlugin:80 - create IPUIPlugin
2025-07-18 15:55:37,476 [INFO] PluginManager:220 - loadIPPluginJar : add gfxmmu
2025-07-18 15:55:37,481 [INFO] IPUIPlugin:80 - create IPUIPlugin
2025-07-18 15:55:37,481 [INFO] PluginManager:220 - loadIPPluginJar : add gic
2025-07-18 15:55:37,486 [INFO] IPUIPlugin:80 - create IPUIPlugin
2025-07-18 15:55:37,486 [INFO] PluginManager:220 - loadIPPluginJar : add gpio
2025-07-18 15:55:37,489 [INFO] IPUIPlugin:80 - create IPUIPlugin
2025-07-18 15:55:37,489 [INFO] PluginManager:220 - loadIPPluginJar : add gtzc
2025-07-18 15:55:37,492 [INFO] IPUIPlugin:80 - create IPUIPlugin
2025-07-18 15:55:37,492 [INFO] PluginManager:220 - loadIPPluginJar : add hash
2025-07-18 15:55:37,495 [INFO] IPUIPlugin:80 - create IPUIPlugin
2025-07-18 15:55:37,495 [INFO] PluginManager:220 - loadIPPluginJar : add i2c
2025-07-18 15:55:37,497 [INFO] IPUIPlugin:80 - create IPUIPlugin
2025-07-18 15:55:37,498 [INFO] PluginManager:220 - loadIPPluginJar : add i2s
2025-07-18 15:55:37,501 [INFO] IPUIPlugin:80 - create IPUIPlugin
2025-07-18 15:55:37,501 [INFO] PluginManager:220 - loadIPPluginJar : add i3c
2025-07-18 15:55:37,505 [INFO] IPUIPlugin:80 - create IPUIPlugin
2025-07-18 15:55:37,505 [INFO] PluginManager:220 - loadIPPluginJar : add ipddr
2025-07-18 15:55:37,512 [INFO] IPUIPlugin:80 - create IPUIPlugin
2025-07-18 15:55:37,512 [INFO] PluginManager:220 - loadIPPluginJar : add linkedlist
2025-07-18 15:55:37,516 [INFO] IPUIPlugin:80 - create IPUIPlugin
2025-07-18 15:55:37,516 [INFO] PluginManager:220 - loadIPPluginJar : add lorawan
2025-07-18 15:55:37,518 [INFO] IPUIPlugin:80 - create IPUIPlugin
2025-07-18 15:55:37,518 [INFO] PluginManager:220 - loadIPPluginJar : add ltdc
2025-07-18 15:55:37,531 [INFO] IPUIPlugin:80 - create IPUIPlugin
2025-07-18 15:55:37,531 [INFO] PluginManager:220 - loadIPPluginJar : add mdma
2025-07-18 15:55:37,534 [INFO] IPUIPlugin:80 - create IPUIPlugin
2025-07-18 15:55:37,534 [INFO] PluginManager:220 - loadIPPluginJar : add nvic
2025-07-18 15:55:37,539 [INFO] IPUIPlugin:80 - create IPUIPlugin
2025-07-18 15:55:37,539 [INFO] PluginManager:220 - loadIPPluginJar : add opamp
2025-07-18 15:55:37,542 [INFO] IPUIPlugin:80 - create IPUIPlugin
2025-07-18 15:55:37,542 [INFO] PluginManager:220 - loadIPPluginJar : add openamp
2025-07-18 15:55:37,546 [INFO] IPUIPlugin:80 - create IPUIPlugin
2025-07-18 15:55:37,546 [INFO] PluginManager:220 - loadIPPluginJar : add pdm2pcm
2025-07-18 15:55:37,554 [INFO] IPUIPlugin:80 - create IPUIPlugin
2025-07-18 15:55:37,558 [INFO] PluginManager:220 - loadIPPluginJar : add plateformsettings
2025-07-18 15:55:37,559 [INFO] IPUIPlugin:80 - create IPUIPlugin
2025-07-18 15:55:37,559 [INFO] PluginManager:220 - loadIPPluginJar : add quadspi
2025-07-18 15:55:37,561 [INFO] IPUIPlugin:80 - create IPUIPlugin
2025-07-18 15:55:37,562 [INFO] PluginManager:220 - loadIPPluginJar : add radio
2025-07-18 15:55:37,565 [INFO] IPUIPlugin:80 - create IPUIPlugin
2025-07-18 15:55:37,565 [INFO] PluginManager:220 - loadIPPluginJar : add resmgrutility
2025-07-18 15:55:37,568 [INFO] IPUIPlugin:80 - create IPUIPlugin
2025-07-18 15:55:37,568 [INFO] PluginManager:220 - loadIPPluginJar : add sai
2025-07-18 15:55:37,572 [INFO] IPUIPlugin:80 - create IPUIPlugin
2025-07-18 15:55:37,572 [INFO] PluginManager:220 - loadIPPluginJar : add spi
2025-07-18 15:55:37,578 [INFO] IPUIPlugin:80 - create IPUIPlugin
2025-07-18 15:55:37,578 [INFO] PluginManager:220 - loadIPPluginJar : add stm32_wpan
2025-07-18 15:55:37,579 [INFO] IPUIPlugin:80 - create IPUIPlugin
2025-07-18 15:55:37,580 [INFO] PluginManager:220 - loadIPPluginJar : add tim
2025-07-18 15:55:37,583 [INFO] IPUIPlugin:80 - create IPUIPlugin
2025-07-18 15:55:37,583 [INFO] PluginManager:220 - loadIPPluginJar : add touchsensing
2025-07-18 15:55:37,587 [INFO] IPUIPlugin:80 - create IPUIPlugin
2025-07-18 15:55:37,588 [INFO] PluginManager:220 - loadIPPluginJar : add tracer_emb
2025-07-18 15:55:37,590 [INFO] IPUIPlugin:80 - create IPUIPlugin
2025-07-18 15:55:37,590 [INFO] PluginManager:220 - loadIPPluginJar : add ts
2025-07-18 15:55:37,592 [INFO] IPUIPlugin:80 - create IPUIPlugin
2025-07-18 15:55:37,592 [INFO] PluginManager:220 - loadIPPluginJar : add tsc
2025-07-18 15:55:37,594 [INFO] IPUIPlugin:80 - create IPUIPlugin
2025-07-18 15:55:37,594 [INFO] PluginManager:220 - loadIPPluginJar : add ucpd
2025-07-18 15:55:37,597 [INFO] IPUIPlugin:80 - create IPUIPlugin
2025-07-18 15:55:37,597 [INFO] PluginManager:220 - loadIPPluginJar : add usart
2025-07-18 15:55:37,600 [INFO] IPUIPlugin:80 - create IPUIPlugin
2025-07-18 15:55:37,601 [INFO] PluginManager:220 - loadIPPluginJar : add usbx
2025-07-18 15:55:37,760 [FATAL] Updater:351 - Updater called before beeing initialized
2025-07-18 15:55:37,812 [INFO] RulesReader:64 - Compatibility file has been processed (317 Rules)
2025-07-18 15:55:37,832 [INFO] RulesReader:64 - Compatibility file has been processed (317 Rules)
2025-07-18 15:55:37,841 [INFO] CADModel:165 - CPN selected for project level
2025-07-18 15:55:37,841 [INFO] CADModel:114 - Register for checkConnection events
2025-07-18 15:55:37,841 [FATAL] Updater:351 - Updater called before beeing initialized
2025-07-18 15:55:37,841 [ERROR] CADModel:125 - Updater not yet initialized, retry later 
2025-07-18 15:55:37,991 [FATAL] Updater:351 - Updater called before beeing initialized
2025-07-18 15:55:37,993 [INFO] CADModel:165 - CPN selected for project level
2025-07-18 15:55:37,994 [INFO] CADModel:114 - Register for checkConnection events
2025-07-18 15:55:37,994 [FATAL] Updater:351 - Updater called before beeing initialized
2025-07-18 15:55:37,994 [ERROR] CADModel:125 - Updater not yet initialized, retry later 
2025-07-18 15:55:37,997 [FATAL] Updater:351 - Updater called before beeing initialized
2025-07-18 15:55:38,126 [FATAL] Updater:351 - Updater called before beeing initialized
2025-07-18 15:55:38,130 [INFO] DbMcusAds:53 - JSON generation date=Tue Jul 08 11:14:27 TRT 2025 (1751962467633)
2025-07-18 15:55:38,130 [FATAL] Updater:351 - Updater called before beeing initialized
2025-07-18 15:55:38,163 [WARN] DetailPanel:346 - Failed to get advertising image, set to default
2025-07-18 15:55:38,245 [FATAL] Updater:351 - Updater called before beeing initialized
2025-07-18 15:55:38,246 [FATAL] Updater:351 - Updater called before beeing initialized
2025-07-18 15:55:38,246 [FATAL] Updater:351 - Updater called before beeing initialized
2025-07-18 15:55:38,246 [WARN] DetailPanel:346 - Failed to get advertising image, set to default
2025-07-18 15:55:38,247 [FATAL] Updater:351 - Updater called before beeing initialized
2025-07-18 15:55:38,292 [ERROR] Updater:1198 - MainUpdater not yet initialized. External WinMGr cannot be set.
2025-07-18 15:55:38,293 [INFO] Updater:1134 - Updater Version found : 6.15.0
2025-07-18 15:55:38,309 [INFO] ApplicationProperties:184 - Using Application install path: C:\ST\STM32CubeIDE_1.18.1\STM32CubeIDE\plugins\com.st.stm32cube.common.mx_6.15.0.202507011659
2025-07-18 15:55:39,838 [INFO] ThirdPartyUpdaterWithRetryManager:70 - Updater plugin not ready yet. [2/15]
2025-07-18 15:55:39,878 [ERROR] LogOutputStream:75 - [STDERR_REDIRECT] Jul 18, 2025 3:55:39 PM java.util.prefs.WindowsPreferences <init>
2025-07-18 15:55:39,879 [ERROR] LogOutputStream:75 - [STDERR_REDIRECT] WARNING: Could not open/create prefs root node Software\JavaSoft\Prefs at root 0xffffffff80000002. Windows RegCreateKeyEx(...) returned error code 5.
2025-07-18 15:55:39,879 [ERROR] LogOutputStream:75 - [STDERR_REDIRECT] 
2025-07-18 15:55:40,273 [INFO] MainUpdater:2872 - connection check result : 10
2025-07-18 15:55:40,274 [INFO] MainUpdater:289 - Updater Check For Update Now.
2025-07-18 15:55:40,274 [INFO] MicroXplorer:498 - Change Database Version : DB.6.0.150
2025-07-18 15:55:40,285 [INFO] McuFinderGlobals:63 - Set McuFinder mode to 2 (CubeIDE integrated)
2025-07-18 15:55:40,288 [INFO] UserAuth:487 - Internet connection configuration mode: 1
2025-07-18 15:55:40,375 [INFO] JxBrowserEngine:152 - Initiate JxBrowser Engine with user profile folder
2025-07-18 15:55:40,683 [INFO] CheckServerUpdateThread:120 - End of CheckServer Thread
2025-07-18 15:55:44,779 [WARN] PackLoader:240 - Cannot read IP mode file for STMicroelectronics.FP-SNS-MOTENVWB1.1.4.0
2025-07-18 15:55:44,876 [WARN] PackLoader:240 - Cannot read IP mode file for STMicroelectronics.FP-ATR-ASTRA1.2.0.2
2025-07-18 15:55:44,961 [INFO] WebApp:169 - Instantiating new browser for Auth
2025-07-18 15:55:45,009 [WARN] PackLoader:240 - Cannot read IP mode file for STMicroelectronics.X-CUBE-SMBUS.2.1.0
2025-07-18 15:55:45,055 [WARN] PackLoader:240 - Cannot read IP mode file for STMicroelectronics.X-CUBE-ST60.1.0.0
2025-07-18 15:55:45,472 [WARN] PackLoader:240 - Cannot read IP mode file for STMicroelectronics.X-CUBE-AZRTOS-F7.1.1.0
2025-07-18 15:55:45,791 [WARN] PackLoader:240 - Cannot read IP mode file for Infineon.AIROC-Wi-Fi-Bluetooth-STM32.1.7.0
2025-07-18 15:55:46,103 [WARN] PackLoader:240 - Cannot read IP mode file for STMicroelectronics.X-CUBE-AZRTOS-H7.3.4.0
2025-07-18 15:55:46,164 [WARN] PackLoader:240 - Cannot read IP mode file for STMicroelectronics.X-CUBE-DISPLAY.3.0.0
2025-07-18 15:55:46,641 [WARN] PackLoader:240 - Cannot read IP mode file for STMicroelectronics.X-CUBE-NFC10.1.0.0
2025-07-18 15:55:46,753 [WARN] PackLoader:240 - Cannot read IP mode file for STMicroelectronics.X-CUBE-BLEMGR.4.0.0
2025-07-18 15:55:46,812 [WARN] PackLoader:240 - Cannot read IP mode file for emotas.I-CUBE-CANOPEN.1.3.0
2025-07-18 15:55:46,837 [WARN] ConditionMgr:438 - getConditionDescription Invalid condition id : Cortex-A Device cause : null
2025-07-18 15:55:46,907 [WARN] ConditionMgr:1044 - genDependencies : Invalid condition id : Cortex-A Device cause : null
2025-07-18 15:55:46,909 [WARN] ConditionMgr:1044 - genDependencies : Invalid condition id : Cortex-A Device cause : null
2025-07-18 15:55:46,909 [WARN] ConditionMgr:1044 - genDependencies : Invalid condition id : Cortex-A Device cause : null
2025-07-18 15:55:46,932 [WARN] PackLoader:240 - Cannot read IP mode file for STMicroelectronics.FP-SNS-SMARTAG2.1.2.0
2025-07-18 15:55:46,952 [WARN] PackLoader:240 - Cannot read IP mode file for STMicroelectronics.FP-SNS-FLIGHT1.5.1.0
2025-07-18 15:55:47,002 [INFO] LogOutputStream:77 - [STDOUT_REDIRECT] 1 : Invalid condition id : UX_CORESTACK_Condition cause : null
2025-07-18 15:55:47,006 [INFO] LogOutputStream:77 - [STDOUT_REDIRECT] 1 : Invalid condition id : UX_CORESTACK_Condition cause : null
2025-07-18 15:55:47,012 [INFO] LogOutputStream:77 - [STDOUT_REDIRECT] 1 : Invalid condition id : UX_CORESTACK_Condition cause : null
2025-07-18 15:55:47,017 [INFO] LogOutputStream:77 - [STDOUT_REDIRECT] 1 : Invalid condition id : UX_CORESTACK_Condition cause : null
2025-07-18 15:55:47,024 [INFO] LogOutputStream:77 - [STDOUT_REDIRECT] 1 : Invalid condition id : UX_CORESTACK_Condition cause : null
2025-07-18 15:55:47,051 [WARN] PackLoader:240 - Cannot read IP mode file for STMicroelectronics.X-CUBE-AZRTOS-WL.2.0.0
2025-07-18 15:55:47,084 [WARN] PackLoader:240 - Cannot read IP mode file for STMicroelectronics.FP-SNS-MOTENV1.5.0.0
2025-07-18 15:55:47,127 [WARN] PackLoader:240 - Cannot read IP mode file for WES.I-CUBE-Cesium.1.3.0
2025-07-18 15:55:47,160 [WARN] PackLoader:240 - Cannot read IP mode file for STMicroelectronics.X-CUBE-BLE2.3.3.0
2025-07-18 15:55:47,191 [WARN] PackLoader:240 - Cannot read IP mode file for STMicroelectronics.X-CUBE-NFC9.1.0.0
2025-07-18 15:55:47,232 [WARN] PackLoader:240 - Cannot read IP mode file for wolfSSL.I-CUBE-wolfSSL.5.8.0
2025-07-18 15:55:47,254 [WARN] PackLoader:240 - Cannot read IP mode file for STMicroelectronics.X-CUBE-BLE1.7.1.0
2025-07-18 15:55:47,280 [WARN] PackLoader:240 - Cannot read IP mode file for wolfSSL.I-CUBE-wolfMQTT.1.19.2
2025-07-18 15:55:47,315 [WARN] PackLoader:240 - Cannot read IP mode file for STMicroelectronics.X-CUBE-EEPRMA1.5.2.0
2025-07-18 15:55:47,350 [WARN] PackLoader:240 - Cannot read IP mode file for STMicroelectronics.X-CUBE-AI.10.1.0
2025-07-18 15:55:47,431 [WARN] PackLoader:240 - Cannot read IP mode file for STMicroelectronics.X-CUBE-AZRTOS-G0.1.1.0
2025-07-18 15:55:47,467 [WARN] PackLoader:240 - Cannot read IP mode file for STMicroelectronics.X-CUBE-SAFEA1.1.2.2
2025-07-18 15:55:47,516 [WARN] PackLoader:240 - Cannot read IP mode file for STMicroelectronics.X-CUBE-NFC4.3.0.0
2025-07-18 15:55:47,563 [WARN] PackLoader:240 - Cannot read IP mode file for EmbeddedOffice.I-CUBE-FS-RTOS.1.0.1
2025-07-18 15:55:47,592 [WARN] PackLoader:240 - Cannot read IP mode file for STMicroelectronics.X-CUBE-WB05N.2.0.0
2025-07-18 15:55:47,609 [WARN] PackLoader:240 - Cannot read IP mode file for wolfSSL.I-CUBE-wolfTPM.3.8.0
2025-07-18 15:55:47,658 [WARN] PackLoader:240 - Cannot read IP mode file for STMicroelectronics.X-CUBE-TCPP.4.2.0
2025-07-18 15:55:47,707 [WARN] PackLoader:240 - Cannot read IP mode file for RealThread.X-CUBE-RT-Thread_Nano.4.1.1
2025-07-18 15:55:47,717 [WARN] PackLoader:240 - Cannot read IP mode file for STMicroelectronics.FP-ATR-SIGFOX1.3.2.0
2025-07-18 15:55:47,740 [WARN] PackLoader:240 - Cannot read IP mode file for STMicroelectronics.X-CUBE-EEPRMA1.5.1.0
2025-07-18 15:55:47,775 [WARN] PackLoader:240 - Cannot read IP mode file for ITTIA_DB.I-CUBE-ITTIADB.8.9.0
2025-07-18 15:55:47,796 [WARN] PackLoader:240 - Cannot read IP mode file for STMicroelectronics.X-CUBE-ST67W61.1.0.0
2025-07-18 15:55:47,937 [WARN] PackLoader:240 - Cannot read IP mode file for SEGGER.I-CUBE-embOS.1.3.1
2025-07-18 15:55:48,213 [WARN] PackLoader:240 - Cannot read IP mode file for STMicroelectronics.X-CUBE-ALGOBUILD.1.4.0
2025-07-18 15:55:48,433 [WARN] PackLoader:240 - Cannot read IP mode file for STMicroelectronics.X-CUBE-MEMS1.11.3.0
2025-07-18 15:55:48,909 [WARN] PackLoader:240 - Cannot read IP mode file for STMicroelectronics.X-CUBE-PM33A1.1.0.0
2025-07-18 15:55:48,935 [WARN] PackLoader:240 - Cannot read IP mode file for STMicroelectronics.X-CUBE-AZRTOS-F4.1.1.0
2025-07-18 15:55:48,943 [WARN] PackLoader:240 - Cannot read IP mode file for Avnet-IotConnect.X-CUBE-IoTC-DA16k-PMOD.1.0.0
2025-07-18 15:55:48,948 [WARN] PackLoader:240 - Cannot read IP mode file for STMicroelectronics.X-CUBE-ISPU.2.1.0
2025-07-18 15:55:48,967 [WARN] PackLoader:240 - Cannot read IP mode file for STMicroelectronics.X-CUBE-NFC12.1.0.0
2025-07-18 15:55:49,004 [WARN] PackLoader:240 - Cannot read IP mode file for STMicroelectronics.X-CUBE-AZRTOS-L5.2.0.0
2025-07-18 15:55:49,041 [WARN] PackLoader:240 - Cannot read IP mode file for STMicroelectronics.X-CUBE-NFC6.3.1.0
2025-07-18 15:55:49,072 [WARN] PackLoader:240 - Cannot read IP mode file for STMicroelectronics.X-CUBE-FREERTOS.1.3.1
2025-07-18 15:55:49,088 [WARN] PackLoader:240 - Cannot read IP mode file for STMicroelectronics.FP-SNS-STAIOTCFT.1.0.0
2025-07-18 15:55:49,113 [WARN] PackLoader:240 - Cannot read IP mode file for STMicroelectronics.X-CUBE-DPower.1.3.0
2025-07-18 15:55:49,200 [WARN] ConditionMgr:438 - getConditionDescription Invalid condition id : LAN8742 Phy interface Condition cause : null
2025-07-18 15:55:49,204 [WARN] PackLoader:240 - Cannot read IP mode file for STMicroelectronics.X-CUBE-AZRTOS-L4.2.0.0
2025-07-18 15:55:49,209 [WARN] ConditionMgr:1044 - genDependencies : Invalid condition id : LAN8742 Phy interface Condition cause : null
2025-07-18 15:55:49,209 [WARN] ConditionMgr:1044 - genDependencies : Invalid condition id : LAN8742 Phy interface Condition cause : null
2025-07-18 15:55:49,213 [WARN] ConditionMgr:1044 - genDependencies : Invalid condition id : LAN8742 Phy interface Condition cause : null
2025-07-18 15:55:49,245 [WARN] PackLoader:240 - Cannot read IP mode file for STMicroelectronics.X-CUBE-SFXS2LP1.4.0.0
2025-07-18 15:55:49,333 [WARN] PackLoader:240 - Cannot read IP mode file for STMicroelectronics.X-CUBE-AZRTOS-H7.3.3.0
2025-07-18 15:55:49,406 [WARN] ConditionMgr:438 - getConditionDescription Invalid condition id : UX DEVICE CLASS RTOS Condition cause : null
2025-07-18 15:55:49,407 [WARN] ConditionMgr:438 - getConditionDescription Invalid condition id : UX DEVICE CLASS RTOS Condition cause : null
2025-07-18 15:55:49,427 [WARN] PackLoader:240 - Cannot read IP mode file for STMicroelectronics.X-CUBE-AZRTOS-WB.2.0.0
2025-07-18 15:55:49,429 [WARN] ConditionMgr:1044 - genDependencies : Invalid condition id : UX DEVICE CLASS RTOS Condition cause : null
2025-07-18 15:55:49,429 [WARN] ConditionMgr:1044 - genDependencies : Invalid condition id : UX DEVICE CLASS RTOS Condition cause : null
2025-07-18 15:55:49,432 [WARN] ConditionMgr:1044 - genDependencies : Invalid condition id : UX DEVICE CLASS RTOS Condition cause : null
2025-07-18 15:55:49,433 [WARN] ConditionMgr:1044 - genDependencies : Invalid condition id : UX DEVICE CLASS RTOS Condition cause : null
2025-07-18 15:55:49,434 [WARN] ConditionMgr:1044 - genDependencies : Invalid condition id : UX DEVICE CLASS RTOS Condition cause : null
2025-07-18 15:55:49,480 [WARN] PackLoader:240 - Cannot read IP mode file for STMicroelectronics.X-CUBE-GNSS1.7.0.1
2025-07-18 15:55:49,500 [WARN] PackLoader:240 - Cannot read IP mode file for STMicroelectronics.X-CUBE-TOUCHGFX.4.25.0
2025-07-18 15:55:49,521 [WARN] PackLoader:240 - Cannot read IP mode file for STMicroelectronics.FP-SNS-STBOX1.2.0.0
2025-07-18 15:55:49,704 [WARN] PackLoader:240 - Cannot read IP mode file for STMicroelectronics.X-CUBE-SUBG2.5.0.0
2025-07-18 15:55:49,812 [WARN] PackLoader:240 - Cannot read IP mode file for STMicroelectronics.X-CUBE-AZRTOS-H7RS.1.1.0
2025-07-18 15:55:49,847 [WARN] PackLoader:240 - Cannot read IP mode file for Cesanta.I-CUBE-Mongoose.7.13.0
2025-07-18 15:55:49,938 [WARN] PackLoader:240 - Cannot read IP mode file for STMicroelectronics.X-CUBE-AZRTOS-G4.2.0.0
2025-07-18 15:55:49,959 [WARN] PackLoader:240 - Cannot read IP mode file for wolfSSL.I-CUBE-wolfSSH.1.4.20
2025-07-18 15:55:49,984 [WARN] PackLoader:240 - Cannot read IP mode file for STMicroelectronics.X-CUBE-NFC7.2.0.0
2025-07-18 15:55:50,097 [WARN] PackLoader:240 - Cannot read IP mode file for STMicroelectronics.X-CUBE-IPS.3.1.0
2025-07-18 15:55:50,146 [WARN] PackLoader:240 - Cannot read IP mode file for STMicroelectronics.X-CUBE-ALS.1.0.2
2025-07-18 15:55:50,174 [WARN] PackLoader:240 - Cannot read IP mode file for portGmbH.I-Cube-SoM-uGOAL.1.1.0
2025-07-18 15:55:50,245 [WARN] PackLoader:240 - Cannot read IP mode file for STMicroelectronics.X-CUBE-TOF1.3.4.3
2025-07-18 15:55:50,319 [INFO] ThirdParty:978 - Integrity check success = true
2025-07-18 15:55:50,320 [INFO] IntegrityCheckThread:100 - exiting critical section [integrity check]
2025-07-18 15:55:50,321 [INFO] IntegrityCheckThread:103 - End integrity checks thread
2025-07-18 15:55:51,759 [INFO] WebApp:463 - Apply proxy settings
2025-07-18 15:55:51,761 [INFO] WebApp:548 - Chromium requires no authentication
2025-07-18 15:55:51,812 [INFO] WebApp:491 - Direct internet connection detected
2025-07-18 15:55:51,986 [INFO] WebApp:900 - Register for checkConnection events
2025-07-18 15:55:51,986 [INFO] WebApp:463 - Apply proxy settings
2025-07-18 15:55:51,987 [INFO] WebApp:548 - Chromium requires no authentication
2025-07-18 15:55:51,989 [INFO] WebApp:491 - Direct internet connection detected
2025-07-18 15:55:52,815 [INFO] WebApp:191 - Connection restablished
2025-07-18 15:55:53,716 [INFO] WebApp:225 - Starting web application
2025-07-18 15:55:53,716 [INFO] WebApp:593 - Web application path used C:\ST\STM32CubeIDE_1.18.1\STM32CubeIDE\plugins\com.st.stm32cube.common.mx_6.15.0.202507011659\db\plugins\mcufinder\reactClient1\index.html
2025-07-18 15:55:55,173 [INFO] UserAuth:487 - Internet connection configuration mode: 1
2025-07-18 15:55:59,467 [INFO] McuFinderGlobals:63 - Set McuFinder mode to 2 (CubeIDE integrated)
2025-07-18 15:55:59,490 [INFO] MainUpdater:2872 - connection check result : 10
2025-07-18 15:55:59,496 [INFO] MainUpdater:2872 - connection check result : 10
2025-07-18 15:55:59,657 [INFO] MicroXplorer:468 - Change Database Path : 
2025-07-18 15:55:59,658 [INFO] MicroXplorer:498 - Change Database Version : DB.6.0.150
2025-07-18 15:55:59,694 [WARN] ThirdParty:871 - waiting for thirdparty lock release [close project]
2025-07-18 15:55:59,695 [INFO] ThirdParty:873 - entering critical section [close project]
2025-07-18 15:55:59,700 [INFO] ThirdParty:883 - exiting critical section [close project]
2025-07-18 15:55:59,711 [INFO] PinOutPanel:1589 - setPackage(No Configuration,No Configuration)
2025-07-18 15:55:59,717 [INFO] UtilMem:75 - Begin LoadConfig() Used Memory: 203481952 Bytes (354418688)
2025-07-18 15:55:59,722 [INFO] MicroXplorer:468 - Change Database Path : 
2025-07-18 15:55:59,722 [INFO] MicroXplorer:498 - Change Database Version : DB.6.0.150
2025-07-18 15:55:59,722 [INFO] OpenFileManager:355 - Change cursor
2025-07-18 15:55:59,766 [INFO] Mcu:2029 - Initializing MCU STM32F446R(C-E)Tx STM32F446RETx STM32F446RET6
2025-07-18 15:56:06,786 [INFO] Context:786 - Trying to add GPIOservice into a context  which must be forbidden
2025-07-18 15:56:09,154 [INFO] ImportTextPane:234 - (OptionalMessage_ERROR) Pin14 (VP_RIF_VS_RIF1) cannot be retrieved for this MCU
2025-07-18 15:56:09,490 [INFO] RtosManager:558 - Registered RTOS mode: class=CMSIS, group=RTOS, mode=CMSIS_V1, owner=FREERTOS
2025-07-18 15:56:09,490 [INFO] RtosManager:558 - Registered RTOS mode: class=CMSIS, group=RTOS2, mode=CMSIS_V2, owner=FREERTOS
2025-07-18 15:56:09,490 [INFO] RtosManager:558 - Registered RTOS mode: class=RTOS, group=Core, mode=CMSIS_V1, owner=FREERTOS
2025-07-18 15:56:09,490 [INFO] RtosManager:558 - Registered RTOS mode: class=RTOS, group=Core, mode=CMSIS_V2, owner=FREERTOS
2025-07-18 15:56:09,491 [WARN] ModelIntegratedComponent:184 - Missing modes for component STMicroelectronics:FreeRTOS:0.0.1:STMicroelectronics:RTOS:FreeRTOS:Core:::10.2.0:
2025-07-18 15:56:09,595 [WARN] ModelIntegratedComponent:63 - No mode defined for component null
2025-07-18 15:56:09,595 [WARN] ModelIntegratedComponent:63 - No mode defined for component null
2025-07-18 15:56:09,596 [WARN] ModelIntegratedComponent:63 - No mode defined for component null
2025-07-18 15:56:09,597 [WARN] ModelIntegratedComponent:63 - No mode defined for component null
2025-07-18 15:56:09,597 [WARN] ModelIntegratedComponent:63 - No mode defined for component null
2025-07-18 15:56:09,597 [WARN] ModelIntegratedComponent:63 - No mode defined for component null
2025-07-18 15:56:09,597 [WARN] ModelIntegratedComponent:63 - No mode defined for component null
2025-07-18 15:56:09,597 [WARN] ModelIntegratedComponent:63 - No mode defined for component null
2025-07-18 15:56:09,597 [WARN] ModelIntegratedComponent:63 - No mode defined for component null
2025-07-18 15:56:09,597 [WARN] ModelIntegratedComponent:63 - No mode defined for component null
2025-07-18 15:56:09,597 [WARN] ModelIntegratedComponent:63 - No mode defined for component null
2025-07-18 15:56:09,598 [WARN] ModelIntegratedComponent:63 - No mode defined for component null
2025-07-18 15:56:09,598 [WARN] ModelIntegratedComponent:63 - No mode defined for component null
2025-07-18 15:56:09,598 [WARN] ModelIntegratedComponent:63 - No mode defined for component null
2025-07-18 15:56:09,599 [WARN] ModelIntegratedComponent:63 - No mode defined for component null
2025-07-18 15:56:09,599 [WARN] ModelIntegratedComponent:63 - No mode defined for component null
2025-07-18 15:56:09,599 [WARN] ModelIntegratedComponent:63 - No mode defined for component null
2025-07-18 15:56:09,599 [WARN] ModelIntegratedComponent:63 - No mode defined for component null
2025-07-18 15:56:09,600 [WARN] ModelIntegratedComponent:63 - No mode defined for component null
2025-07-18 15:56:09,601 [WARN] ModelIntegratedComponent:63 - No mode defined for component null
2025-07-18 15:56:09,601 [WARN] ModelIntegratedComponent:63 - No mode defined for component null
2025-07-18 15:56:09,601 [WARN] ModelIntegratedComponent:63 - No mode defined for component null
2025-07-18 15:56:09,601 [WARN] ModelIntegratedComponent:63 - No mode defined for component null
2025-07-18 15:56:09,602 [WARN] ModelIntegratedComponent:63 - No mode defined for component null
2025-07-18 15:56:09,603 [WARN] ModelIntegratedComponent:63 - No mode defined for component null
2025-07-18 15:56:09,603 [WARN] ModelIntegratedComponent:63 - No mode defined for component null
2025-07-18 15:56:09,603 [WARN] ModelIntegratedComponent:63 - No mode defined for component null
2025-07-18 15:56:09,603 [WARN] ModelIntegratedComponent:63 - No mode defined for component null
2025-07-18 15:56:09,604 [WARN] ModelIntegratedComponent:63 - No mode defined for component null
2025-07-18 15:56:09,605 [WARN] ModelIntegratedComponent:63 - No mode defined for component null
2025-07-18 15:56:09,605 [WARN] ModelIntegratedComponent:63 - No mode defined for component null
2025-07-18 15:56:09,605 [WARN] ModelIntegratedComponent:63 - No mode defined for component null
2025-07-18 15:56:09,606 [WARN] ModelIntegratedComponent:63 - No mode defined for component null
2025-07-18 15:56:09,606 [WARN] ModelIntegratedComponent:63 - No mode defined for component null
2025-07-18 15:56:09,607 [WARN] ModelIntegratedComponent:63 - No mode defined for component null
2025-07-18 15:56:09,608 [WARN] ModelPack:524 - Component already loaded: STMicroelectronics:HAL Drivers:0.0.0:STMicroelectronics:Device:STMicro_Driver:XSPI:HAL::0.0.1:HAL_XSPI
2025-07-18 15:56:09,786 [INFO] ThirdPartyModel:298 - Start build external matchings
2025-07-18 15:56:10,562 [INFO] ThirdPartyModel:316 - End build external matchings
2025-07-18 15:56:10,578 [INFO] ImportTextPane:234 - (OptionalMessage_ERROR) IP (RCC) : Invalid parameter (48MHZClocksFreq_Value)
2025-07-18 15:56:10,578 [INFO] ImportTextPane:234 - (OptionalMessage_ERROR) IP (RCC) : Invalid parameter (EthernetFreq_Value)
2025-07-18 15:56:10,578 [INFO] ImportTextPane:234 - (OptionalMessage_ERROR) IP (RCC) : Parameter (FLatency) has Id (AdvancedSettings) currently not set
2025-07-18 15:56:10,578 [INFO] ImportTextPane:234 - (OptionalMessage_ERROR) IP (RCC) : Invalid parameter (FamilyName)
2025-07-18 15:56:10,578 [INFO] ImportTextPane:234 - (OptionalMessage_ERROR) IP (RCC) : Invalid parameter (I2SClocksFreq_Value)
2025-07-18 15:56:10,578 [INFO] ImportTextPane:234 - (OptionalMessage_ERROR) IP (RCC) : Parameter (SDIOFreq_Value) has invalid value (168000000)
2025-07-18 15:56:10,578 [INFO] ImportTextPane:234 - (OptionalMessage_ERROR) IP (RCC) : Parameter (USBFreq_Value) has invalid value (168000000)
2025-07-18 15:56:10,578 [INFO] ImportTextPane:234 - (OptionalMessage_ERROR) IP (RCC) : Invalid parameter (VCOInputMFreq_Value)
2025-07-18 15:56:10,578 [INFO] ImportTextPane:234 - (OptionalMessage_ERROR) IP (RCC) : Invalid parameter (VcooutputI2S)
2025-07-18 15:56:11,937 [INFO] ApiDb:581 - Connected to CubeFinder SQLite database (C:\Users\aliya\.stmcufinder\plugins\mcufinder\mcu\cube-finder-db.db)
2025-07-18 15:56:12,051 [INFO] ApiDb:668 - CubeFinder database Data Model version=2.1
2025-07-18 15:56:12,052 [INFO] ApiDb:669 - CubeFinder database Configuration version=3.0.39
2025-07-18 15:56:12,052 [INFO] ApiDb:670 - CubeFinder database generation date=2025-06-24 (1750757100)
2025-07-18 15:56:12,052 [INFO] ApiDb:671 - CubeFinder database FW Pack versions=[FP-ATR-ASTRA1_V2.0.0, FP-SNS-FLIGHT1_V5.1.0, FP-SNS-MOTENV1_V5.0.0, FP-SNS-MOTENVWB1_V1.4.0, FP-SNS-SMARTAG2_V1.2.0, FP-SNS-STBOX1_V2.0.0, STM32Cube_FW_C0_V1.4.0, STM32Cube_FW_F4_V1.28.2, STM32Cube_FW_F7_V1.17.3, STM32Cube_FW_G0_V1.6.2, STM32Cube_FW_G4_V1.6.1, STM32Cube_FW_H5_V1.5.0, STM32Cube_FW_H7RS_V1.2.0, STM32Cube_FW_H7_V1.12.1, STM32Cube_FW_L0_V1.12.2, STM32Cube_FW_L4_V1.18.1, STM32Cube_FW_L5_V1.5.1, STM32Cube_FW_N6_V1.2.0, STM32Cube_FW_U0_V1.3.0, STM32Cube_FW_U3_V1.2.0, STM32Cube_FW_U5_V1.8.0, STM32Cube_FW_WB0_V1.3.0, STM32Cube_FW_WBA_V1.7.0, STM32Cube_FW_WB_V1.23.0, STM32Cube_FW_WL3_V1.2.0, STM32Cube_FW_WL_V1.3.1, X-CUBE-ALGOBUILD_V1.4.0, X-CUBE-ALS_V1.0.2, X-CUBE-AZRTOS-F4_V1.1.0, X-CUBE-AZRTOS-F7_V1.1.0, X-CUBE-AZRTOS-G0_V1.1.0, X-CUBE-AZRTOS-G4_V2.0.0, X-CUBE-AZRTOS-H7RS_V1.1.0, X-CUBE-AZRTOS-H7_V3.3.0, X-CUBE-AZRTOS-L4_V2.0.0, X-CUBE-AZRTOS-L5_V2.0.0, X-CUBE-AZRTOS-WB_V2.0.0, X-CUBE-AZRTOS-WL_V2.0.0, X-CUBE-BLE1_V7.1.0, X-CUBE-BLE2_V3.3.0, X-CUBE-BLEMGR_V4.0.0, X-CUBE-EEPRMA1_V5.1.0, X-CUBE-FREERTOS_V1.3.1, X-CUBE-GNSS1_V6.0.0, X-CUBE-MEMS1_V11.3.0, X-CUBE-NFC4_V3.0.0, X-CUBE-NFC7_V2.0.0, X-CUBE-SFXS2LP1_V4.0.0, X-CUBE-SUBG2_V5.0.0, X-CUBE-TOF1_V3.4.3]
2025-07-18 15:56:12,196 [INFO] DbBoardsSqlite:226 - include board P-NUCLEO-WB55-NUCLEO as a kit item of type 'Nucleo-64'
2025-07-18 15:56:12,196 [INFO] DbBoardsSqlite:226 - include board P-NUCLEO-WB55-USBDONGLE as a kit item of type 'Nucleo USB Dongle'
2025-07-18 15:56:12,197 [INFO] DbBoardsSqlite:226 - include board STEVAL-IDP005V1 as a kit item of type 'Evaluation Board'
2025-07-18 15:56:12,198 [INFO] DbBoardsSqlite:226 - include board STEVAL-IDP005V2 as a kit item of type 'Evaluation Board'
2025-07-18 15:56:12,756 [INFO] ApiDb:240 - Found 880 in-development CPN: [B-G473E-ZEST1S, B-WB1M-WPAN1, B-WBA5M-WPAN, B-WL5M-SUBG1, NUCLEO-C031C6, NUCLEO-C051C8, NUCLEO-C071RB, NUCLEO-C092RC, NUCLEO-H503RB, NUCLEO-H533RE, NUCLEO-H563ZI, NUCLEO-H7S3L8, NUCLEO-N657X0-Q, NUCLEO-U031R8, NUCLEO-U083RC, NUCLEO-U385RG-Q, NUCLEO-U545RE-Q, NUCLEO-U5A5ZJ-Q, NUCLEO-WB05KZ, NUCLEO-WB07CC, NUCLEO-WB09KE, NUCLEO-WBA52CG, NUCLEO-WBA55CG, NUCLEO-WL33CC1, NUCLEO-WL33CC2, STEVAL-PROTEUS1, STEVAL-SMARTAG2, STEVAL-STWINBX1, STM320518-EVAL, STM32C0116-DK, STM32C011D6Y3TR, STM32C011D6Y6TR, STM32C011F4P3, STM32C011F4P6, STM32C011F4U3, STM32C011F4U6TR, STM32C011F6P3, STM32C011F6P6, STM32C011F6U3, STM32C011F6U6TR, STM32C011J4M3, STM32C011J4M6, STM32C011J6M3, STM32C011J6M6, STM32C0316-DK, STM32C031C4T3, STM32C031C4T6, STM32C031C4U3, STM32C031C4U6, STM32C031C6T3, STM32C031C6T6, STM32C031C6U3, STM32C031C6U6, STM32C031F4P3, STM32C031F4P6, STM32C031F6P3, STM32C031F6P6, STM32C031G4U3, STM32C031G4U6, STM32C031G6U3, STM32C031G6U6, STM32C031K4T3, STM32C031K4T6, STM32C031K4U3, STM32C031K4U6, STM32C031K6T3, STM32C031K6T6, STM32C031K6U3, STM32C031K6U6, STM32C051C6T6, STM32C051C6U6, STM32C051C8T6, STM32C051C8U6, STM32C051D8Y6TR, STM32C051F6P6, STM32C051F8P6, STM32C051G6U6, STM32C051G8U6, STM32C051K6T6, STM32C051K6U6, STM32C051K8T6, STM32C071C8T6, STM32C071C8T6N, STM32C071C8U6, STM32C071C8U6N, STM32C071CBT6, STM32C071CBT6N, STM32C071CBU6, STM32C071CBU6N, STM32C071F8P6, STM32C071F8P6N, STM32C071FBP6, STM32C071FBP6N, STM32C071FBY6TR, STM32C071G8U6, STM32C071G8U6N, STM32C071GBU6, STM32C071GBU6N, STM32C071K8T6, STM32C071K8T6N, STM32C071K8U6, STM32C071K8U6N, STM32C071KBT6, STM32C071KBT6N, STM32C071KBU6, STM32C071KBU6N, STM32C071R8T6, STM32C071R8T6N, STM32C071RBI6N, STM32C071RBT6, STM32C071RBT6N, STM32C091CBT6, STM32C091CBU6, STM32C091CCT6, STM32C091CCU6, STM32C091ECY6TR, STM32C091FBP6, STM32C091FCP6, STM32C091GBU6, STM32C091GCU6, STM32C091KBT6, STM32C091KBU6, STM32C091KCT6, STM32C091KCU6, STM32C091RBT6, STM32C091RCI6, STM32C091RCT6, STM32C092CBT6, STM32C092CBU6, STM32C092CCT6, STM32C092CCU6, STM32C092ECY6TR, STM32C092FBP6, STM32C092FCP6, STM32C092GBU6, STM32C092GCU6, STM32C092KBT6, STM32C092KBU6, STM32C092KCT6, STM32C092KCU6, STM32C092RBT6, STM32C092RCI6, STM32C092RCT6, STM32G071K8TXN, STM32G071K8UXN, STM32G081GBU6N, STM32G081KBT6N, STM32G081KBUXN, STM32G0B1CCT6N, STM32G0B1KCT6, STM32G0B1NEY6TR, STM32G0B1RCT6N, STM32G0C1CCT6, STM32G0C1CCT6N, STM32G0C1CCU6N, STM32G0C1CET6N, STM32G0C1CEU6N, STM32G0C1KCT6, STM32G0C1NEY6TR, STM32G0C1RCI6N, STM32G0C1RCT6N, STM32G0C1REI6N, STM32G0C1RET6N, STM32G0C1VCI6, STM32G0C1VEI6, STM32G411C6T3, STM32G411C6T6, STM32G411C6U3, STM32G411C6U6, STM32G411C8T3, STM32G411C8T6, STM32G411C8U3, STM32G411C8U6, STM32G411CBT3, STM32G411CBT6, STM32G411CBU3, STM32G411CBU6, STM32G411K6T3, STM32G411K6T6, STM32G411K6U3, STM32G411K6U6, STM32G411K8T3, STM32G411K8T6, STM32G411K8U3, STM32G411K8U6, STM32G411KBT3, STM32G411KBT6, STM32G411KBU3, STM32G411KBU6, STM32G411M6T3, STM32G411M6T6, STM32G411M8T3, STM32G411M8T6, STM32G411MBT3, STM32G411MBT6, STM32G411R6T3, STM32G411R6T6, STM32G411R8T3, STM32G411R8T6, STM32G411RBT3, STM32G411RBT6, STM32G414CBT3, STM32G414CBT6, STM32G414CBU3, STM32G414CBU6, STM32G414CCT3, STM32G414CCT6, STM32G414CCU3, STM32G414CCU6, STM32G414MBT3, STM32G414MBT6, STM32G414MCT3, STM32G414MCT6, STM32G414RBT3, STM32G414RBT6, STM32G414RCT3, STM32G414RCT6, STM32G414VBT3, STM32G414VBT6, STM32G414VCT3, STM32G414VCT6, STM32G431CBT3Z, STM32G431RBT3Z, STM32G471CCT6, STM32G471CCU6, STM32G471CET3, STM32G471CET6, STM32G471CEU3, STM32G471CEU6, STM32G471MCT6, STM32G471MET3, STM32G471MET6, STM32G471MEY6TR, STM32G471QCT6, STM32G471QET3, STM32G471RCT6, STM32G471RET3, STM32G471RET6, STM32G471VCH6, STM32G471VCI6, STM32G471VCT6, STM32G471VEH3, STM32G471VEH6, STM32G471VEI3, STM32G471VEI6, STM32G471VET3, STM32G471VET6, STM32G473QET3Z, STM32G473RET3Z, STM32G474CCT6, STM32G491RET3Z, STM32H503CBT6, STM32H503CBU6, STM32H503EBY6TR, STM32H503KBU6, STM32H503RBT6, STM32H523CCT6, STM32H523CCU6, STM32H523CET6, STM32H523CEU6, STM32H523HEY6TR, STM32H523RCT6, STM32H523RET6, STM32H523VCI6, STM32H523VCT6, STM32H523VEI6, STM32H523VET6, STM32H523ZCJ6, STM32H523ZCT6, STM32H523ZEJ6, STM32H523ZET6, STM32H533CET6, STM32H533CEU6, STM32H533HEY6TR, STM32H533RET6, STM32H533VEI6, STM32H533VET6, STM32H533ZEJ6, STM32H533ZET6, STM32H562AGI6, STM32H562AII6, STM32H562IGK6, STM32H562IGT6, STM32H562IIK6, STM32H562IIT6, STM32H562RGT6, STM32H562RGV6, STM32H562RIT6, STM32H562RIV6, STM32H562VGT6, STM32H562VIT6, STM32H562ZGT6, STM32H562ZIT6, STM32H563AGI6, STM32H563AII3Q, STM32H563AII6, STM32H563IGK6, STM32H563IGT6, STM32H563IIK3Q, STM32H563IIK6, STM32H563IIT3Q, STM32H563IIT6, STM32H563MIY3QTR, STM32H563RGT6, STM32H563RGV6, STM32H563RIT6, STM32H563RIV6, STM32H563VGT6, STM32H563VIT3Q, STM32H563VIT6, STM32H563ZGT6, STM32H563ZIT3Q, STM32H563ZIT6, STM32H573AII3Q, STM32H573AII6, STM32H573I-DK, STM32H573IIK3Q, STM32H573IIK6, STM32H573IIT3Q, STM32H573IIT6, STM32H573MIY3QTR, STM32H573RIT6, STM32H573RIV6, STM32H573VIT3Q, STM32H573VIT6, STM32H573ZIT3Q, STM32H573ZIT6, STM32H7R3A8I6, STM32H7R3I8K6, STM32H7R3I8T6, STM32H7R3L8H6, STM32H7R3L8H6H, STM32H7R3R8V6, STM32H7R3V8H6, STM32H7R3V8T6, STM32H7R3V8Y6TR, STM32H7R3Z8J6, STM32H7R3Z8T6, STM32H7R7A8I6, STM32H7R7I8K6, STM32H7R7I8T6, STM32H7R7L8H6, STM32H7R7L8H6H, STM32H7R7Z8J6, STM32H7S3A8I6, STM32H7S3I8K6, STM32H7S3I8T6, STM32H7S3L8H6, STM32H7S3L8H6H, STM32H7S3R8V6, STM32H7S3V8H6, STM32H7S3V8T6, STM32H7S3V8Y6TR, STM32H7S3Z8J6, STM32H7S3Z8T6, STM32H7S78-DK, STM32H7S7A8I6, STM32H7S7I8K6, STM32H7S7I8T6, STM32H7S7L8H6, STM32H7S7L8H6H, STM32H7S7Z8J6, STM32L4R5QGI6STR, STM32MP131AAE3, STM32MP131AAF3, STM32MP131AAG3, STM32MP131CAE3, STM32MP131CAF3, STM32MP131CAG3, STM32MP131DAE7, STM32MP131DAF7, STM32MP131DAG7, STM32MP131FAE7, STM32MP131FAF7, STM32MP131FAG7, STM32MP133AAE3, STM32MP133AAF3, STM32MP133AAG3, STM32MP133CAE3, STM32MP133CAF3, STM32MP133CAG3, STM32MP133DAE7, STM32MP133DAF7, STM32MP133DAG7, STM32MP133FAE7, STM32MP133FAF7, STM32MP133FAG7, STM32MP135AAE3, STM32MP135AAF3, STM32MP135AAG3, STM32MP135CAE3, STM32MP135CAF3, STM32MP135CAG3, STM32MP135DAE7, STM32MP135DAF7, STM32MP135DAG7, STM32MP135F-DK, STM32MP135FAE7, STM32MP135FAF7, STM32MP135FAF7T, STM32MP135FAF7U, STM32MP135FAG7, STM32MP211AAL3, STM32MP211AAM3, STM32MP211AAN3, STM32MP211AAO3, STM32MP211CAL3, STM32MP211CAM3, STM32MP211CAN3, STM32MP211CAO3, STM32MP211DAL3, STM32MP211DAM3, STM32MP211DAN3, STM32MP211DAO3, STM32MP211FAL3, STM32MP211FAM3, STM32MP211FAN3, STM32MP211FAO3, STM32MP213AAL3, STM32MP213AAM3, STM32MP213AAN3, STM32MP213AAO3, STM32MP213CAL3, STM32MP213CAM3, STM32MP213CAN3, STM32MP213CAO3, STM32MP213DAL3, STM32MP213DAM3, STM32MP213DAN3, STM32MP213DAO3, STM32MP213FAL3, STM32MP213FAM3, STM32MP213FAN3, STM32MP213FAO3, STM32MP215AAL3, STM32MP215AAM3, STM32MP215AAN3, STM32MP215AAO3, STM32MP215CAL3, STM32MP215CAM3, STM32MP215CAN3, STM32MP215CAO3, STM32MP215DAL3, STM32MP215DAM3, STM32MP215DAN3, STM32MP215DAO3, STM32MP215F-DK, STM32MP215FAL3, STM32MP215FAM3, STM32MP215FAN3, STM32MP215FAO3, STM32MP231AAJ3, STM32MP231AAK3, STM32MP231AAL3, STM32MP231CAJ3, STM32MP231CAK3, STM32MP231CAL3, STM32MP231DAJ3, STM32MP231DAK3, STM32MP231DAL3, STM32MP231FAJ3, STM32MP231FAK3, STM32MP231FAL3, STM32MP233AAJ3, STM32MP233AAK3, STM32MP233AAL3, STM32MP233CAJ3, STM32MP233CAK3, STM32MP233CAL3, STM32MP233DAJ3, STM32MP233DAK3, STM32MP233DAL3, STM32MP233FAJ3, STM32MP233FAK3, STM32MP233FAL3, STM32MP235AAJ3, STM32MP235AAK3, STM32MP235AAL3, STM32MP235CAJ3, STM32MP235CAK3, STM32MP235CAL3, STM32MP235DAJ3, STM32MP235DAK3, STM32MP235DAL3, STM32MP235FAJ3, STM32MP235FAK3, STM32MP235FAL3, STM32MP251AAI3, STM32MP251AAK3, STM32MP251AAL3, STM32MP251CAI3, STM32MP251CAK3, STM32MP251CAL3, STM32MP251DAI3, STM32MP251DAK3, STM32MP251DAL3, STM32MP251FAI3, STM32MP251FAK3, STM32MP251FAL3, STM32MP253AAI3, STM32MP253AAK3, STM32MP253AAL3, STM32MP253CAI3, STM32MP253CAK3, STM32MP253CAL3, STM32MP253DAI3, STM32MP253DAK3, STM32MP253DAL3, STM32MP253FAI3, STM32MP253FAK3, STM32MP253FAL3, STM32MP255AAI3, STM32MP255AAK3, STM32MP255AAL3, STM32MP255CAI3, STM32MP255CAK3, STM32MP255CAL3, STM32MP255DAI3, STM32MP255DAK3, STM32MP255DAL3, STM32MP255FAI3, STM32MP255FAK3, STM32MP255FAL3, STM32MP257AAI3, STM32MP257AAK3, STM32MP257AAL3, STM32MP257CAI3, STM32MP257CAK3, STM32MP257CAL3, STM32MP257DAI3, STM32MP257DAK3, STM32MP257DAL3, STM32MP257F-DK, STM32MP257F-EV1, STM32MP257FAI3, STM32MP257FAK3, STM32MP257FAL3, STM32N645A0H3Q, STM32N645B0H3Q, STM32N645I0H3Q, STM32N645L0H3Q, STM32N645X0H3Q, STM32N645Z0H3Q, STM32N647A0H3Q, STM32N647B0H3Q, STM32N647I0H3Q, STM32N647L0H3Q, STM32N647X0H3Q, STM32N647Z0H3Q, STM32N655A0H3Q, STM32N655B0H3Q, STM32N655I0H3Q, STM32N655L0H3Q, STM32N655X0H3Q, STM32N655Z0H3Q, STM32N6570-DK, STM32N657A0H3Q, STM32N657B0H3Q, STM32N657I0H3Q, STM32N657L0H3Q, STM32N657X0H3Q, STM32N657Z0H3Q, STM32U031C6T6, STM32U031C6U6, STM32U031C8T6, STM32U031C8U6, STM32U031F4P6, STM32U031F6P6, STM32U031F8P6, STM32U031G6Y6TR, STM32U031G8Y6TR, STM32U031K4U6, STM32U031K6U6, STM32U031K8U6, STM32U031R6I6, STM32U031R6T6, STM32U031R8I6, STM32U031R8T6, STM32U073C8T6, STM32U073C8U6, STM32U073CBT6, STM32U073CBU6, STM32U073CCT6, STM32U073CCU6, STM32U073H8Y6TR, STM32U073HBY6TR, STM32U073HCY6TR, STM32U073K8U6, STM32U073KBU6, STM32U073KCU6, STM32U073M8I6, STM32U073M8T6, STM32U073MBI6, STM32U073MBT6, STM32U073MCI6, STM32U073MCT6, STM32U073R8I6, STM32U073R8T6, STM32U073RBI6, STM32U073RBT6, STM32U073RCI6, STM32U073RCT6, STM32U083C-DK, STM32U083CCT6, STM32U083CCU6, STM32U083HCY6TR, STM32U083KCU6, STM32U083MCI6, STM32U083MCT6, STM32U083RCI6, STM32U083RCT6, STM32U375CET6, STM32U375CET6Q, STM32U375CEU6, STM32U375CEU6Q, STM32U375CEY6QTR, STM32U375CGT6, STM32U375CGT6Q, STM32U375CGU6, STM32U375CGU6Q, STM32U375CGY6QTR, STM32U375KEU6, STM32U375KGU6, STM32U375REI6, STM32U375REI6Q, STM32U375RET6, STM32U375RET6Q, STM32U375REY6GTR, STM32U375REY6QTR, STM32U375RGI6, STM32U375RGI6Q, STM32U375RGT6, STM32U375RGT6Q, STM32U375RGY6GTR, STM32U375RGY6QTR, STM32U375VEI6, STM32U375VEI6Q, STM32U375VET6, STM32U375VET6Q, STM32U375VGI6, STM32U375VGI6Q, STM32U375VGT6, STM32U375VGT6Q, STM32U385CGT6, STM32U385CGT6Q, STM32U385CGU6, STM32U385CGU6Q, STM32U385CGY6QTR, STM32U385KGU6, STM32U385RGI6, STM32U385RGI6Q, STM32U385RGT6, STM32U385RGT6Q, STM32U385RGY6GTR, STM32U385RGY6QTR, STM32U385VGI6, STM32U385VGI6Q, STM32U385VGT6, STM32U385VGT6Q, STM32U535CBT6, STM32U535CBT6Q, STM32U535CBU6, STM32U535CBU6Q, STM32U535CCT6, STM32U535CCT6Q, STM32U535CCU6, STM32U535CCU6Q, STM32U535CET6, STM32U535CET6Q, STM32U535CEU6, STM32U535CEU6Q, STM32U535JEY6QTR, STM32U535NCY6QTR, STM32U535NEY6QTR, STM32U535RBI6, STM32U535RBI6Q, STM32U535RBT6, STM32U535RBT6Q, STM32U535RCI6, STM32U535RCI6Q, STM32U535RCT6, STM32U535RCT6Q, STM32U535REI6, STM32U535REI6Q, STM32U535RET6, STM32U535RET6Q, STM32U535VCI6, STM32U535VCI6Q, STM32U535VCT6, STM32U535VCT6Q, STM32U535VEI6, STM32U535VEI6Q, STM32U535VET6, STM32U535VET6Q, STM32U545CET6, STM32U545CET6Q, STM32U545CEU6, STM32U545CEU6Q, STM32U545JEY6QTR, STM32U545NEY6QTR, STM32U545REI6, STM32U545REI6Q, STM32U545RET6, STM32U545RET6Q, STM32U545VEI6, STM32U545VEI6Q, STM32U545VET6, STM32U545VET6Q, STM32U595AIH6, STM32U595AIH6Q, STM32U595AJH6, STM32U595AJH6Q, STM32U595QII6, STM32U595QII6Q, STM32U595QJI6, STM32U595QJI6Q, STM32U595RIT6, STM32U595RIT6Q, STM32U595RJT6, STM32U595RJT6Q, STM32U595VIT6, STM32U595VIT6Q, STM32U595VJT6, STM32U595VJT6Q, STM32U595ZIT6, STM32U595ZIT6Q, STM32U595ZIY6QTR, STM32U595ZJT6, STM32U595ZJT6Q, STM32U595ZJY6QTR, STM32U599BJY6QTR, STM32U599NIH6Q, STM32U599NJH6Q, STM32U599VIT6Q, STM32U599VJT6, STM32U599VJT6Q, STM32U599ZIT6Q, STM32U599ZIY6QTR, STM32U599ZJT6Q, STM32U599ZJY6QTR, STM32U5A5AJH6, STM32U5A5AJH6Q, STM32U5A5QII3Q , STM32U5A5QJI6, STM32U5A5QJI6Q, STM32U5A5RJT6, STM32U5A5RJT6Q, STM32U5A5VJT6, STM32U5A5VJT6Q, STM32U5A5ZJT6, STM32U5A5ZJT6Q, STM32U5A5ZJY6QTR, STM32U5A9BJY6QTR, STM32U5A9J-DK, STM32U5A9NJH6Q, STM32U5A9VJT6Q, STM32U5A9ZJT6Q, STM32U5A9ZJY6QTR, STM32U5F7VIT6, STM32U5F7VIT6Q, STM32U5F7VJT6, STM32U5F7VJT6Q, STM32U5F9BJY6QTR, STM32U5F9NJH6Q, STM32U5F9VIT6Q, STM32U5F9VJT6Q, STM32U5F9ZIJ6QTR, STM32U5F9ZIT6Q, STM32U5F9ZJJ6QTR, STM32U5F9ZJT6Q, STM32U5G7VJT6, STM32U5G7VJT6Q, STM32U5G9BJY6QTR, STM32U5G9J-DK1, STM32U5G9J-DK2, STM32U5G9NJH6Q, STM32U5G9VJT6Q, STM32U5G9ZJJ6QTR, STM32U5G9ZJT6Q, STM32WB05KZV6TR, STM32WB05KZV7TR, STM32WB05TZF6TR, STM32WB05TZF7TR, STM32WB06CCF6TR, STM32WB06CCF7TR, STM32WB06CCV6TR, STM32WB06CCV7TR, STM32WB06KCV6TR, STM32WB06KCV7TR, STM32WB07CCF6TR, STM32WB07CCF7TR, STM32WB07CCV6TR, STM32WB07CCV7TR, STM32WB07KCV6TR, STM32WB07KCV7TR, STM32WB09KEV6TR, STM32WB09KEV7TR, STM32WB09TEF6TR, STM32WB09TEF7TR, STM32WB1MMCH6, STM32WBA50KGU6, STM32WBA50KGU6TR, STM32WBA52CEU6, STM32WBA52CEU6TR, STM32WBA52CEU7, STM32WBA52CEU7TR, STM32WBA52CGU6, STM32WBA52CGU6TR, STM32WBA52CGU6U, STM32WBA52CGU7, STM32WBA52CGU7TR, STM32WBA52KEU6, STM32WBA52KEU6TR, STM32WBA52KGU6, STM32WBA52KGU6TR, STM32WBA54CEU6, STM32WBA54CEU6TR, STM32WBA54CEU7, STM32WBA54CEU7TR, STM32WBA54CGU6, STM32WBA54CGU6TR, STM32WBA54CGU7, STM32WBA54CGU7TR, STM32WBA54KEU6, STM32WBA54KEU6TR, STM32WBA54KEU7, STM32WBA54KEU7TR, STM32WBA54KGU6, STM32WBA54KGU6TR, STM32WBA54KGU7, STM32WBA54KGU7TR, STM32WBA55CEU6, STM32WBA55CEU6TR, STM32WBA55CEU7, STM32WBA55CEU7TR, STM32WBA55CGU6, STM32WBA55CGU6TR, STM32WBA55CGU6U, STM32WBA55CGU7, STM32WBA55CGU7TR, STM32WBA55G-DK1, STM32WBA55HEF6, STM32WBA55HEF7, STM32WBA55HGF6, STM32WBA55HGF7, STM32WBA55UEI6, STM32WBA55UEI6TR, STM32WBA55UEI7, STM32WBA55UEI7TR, STM32WBA55UGI6, STM32WBA55UGI6TR, STM32WBA55UGI7, STM32WBA55UGI7TR, STM32WBA5MMGH6TR, STM32WBA62MGF6, STM32WBA62MIF6, STM32WBA65MGF7, STM32WBA65MIF6, STM32WBA65MIF7, STM32WL30K8V6, STM32WL30KBV6, STM32WL31C8V6, STM32WL31CBV6, STM32WL31K8V6, STM32WL31KBV6, STM32WL33C8V6, STM32WL33C8V6X, STM32WL33CBV6, STM32WL33CBV6X, STM32WL33CCV6, STM32WL33CCV6A, STM32WL33CCV6X, STM32WL33K8V7, STM32WL33K8V7X, STM32WL33KBV7 , STM32WL33KBV7X, STM32WL33KCV7, STM32WL33KCV7X, STM32WL5MOCH6, STM32WL5MOCH6TR]
2025-07-18 15:56:13,111 [INFO] BoardInfo:889 - No configuration file found for board P-NUCLEO-WB55
2025-07-18 15:56:13,113 [INFO] DbBoards:161 - Kit is not supported: P-NUCLEO-WB55
2025-07-18 15:56:13,121 [INFO] BoardInfo:889 - No configuration file found for board STEVAL-BFA001V1B
2025-07-18 15:56:13,123 [INFO] DbBoards:161 - Kit is not supported: STEVAL-BFA001V1B
2025-07-18 15:56:13,124 [INFO] BoardInfo:889 - No configuration file found for board STEVAL-BFA001V2B
2025-07-18 15:56:13,125 [INFO] DbBoards:161 - Kit is not supported: STEVAL-BFA001V2B
2025-07-18 15:56:13,399 [INFO] DbBoards:168 - Found 212 boards, 209 are supported
2025-07-18 15:56:13,400 [INFO] DbBoards:169 - Found 212 boards, 43 of them is supported for  Bsp
2025-07-18 15:56:13,404 [INFO] ApiDb:668 - CubeFinder database Data Model version=2.1
2025-07-18 15:56:13,404 [INFO] ApiDb:669 - CubeFinder database Configuration version=3.0.39
2025-07-18 15:56:13,404 [INFO] ApiDb:670 - CubeFinder database generation date=2025-06-24 (1750757100)
2025-07-18 15:56:13,404 [INFO] ApiDb:671 - CubeFinder database FW Pack versions=[FP-ATR-ASTRA1_V2.0.0, FP-SNS-FLIGHT1_V5.1.0, FP-SNS-MOTENV1_V5.0.0, FP-SNS-MOTENVWB1_V1.4.0, FP-SNS-SMARTAG2_V1.2.0, FP-SNS-STBOX1_V2.0.0, STM32Cube_FW_C0_V1.4.0, STM32Cube_FW_F4_V1.28.2, STM32Cube_FW_F7_V1.17.3, STM32Cube_FW_G0_V1.6.2, STM32Cube_FW_G4_V1.6.1, STM32Cube_FW_H5_V1.5.0, STM32Cube_FW_H7RS_V1.2.0, STM32Cube_FW_H7_V1.12.1, STM32Cube_FW_L0_V1.12.2, STM32Cube_FW_L4_V1.18.1, STM32Cube_FW_L5_V1.5.1, STM32Cube_FW_N6_V1.2.0, STM32Cube_FW_U0_V1.3.0, STM32Cube_FW_U3_V1.2.0, STM32Cube_FW_U5_V1.8.0, STM32Cube_FW_WB0_V1.3.0, STM32Cube_FW_WBA_V1.7.0, STM32Cube_FW_WB_V1.23.0, STM32Cube_FW_WL3_V1.2.0, STM32Cube_FW_WL_V1.3.1, X-CUBE-ALGOBUILD_V1.4.0, X-CUBE-ALS_V1.0.2, X-CUBE-AZRTOS-F4_V1.1.0, X-CUBE-AZRTOS-F7_V1.1.0, X-CUBE-AZRTOS-G0_V1.1.0, X-CUBE-AZRTOS-G4_V2.0.0, X-CUBE-AZRTOS-H7RS_V1.1.0, X-CUBE-AZRTOS-H7_V3.3.0, X-CUBE-AZRTOS-L4_V2.0.0, X-CUBE-AZRTOS-L5_V2.0.0, X-CUBE-AZRTOS-WB_V2.0.0, X-CUBE-AZRTOS-WL_V2.0.0, X-CUBE-BLE1_V7.1.0, X-CUBE-BLE2_V3.3.0, X-CUBE-BLEMGR_V4.0.0, X-CUBE-EEPRMA1_V5.1.0, X-CUBE-FREERTOS_V1.3.1, X-CUBE-GNSS1_V6.0.0, X-CUBE-MEMS1_V11.3.0, X-CUBE-NFC4_V3.0.0, X-CUBE-NFC7_V2.0.0, X-CUBE-SFXS2LP1_V4.0.0, X-CUBE-SUBG2_V5.0.0, X-CUBE-TOF1_V3.4.3]
2025-07-18 15:56:16,996 [INFO] ApiDb:240 - Found 880 in-development CPN: [B-G473E-ZEST1S, B-WB1M-WPAN1, B-WBA5M-WPAN, B-WL5M-SUBG1, NUCLEO-C031C6, NUCLEO-C051C8, NUCLEO-C071RB, NUCLEO-C092RC, NUCLEO-H503RB, NUCLEO-H533RE, NUCLEO-H563ZI, NUCLEO-H7S3L8, NUCLEO-N657X0-Q, NUCLEO-U031R8, NUCLEO-U083RC, NUCLEO-U385RG-Q, NUCLEO-U545RE-Q, NUCLEO-U5A5ZJ-Q, NUCLEO-WB05KZ, NUCLEO-WB07CC, NUCLEO-WB09KE, NUCLEO-WBA52CG, NUCLEO-WBA55CG, NUCLEO-WL33CC1, NUCLEO-WL33CC2, STEVAL-PROTEUS1, STEVAL-SMARTAG2, STEVAL-STWINBX1, STM320518-EVAL, STM32C0116-DK, STM32C011D6Y3TR, STM32C011D6Y6TR, STM32C011F4P3, STM32C011F4P6, STM32C011F4U3, STM32C011F4U6TR, STM32C011F6P3, STM32C011F6P6, STM32C011F6U3, STM32C011F6U6TR, STM32C011J4M3, STM32C011J4M6, STM32C011J6M3, STM32C011J6M6, STM32C0316-DK, STM32C031C4T3, STM32C031C4T6, STM32C031C4U3, STM32C031C4U6, STM32C031C6T3, STM32C031C6T6, STM32C031C6U3, STM32C031C6U6, STM32C031F4P3, STM32C031F4P6, STM32C031F6P3, STM32C031F6P6, STM32C031G4U3, STM32C031G4U6, STM32C031G6U3, STM32C031G6U6, STM32C031K4T3, STM32C031K4T6, STM32C031K4U3, STM32C031K4U6, STM32C031K6T3, STM32C031K6T6, STM32C031K6U3, STM32C031K6U6, STM32C051C6T6, STM32C051C6U6, STM32C051C8T6, STM32C051C8U6, STM32C051D8Y6TR, STM32C051F6P6, STM32C051F8P6, STM32C051G6U6, STM32C051G8U6, STM32C051K6T6, STM32C051K6U6, STM32C051K8T6, STM32C071C8T6, STM32C071C8T6N, STM32C071C8U6, STM32C071C8U6N, STM32C071CBT6, STM32C071CBT6N, STM32C071CBU6, STM32C071CBU6N, STM32C071F8P6, STM32C071F8P6N, STM32C071FBP6, STM32C071FBP6N, STM32C071FBY6TR, STM32C071G8U6, STM32C071G8U6N, STM32C071GBU6, STM32C071GBU6N, STM32C071K8T6, STM32C071K8T6N, STM32C071K8U6, STM32C071K8U6N, STM32C071KBT6, STM32C071KBT6N, STM32C071KBU6, STM32C071KBU6N, STM32C071R8T6, STM32C071R8T6N, STM32C071RBI6N, STM32C071RBT6, STM32C071RBT6N, STM32C091CBT6, STM32C091CBU6, STM32C091CCT6, STM32C091CCU6, STM32C091ECY6TR, STM32C091FBP6, STM32C091FCP6, STM32C091GBU6, STM32C091GCU6, STM32C091KBT6, STM32C091KBU6, STM32C091KCT6, STM32C091KCU6, STM32C091RBT6, STM32C091RCI6, STM32C091RCT6, STM32C092CBT6, STM32C092CBU6, STM32C092CCT6, STM32C092CCU6, STM32C092ECY6TR, STM32C092FBP6, STM32C092FCP6, STM32C092GBU6, STM32C092GCU6, STM32C092KBT6, STM32C092KBU6, STM32C092KCT6, STM32C092KCU6, STM32C092RBT6, STM32C092RCI6, STM32C092RCT6, STM32G071K8TXN, STM32G071K8UXN, STM32G081GBU6N, STM32G081KBT6N, STM32G081KBUXN, STM32G0B1CCT6N, STM32G0B1KCT6, STM32G0B1NEY6TR, STM32G0B1RCT6N, STM32G0C1CCT6, STM32G0C1CCT6N, STM32G0C1CCU6N, STM32G0C1CET6N, STM32G0C1CEU6N, STM32G0C1KCT6, STM32G0C1NEY6TR, STM32G0C1RCI6N, STM32G0C1RCT6N, STM32G0C1REI6N, STM32G0C1RET6N, STM32G0C1VCI6, STM32G0C1VEI6, STM32G411C6T3, STM32G411C6T6, STM32G411C6U3, STM32G411C6U6, STM32G411C8T3, STM32G411C8T6, STM32G411C8U3, STM32G411C8U6, STM32G411CBT3, STM32G411CBT6, STM32G411CBU3, STM32G411CBU6, STM32G411K6T3, STM32G411K6T6, STM32G411K6U3, STM32G411K6U6, STM32G411K8T3, STM32G411K8T6, STM32G411K8U3, STM32G411K8U6, STM32G411KBT3, STM32G411KBT6, STM32G411KBU3, STM32G411KBU6, STM32G411M6T3, STM32G411M6T6, STM32G411M8T3, STM32G411M8T6, STM32G411MBT3, STM32G411MBT6, STM32G411R6T3, STM32G411R6T6, STM32G411R8T3, STM32G411R8T6, STM32G411RBT3, STM32G411RBT6, STM32G414CBT3, STM32G414CBT6, STM32G414CBU3, STM32G414CBU6, STM32G414CCT3, STM32G414CCT6, STM32G414CCU3, STM32G414CCU6, STM32G414MBT3, STM32G414MBT6, STM32G414MCT3, STM32G414MCT6, STM32G414RBT3, STM32G414RBT6, STM32G414RCT3, STM32G414RCT6, STM32G414VBT3, STM32G414VBT6, STM32G414VCT3, STM32G414VCT6, STM32G431CBT3Z, STM32G431RBT3Z, STM32G471CCT6, STM32G471CCU6, STM32G471CET3, STM32G471CET6, STM32G471CEU3, STM32G471CEU6, STM32G471MCT6, STM32G471MET3, STM32G471MET6, STM32G471MEY6TR, STM32G471QCT6, STM32G471QET3, STM32G471RCT6, STM32G471RET3, STM32G471RET6, STM32G471VCH6, STM32G471VCI6, STM32G471VCT6, STM32G471VEH3, STM32G471VEH6, STM32G471VEI3, STM32G471VEI6, STM32G471VET3, STM32G471VET6, STM32G473QET3Z, STM32G473RET3Z, STM32G474CCT6, STM32G491RET3Z, STM32H503CBT6, STM32H503CBU6, STM32H503EBY6TR, STM32H503KBU6, STM32H503RBT6, STM32H523CCT6, STM32H523CCU6, STM32H523CET6, STM32H523CEU6, STM32H523HEY6TR, STM32H523RCT6, STM32H523RET6, STM32H523VCI6, STM32H523VCT6, STM32H523VEI6, STM32H523VET6, STM32H523ZCJ6, STM32H523ZCT6, STM32H523ZEJ6, STM32H523ZET6, STM32H533CET6, STM32H533CEU6, STM32H533HEY6TR, STM32H533RET6, STM32H533VEI6, STM32H533VET6, STM32H533ZEJ6, STM32H533ZET6, STM32H562AGI6, STM32H562AII6, STM32H562IGK6, STM32H562IGT6, STM32H562IIK6, STM32H562IIT6, STM32H562RGT6, STM32H562RGV6, STM32H562RIT6, STM32H562RIV6, STM32H562VGT6, STM32H562VIT6, STM32H562ZGT6, STM32H562ZIT6, STM32H563AGI6, STM32H563AII3Q, STM32H563AII6, STM32H563IGK6, STM32H563IGT6, STM32H563IIK3Q, STM32H563IIK6, STM32H563IIT3Q, STM32H563IIT6, STM32H563MIY3QTR, STM32H563RGT6, STM32H563RGV6, STM32H563RIT6, STM32H563RIV6, STM32H563VGT6, STM32H563VIT3Q, STM32H563VIT6, STM32H563ZGT6, STM32H563ZIT3Q, STM32H563ZIT6, STM32H573AII3Q, STM32H573AII6, STM32H573I-DK, STM32H573IIK3Q, STM32H573IIK6, STM32H573IIT3Q, STM32H573IIT6, STM32H573MIY3QTR, STM32H573RIT6, STM32H573RIV6, STM32H573VIT3Q, STM32H573VIT6, STM32H573ZIT3Q, STM32H573ZIT6, STM32H7R3A8I6, STM32H7R3I8K6, STM32H7R3I8T6, STM32H7R3L8H6, STM32H7R3L8H6H, STM32H7R3R8V6, STM32H7R3V8H6, STM32H7R3V8T6, STM32H7R3V8Y6TR, STM32H7R3Z8J6, STM32H7R3Z8T6, STM32H7R7A8I6, STM32H7R7I8K6, STM32H7R7I8T6, STM32H7R7L8H6, STM32H7R7L8H6H, STM32H7R7Z8J6, STM32H7S3A8I6, STM32H7S3I8K6, STM32H7S3I8T6, STM32H7S3L8H6, STM32H7S3L8H6H, STM32H7S3R8V6, STM32H7S3V8H6, STM32H7S3V8T6, STM32H7S3V8Y6TR, STM32H7S3Z8J6, STM32H7S3Z8T6, STM32H7S78-DK, STM32H7S7A8I6, STM32H7S7I8K6, STM32H7S7I8T6, STM32H7S7L8H6, STM32H7S7L8H6H, STM32H7S7Z8J6, STM32L4R5QGI6STR, STM32MP131AAE3, STM32MP131AAF3, STM32MP131AAG3, STM32MP131CAE3, STM32MP131CAF3, STM32MP131CAG3, STM32MP131DAE7, STM32MP131DAF7, STM32MP131DAG7, STM32MP131FAE7, STM32MP131FAF7, STM32MP131FAG7, STM32MP133AAE3, STM32MP133AAF3, STM32MP133AAG3, STM32MP133CAE3, STM32MP133CAF3, STM32MP133CAG3, STM32MP133DAE7, STM32MP133DAF7, STM32MP133DAG7, STM32MP133FAE7, STM32MP133FAF7, STM32MP133FAG7, STM32MP135AAE3, STM32MP135AAF3, STM32MP135AAG3, STM32MP135CAE3, STM32MP135CAF3, STM32MP135CAG3, STM32MP135DAE7, STM32MP135DAF7, STM32MP135DAG7, STM32MP135F-DK, STM32MP135FAE7, STM32MP135FAF7, STM32MP135FAF7T, STM32MP135FAF7U, STM32MP135FAG7, STM32MP211AAL3, STM32MP211AAM3, STM32MP211AAN3, STM32MP211AAO3, STM32MP211CAL3, STM32MP211CAM3, STM32MP211CAN3, STM32MP211CAO3, STM32MP211DAL3, STM32MP211DAM3, STM32MP211DAN3, STM32MP211DAO3, STM32MP211FAL3, STM32MP211FAM3, STM32MP211FAN3, STM32MP211FAO3, STM32MP213AAL3, STM32MP213AAM3, STM32MP213AAN3, STM32MP213AAO3, STM32MP213CAL3, STM32MP213CAM3, STM32MP213CAN3, STM32MP213CAO3, STM32MP213DAL3, STM32MP213DAM3, STM32MP213DAN3, STM32MP213DAO3, STM32MP213FAL3, STM32MP213FAM3, STM32MP213FAN3, STM32MP213FAO3, STM32MP215AAL3, STM32MP215AAM3, STM32MP215AAN3, STM32MP215AAO3, STM32MP215CAL3, STM32MP215CAM3, STM32MP215CAN3, STM32MP215CAO3, STM32MP215DAL3, STM32MP215DAM3, STM32MP215DAN3, STM32MP215DAO3, STM32MP215F-DK, STM32MP215FAL3, STM32MP215FAM3, STM32MP215FAN3, STM32MP215FAO3, STM32MP231AAJ3, STM32MP231AAK3, STM32MP231AAL3, STM32MP231CAJ3, STM32MP231CAK3, STM32MP231CAL3, STM32MP231DAJ3, STM32MP231DAK3, STM32MP231DAL3, STM32MP231FAJ3, STM32MP231FAK3, STM32MP231FAL3, STM32MP233AAJ3, STM32MP233AAK3, STM32MP233AAL3, STM32MP233CAJ3, STM32MP233CAK3, STM32MP233CAL3, STM32MP233DAJ3, STM32MP233DAK3, STM32MP233DAL3, STM32MP233FAJ3, STM32MP233FAK3, STM32MP233FAL3, STM32MP235AAJ3, STM32MP235AAK3, STM32MP235AAL3, STM32MP235CAJ3, STM32MP235CAK3, STM32MP235CAL3, STM32MP235DAJ3, STM32MP235DAK3, STM32MP235DAL3, STM32MP235FAJ3, STM32MP235FAK3, STM32MP235FAL3, STM32MP251AAI3, STM32MP251AAK3, STM32MP251AAL3, STM32MP251CAI3, STM32MP251CAK3, STM32MP251CAL3, STM32MP251DAI3, STM32MP251DAK3, STM32MP251DAL3, STM32MP251FAI3, STM32MP251FAK3, STM32MP251FAL3, STM32MP253AAI3, STM32MP253AAK3, STM32MP253AAL3, STM32MP253CAI3, STM32MP253CAK3, STM32MP253CAL3, STM32MP253DAI3, STM32MP253DAK3, STM32MP253DAL3, STM32MP253FAI3, STM32MP253FAK3, STM32MP253FAL3, STM32MP255AAI3, STM32MP255AAK3, STM32MP255AAL3, STM32MP255CAI3, STM32MP255CAK3, STM32MP255CAL3, STM32MP255DAI3, STM32MP255DAK3, STM32MP255DAL3, STM32MP255FAI3, STM32MP255FAK3, STM32MP255FAL3, STM32MP257AAI3, STM32MP257AAK3, STM32MP257AAL3, STM32MP257CAI3, STM32MP257CAK3, STM32MP257CAL3, STM32MP257DAI3, STM32MP257DAK3, STM32MP257DAL3, STM32MP257F-DK, STM32MP257F-EV1, STM32MP257FAI3, STM32MP257FAK3, STM32MP257FAL3, STM32N645A0H3Q, STM32N645B0H3Q, STM32N645I0H3Q, STM32N645L0H3Q, STM32N645X0H3Q, STM32N645Z0H3Q, STM32N647A0H3Q, STM32N647B0H3Q, STM32N647I0H3Q, STM32N647L0H3Q, STM32N647X0H3Q, STM32N647Z0H3Q, STM32N655A0H3Q, STM32N655B0H3Q, STM32N655I0H3Q, STM32N655L0H3Q, STM32N655X0H3Q, STM32N655Z0H3Q, STM32N6570-DK, STM32N657A0H3Q, STM32N657B0H3Q, STM32N657I0H3Q, STM32N657L0H3Q, STM32N657X0H3Q, STM32N657Z0H3Q, STM32U031C6T6, STM32U031C6U6, STM32U031C8T6, STM32U031C8U6, STM32U031F4P6, STM32U031F6P6, STM32U031F8P6, STM32U031G6Y6TR, STM32U031G8Y6TR, STM32U031K4U6, STM32U031K6U6, STM32U031K8U6, STM32U031R6I6, STM32U031R6T6, STM32U031R8I6, STM32U031R8T6, STM32U073C8T6, STM32U073C8U6, STM32U073CBT6, STM32U073CBU6, STM32U073CCT6, STM32U073CCU6, STM32U073H8Y6TR, STM32U073HBY6TR, STM32U073HCY6TR, STM32U073K8U6, STM32U073KBU6, STM32U073KCU6, STM32U073M8I6, STM32U073M8T6, STM32U073MBI6, STM32U073MBT6, STM32U073MCI6, STM32U073MCT6, STM32U073R8I6, STM32U073R8T6, STM32U073RBI6, STM32U073RBT6, STM32U073RCI6, STM32U073RCT6, STM32U083C-DK, STM32U083CCT6, STM32U083CCU6, STM32U083HCY6TR, STM32U083KCU6, STM32U083MCI6, STM32U083MCT6, STM32U083RCI6, STM32U083RCT6, STM32U375CET6, STM32U375CET6Q, STM32U375CEU6, STM32U375CEU6Q, STM32U375CEY6QTR, STM32U375CGT6, STM32U375CGT6Q, STM32U375CGU6, STM32U375CGU6Q, STM32U375CGY6QTR, STM32U375KEU6, STM32U375KGU6, STM32U375REI6, STM32U375REI6Q, STM32U375RET6, STM32U375RET6Q, STM32U375REY6GTR, STM32U375REY6QTR, STM32U375RGI6, STM32U375RGI6Q, STM32U375RGT6, STM32U375RGT6Q, STM32U375RGY6GTR, STM32U375RGY6QTR, STM32U375VEI6, STM32U375VEI6Q, STM32U375VET6, STM32U375VET6Q, STM32U375VGI6, STM32U375VGI6Q, STM32U375VGT6, STM32U375VGT6Q, STM32U385CGT6, STM32U385CGT6Q, STM32U385CGU6, STM32U385CGU6Q, STM32U385CGY6QTR, STM32U385KGU6, STM32U385RGI6, STM32U385RGI6Q, STM32U385RGT6, STM32U385RGT6Q, STM32U385RGY6GTR, STM32U385RGY6QTR, STM32U385VGI6, STM32U385VGI6Q, STM32U385VGT6, STM32U385VGT6Q, STM32U535CBT6, STM32U535CBT6Q, STM32U535CBU6, STM32U535CBU6Q, STM32U535CCT6, STM32U535CCT6Q, STM32U535CCU6, STM32U535CCU6Q, STM32U535CET6, STM32U535CET6Q, STM32U535CEU6, STM32U535CEU6Q, STM32U535JEY6QTR, STM32U535NCY6QTR, STM32U535NEY6QTR, STM32U535RBI6, STM32U535RBI6Q, STM32U535RBT6, STM32U535RBT6Q, STM32U535RCI6, STM32U535RCI6Q, STM32U535RCT6, STM32U535RCT6Q, STM32U535REI6, STM32U535REI6Q, STM32U535RET6, STM32U535RET6Q, STM32U535VCI6, STM32U535VCI6Q, STM32U535VCT6, STM32U535VCT6Q, STM32U535VEI6, STM32U535VEI6Q, STM32U535VET6, STM32U535VET6Q, STM32U545CET6, STM32U545CET6Q, STM32U545CEU6, STM32U545CEU6Q, STM32U545JEY6QTR, STM32U545NEY6QTR, STM32U545REI6, STM32U545REI6Q, STM32U545RET6, STM32U545RET6Q, STM32U545VEI6, STM32U545VEI6Q, STM32U545VET6, STM32U545VET6Q, STM32U595AIH6, STM32U595AIH6Q, STM32U595AJH6, STM32U595AJH6Q, STM32U595QII6, STM32U595QII6Q, STM32U595QJI6, STM32U595QJI6Q, STM32U595RIT6, STM32U595RIT6Q, STM32U595RJT6, STM32U595RJT6Q, STM32U595VIT6, STM32U595VIT6Q, STM32U595VJT6, STM32U595VJT6Q, STM32U595ZIT6, STM32U595ZIT6Q, STM32U595ZIY6QTR, STM32U595ZJT6, STM32U595ZJT6Q, STM32U595ZJY6QTR, STM32U599BJY6QTR, STM32U599NIH6Q, STM32U599NJH6Q, STM32U599VIT6Q, STM32U599VJT6, STM32U599VJT6Q, STM32U599ZIT6Q, STM32U599ZIY6QTR, STM32U599ZJT6Q, STM32U599ZJY6QTR, STM32U5A5AJH6, STM32U5A5AJH6Q, STM32U5A5QII3Q , STM32U5A5QJI6, STM32U5A5QJI6Q, STM32U5A5RJT6, STM32U5A5RJT6Q, STM32U5A5VJT6, STM32U5A5VJT6Q, STM32U5A5ZJT6, STM32U5A5ZJT6Q, STM32U5A5ZJY6QTR, STM32U5A9BJY6QTR, STM32U5A9J-DK, STM32U5A9NJH6Q, STM32U5A9VJT6Q, STM32U5A9ZJT6Q, STM32U5A9ZJY6QTR, STM32U5F7VIT6, STM32U5F7VIT6Q, STM32U5F7VJT6, STM32U5F7VJT6Q, STM32U5F9BJY6QTR, STM32U5F9NJH6Q, STM32U5F9VIT6Q, STM32U5F9VJT6Q, STM32U5F9ZIJ6QTR, STM32U5F9ZIT6Q, STM32U5F9ZJJ6QTR, STM32U5F9ZJT6Q, STM32U5G7VJT6, STM32U5G7VJT6Q, STM32U5G9BJY6QTR, STM32U5G9J-DK1, STM32U5G9J-DK2, STM32U5G9NJH6Q, STM32U5G9VJT6Q, STM32U5G9ZJJ6QTR, STM32U5G9ZJT6Q, STM32WB05KZV6TR, STM32WB05KZV7TR, STM32WB05TZF6TR, STM32WB05TZF7TR, STM32WB06CCF6TR, STM32WB06CCF7TR, STM32WB06CCV6TR, STM32WB06CCV7TR, STM32WB06KCV6TR, STM32WB06KCV7TR, STM32WB07CCF6TR, STM32WB07CCF7TR, STM32WB07CCV6TR, STM32WB07CCV7TR, STM32WB07KCV6TR, STM32WB07KCV7TR, STM32WB09KEV6TR, STM32WB09KEV7TR, STM32WB09TEF6TR, STM32WB09TEF7TR, STM32WB1MMCH6, STM32WBA50KGU6, STM32WBA50KGU6TR, STM32WBA52CEU6, STM32WBA52CEU6TR, STM32WBA52CEU7, STM32WBA52CEU7TR, STM32WBA52CGU6, STM32WBA52CGU6TR, STM32WBA52CGU6U, STM32WBA52CGU7, STM32WBA52CGU7TR, STM32WBA52KEU6, STM32WBA52KEU6TR, STM32WBA52KGU6, STM32WBA52KGU6TR, STM32WBA54CEU6, STM32WBA54CEU6TR, STM32WBA54CEU7, STM32WBA54CEU7TR, STM32WBA54CGU6, STM32WBA54CGU6TR, STM32WBA54CGU7, STM32WBA54CGU7TR, STM32WBA54KEU6, STM32WBA54KEU6TR, STM32WBA54KEU7, STM32WBA54KEU7TR, STM32WBA54KGU6, STM32WBA54KGU6TR, STM32WBA54KGU7, STM32WBA54KGU7TR, STM32WBA55CEU6, STM32WBA55CEU6TR, STM32WBA55CEU7, STM32WBA55CEU7TR, STM32WBA55CGU6, STM32WBA55CGU6TR, STM32WBA55CGU6U, STM32WBA55CGU7, STM32WBA55CGU7TR, STM32WBA55G-DK1, STM32WBA55HEF6, STM32WBA55HEF7, STM32WBA55HGF6, STM32WBA55HGF7, STM32WBA55UEI6, STM32WBA55UEI6TR, STM32WBA55UEI7, STM32WBA55UEI7TR, STM32WBA55UGI6, STM32WBA55UGI6TR, STM32WBA55UGI7, STM32WBA55UGI7TR, STM32WBA5MMGH6TR, STM32WBA62MGF6, STM32WBA62MIF6, STM32WBA65MGF7, STM32WBA65MIF6, STM32WBA65MIF7, STM32WL30K8V6, STM32WL30KBV6, STM32WL31C8V6, STM32WL31CBV6, STM32WL31K8V6, STM32WL31KBV6, STM32WL33C8V6, STM32WL33C8V6X, STM32WL33CBV6, STM32WL33CBV6X, STM32WL33CCV6, STM32WL33CCV6A, STM32WL33CCV6X, STM32WL33K8V7, STM32WL33K8V7X, STM32WL33KBV7 , STM32WL33KBV7X, STM32WL33KCV7, STM32WL33KCV7X, STM32WL5MOCH6, STM32WL5MOCH6TR]
2025-07-18 15:56:17,001 [INFO] DbMcus:218 - Found 4801 MCUs, 4801 are supported
2025-07-18 15:56:17,002 [INFO] ApiDb:423 - Load user favorites file C:\Users\aliya/.stm32cubeide/favorites.mcus.txt: 0 item(s)
2025-07-18 15:56:17,002 [INFO] ApiDb:427 - User favorites MCUs=[]
2025-07-18 15:56:17,003 [INFO] DbMcus:224 - Set 0 / 0 favorites MCUs
2025-07-18 15:56:17,617 [INFO] ApiDb:423 - Load user favorites file C:\Users\aliya/.stm32cubeide/favorites.boards.txt: 1 item(s)
2025-07-18 15:56:17,617 [INFO] ApiDb:427 - User favorites Boards=[NUCLEO-F446RE]
2025-07-18 15:56:17,617 [INFO] DbBoards:198 - Set 1 / 1 favorites Boards
2025-07-18 15:56:17,685 [INFO] UtilMem:75 - End LoadConfig() Used Memory: 593677928 Bytes (698351616)
2025-07-18 15:56:18,052 [WARN] ThirdParty:833 - waiting for thirdparty lock release [change project]
2025-07-18 15:56:18,052 [INFO] ThirdParty:835 - entering critical section [change project]
2025-07-18 15:56:18,052 [INFO] ThirdParty:1030 - CMSIS Pack Vendor :STMicroelectronics X-CUBE-PM33A1 1.0.0
2025-07-18 15:56:18,052 [INFO] ThirdParty:1030 - CMSIS Pack Vendor :STMicroelectronics USBPD 4.1
2025-07-18 15:56:18,052 [INFO] ThirdParty:1030 - CMSIS Pack Vendor :STMicroelectronics X-CUBE-AZRTOS-H7 3.3.0
2025-07-18 15:56:18,052 [INFO] ThirdParty:1030 - CMSIS Pack Vendor :STMicroelectronics X-CUBE-NFC9 1.0.0
2025-07-18 15:56:18,053 [INFO] ThirdParty:1030 - CMSIS Pack Vendor :wolfSSL I-CUBE-wolfSSL 5.8.0
2025-07-18 15:56:18,053 [INFO] ThirdParty:1030 - CMSIS Pack Vendor :STMicroelectronics USB_HOST 2.0.0
2025-07-18 15:56:18,053 [INFO] ThirdParty:1030 - CMSIS Pack Vendor :STMicroelectronics FP-SNS-MOTENVWB1 1.4.0
2025-07-18 15:56:18,053 [INFO] ThirdParty:1030 - CMSIS Pack Vendor :STMicroelectronics X-CUBE-AZRTOS-F4 1.1.0
2025-07-18 15:56:18,053 [INFO] ThirdParty:1030 - CMSIS Pack Vendor :STMicroelectronics LIBJPEG 8.0.0
2025-07-18 15:56:18,053 [INFO] ThirdParty:1030 - CMSIS Pack Vendor :STMicroelectronics FP-ATR-ASTRA1 2.0.2
2025-07-18 15:56:18,053 [INFO] ThirdParty:1030 - CMSIS Pack Vendor :STMicroelectronics X-CUBE-BLE1 7.1.0
2025-07-18 15:56:18,053 [INFO] ThirdParty:1030 - CMSIS Pack Vendor :Avnet-IotConnect X-CUBE-IoTC-DA16k-PMOD 1.0.0
2025-07-18 15:56:18,053 [INFO] ThirdParty:1030 - CMSIS Pack Vendor :STMicroelectronics X-CUBE-SMBUS 2.1.0
2025-07-18 15:56:18,053 [INFO] ThirdParty:1030 - CMSIS Pack Vendor :wolfSSL I-CUBE-wolfMQTT 1.19.2
2025-07-18 15:56:18,053 [INFO] ThirdParty:1030 - CMSIS Pack Vendor :STMicroelectronics USB_DEVICE 3.0.0
2025-07-18 15:56:18,053 [INFO] ThirdParty:1030 - CMSIS Pack Vendor :STMicroelectronics X-CUBE-ISPU 2.1.0
2025-07-18 15:56:18,053 [INFO] ThirdParty:1030 - CMSIS Pack Vendor :STMicroelectronics X-CUBE-EEPRMA1 5.2.0
2025-07-18 15:56:18,053 [INFO] ThirdParty:1030 - CMSIS Pack Vendor :STMicroelectronics X-CUBE-AZRTOS-WB 2.0.0
2025-07-18 15:56:18,053 [INFO] ThirdParty:1030 - CMSIS Pack Vendor :STMicroelectronics X-CUBE-ST60 1.0.0
2025-07-18 15:56:18,053 [INFO] ThirdParty:1030 - CMSIS Pack Vendor :STMicroelectronics X-CUBE-GNSS1 7.0.1
2025-07-18 15:56:18,053 [INFO] ThirdParty:1030 - CMSIS Pack Vendor :STMicroelectronics X-CUBE-NFC12 1.0.0
2025-07-18 15:56:18,053 [INFO] ThirdParty:1030 - CMSIS Pack Vendor :STMicroelectronics X-CUBE-AZRTOS-F7 1.1.0
2025-07-18 15:56:18,054 [INFO] ThirdParty:1030 - CMSIS Pack Vendor :STMicroelectronics X-CUBE-AZRTOS-L5 2.0.0
2025-07-18 15:56:18,054 [INFO] ThirdParty:1030 - CMSIS Pack Vendor :STMicroelectronics X-CUBE-TOUCHGFX 4.25.0
2025-07-18 15:56:18,054 [INFO] ThirdParty:1030 - CMSIS Pack Vendor :STMicroelectronics USB_DEVICE 2.0.0
2025-07-18 15:56:18,054 [INFO] ThirdParty:1030 - CMSIS Pack Vendor :STMicroelectronics X-CUBE-NFC6 3.1.0
2025-07-18 15:56:18,054 [INFO] ThirdParty:1030 - CMSIS Pack Vendor :STMicroelectronics X-CUBE-AI 10.1.0
2025-07-18 15:56:18,054 [INFO] ThirdParty:1030 - CMSIS Pack Vendor :STMicroelectronics FP-SNS-STBOX1 2.0.0
2025-07-18 15:56:18,054 [INFO] ThirdParty:1030 - CMSIS Pack Vendor :STMicroelectronics FreeRTOS 0.0.1
2025-07-18 15:56:18,054 [INFO] ThirdParty:1030 - CMSIS Pack Vendor :STMicroelectronics X-CUBE-AZRTOS-G0 1.1.0
2025-07-18 15:56:18,054 [INFO] ThirdParty:1030 - CMSIS Pack Vendor :STMicroelectronics X-CUBE-SAFEA1 1.2.2
2025-07-18 15:56:18,054 [INFO] ThirdParty:1030 - CMSIS Pack Vendor :STMicroelectronics X-CUBE-NFC4 3.0.0
2025-07-18 15:56:18,054 [INFO] ThirdParty:1030 - CMSIS Pack Vendor :STMicroelectronics X-CUBE-SUBG2 5.0.0
2025-07-18 15:56:18,054 [INFO] ThirdParty:1030 - CMSIS Pack Vendor :STMicroelectronics X-CUBE-AZRTOS-H7RS 1.1.0
2025-07-18 15:56:18,054 [INFO] ThirdParty:1030 - CMSIS Pack Vendor :STMicroelectronics STM32_WPAN 1.0.0
2025-07-18 15:56:18,054 [INFO] ThirdParty:1030 - CMSIS Pack Vendor :EmbeddedOffice I-CUBE-FS-RTOS 1.0.1
2025-07-18 15:56:18,054 [INFO] ThirdParty:1030 - CMSIS Pack Vendor :STMicroelectronics lwIP 2.0.3
2025-07-18 15:56:18,054 [INFO] ThirdParty:1030 - CMSIS Pack Vendor :Cesanta I-CUBE-Mongoose 7.13.0
2025-07-18 15:56:18,054 [INFO] ThirdParty:1030 - CMSIS Pack Vendor :STMicroelectronics USB_HOST 1.0.0
2025-07-18 15:56:18,054 [INFO] ThirdParty:1030 - CMSIS Pack Vendor :Infineon AIROC-Wi-Fi-Bluetooth-STM32 1.7.0
2025-07-18 15:56:18,055 [INFO] ThirdParty:1030 - CMSIS Pack Vendor :STMicroelectronics X-CUBE-AZRTOS-G4 2.0.0
2025-07-18 15:56:18,055 [INFO] ThirdParty:1030 - CMSIS Pack Vendor :STMicroelectronics X-CUBE-WB05N 2.0.0
2025-07-18 15:56:18,055 [INFO] ThirdParty:1030 - CMSIS Pack Vendor :STMicroelectronics PDM2PCM 3.1.0
2025-07-18 15:56:18,055 [INFO] ThirdParty:1030 - CMSIS Pack Vendor :STMicroelectronics PDM2PCM 3.3.0
2025-07-18 15:56:18,055 [INFO] ThirdParty:1030 - CMSIS Pack Vendor :wolfSSL I-CUBE-wolfTPM 3.8.0
2025-07-18 15:56:18,055 [INFO] ThirdParty:1030 - CMSIS Pack Vendor :STMicroelectronics X-CUBE-AZRTOS-H7 3.4.0
2025-07-18 15:56:18,055 [INFO] ThirdParty:1030 - CMSIS Pack Vendor :STMicroelectronics X-CUBE-DISPLAY 3.0.0
2025-07-18 15:56:18,055 [INFO] ThirdParty:1030 - CMSIS Pack Vendor :wolfSSL I-CUBE-wolfSSH 1.4.20
2025-07-18 15:56:18,055 [INFO] ThirdParty:1030 - CMSIS Pack Vendor :STMicroelectronics X-CUBE-NFC7 2.0.0
2025-07-18 15:56:18,055 [INFO] ThirdParty:1030 - CMSIS Pack Vendor :STMicroelectronics X-CUBE-TCPP 4.2.0
2025-07-18 15:56:18,055 [INFO] ThirdParty:1030 - CMSIS Pack Vendor :RealThread X-CUBE-RT-Thread_Nano 4.1.1
2025-07-18 15:56:18,055 [INFO] ThirdParty:1030 - CMSIS Pack Vendor :STMicroelectronics FP-ATR-SIGFOX1 3.2.0
2025-07-18 15:56:18,055 [INFO] ThirdParty:1030 - CMSIS Pack Vendor :STMicroelectronics X-CUBE-NFC10 1.0.0
2025-07-18 15:56:18,055 [INFO] ThirdParty:1030 - CMSIS Pack Vendor :STMicroelectronics X-CUBE-BLEMGR 4.0.0
2025-07-18 15:56:18,055 [INFO] ThirdParty:1030 - CMSIS Pack Vendor :STMicroelectronics X-CUBE-EEPRMA1 5.1.0
2025-07-18 15:56:18,055 [INFO] ThirdParty:1030 - CMSIS Pack Vendor :STMicroelectronics X-CUBE-FREERTOS 1.3.1
2025-07-18 15:56:18,055 [INFO] ThirdParty:1030 - CMSIS Pack Vendor :STMicroelectronics HAL Drivers 0.0.0
2025-07-18 15:56:18,055 [INFO] ThirdParty:1030 - CMSIS Pack Vendor :STMicroelectronics MBEDTLS 2.16.2
2025-07-18 15:56:18,055 [INFO] ThirdParty:1030 - CMSIS Pack Vendor :STMicroelectronics X-CUBE-IPS 3.1.0
2025-07-18 15:56:18,056 [INFO] ThirdParty:1030 - CMSIS Pack Vendor :STMicroelectronics X-CUBE-ALS 1.0.2
2025-07-18 15:56:18,056 [INFO] ThirdParty:1030 - CMSIS Pack Vendor :emotas I-CUBE-CANOPEN 1.3.0
2025-07-18 15:56:18,056 [INFO] ThirdParty:1030 - CMSIS Pack Vendor :STMicroelectronics MBEDTLS 2.14.1
2025-07-18 15:56:18,056 [INFO] ThirdParty:1030 - CMSIS Pack Vendor :ITTIA_DB I-CUBE-ITTIADB 8.9.0
2025-07-18 15:56:18,056 [INFO] ThirdParty:1030 - CMSIS Pack Vendor :portGmbH I-Cube-SoM-uGOAL 1.1.0
2025-07-18 15:56:18,056 [INFO] ThirdParty:1030 - CMSIS Pack Vendor :quantropi X-CUBE-qispace-sdk-base 2.0.0
2025-07-18 15:56:18,056 [INFO] ThirdParty:1030 - CMSIS Pack Vendor :STMicroelectronics X-CUBE-ST67W61 1.0.0
2025-07-18 15:56:18,056 [INFO] ThirdParty:1030 - CMSIS Pack Vendor :STMicroelectronics FP-SNS-STAIOTCFT 1.0.0
2025-07-18 15:56:18,056 [INFO] ThirdParty:1030 - CMSIS Pack Vendor :STMicroelectronics ThreadX 1.0.0
2025-07-18 15:56:18,056 [INFO] ThirdParty:1030 - CMSIS Pack Vendor :STMicroelectronics FP-SNS-SMARTAG2 1.2.0
2025-07-18 15:56:18,056 [INFO] ThirdParty:1030 - CMSIS Pack Vendor :STMicroelectronics FP-SNS-FLIGHT1 5.1.0
2025-07-18 15:56:18,056 [INFO] ThirdParty:1030 - CMSIS Pack Vendor :STMicroelectronics X-CUBE-AZRTOS-WL 2.0.0
2025-07-18 15:56:18,056 [INFO] ThirdParty:1030 - CMSIS Pack Vendor :SEGGER I-CUBE-embOS 1.3.1
2025-07-18 15:56:18,056 [INFO] ThirdParty:1030 - CMSIS Pack Vendor :STMicroelectronics X-CUBE-ALGOBUILD 1.4.0
2025-07-18 15:56:18,056 [INFO] ThirdParty:1030 - CMSIS Pack Vendor :STMicroelectronics X-CUBE-DPower 1.3.0
2025-07-18 15:56:18,056 [INFO] ThirdParty:1030 - CMSIS Pack Vendor :STMicroelectronics X-CUBE-MEMS1 11.3.0
2025-07-18 15:56:18,056 [INFO] ThirdParty:1030 - CMSIS Pack Vendor :STMicroelectronics FP-SNS-MOTENV1 5.0.0
2025-07-18 15:56:18,056 [INFO] ThirdParty:1030 - CMSIS Pack Vendor :STMicroelectronics USB_DEVICE 1.0.0
2025-07-18 15:56:18,056 [INFO] ThirdParty:1030 - CMSIS Pack Vendor :STMicroelectronics X-CUBE-AZRTOS-L4 2.0.0
2025-07-18 15:56:18,056 [INFO] ThirdParty:1030 - CMSIS Pack Vendor :STMicroelectronics ThreadX 0.0.2
2025-07-18 15:56:18,057 [INFO] ThirdParty:1030 - CMSIS Pack Vendor :WES I-CUBE-Cesium 1.3.0
2025-07-18 15:56:18,057 [INFO] ThirdParty:1030 - CMSIS Pack Vendor :STMicroelectronics lwIP 2.1.2
2025-07-18 15:56:18,057 [INFO] ThirdParty:1030 - CMSIS Pack Vendor :STMicroelectronics X-CUBE-SFXS2LP1 4.0.0
2025-07-18 15:56:18,057 [INFO] ThirdParty:1030 - CMSIS Pack Vendor :STMicroelectronics X-CUBE-BLE2 3.3.0
2025-07-18 15:56:18,057 [INFO] ThirdParty:1030 - CMSIS Pack Vendor :STMicroelectronics X-CUBE-TOF1 3.4.3
2025-07-18 15:56:18,057 [INFO] ThirdParty:1030 - CMSIS Pack Vendor :STMicroelectronics PDM2PCM 3.2.0
2025-07-18 15:56:18,057 [INFO] ThirdParty:841 - exiting critical section [change project]
2025-07-18 15:56:19,481 [INFO] PinOutPanel:1589 - setPackage(No Configuration,No Configuration)
2025-07-18 15:56:19,483 [INFO] PinOutPanel:1589 - setPackage(STM32F446RETx,LQFP64)
2025-07-18 15:56:23,151 [INFO] UtilMem:75 - Before build in PCC Used Memory: 379031920 Bytes (698351616)
2025-07-18 15:56:27,781 [INFO] UtilMem:75 - After build in PCC Used Memory: 596234416 Bytes (698351616)
2025-07-18 15:56:28,136 [INFO] IPUIPlugin:80 - create IPUIPlugin
2025-07-18 15:56:28,136 [INFO] IPUIPlugin:80 - create IPUIPlugin
2025-07-18 15:56:28,136 [INFO] IPUIPlugin:80 - create IPUIPlugin
2025-07-18 15:56:28,136 [INFO] IPUIPlugin:80 - create IPUIPlugin
2025-07-18 15:56:28,137 [INFO] IPUIPlugin:80 - create IPUIPlugin
2025-07-18 15:56:28,138 [INFO] IPUIPlugin:80 - create IPUIPlugin
2025-07-18 15:56:28,139 [INFO] IPUIPlugin:80 - create IPUIPlugin
2025-07-18 15:56:28,141 [INFO] IPUIPlugin:80 - create IPUIPlugin
2025-07-18 15:56:28,141 [INFO] IPUIPlugin:80 - create IPUIPlugin
2025-07-18 15:56:28,141 [INFO] IPUIPlugin:80 - create IPUIPlugin
2025-07-18 15:56:28,143 [INFO] IPUIPlugin:80 - create IPUIPlugin
2025-07-18 15:56:28,146 [INFO] IPUIPlugin:80 - create IPUIPlugin
2025-07-18 15:56:28,148 [INFO] IPUIPlugin:80 - create IPUIPlugin
2025-07-18 15:56:28,150 [INFO] IPUIPlugin:80 - create IPUIPlugin
2025-07-18 15:56:28,150 [INFO] IPUIPlugin:80 - create IPUIPlugin
2025-07-18 15:56:28,151 [INFO] IPUIPlugin:80 - create IPUIPlugin
2025-07-18 15:56:28,152 [INFO] IPUIPlugin:80 - create IPUIPlugin
2025-07-18 15:56:28,153 [INFO] IPUIPlugin:80 - create IPUIPlugin
2025-07-18 15:56:28,155 [INFO] IPUIPlugin:80 - create IPUIPlugin
2025-07-18 15:56:28,156 [INFO] IPUIPlugin:80 - create IPUIPlugin
2025-07-18 15:56:28,161 [INFO] IPUIPlugin:80 - create IPUIPlugin
2025-07-18 15:56:28,167 [INFO] IPUIPlugin:80 - create IPUIPlugin
2025-07-18 15:56:28,169 [INFO] IPUIPlugin:80 - create IPUIPlugin
2025-07-18 15:56:28,170 [INFO] IPUIPlugin:80 - create IPUIPlugin
2025-07-18 15:56:28,172 [INFO] IPUIPlugin:80 - create IPUIPlugin
2025-07-18 15:56:28,174 [INFO] IPUIPlugin:80 - create IPUIPlugin
2025-07-18 15:56:28,176 [INFO] IPUIPlugin:80 - create IPUIPlugin
2025-07-18 15:56:28,177 [INFO] IPUIPlugin:80 - create IPUIPlugin
2025-07-18 15:56:28,178 [INFO] IPUIPlugin:80 - create IPUIPlugin
2025-07-18 15:56:28,180 [INFO] IPUIPlugin:80 - create IPUIPlugin
2025-07-18 15:56:28,183 [INFO] IPUIPlugin:80 - create IPUIPlugin
2025-07-18 15:56:28,184 [INFO] IPUIPlugin:80 - create IPUIPlugin
2025-07-18 15:56:28,186 [INFO] IPUIPlugin:80 - create IPUIPlugin
2025-07-18 15:56:28,192 [INFO] IPUIPlugin:80 - create IPUIPlugin
2025-07-18 15:56:28,194 [INFO] IPUIPlugin:80 - create IPUIPlugin
2025-07-18 15:56:28,197 [INFO] IPUIPlugin:80 - create IPUIPlugin
2025-07-18 15:56:28,199 [INFO] IPUIPlugin:80 - create IPUIPlugin
2025-07-18 15:56:28,205 [INFO] IPUIPlugin:80 - create IPUIPlugin
2025-07-18 15:56:28,208 [INFO] IPUIPlugin:80 - create IPUIPlugin
2025-07-18 15:56:28,210 [INFO] IPUIPlugin:80 - create IPUIPlugin
2025-07-18 15:56:28,213 [INFO] IPUIPlugin:80 - create IPUIPlugin
2025-07-18 15:56:28,215 [INFO] IPUIPlugin:80 - create IPUIPlugin
2025-07-18 15:56:28,217 [INFO] IPUIPlugin:80 - create IPUIPlugin
2025-07-18 15:56:28,219 [INFO] IPUIPlugin:80 - create IPUIPlugin
2025-07-18 15:56:28,221 [INFO] IPUIPlugin:80 - create IPUIPlugin
2025-07-18 15:56:28,223 [INFO] IPUIPlugin:80 - create IPUIPlugin
2025-07-18 15:56:28,225 [INFO] IPUIPlugin:80 - create IPUIPlugin
2025-07-18 15:56:28,227 [INFO] IPUIPlugin:80 - create IPUIPlugin
2025-07-18 15:56:28,229 [INFO] IPUIPlugin:80 - create IPUIPlugin
2025-07-18 15:56:28,231 [INFO] IPUIPlugin:80 - create IPUIPlugin
2025-07-18 15:56:28,233 [INFO] IPUIPlugin:80 - create IPUIPlugin
2025-07-18 15:56:28,236 [INFO] IPUIPlugin:80 - create IPUIPlugin
2025-07-18 15:56:28,350 [INFO] IPUIPlugin:80 - create IPUIPlugin
2025-07-18 15:56:28,352 [INFO] IPUIPlugin:80 - create IPUIPlugin
2025-07-18 15:56:28,354 [INFO] IPUIPlugin:80 - create IPUIPlugin
2025-07-18 15:56:28,357 [INFO] IPUIPlugin:80 - create IPUIPlugin
2025-07-18 15:56:28,360 [INFO] IPUIPlugin:80 - create IPUIPlugin
2025-07-18 15:56:28,362 [INFO] IPUIPlugin:80 - create IPUIPlugin
2025-07-18 15:56:28,366 [INFO] IPUIPlugin:80 - create IPUIPlugin
2025-07-18 15:56:28,368 [INFO] IPUIPlugin:80 - create IPUIPlugin
2025-07-18 15:56:28,455 [INFO] ApiDbMcu:532 - Load IP Config File for PDM2PCM
2025-07-18 15:56:28,469 [WARN] IP:2250 - I2C_Coeff_DF not found: check if there is a RefParameter without a condition.
2025-07-18 15:56:28,469 [WARN] IP:2250 - Analog_Filter not found: check if there is a RefParameter without a condition.
2025-07-18 15:56:29,395 [INFO] CADModel:165 - CPN selected for project levelSTM32F446RET6
2025-07-18 15:56:29,395 [INFO] CADModel:114 - Register for checkConnection events
2025-07-18 15:56:29,496 [INFO] OpenFileManager:386 - Restore cursor
2025-07-18 15:56:30,040 [WARN] IP:2250 - I2C_Coeff_DF not found: check if there is a RefParameter without a condition.
2025-07-18 15:56:30,041 [WARN] IP:2250 - Analog_Filter not found: check if there is a RefParameter without a condition.
2025-07-18 15:56:30,042 [WARN] IP:2250 - I2C_Coeff_DF not found: check if there is a RefParameter without a condition.
2025-07-18 15:56:30,042 [WARN] IP:2250 - Analog_Filter not found: check if there is a RefParameter without a condition.
2025-07-18 15:59:36,450 [INFO] WebApp:194 - Connection lost
2025-07-18 15:59:36,662 [INFO] WebApp:191 - Connection restablished
2025-07-18 15:59:52,288 [INFO] WebApp:194 - Connection lost
2025-07-18 15:59:53,066 [INFO] WebApp:191 - Connection restablished
2025-07-18 15:59:53,073 [INFO] WebApp:194 - Connection lost
2025-07-18 15:59:53,227 [INFO] WebApp:191 - Connection restablished
2025-07-18 16:07:49,737 [INFO] Activator:176 - 


2025-07-18 16:07:49,744 [INFO] Activator:177 - !SESSION log4j initialized
2025-07-18 16:08:09,042 [INFO] ApplicationProperties:184 - Using Application install path: C:\ST\STM32CubeIDE_1.18.1\STM32CubeIDE\plugins\com.st.stm32cube.common.mx_6.15.0.202507011659
2025-07-18 16:08:09,237 [INFO] DbMcusXml:78 - Set database path to: C:\ST\STM32CubeIDE_1.18.1\STM32CubeIDE\plugins\com.st.stm32cube.common.mx_6.15.0.202507011659\\db\/mcu/
2025-07-18 16:08:09,241 [INFO] ApiDb:274 - Set plugin database path to: C:\ST\STM32CubeIDE_1.18.1\STM32CubeIDE\plugins\com.st.stm32cube.common.mx_6.15.0.202507011659\\db\/plugins/boardmanager/
2025-07-18 16:08:09,267 [WARN] ApiDb:259 - Overriding images path with different value:  => C:\ST\STM32CubeIDE_1.18.1\STM32CubeIDE\plugins\com.st.stm32cube.common.mx_6.15.0.202507011659\\db\/plugins/mcufinder/images/
2025-07-18 16:08:09,347 [INFO] ApiDb:250 - Set database path to: C:\Users\aliya\.stmcufinder\plugins\mcufinder//mcu/
2025-07-18 16:08:09,349 [INFO] DbMcusAds:125 - Set database path to: C:\Users\aliya\.stmcufinder\plugins\mcufinder//mcu/
2025-07-18 16:08:09,433 [INFO] CrossReferenceDbSqlite:203 - Set database path to: C:\Users\aliya\.stmcufinder\plugins\mcufinder//mcu/cs/
2025-07-18 16:08:10,545 [INFO] RulesReader:64 - Compatibility file has been processed (317 Rules)
2025-07-18 16:08:11,141 [INFO] DbMcusXml:78 - Set database path to: C:\ST\STM32CubeIDE_1.18.1\STM32CubeIDE\plugins\com.st.stm32cube.common.mx_6.15.0.202507011659\\db\/mcu/
2025-07-18 16:08:11,157 [INFO] ApiDb:274 - Set plugin database path to: C:\ST\STM32CubeIDE_1.18.1\STM32CubeIDE\plugins\com.st.stm32cube.common.mx_6.15.0.202507011659\\db\/plugins/boardmanager/
2025-07-18 16:08:11,166 [INFO] ApiDb:261 - Set plugin images path to: C:\ST\STM32CubeIDE_1.18.1\STM32CubeIDE\plugins\com.st.stm32cube.common.mx_6.15.0.202507011659\\db\/plugins/mcufinder/images/
2025-07-18 16:08:11,166 [WARN] DbFile:41 - Overriding database path with different value: C:\Users\aliya\.stmcufinder\plugins\mcufinder/ => C:\Users\aliya\.stmcufinder\plugins\mcufinder
2025-07-18 16:08:11,166 [INFO] ApiDb:250 - Set database path to: C:\Users\aliya\.stmcufinder\plugins\mcufinder//mcu/
2025-07-18 16:08:11,171 [WARN] DbFile:41 - Overriding database path with different value: C:\Users\aliya\.stmcufinder\plugins\mcufinder/ => C:\Users\aliya\.stmcufinder\plugins\mcufinder
2025-07-18 16:08:11,171 [INFO] DbMcusAds:125 - Set database path to: C:\Users\aliya\.stmcufinder\plugins\mcufinder//mcu/
2025-07-18 16:08:11,176 [WARN] DbFile:41 - Overriding database path with different value: C:\Users\aliya\.stmcufinder\plugins\mcufinder/ => C:\Users\aliya\.stmcufinder\plugins\mcufinder
2025-07-18 16:08:11,176 [WARN] DbFile:41 - Overriding database path with different value: C:\Users\aliya\.stmcufinder\plugins\mcufinder/ => C:\Users\aliya\.stmcufinder\plugins\mcufinder
2025-07-18 16:08:11,178 [INFO] CrossReferenceDbSqlite:203 - Set database path to: C:\Users\aliya\.stmcufinder\plugins\mcufinder//mcu/cs/
2025-07-18 16:08:11,756 [INFO] MainPanel:274 - HeapMemory: 268435456
2025-07-18 16:08:12,556 [INFO] DbMcusXml:78 - Set database path to: C:\ST\STM32CubeIDE_1.18.1\STM32CubeIDE\plugins\com.st.stm32cube.common.mx_6.15.0.202507011659\\db\/mcu/
2025-07-18 16:08:12,558 [INFO] ApiDb:274 - Set plugin database path to: C:\ST\STM32CubeIDE_1.18.1\STM32CubeIDE\plugins\com.st.stm32cube.common.mx_6.15.0.202507011659\\db\/plugins/boardmanager/
2025-07-18 16:08:12,559 [INFO] ApiDb:261 - Set plugin images path to: C:\ST\STM32CubeIDE_1.18.1\STM32CubeIDE\plugins\com.st.stm32cube.common.mx_6.15.0.202507011659\\db\/plugins/mcufinder/images/
2025-07-18 16:08:12,580 [WARN] DbFile:41 - Overriding database path with different value: C:\Users\aliya\.stmcufinder\plugins\mcufinder/ => C:\Users\aliya\.stmcufinder\plugins\mcufinder
2025-07-18 16:08:12,581 [INFO] ApiDb:250 - Set database path to: C:\Users\aliya\.stmcufinder\plugins\mcufinder//mcu/
2025-07-18 16:08:12,582 [WARN] DbFile:41 - Overriding database path with different value: C:\Users\aliya\.stmcufinder\plugins\mcufinder/ => C:\Users\aliya\.stmcufinder\plugins\mcufinder
2025-07-18 16:08:12,583 [INFO] DbMcusAds:125 - Set database path to: C:\Users\aliya\.stmcufinder\plugins\mcufinder//mcu/
2025-07-18 16:08:12,583 [WARN] DbFile:41 - Overriding database path with different value: C:\Users\aliya\.stmcufinder\plugins\mcufinder/ => C:\Users\aliya\.stmcufinder\plugins\mcufinder
2025-07-18 16:08:12,584 [WARN] DbFile:41 - Overriding database path with different value: C:\Users\aliya\.stmcufinder\plugins\mcufinder/ => C:\Users\aliya\.stmcufinder\plugins\mcufinder
2025-07-18 16:08:12,585 [INFO] CrossReferenceDbSqlite:203 - Set database path to: C:\Users\aliya\.stmcufinder\plugins\mcufinder//mcu/cs/
2025-07-18 16:08:12,722 [INFO] ApplicationProperties:184 - Using Application install path: C:\ST\STM32CubeIDE_1.18.1\STM32CubeIDE\plugins\com.st.stm32cube.common.mx_6.15.0.202507011659
2025-07-18 16:08:12,729 [INFO] PluginManage:196 - Search for loadable plugins [exclusion list=, ]
2025-07-18 16:08:12,737 [INFO] PluginManage:310 - Check plugin analytics
2025-07-18 16:08:16,337 [INFO] AnalyticsPlugin:253 - Accepted Software Licenses: 
2025-07-18 16:08:16,339 [INFO] AnalyticsPlugin:255 - Accepted CMSIS Pack Licenses: 
2025-07-18 16:08:16,339 [INFO] AnalyticsPlugin:257 - Accepted Firmware Licenses: 
2025-07-18 16:08:16,371 [INFO] PluginManage:359 - Loaded plugin analytics (category:tool,tabindex:-1)
2025-07-18 16:08:16,373 [INFO] PluginManage:310 - Check plugin cadmodel
2025-07-18 16:08:16,400 [INFO] CADModel:105 - Init CAD model plugin
2025-07-18 16:08:16,402 [INFO] PluginManage:359 - Loaded plugin cadmodel (category:power,tabindex:5)
2025-07-18 16:08:16,403 [INFO] PluginManage:310 - Check plugin clock
2025-07-18 16:08:16,514 [INFO] PluginManage:359 - Loaded plugin clock (category:base,tabindex:2)
2025-07-18 16:08:16,515 [INFO] PluginManage:310 - Check plugin ddr
2025-07-18 16:08:16,529 [INFO] PluginManage:359 - Loaded plugin ddr (category:tool,tabindex:6)
2025-07-18 16:08:16,529 [INFO] PluginManage:310 - Check plugin filemanager
2025-07-18 16:08:18,487 [INFO] PluginManage:359 - Loaded plugin filemanager (category:base,tabindex:10)
2025-07-18 16:08:18,488 [INFO] PluginManage:310 - Check plugin ipmanager
2025-07-18 16:08:18,860 [INFO] PluginManage:359 - Loaded plugin ipmanager (category:base,tabindex:5)
2025-07-18 16:08:18,863 [INFO] PluginManage:310 - Check plugin lpbam
2025-07-18 16:08:19,093 [INFO] PluginManage:359 - Loaded plugin lpbam (category:base,tabindex:0)
2025-07-18 16:08:19,097 [INFO] PluginManage:310 - Check plugin memorymap
2025-07-18 16:08:19,409 [INFO] PluginManage:359 - Loaded plugin memorymap (category:base,tabindex:4)
2025-07-18 16:08:19,411 [INFO] PluginManage:310 - Check plugin pinoutandconfiguration
2025-07-18 16:08:19,757 [INFO] PluginManage:359 - Loaded plugin pinoutandconfiguration (category:base,tabindex:1)
2025-07-18 16:08:19,762 [INFO] PluginManage:310 - Check plugin pinoutconfig
2025-07-18 16:08:20,962 [WARN] SupportedApi:132 - Cannot load RTOS API schema: s4s-elt-must-match.1: The content of 'definitions' must match (annotation?, (simpleType | complexType)?, (unique | key | keyref)*)). A problem was found starting at: attribute.
2025-07-18 16:08:22,015 [INFO] PluginManage:359 - Loaded plugin pinoutconfig (category:base,tabindex:0)
2025-07-18 16:08:22,017 [INFO] PluginManage:310 - Check plugin power
2025-07-18 16:08:22,097 [INFO] PluginManage:359 - Loaded plugin power (category:power,tabindex:4)
2025-07-18 16:08:22,098 [INFO] PluginManage:310 - Check plugin projectmanager
2025-07-18 16:08:22,234 [INFO] PluginManage:359 - Loaded plugin projectmanager (category:projectmanager,tabindex:4)
2025-07-18 16:08:22,234 [INFO] PluginManage:310 - Check plugin rif
2025-07-18 16:08:22,322 [INFO] PluginManage:359 - Loaded plugin rif (category:base,tabindex:3)
2025-07-18 16:08:22,324 [INFO] PluginManage:310 - Check plugin thirdparty
2025-07-18 16:08:23,733 [INFO] PluginManage:359 - Loaded plugin thirdparty (category:base,tabindex:-1)
2025-07-18 16:08:23,734 [INFO] PluginManage:310 - Check plugin tools
2025-07-18 16:08:23,754 [WARN] IntegrityCheckThread:84 - waiting for thirdparty lock release [integrity check]
2025-07-18 16:08:23,775 [INFO] PluginManage:359 - Loaded plugin tools (category:base,tabindex:7)
2025-07-18 16:08:23,775 [INFO] PluginManage:310 - Check plugin tutovideos
2025-07-18 16:08:23,793 [INFO] IntegrityCheckThread:86 - entering critical section [integrity check]
2025-07-18 16:08:23,796 [INFO] ThirdPartyUpdaterWithRetryManager:70 - Updater plugin not ready yet. [1/15]
2025-07-18 16:08:25,786 [INFO] PluginManage:359 - Loaded plugin tutovideos (category:base,tabindex:-1)
2025-07-18 16:08:25,791 [INFO] PluginManage:310 - Check plugin updater
2025-07-18 16:08:25,966 [INFO] PluginManage:359 - Loaded plugin updater (category:base,tabindex:12)
2025-07-18 16:08:25,967 [INFO] PluginManage:310 - Check plugin userauth
2025-07-18 16:08:25,991 [INFO] UserAuth:118 - Init User Auth plugin
2025-07-18 16:08:25,996 [INFO] PluginManage:359 - Loaded plugin userauth (category:base,tabindex:14)
2025-07-18 16:08:25,999 [INFO] PluginManage:283 - PluginManage : Loaded plugins [18]
2025-07-18 16:08:26,821 [INFO] ThirdPartyUpdaterWithRetryManager:70 - Updater plugin not ready yet. [2/15]
2025-07-18 16:08:27,646 [INFO] PinOutPanel:1589 - setPackage(No Configuration,No Configuration)
2025-07-18 16:08:28,163 [INFO] CADModel:165 - CPN selected for project level
2025-07-18 16:08:28,165 [INFO] CADModel:114 - Register for checkConnection events
2025-07-18 16:08:28,261 [INFO] IPUIPlugin:80 - create IPUIPlugin
2025-07-18 16:08:28,261 [INFO] PluginManager:220 - loadIPPluginJar : add adc
2025-07-18 16:08:28,277 [INFO] IPUIPlugin:80 - create IPUIPlugin
2025-07-18 16:08:28,277 [INFO] PluginManager:220 - loadIPPluginJar : add aes
2025-07-18 16:08:28,297 [INFO] IPUIPlugin:80 - create IPUIPlugin
2025-07-18 16:08:28,297 [INFO] PluginManager:220 - loadIPPluginJar : add can
2025-07-18 16:08:28,306 [INFO] IPUIPlugin:80 - create IPUIPlugin
2025-07-18 16:08:28,306 [INFO] PluginManager:220 - loadIPPluginJar : add comp
2025-07-18 16:08:28,321 [INFO] IPUIPlugin:80 - create IPUIPlugin
2025-07-18 16:08:28,321 [INFO] PluginManager:220 - loadIPPluginJar : add cryp
2025-07-18 16:08:28,337 [INFO] IPUIPlugin:80 - create IPUIPlugin
2025-07-18 16:08:28,337 [INFO] PluginManager:220 - loadIPPluginJar : add ddr_ctrl_phy
2025-07-18 16:08:28,351 [INFO] IPUIPlugin:80 - create IPUIPlugin
2025-07-18 16:08:28,351 [INFO] PluginManager:220 - loadIPPluginJar : add dfsdm
2025-07-18 16:08:28,388 [INFO] IPUIPlugin:80 - create IPUIPlugin
2025-07-18 16:08:28,397 [INFO] PluginManager:220 - loadIPPluginJar : add dma
2025-07-18 16:08:28,412 [INFO] IPUIPlugin:80 - create IPUIPlugin
2025-07-18 16:08:28,412 [INFO] PluginManager:220 - loadIPPluginJar : add dma3
2025-07-18 16:08:28,427 [INFO] IPUIPlugin:80 - create IPUIPlugin
2025-07-18 16:08:28,427 [INFO] PluginManager:220 - loadIPPluginJar : add extmemmanager
2025-07-18 16:08:28,436 [INFO] IPUIPlugin:80 - create IPUIPlugin
2025-07-18 16:08:28,441 [INFO] PluginManager:220 - loadIPPluginJar : add fatfs
2025-07-18 16:08:28,461 [INFO] IPUIPlugin:80 - create IPUIPlugin
2025-07-18 16:08:28,461 [INFO] PluginManager:220 - loadIPPluginJar : add fmc
2025-07-18 16:08:28,497 [INFO] IPUIPlugin:80 - create IPUIPlugin
2025-07-18 16:08:28,497 [INFO] PluginManager:220 - loadIPPluginJar : add freertos
2025-07-18 16:08:28,506 [INFO] IPUIPlugin:80 - create IPUIPlugin
2025-07-18 16:08:28,506 [INFO] PluginManager:220 - loadIPPluginJar : add genericplugin
2025-07-18 16:08:28,527 [INFO] IPUIPlugin:80 - create IPUIPlugin
2025-07-18 16:08:28,529 [INFO] PluginManager:220 - loadIPPluginJar : add gfxmmu
2025-07-18 16:08:28,557 [INFO] IPUIPlugin:80 - create IPUIPlugin
2025-07-18 16:08:28,557 [INFO] PluginManager:220 - loadIPPluginJar : add gic
2025-07-18 16:08:28,582 [INFO] IPUIPlugin:80 - create IPUIPlugin
2025-07-18 16:08:28,582 [INFO] PluginManager:220 - loadIPPluginJar : add gpio
2025-07-18 16:08:28,596 [INFO] IPUIPlugin:80 - create IPUIPlugin
2025-07-18 16:08:28,596 [INFO] PluginManager:220 - loadIPPluginJar : add gtzc
2025-07-18 16:08:28,632 [INFO] IPUIPlugin:80 - create IPUIPlugin
2025-07-18 16:08:28,636 [INFO] PluginManager:220 - loadIPPluginJar : add hash
2025-07-18 16:08:28,651 [INFO] IPUIPlugin:80 - create IPUIPlugin
2025-07-18 16:08:28,651 [INFO] PluginManager:220 - loadIPPluginJar : add i2c
2025-07-18 16:08:28,677 [INFO] IPUIPlugin:80 - create IPUIPlugin
2025-07-18 16:08:28,682 [INFO] PluginManager:220 - loadIPPluginJar : add i2s
2025-07-18 16:08:28,707 [INFO] IPUIPlugin:80 - create IPUIPlugin
2025-07-18 16:08:28,707 [INFO] PluginManager:220 - loadIPPluginJar : add i3c
2025-07-18 16:08:28,733 [INFO] IPUIPlugin:80 - create IPUIPlugin
2025-07-18 16:08:28,737 [INFO] PluginManager:220 - loadIPPluginJar : add ipddr
2025-07-18 16:08:28,771 [INFO] IPUIPlugin:80 - create IPUIPlugin
2025-07-18 16:08:28,776 [INFO] PluginManager:220 - loadIPPluginJar : add linkedlist
2025-07-18 16:08:28,796 [INFO] IPUIPlugin:80 - create IPUIPlugin
2025-07-18 16:08:28,796 [INFO] PluginManager:220 - loadIPPluginJar : add lorawan
2025-07-18 16:08:28,806 [INFO] IPUIPlugin:80 - create IPUIPlugin
2025-07-18 16:08:28,806 [INFO] PluginManager:220 - loadIPPluginJar : add ltdc
2025-07-18 16:08:28,965 [INFO] IPUIPlugin:80 - create IPUIPlugin
2025-07-18 16:08:28,967 [INFO] PluginManager:220 - loadIPPluginJar : add mdma
2025-07-18 16:08:28,976 [INFO] IPUIPlugin:80 - create IPUIPlugin
2025-07-18 16:08:28,976 [INFO] PluginManager:220 - loadIPPluginJar : add nvic
2025-07-18 16:08:28,984 [INFO] IPUIPlugin:80 - create IPUIPlugin
2025-07-18 16:08:28,984 [INFO] PluginManager:220 - loadIPPluginJar : add opamp
2025-07-18 16:08:29,000 [INFO] IPUIPlugin:80 - create IPUIPlugin
2025-07-18 16:08:29,001 [INFO] PluginManager:220 - loadIPPluginJar : add openamp
2025-07-18 16:08:29,023 [INFO] IPUIPlugin:80 - create IPUIPlugin
2025-07-18 16:08:29,023 [INFO] PluginManager:220 - loadIPPluginJar : add pdm2pcm
2025-07-18 16:08:29,038 [INFO] IPUIPlugin:80 - create IPUIPlugin
2025-07-18 16:08:29,050 [INFO] PluginManager:220 - loadIPPluginJar : add plateformsettings
2025-07-18 16:08:29,055 [INFO] IPUIPlugin:80 - create IPUIPlugin
2025-07-18 16:08:29,055 [INFO] PluginManager:220 - loadIPPluginJar : add quadspi
2025-07-18 16:08:29,057 [INFO] IPUIPlugin:80 - create IPUIPlugin
2025-07-18 16:08:29,057 [INFO] PluginManager:220 - loadIPPluginJar : add radio
2025-07-18 16:08:29,069 [INFO] IPUIPlugin:80 - create IPUIPlugin
2025-07-18 16:08:29,069 [INFO] PluginManager:220 - loadIPPluginJar : add resmgrutility
2025-07-18 16:08:29,072 [INFO] IPUIPlugin:80 - create IPUIPlugin
2025-07-18 16:08:29,072 [INFO] PluginManager:220 - loadIPPluginJar : add sai
2025-07-18 16:08:29,084 [INFO] IPUIPlugin:80 - create IPUIPlugin
2025-07-18 16:08:29,085 [INFO] PluginManager:220 - loadIPPluginJar : add spi
2025-07-18 16:08:29,104 [INFO] IPUIPlugin:80 - create IPUIPlugin
2025-07-18 16:08:29,104 [INFO] PluginManager:220 - loadIPPluginJar : add stm32_wpan
2025-07-18 16:08:29,109 [INFO] IPUIPlugin:80 - create IPUIPlugin
2025-07-18 16:08:29,109 [INFO] PluginManager:220 - loadIPPluginJar : add tim
2025-07-18 16:08:29,115 [INFO] IPUIPlugin:80 - create IPUIPlugin
2025-07-18 16:08:29,117 [INFO] PluginManager:220 - loadIPPluginJar : add touchsensing
2025-07-18 16:08:29,117 [INFO] IPUIPlugin:80 - create IPUIPlugin
2025-07-18 16:08:29,122 [INFO] PluginManager:220 - loadIPPluginJar : add tracer_emb
2025-07-18 16:08:29,126 [INFO] IPUIPlugin:80 - create IPUIPlugin
2025-07-18 16:08:29,126 [INFO] PluginManager:220 - loadIPPluginJar : add ts
2025-07-18 16:08:29,131 [INFO] IPUIPlugin:80 - create IPUIPlugin
2025-07-18 16:08:29,131 [INFO] PluginManager:220 - loadIPPluginJar : add tsc
2025-07-18 16:08:29,144 [INFO] IPUIPlugin:80 - create IPUIPlugin
2025-07-18 16:08:29,145 [INFO] PluginManager:220 - loadIPPluginJar : add ucpd
2025-07-18 16:08:29,161 [INFO] IPUIPlugin:80 - create IPUIPlugin
2025-07-18 16:08:29,161 [INFO] PluginManager:220 - loadIPPluginJar : add usart
2025-07-18 16:08:29,176 [INFO] IPUIPlugin:80 - create IPUIPlugin
2025-07-18 16:08:29,181 [INFO] PluginManager:220 - loadIPPluginJar : add usbx
2025-07-18 16:08:29,877 [INFO] ThirdPartyUpdaterWithRetryManager:70 - Updater plugin not ready yet. [3/15]
2025-07-18 16:08:29,935 [FATAL] Updater:351 - Updater called before beeing initialized
2025-07-18 16:08:30,827 [INFO] RulesReader:64 - Compatibility file has been processed (317 Rules)
2025-07-18 16:08:30,962 [INFO] RulesReader:64 - Compatibility file has been processed (317 Rules)
2025-07-18 16:08:31,130 [INFO] CADModel:165 - CPN selected for project level
2025-07-18 16:08:31,132 [INFO] CADModel:114 - Register for checkConnection events
2025-07-18 16:08:31,133 [FATAL] Updater:351 - Updater called before beeing initialized
2025-07-18 16:08:31,147 [ERROR] CADModel:125 - Updater not yet initialized, retry later 
2025-07-18 16:08:32,206 [FATAL] Updater:351 - Updater called before beeing initialized
2025-07-18 16:08:32,218 [INFO] CADModel:165 - CPN selected for project level
2025-07-18 16:08:32,219 [INFO] CADModel:114 - Register for checkConnection events
2025-07-18 16:08:32,220 [FATAL] Updater:351 - Updater called before beeing initialized
2025-07-18 16:08:32,220 [ERROR] CADModel:125 - Updater not yet initialized, retry later 
2025-07-18 16:08:32,242 [FATAL] Updater:351 - Updater called before beeing initialized
2025-07-18 16:08:32,917 [FATAL] Updater:351 - Updater called before beeing initialized
2025-07-18 16:08:33,020 [ERROR] IntegrityCheckThread:130 - Cannot retrieve database content from updater: error 21
2025-07-18 16:08:33,032 [INFO] ThirdParty:978 - Integrity check success = false
2025-07-18 16:08:33,033 [INFO] IntegrityCheckThread:100 - exiting critical section [integrity check]
2025-07-18 16:08:33,034 [INFO] IntegrityCheckThread:103 - End integrity checks thread
2025-07-18 16:08:34,472 [FATAL] Updater:351 - Updater called before beeing initialized
2025-07-18 16:08:34,523 [INFO] DbMcusAds:53 - JSON generation date=Tue Jul 08 11:14:27 TRT 2025 (1751962467633)
2025-07-18 16:08:34,524 [FATAL] Updater:351 - Updater called before beeing initialized
2025-07-18 16:08:35,214 [WARN] DetailPanel:346 - Failed to get advertising image, set to default
2025-07-18 16:08:39,569 [FATAL] Updater:351 - Updater called before beeing initialized
2025-07-18 16:08:39,581 [FATAL] Updater:351 - Updater called before beeing initialized
2025-07-18 16:08:39,581 [FATAL] Updater:351 - Updater called before beeing initialized
2025-07-18 16:08:39,582 [WARN] DetailPanel:346 - Failed to get advertising image, set to default
2025-07-18 16:08:39,681 [FATAL] Updater:351 - Updater called before beeing initialized
2025-07-18 16:08:40,702 [ERROR] Updater:1198 - MainUpdater not yet initialized. External WinMGr cannot be set.
2025-07-18 16:08:40,714 [INFO] Updater:1134 - Updater Version found : 6.15.0
2025-07-18 16:08:40,861 [INFO] ApplicationProperties:184 - Using Application install path: C:\ST\STM32CubeIDE_1.18.1\STM32CubeIDE\plugins\com.st.stm32cube.common.mx_6.15.0.202507011659
2025-07-18 16:08:42,882 [ERROR] LogOutputStream:75 - [STDERR_REDIRECT] Jul 18, 2025 4:08:42 PM java.util.prefs.WindowsPreferences <init>
2025-07-18 16:08:42,900 [ERROR] LogOutputStream:75 - [STDERR_REDIRECT] WARNING: Could not open/create prefs root node Software\JavaSoft\Prefs at root 0xffffffff80000002. Windows RegCreateKeyEx(...) returned error code 5.
2025-07-18 16:08:42,902 [ERROR] LogOutputStream:75 - [STDERR_REDIRECT] 
2025-07-18 16:08:52,698 [INFO] MainUpdater:2872 - connection check result : 10
2025-07-18 16:08:52,702 [INFO] MainUpdater:289 - Updater Check For Update Now.
2025-07-18 16:08:52,703 [INFO] MicroXplorer:498 - Change Database Version : DB.6.0.150
2025-07-18 16:08:53,496 [INFO] CheckServerUpdateThread:120 - End of CheckServer Thread
2025-07-18 16:08:53,629 [INFO] MainUpdater:2872 - connection check result : 10
2025-07-18 16:08:53,637 [INFO] MainUpdater:2872 - connection check result : 10
2025-07-18 16:08:55,162 [INFO] MicroXplorer:468 - Change Database Path : 
2025-07-18 16:08:55,164 [INFO] MicroXplorer:498 - Change Database Version : DB.6.0.150
2025-07-18 16:08:55,218 [WARN] ThirdParty:871 - waiting for thirdparty lock release [close project]
2025-07-18 16:08:55,218 [INFO] ThirdParty:873 - entering critical section [close project]
2025-07-18 16:08:55,221 [INFO] ThirdParty:883 - exiting critical section [close project]
2025-07-18 16:08:55,226 [INFO] PinOutPanel:1589 - setPackage(No Configuration,No Configuration)
2025-07-18 16:08:55,226 [INFO] UtilMem:75 - Begin LoadConfig() Used Memory: 190301896 Bytes (268435456)
2025-07-18 16:08:55,249 [INFO] MicroXplorer:468 - Change Database Path : 
2025-07-18 16:08:55,249 [INFO] MicroXplorer:498 - Change Database Version : DB.6.0.150
2025-07-18 16:08:55,250 [INFO] OpenFileManager:355 - Change cursor
2025-07-18 16:08:55,353 [WARN] IntegrityCheckThread:84 - waiting for thirdparty lock release [integrity check]
2025-07-18 16:08:55,354 [INFO] IntegrityCheckThread:86 - entering critical section [integrity check]
2025-07-18 16:09:00,042 [WARN] PackLoader:240 - Cannot read IP mode file for STMicroelectronics.FP-SNS-MOTENVWB1.1.4.0
2025-07-18 16:09:00,093 [WARN] PackLoader:240 - Cannot read IP mode file for STMicroelectronics.FP-ATR-ASTRA1.2.0.2
2025-07-18 16:09:00,139 [WARN] PackLoader:240 - Cannot read IP mode file for STMicroelectronics.X-CUBE-SMBUS.2.1.0
2025-07-18 16:09:00,174 [WARN] PackLoader:240 - Cannot read IP mode file for STMicroelectronics.X-CUBE-ST60.1.0.0
2025-07-18 16:09:00,397 [WARN] PackLoader:240 - Cannot read IP mode file for STMicroelectronics.X-CUBE-AZRTOS-F7.1.1.0
2025-07-18 16:09:00,702 [WARN] PackLoader:240 - Cannot read IP mode file for Infineon.AIROC-Wi-Fi-Bluetooth-STM32.1.7.0
2025-07-18 16:09:00,948 [WARN] PackLoader:240 - Cannot read IP mode file for STMicroelectronics.X-CUBE-AZRTOS-H7.3.4.0
2025-07-18 16:09:01,021 [WARN] PackLoader:240 - Cannot read IP mode file for STMicroelectronics.X-CUBE-DISPLAY.3.0.0
2025-07-18 16:09:01,101 [WARN] PackLoader:240 - Cannot read IP mode file for STMicroelectronics.X-CUBE-NFC10.1.0.0
2025-07-18 16:09:01,220 [WARN] PackLoader:240 - Cannot read IP mode file for STMicroelectronics.X-CUBE-BLEMGR.4.0.0
2025-07-18 16:09:01,270 [WARN] PackLoader:240 - Cannot read IP mode file for emotas.I-CUBE-CANOPEN.1.3.0
2025-07-18 16:09:01,295 [WARN] ConditionMgr:438 - getConditionDescription Invalid condition id : Cortex-A Device cause : null
2025-07-18 16:09:01,363 [WARN] ConditionMgr:1044 - genDependencies : Invalid condition id : Cortex-A Device cause : null
2025-07-18 16:09:01,364 [WARN] ConditionMgr:1044 - genDependencies : Invalid condition id : Cortex-A Device cause : null
2025-07-18 16:09:01,365 [WARN] ConditionMgr:1044 - genDependencies : Invalid condition id : Cortex-A Device cause : null
2025-07-18 16:09:01,391 [WARN] PackLoader:240 - Cannot read IP mode file for STMicroelectronics.FP-SNS-SMARTAG2.1.2.0
2025-07-18 16:09:01,414 [WARN] PackLoader:240 - Cannot read IP mode file for STMicroelectronics.FP-SNS-FLIGHT1.5.1.0
2025-07-18 16:09:01,473 [INFO] LogOutputStream:77 - [STDOUT_REDIRECT] 1 : Invalid condition id : UX_CORESTACK_Condition cause : null
2025-07-18 16:09:01,477 [INFO] LogOutputStream:77 - [STDOUT_REDIRECT] 1 : Invalid condition id : UX_CORESTACK_Condition cause : null
2025-07-18 16:09:01,486 [INFO] LogOutputStream:77 - [STDOUT_REDIRECT] 1 : Invalid condition id : UX_CORESTACK_Condition cause : null
2025-07-18 16:09:01,498 [INFO] LogOutputStream:77 - [STDOUT_REDIRECT] 1 : Invalid condition id : UX_CORESTACK_Condition cause : null
2025-07-18 16:09:01,507 [INFO] LogOutputStream:77 - [STDOUT_REDIRECT] 1 : Invalid condition id : UX_CORESTACK_Condition cause : null
2025-07-18 16:09:01,524 [WARN] PackLoader:240 - Cannot read IP mode file for STMicroelectronics.X-CUBE-AZRTOS-WL.2.0.0
2025-07-18 16:09:01,557 [WARN] PackLoader:240 - Cannot read IP mode file for STMicroelectronics.FP-SNS-MOTENV1.5.0.0
2025-07-18 16:09:01,596 [WARN] PackLoader:240 - Cannot read IP mode file for WES.I-CUBE-Cesium.1.3.0
2025-07-18 16:09:01,663 [WARN] PackLoader:240 - Cannot read IP mode file for STMicroelectronics.X-CUBE-BLE2.3.3.0
2025-07-18 16:09:01,697 [WARN] PackLoader:240 - Cannot read IP mode file for STMicroelectronics.X-CUBE-NFC9.1.0.0
2025-07-18 16:09:01,730 [WARN] PackLoader:240 - Cannot read IP mode file for wolfSSL.I-CUBE-wolfSSL.5.8.0
2025-07-18 16:09:01,746 [WARN] PackLoader:240 - Cannot read IP mode file for STMicroelectronics.X-CUBE-BLE1.7.1.0
2025-07-18 16:09:01,778 [WARN] PackLoader:240 - Cannot read IP mode file for wolfSSL.I-CUBE-wolfMQTT.1.19.2
2025-07-18 16:09:01,813 [WARN] PackLoader:240 - Cannot read IP mode file for STMicroelectronics.X-CUBE-EEPRMA1.5.2.0
2025-07-18 16:09:01,846 [WARN] PackLoader:240 - Cannot read IP mode file for STMicroelectronics.X-CUBE-AI.10.1.0
2025-07-18 16:09:01,934 [WARN] PackLoader:240 - Cannot read IP mode file for STMicroelectronics.X-CUBE-AZRTOS-G0.1.1.0
2025-07-18 16:09:01,982 [WARN] PackLoader:240 - Cannot read IP mode file for STMicroelectronics.X-CUBE-SAFEA1.1.2.2
2025-07-18 16:09:02,013 [WARN] PackLoader:240 - Cannot read IP mode file for STMicroelectronics.X-CUBE-NFC4.3.0.0
2025-07-18 16:09:02,065 [WARN] PackLoader:240 - Cannot read IP mode file for EmbeddedOffice.I-CUBE-FS-RTOS.1.0.1
2025-07-18 16:09:02,096 [WARN] PackLoader:240 - Cannot read IP mode file for STMicroelectronics.X-CUBE-WB05N.2.0.0
2025-07-18 16:09:02,116 [WARN] PackLoader:240 - Cannot read IP mode file for wolfSSL.I-CUBE-wolfTPM.3.8.0
2025-07-18 16:09:02,150 [WARN] PackLoader:240 - Cannot read IP mode file for STMicroelectronics.X-CUBE-TCPP.4.2.0
2025-07-18 16:09:02,191 [WARN] PackLoader:240 - Cannot read IP mode file for RealThread.X-CUBE-RT-Thread_Nano.4.1.1
2025-07-18 16:09:02,213 [WARN] PackLoader:240 - Cannot read IP mode file for STMicroelectronics.FP-ATR-SIGFOX1.3.2.0
2025-07-18 16:09:02,232 [WARN] PackLoader:240 - Cannot read IP mode file for STMicroelectronics.X-CUBE-EEPRMA1.5.1.0
2025-07-18 16:09:02,282 [WARN] PackLoader:240 - Cannot read IP mode file for ITTIA_DB.I-CUBE-ITTIADB.8.9.0
2025-07-18 16:09:02,316 [WARN] PackLoader:240 - Cannot read IP mode file for STMicroelectronics.X-CUBE-ST67W61.1.0.0
2025-07-18 16:09:02,499 [WARN] PackLoader:240 - Cannot read IP mode file for SEGGER.I-CUBE-embOS.1.3.1
2025-07-18 16:09:02,815 [WARN] PackLoader:240 - Cannot read IP mode file for STMicroelectronics.X-CUBE-ALGOBUILD.1.4.0
2025-07-18 16:09:03,113 [WARN] PackLoader:240 - Cannot read IP mode file for STMicroelectronics.X-CUBE-MEMS1.11.3.0
2025-07-18 16:09:03,775 [WARN] PackLoader:240 - Cannot read IP mode file for STMicroelectronics.X-CUBE-PM33A1.1.0.0
2025-07-18 16:09:03,841 [WARN] PackLoader:240 - Cannot read IP mode file for STMicroelectronics.X-CUBE-AZRTOS-F4.1.1.0
2025-07-18 16:09:03,868 [WARN] PackLoader:240 - Cannot read IP mode file for Avnet-IotConnect.X-CUBE-IoTC-DA16k-PMOD.1.0.0
2025-07-18 16:09:03,883 [WARN] PackLoader:240 - Cannot read IP mode file for STMicroelectronics.X-CUBE-ISPU.2.1.0
2025-07-18 16:09:03,909 [WARN] PackLoader:240 - Cannot read IP mode file for STMicroelectronics.X-CUBE-NFC12.1.0.0
2025-07-18 16:09:03,986 [WARN] PackLoader:240 - Cannot read IP mode file for STMicroelectronics.X-CUBE-AZRTOS-L5.2.0.0
2025-07-18 16:09:04,023 [WARN] PackLoader:240 - Cannot read IP mode file for STMicroelectronics.X-CUBE-NFC6.3.1.0
2025-07-18 16:09:04,054 [WARN] PackLoader:240 - Cannot read IP mode file for STMicroelectronics.X-CUBE-FREERTOS.1.3.1
2025-07-18 16:09:04,068 [WARN] PackLoader:240 - Cannot read IP mode file for STMicroelectronics.FP-SNS-STAIOTCFT.1.0.0
2025-07-18 16:09:04,089 [WARN] PackLoader:240 - Cannot read IP mode file for STMicroelectronics.X-CUBE-DPower.1.3.0
2025-07-18 16:09:04,166 [WARN] ConditionMgr:438 - getConditionDescription Invalid condition id : LAN8742 Phy interface Condition cause : null
2025-07-18 16:09:04,169 [WARN] PackLoader:240 - Cannot read IP mode file for STMicroelectronics.X-CUBE-AZRTOS-L4.2.0.0
2025-07-18 16:09:04,175 [WARN] ConditionMgr:1044 - genDependencies : Invalid condition id : LAN8742 Phy interface Condition cause : null
2025-07-18 16:09:04,176 [WARN] ConditionMgr:1044 - genDependencies : Invalid condition id : LAN8742 Phy interface Condition cause : null
2025-07-18 16:09:04,179 [WARN] ConditionMgr:1044 - genDependencies : Invalid condition id : LAN8742 Phy interface Condition cause : null
2025-07-18 16:09:04,203 [WARN] PackLoader:240 - Cannot read IP mode file for STMicroelectronics.X-CUBE-SFXS2LP1.4.0.0
2025-07-18 16:09:04,278 [WARN] PackLoader:240 - Cannot read IP mode file for STMicroelectronics.X-CUBE-AZRTOS-H7.3.3.0
2025-07-18 16:09:04,352 [WARN] ConditionMgr:438 - getConditionDescription Invalid condition id : UX DEVICE CLASS RTOS Condition cause : null
2025-07-18 16:09:04,367 [WARN] ConditionMgr:438 - getConditionDescription Invalid condition id : UX DEVICE CLASS RTOS Condition cause : null
2025-07-18 16:09:04,367 [WARN] PackLoader:240 - Cannot read IP mode file for STMicroelectronics.X-CUBE-AZRTOS-WB.2.0.0
2025-07-18 16:09:04,383 [WARN] ConditionMgr:1044 - genDependencies : Invalid condition id : UX DEVICE CLASS RTOS Condition cause : null
2025-07-18 16:09:04,383 [WARN] ConditionMgr:1044 - genDependencies : Invalid condition id : UX DEVICE CLASS RTOS Condition cause : null
2025-07-18 16:09:04,383 [WARN] ConditionMgr:1044 - genDependencies : Invalid condition id : UX DEVICE CLASS RTOS Condition cause : null
2025-07-18 16:09:04,383 [WARN] ConditionMgr:1044 - genDependencies : Invalid condition id : UX DEVICE CLASS RTOS Condition cause : null
2025-07-18 16:09:04,383 [WARN] ConditionMgr:1044 - genDependencies : Invalid condition id : UX DEVICE CLASS RTOS Condition cause : null
2025-07-18 16:09:04,430 [WARN] PackLoader:240 - Cannot read IP mode file for STMicroelectronics.X-CUBE-GNSS1.7.0.1
2025-07-18 16:09:04,445 [WARN] PackLoader:240 - Cannot read IP mode file for STMicroelectronics.X-CUBE-TOUCHGFX.4.25.0
2025-07-18 16:09:04,477 [WARN] PackLoader:240 - Cannot read IP mode file for STMicroelectronics.FP-SNS-STBOX1.2.0.0
2025-07-18 16:09:04,570 [WARN] PackLoader:240 - Cannot read IP mode file for STMicroelectronics.X-CUBE-SUBG2.5.0.0
2025-07-18 16:09:04,695 [WARN] PackLoader:240 - Cannot read IP mode file for STMicroelectronics.X-CUBE-AZRTOS-H7RS.1.1.0
2025-07-18 16:09:04,778 [WARN] PackLoader:240 - Cannot read IP mode file for Cesanta.I-CUBE-Mongoose.7.13.0
2025-07-18 16:09:04,830 [WARN] PackLoader:240 - Cannot read IP mode file for STMicroelectronics.X-CUBE-AZRTOS-G4.2.0.0
2025-07-18 16:09:04,861 [WARN] PackLoader:240 - Cannot read IP mode file for wolfSSL.I-CUBE-wolfSSH.1.4.20
2025-07-18 16:09:04,887 [WARN] PackLoader:240 - Cannot read IP mode file for STMicroelectronics.X-CUBE-NFC7.2.0.0
2025-07-18 16:09:04,958 [WARN] PackLoader:240 - Cannot read IP mode file for STMicroelectronics.X-CUBE-IPS.3.1.0
2025-07-18 16:09:05,029 [WARN] PackLoader:240 - Cannot read IP mode file for STMicroelectronics.X-CUBE-ALS.1.0.2
2025-07-18 16:09:05,046 [WARN] PackLoader:240 - Cannot read IP mode file for portGmbH.I-Cube-SoM-uGOAL.1.1.0
2025-07-18 16:09:05,082 [WARN] PackLoader:240 - Cannot read IP mode file for STMicroelectronics.X-CUBE-TOF1.3.4.3
2025-07-18 16:09:05,128 [INFO] ThirdParty:978 - Integrity check success = true
2025-07-18 16:09:05,128 [INFO] IntegrityCheckThread:100 - exiting critical section [integrity check]
2025-07-18 16:09:05,129 [INFO] IntegrityCheckThread:103 - End integrity checks thread
2025-07-18 16:09:05,204 [INFO] Mcu:2029 - Initializing MCU STM32F446R(C-E)Tx STM32F446RETx STM32F446RET6
2025-07-18 16:09:49,939 [INFO] Context:786 - Trying to add GPIOservice into a context  which must be forbidden
2025-07-18 16:09:55,047 [INFO] ImportTextPane:234 - (OptionalMessage_ERROR) Pin14 (VP_RIF_VS_RIF1) cannot be retrieved for this MCU
2025-07-18 16:09:55,933 [INFO] RtosManager:558 - Registered RTOS mode: class=CMSIS, group=RTOS, mode=CMSIS_V1, owner=FREERTOS
2025-07-18 16:09:55,934 [INFO] RtosManager:558 - Registered RTOS mode: class=CMSIS, group=RTOS2, mode=CMSIS_V2, owner=FREERTOS
2025-07-18 16:09:55,934 [INFO] RtosManager:558 - Registered RTOS mode: class=RTOS, group=Core, mode=CMSIS_V1, owner=FREERTOS
2025-07-18 16:09:55,936 [INFO] RtosManager:558 - Registered RTOS mode: class=RTOS, group=Core, mode=CMSIS_V2, owner=FREERTOS
2025-07-18 16:09:55,936 [WARN] ModelIntegratedComponent:184 - Missing modes for component STMicroelectronics:FreeRTOS:0.0.1:STMicroelectronics:RTOS:FreeRTOS:Core:::10.2.0:
2025-07-18 16:09:56,485 [WARN] ModelIntegratedComponent:63 - No mode defined for component null
2025-07-18 16:09:56,485 [WARN] ModelIntegratedComponent:63 - No mode defined for component null
2025-07-18 16:09:56,485 [WARN] ModelIntegratedComponent:63 - No mode defined for component null
2025-07-18 16:09:56,487 [WARN] ModelIntegratedComponent:63 - No mode defined for component null
2025-07-18 16:09:56,487 [WARN] ModelIntegratedComponent:63 - No mode defined for component null
2025-07-18 16:09:56,489 [WARN] ModelIntegratedComponent:63 - No mode defined for component null
2025-07-18 16:09:56,489 [WARN] ModelIntegratedComponent:63 - No mode defined for component null
2025-07-18 16:09:56,489 [WARN] ModelIntegratedComponent:63 - No mode defined for component null
2025-07-18 16:09:56,490 [WARN] ModelIntegratedComponent:63 - No mode defined for component null
2025-07-18 16:09:56,491 [WARN] ModelIntegratedComponent:63 - No mode defined for component null
2025-07-18 16:09:56,491 [WARN] ModelIntegratedComponent:63 - No mode defined for component null
2025-07-18 16:09:56,491 [WARN] ModelIntegratedComponent:63 - No mode defined for component null
2025-07-18 16:09:56,491 [WARN] ModelIntegratedComponent:63 - No mode defined for component null
2025-07-18 16:09:56,492 [WARN] ModelIntegratedComponent:63 - No mode defined for component null
2025-07-18 16:09:56,492 [WARN] ModelIntegratedComponent:63 - No mode defined for component null
2025-07-18 16:09:56,493 [WARN] ModelIntegratedComponent:63 - No mode defined for component null
2025-07-18 16:09:56,493 [WARN] ModelIntegratedComponent:63 - No mode defined for component null
2025-07-18 16:09:56,493 [WARN] ModelIntegratedComponent:63 - No mode defined for component null
2025-07-18 16:09:56,494 [WARN] ModelIntegratedComponent:63 - No mode defined for component null
2025-07-18 16:09:56,495 [WARN] ModelIntegratedComponent:63 - No mode defined for component null
2025-07-18 16:09:56,497 [WARN] ModelIntegratedComponent:63 - No mode defined for component null
2025-07-18 16:09:56,514 [WARN] ModelIntegratedComponent:63 - No mode defined for component null
2025-07-18 16:09:56,515 [WARN] ModelIntegratedComponent:63 - No mode defined for component null
2025-07-18 16:09:56,515 [WARN] ModelIntegratedComponent:63 - No mode defined for component null
2025-07-18 16:09:56,516 [WARN] ModelIntegratedComponent:63 - No mode defined for component null
2025-07-18 16:09:56,517 [WARN] ModelIntegratedComponent:63 - No mode defined for component null
2025-07-18 16:09:56,517 [WARN] ModelIntegratedComponent:63 - No mode defined for component null
2025-07-18 16:09:56,517 [WARN] ModelIntegratedComponent:63 - No mode defined for component null
2025-07-18 16:09:56,517 [WARN] ModelIntegratedComponent:63 - No mode defined for component null
2025-07-18 16:09:56,518 [WARN] ModelIntegratedComponent:63 - No mode defined for component null
2025-07-18 16:09:56,518 [WARN] ModelIntegratedComponent:63 - No mode defined for component null
2025-07-18 16:09:56,519 [WARN] ModelIntegratedComponent:63 - No mode defined for component null
2025-07-18 16:09:56,647 [WARN] ModelIntegratedComponent:63 - No mode defined for component null
2025-07-18 16:09:56,652 [WARN] ModelIntegratedComponent:63 - No mode defined for component null
2025-07-18 16:09:56,653 [WARN] ModelIntegratedComponent:63 - No mode defined for component null
2025-07-18 16:09:56,655 [WARN] ModelPack:524 - Component already loaded: STMicroelectronics:HAL Drivers:0.0.0:STMicroelectronics:Device:STMicro_Driver:XSPI:HAL::0.0.1:HAL_XSPI
2025-07-18 16:09:58,094 [INFO] ThirdPartyModel:298 - Start build external matchings
2025-07-18 16:10:04,790 [INFO] ThirdPartyModel:316 - End build external matchings
2025-07-18 16:10:05,065 [INFO] ImportTextPane:234 - (OptionalMessage_ERROR) IP (RCC) : Invalid parameter (48MHZClocksFreq_Value)
2025-07-18 16:10:05,065 [INFO] ImportTextPane:234 - (OptionalMessage_ERROR) IP (RCC) : Invalid parameter (EthernetFreq_Value)
2025-07-18 16:10:05,080 [INFO] ImportTextPane:234 - (OptionalMessage_ERROR) IP (RCC) : Parameter (FLatency) has Id (AdvancedSettings) currently not set
2025-07-18 16:10:05,080 [INFO] ImportTextPane:234 - (OptionalMessage_ERROR) IP (RCC) : Invalid parameter (FamilyName)
2025-07-18 16:10:05,080 [INFO] ImportTextPane:234 - (OptionalMessage_ERROR) IP (RCC) : Invalid parameter (I2SClocksFreq_Value)
2025-07-18 16:10:05,101 [INFO] ImportTextPane:234 - (OptionalMessage_ERROR) IP (RCC) : Parameter (SDIOFreq_Value) has invalid value (168000000)
2025-07-18 16:10:05,101 [INFO] ImportTextPane:234 - (OptionalMessage_ERROR) IP (RCC) : Parameter (USBFreq_Value) has invalid value (168000000)
2025-07-18 16:10:05,116 [INFO] ImportTextPane:234 - (OptionalMessage_ERROR) IP (RCC) : Invalid parameter (VCOInputMFreq_Value)
2025-07-18 16:10:05,119 [INFO] ImportTextPane:234 - (OptionalMessage_ERROR) IP (RCC) : Invalid parameter (VcooutputI2S)
2025-07-18 16:10:12,406 [INFO] ApiDb:581 - Connected to CubeFinder SQLite database (C:\Users\aliya\.stmcufinder\plugins\mcufinder\mcu\cube-finder-db.db)
2025-07-18 16:10:12,943 [INFO] ApiDb:668 - CubeFinder database Data Model version=2.1
2025-07-18 16:10:12,944 [INFO] ApiDb:669 - CubeFinder database Configuration version=3.0.39
2025-07-18 16:10:12,946 [INFO] ApiDb:670 - CubeFinder database generation date=2025-06-24 (1750757100)
2025-07-18 16:10:12,947 [INFO] ApiDb:671 - CubeFinder database FW Pack versions=[FP-ATR-ASTRA1_V2.0.0, FP-SNS-FLIGHT1_V5.1.0, FP-SNS-MOTENV1_V5.0.0, FP-SNS-MOTENVWB1_V1.4.0, FP-SNS-SMARTAG2_V1.2.0, FP-SNS-STBOX1_V2.0.0, STM32Cube_FW_C0_V1.4.0, STM32Cube_FW_F4_V1.28.2, STM32Cube_FW_F7_V1.17.3, STM32Cube_FW_G0_V1.6.2, STM32Cube_FW_G4_V1.6.1, STM32Cube_FW_H5_V1.5.0, STM32Cube_FW_H7RS_V1.2.0, STM32Cube_FW_H7_V1.12.1, STM32Cube_FW_L0_V1.12.2, STM32Cube_FW_L4_V1.18.1, STM32Cube_FW_L5_V1.5.1, STM32Cube_FW_N6_V1.2.0, STM32Cube_FW_U0_V1.3.0, STM32Cube_FW_U3_V1.2.0, STM32Cube_FW_U5_V1.8.0, STM32Cube_FW_WB0_V1.3.0, STM32Cube_FW_WBA_V1.7.0, STM32Cube_FW_WB_V1.23.0, STM32Cube_FW_WL3_V1.2.0, STM32Cube_FW_WL_V1.3.1, X-CUBE-ALGOBUILD_V1.4.0, X-CUBE-ALS_V1.0.2, X-CUBE-AZRTOS-F4_V1.1.0, X-CUBE-AZRTOS-F7_V1.1.0, X-CUBE-AZRTOS-G0_V1.1.0, X-CUBE-AZRTOS-G4_V2.0.0, X-CUBE-AZRTOS-H7RS_V1.1.0, X-CUBE-AZRTOS-H7_V3.3.0, X-CUBE-AZRTOS-L4_V2.0.0, X-CUBE-AZRTOS-L5_V2.0.0, X-CUBE-AZRTOS-WB_V2.0.0, X-CUBE-AZRTOS-WL_V2.0.0, X-CUBE-BLE1_V7.1.0, X-CUBE-BLE2_V3.3.0, X-CUBE-BLEMGR_V4.0.0, X-CUBE-EEPRMA1_V5.1.0, X-CUBE-FREERTOS_V1.3.1, X-CUBE-GNSS1_V6.0.0, X-CUBE-MEMS1_V11.3.0, X-CUBE-NFC4_V3.0.0, X-CUBE-NFC7_V2.0.0, X-CUBE-SFXS2LP1_V4.0.0, X-CUBE-SUBG2_V5.0.0, X-CUBE-TOF1_V3.4.3]
2025-07-18 16:10:13,573 [INFO] DbBoardsSqlite:226 - include board P-NUCLEO-WB55-NUCLEO as a kit item of type 'Nucleo-64'
2025-07-18 16:10:13,575 [INFO] DbBoardsSqlite:226 - include board P-NUCLEO-WB55-USBDONGLE as a kit item of type 'Nucleo USB Dongle'
2025-07-18 16:10:13,580 [INFO] DbBoardsSqlite:226 - include board STEVAL-IDP005V1 as a kit item of type 'Evaluation Board'
2025-07-18 16:10:13,581 [INFO] DbBoardsSqlite:226 - include board STEVAL-IDP005V2 as a kit item of type 'Evaluation Board'
2025-07-18 16:10:15,605 [INFO] ApiDb:240 - Found 880 in-development CPN: [B-G473E-ZEST1S, B-WB1M-WPAN1, B-WBA5M-WPAN, B-WL5M-SUBG1, NUCLEO-C031C6, NUCLEO-C051C8, NUCLEO-C071RB, NUCLEO-C092RC, NUCLEO-H503RB, NUCLEO-H533RE, NUCLEO-H563ZI, NUCLEO-H7S3L8, NUCLEO-N657X0-Q, NUCLEO-U031R8, NUCLEO-U083RC, NUCLEO-U385RG-Q, NUCLEO-U545RE-Q, NUCLEO-U5A5ZJ-Q, NUCLEO-WB05KZ, NUCLEO-WB07CC, NUCLEO-WB09KE, NUCLEO-WBA52CG, NUCLEO-WBA55CG, NUCLEO-WL33CC1, NUCLEO-WL33CC2, STEVAL-PROTEUS1, STEVAL-SMARTAG2, STEVAL-STWINBX1, STM320518-EVAL, STM32C0116-DK, STM32C011D6Y3TR, STM32C011D6Y6TR, STM32C011F4P3, STM32C011F4P6, STM32C011F4U3, STM32C011F4U6TR, STM32C011F6P3, STM32C011F6P6, STM32C011F6U3, STM32C011F6U6TR, STM32C011J4M3, STM32C011J4M6, STM32C011J6M3, STM32C011J6M6, STM32C0316-DK, STM32C031C4T3, STM32C031C4T6, STM32C031C4U3, STM32C031C4U6, STM32C031C6T3, STM32C031C6T6, STM32C031C6U3, STM32C031C6U6, STM32C031F4P3, STM32C031F4P6, STM32C031F6P3, STM32C031F6P6, STM32C031G4U3, STM32C031G4U6, STM32C031G6U3, STM32C031G6U6, STM32C031K4T3, STM32C031K4T6, STM32C031K4U3, STM32C031K4U6, STM32C031K6T3, STM32C031K6T6, STM32C031K6U3, STM32C031K6U6, STM32C051C6T6, STM32C051C6U6, STM32C051C8T6, STM32C051C8U6, STM32C051D8Y6TR, STM32C051F6P6, STM32C051F8P6, STM32C051G6U6, STM32C051G8U6, STM32C051K6T6, STM32C051K6U6, STM32C051K8T6, STM32C071C8T6, STM32C071C8T6N, STM32C071C8U6, STM32C071C8U6N, STM32C071CBT6, STM32C071CBT6N, STM32C071CBU6, STM32C071CBU6N, STM32C071F8P6, STM32C071F8P6N, STM32C071FBP6, STM32C071FBP6N, STM32C071FBY6TR, STM32C071G8U6, STM32C071G8U6N, STM32C071GBU6, STM32C071GBU6N, STM32C071K8T6, STM32C071K8T6N, STM32C071K8U6, STM32C071K8U6N, STM32C071KBT6, STM32C071KBT6N, STM32C071KBU6, STM32C071KBU6N, STM32C071R8T6, STM32C071R8T6N, STM32C071RBI6N, STM32C071RBT6, STM32C071RBT6N, STM32C091CBT6, STM32C091CBU6, STM32C091CCT6, STM32C091CCU6, STM32C091ECY6TR, STM32C091FBP6, STM32C091FCP6, STM32C091GBU6, STM32C091GCU6, STM32C091KBT6, STM32C091KBU6, STM32C091KCT6, STM32C091KCU6, STM32C091RBT6, STM32C091RCI6, STM32C091RCT6, STM32C092CBT6, STM32C092CBU6, STM32C092CCT6, STM32C092CCU6, STM32C092ECY6TR, STM32C092FBP6, STM32C092FCP6, STM32C092GBU6, STM32C092GCU6, STM32C092KBT6, STM32C092KBU6, STM32C092KCT6, STM32C092KCU6, STM32C092RBT6, STM32C092RCI6, STM32C092RCT6, STM32G071K8TXN, STM32G071K8UXN, STM32G081GBU6N, STM32G081KBT6N, STM32G081KBUXN, STM32G0B1CCT6N, STM32G0B1KCT6, STM32G0B1NEY6TR, STM32G0B1RCT6N, STM32G0C1CCT6, STM32G0C1CCT6N, STM32G0C1CCU6N, STM32G0C1CET6N, STM32G0C1CEU6N, STM32G0C1KCT6, STM32G0C1NEY6TR, STM32G0C1RCI6N, STM32G0C1RCT6N, STM32G0C1REI6N, STM32G0C1RET6N, STM32G0C1VCI6, STM32G0C1VEI6, STM32G411C6T3, STM32G411C6T6, STM32G411C6U3, STM32G411C6U6, STM32G411C8T3, STM32G411C8T6, STM32G411C8U3, STM32G411C8U6, STM32G411CBT3, STM32G411CBT6, STM32G411CBU3, STM32G411CBU6, STM32G411K6T3, STM32G411K6T6, STM32G411K6U3, STM32G411K6U6, STM32G411K8T3, STM32G411K8T6, STM32G411K8U3, STM32G411K8U6, STM32G411KBT3, STM32G411KBT6, STM32G411KBU3, STM32G411KBU6, STM32G411M6T3, STM32G411M6T6, STM32G411M8T3, STM32G411M8T6, STM32G411MBT3, STM32G411MBT6, STM32G411R6T3, STM32G411R6T6, STM32G411R8T3, STM32G411R8T6, STM32G411RBT3, STM32G411RBT6, STM32G414CBT3, STM32G414CBT6, STM32G414CBU3, STM32G414CBU6, STM32G414CCT3, STM32G414CCT6, STM32G414CCU3, STM32G414CCU6, STM32G414MBT3, STM32G414MBT6, STM32G414MCT3, STM32G414MCT6, STM32G414RBT3, STM32G414RBT6, STM32G414RCT3, STM32G414RCT6, STM32G414VBT3, STM32G414VBT6, STM32G414VCT3, STM32G414VCT6, STM32G431CBT3Z, STM32G431RBT3Z, STM32G471CCT6, STM32G471CCU6, STM32G471CET3, STM32G471CET6, STM32G471CEU3, STM32G471CEU6, STM32G471MCT6, STM32G471MET3, STM32G471MET6, STM32G471MEY6TR, STM32G471QCT6, STM32G471QET3, STM32G471RCT6, STM32G471RET3, STM32G471RET6, STM32G471VCH6, STM32G471VCI6, STM32G471VCT6, STM32G471VEH3, STM32G471VEH6, STM32G471VEI3, STM32G471VEI6, STM32G471VET3, STM32G471VET6, STM32G473QET3Z, STM32G473RET3Z, STM32G474CCT6, STM32G491RET3Z, STM32H503CBT6, STM32H503CBU6, STM32H503EBY6TR, STM32H503KBU6, STM32H503RBT6, STM32H523CCT6, STM32H523CCU6, STM32H523CET6, STM32H523CEU6, STM32H523HEY6TR, STM32H523RCT6, STM32H523RET6, STM32H523VCI6, STM32H523VCT6, STM32H523VEI6, STM32H523VET6, STM32H523ZCJ6, STM32H523ZCT6, STM32H523ZEJ6, STM32H523ZET6, STM32H533CET6, STM32H533CEU6, STM32H533HEY6TR, STM32H533RET6, STM32H533VEI6, STM32H533VET6, STM32H533ZEJ6, STM32H533ZET6, STM32H562AGI6, STM32H562AII6, STM32H562IGK6, STM32H562IGT6, STM32H562IIK6, STM32H562IIT6, STM32H562RGT6, STM32H562RGV6, STM32H562RIT6, STM32H562RIV6, STM32H562VGT6, STM32H562VIT6, STM32H562ZGT6, STM32H562ZIT6, STM32H563AGI6, STM32H563AII3Q, STM32H563AII6, STM32H563IGK6, STM32H563IGT6, STM32H563IIK3Q, STM32H563IIK6, STM32H563IIT3Q, STM32H563IIT6, STM32H563MIY3QTR, STM32H563RGT6, STM32H563RGV6, STM32H563RIT6, STM32H563RIV6, STM32H563VGT6, STM32H563VIT3Q, STM32H563VIT6, STM32H563ZGT6, STM32H563ZIT3Q, STM32H563ZIT6, STM32H573AII3Q, STM32H573AII6, STM32H573I-DK, STM32H573IIK3Q, STM32H573IIK6, STM32H573IIT3Q, STM32H573IIT6, STM32H573MIY3QTR, STM32H573RIT6, STM32H573RIV6, STM32H573VIT3Q, STM32H573VIT6, STM32H573ZIT3Q, STM32H573ZIT6, STM32H7R3A8I6, STM32H7R3I8K6, STM32H7R3I8T6, STM32H7R3L8H6, STM32H7R3L8H6H, STM32H7R3R8V6, STM32H7R3V8H6, STM32H7R3V8T6, STM32H7R3V8Y6TR, STM32H7R3Z8J6, STM32H7R3Z8T6, STM32H7R7A8I6, STM32H7R7I8K6, STM32H7R7I8T6, STM32H7R7L8H6, STM32H7R7L8H6H, STM32H7R7Z8J6, STM32H7S3A8I6, STM32H7S3I8K6, STM32H7S3I8T6, STM32H7S3L8H6, STM32H7S3L8H6H, STM32H7S3R8V6, STM32H7S3V8H6, STM32H7S3V8T6, STM32H7S3V8Y6TR, STM32H7S3Z8J6, STM32H7S3Z8T6, STM32H7S78-DK, STM32H7S7A8I6, STM32H7S7I8K6, STM32H7S7I8T6, STM32H7S7L8H6, STM32H7S7L8H6H, STM32H7S7Z8J6, STM32L4R5QGI6STR, STM32MP131AAE3, STM32MP131AAF3, STM32MP131AAG3, STM32MP131CAE3, STM32MP131CAF3, STM32MP131CAG3, STM32MP131DAE7, STM32MP131DAF7, STM32MP131DAG7, STM32MP131FAE7, STM32MP131FAF7, STM32MP131FAG7, STM32MP133AAE3, STM32MP133AAF3, STM32MP133AAG3, STM32MP133CAE3, STM32MP133CAF3, STM32MP133CAG3, STM32MP133DAE7, STM32MP133DAF7, STM32MP133DAG7, STM32MP133FAE7, STM32MP133FAF7, STM32MP133FAG7, STM32MP135AAE3, STM32MP135AAF3, STM32MP135AAG3, STM32MP135CAE3, STM32MP135CAF3, STM32MP135CAG3, STM32MP135DAE7, STM32MP135DAF7, STM32MP135DAG7, STM32MP135F-DK, STM32MP135FAE7, STM32MP135FAF7, STM32MP135FAF7T, STM32MP135FAF7U, STM32MP135FAG7, STM32MP211AAL3, STM32MP211AAM3, STM32MP211AAN3, STM32MP211AAO3, STM32MP211CAL3, STM32MP211CAM3, STM32MP211CAN3, STM32MP211CAO3, STM32MP211DAL3, STM32MP211DAM3, STM32MP211DAN3, STM32MP211DAO3, STM32MP211FAL3, STM32MP211FAM3, STM32MP211FAN3, STM32MP211FAO3, STM32MP213AAL3, STM32MP213AAM3, STM32MP213AAN3, STM32MP213AAO3, STM32MP213CAL3, STM32MP213CAM3, STM32MP213CAN3, STM32MP213CAO3, STM32MP213DAL3, STM32MP213DAM3, STM32MP213DAN3, STM32MP213DAO3, STM32MP213FAL3, STM32MP213FAM3, STM32MP213FAN3, STM32MP213FAO3, STM32MP215AAL3, STM32MP215AAM3, STM32MP215AAN3, STM32MP215AAO3, STM32MP215CAL3, STM32MP215CAM3, STM32MP215CAN3, STM32MP215CAO3, STM32MP215DAL3, STM32MP215DAM3, STM32MP215DAN3, STM32MP215DAO3, STM32MP215F-DK, STM32MP215FAL3, STM32MP215FAM3, STM32MP215FAN3, STM32MP215FAO3, STM32MP231AAJ3, STM32MP231AAK3, STM32MP231AAL3, STM32MP231CAJ3, STM32MP231CAK3, STM32MP231CAL3, STM32MP231DAJ3, STM32MP231DAK3, STM32MP231DAL3, STM32MP231FAJ3, STM32MP231FAK3, STM32MP231FAL3, STM32MP233AAJ3, STM32MP233AAK3, STM32MP233AAL3, STM32MP233CAJ3, STM32MP233CAK3, STM32MP233CAL3, STM32MP233DAJ3, STM32MP233DAK3, STM32MP233DAL3, STM32MP233FAJ3, STM32MP233FAK3, STM32MP233FAL3, STM32MP235AAJ3, STM32MP235AAK3, STM32MP235AAL3, STM32MP235CAJ3, STM32MP235CAK3, STM32MP235CAL3, STM32MP235DAJ3, STM32MP235DAK3, STM32MP235DAL3, STM32MP235FAJ3, STM32MP235FAK3, STM32MP235FAL3, STM32MP251AAI3, STM32MP251AAK3, STM32MP251AAL3, STM32MP251CAI3, STM32MP251CAK3, STM32MP251CAL3, STM32MP251DAI3, STM32MP251DAK3, STM32MP251DAL3, STM32MP251FAI3, STM32MP251FAK3, STM32MP251FAL3, STM32MP253AAI3, STM32MP253AAK3, STM32MP253AAL3, STM32MP253CAI3, STM32MP253CAK3, STM32MP253CAL3, STM32MP253DAI3, STM32MP253DAK3, STM32MP253DAL3, STM32MP253FAI3, STM32MP253FAK3, STM32MP253FAL3, STM32MP255AAI3, STM32MP255AAK3, STM32MP255AAL3, STM32MP255CAI3, STM32MP255CAK3, STM32MP255CAL3, STM32MP255DAI3, STM32MP255DAK3, STM32MP255DAL3, STM32MP255FAI3, STM32MP255FAK3, STM32MP255FAL3, STM32MP257AAI3, STM32MP257AAK3, STM32MP257AAL3, STM32MP257CAI3, STM32MP257CAK3, STM32MP257CAL3, STM32MP257DAI3, STM32MP257DAK3, STM32MP257DAL3, STM32MP257F-DK, STM32MP257F-EV1, STM32MP257FAI3, STM32MP257FAK3, STM32MP257FAL3, STM32N645A0H3Q, STM32N645B0H3Q, STM32N645I0H3Q, STM32N645L0H3Q, STM32N645X0H3Q, STM32N645Z0H3Q, STM32N647A0H3Q, STM32N647B0H3Q, STM32N647I0H3Q, STM32N647L0H3Q, STM32N647X0H3Q, STM32N647Z0H3Q, STM32N655A0H3Q, STM32N655B0H3Q, STM32N655I0H3Q, STM32N655L0H3Q, STM32N655X0H3Q, STM32N655Z0H3Q, STM32N6570-DK, STM32N657A0H3Q, STM32N657B0H3Q, STM32N657I0H3Q, STM32N657L0H3Q, STM32N657X0H3Q, STM32N657Z0H3Q, STM32U031C6T6, STM32U031C6U6, STM32U031C8T6, STM32U031C8U6, STM32U031F4P6, STM32U031F6P6, STM32U031F8P6, STM32U031G6Y6TR, STM32U031G8Y6TR, STM32U031K4U6, STM32U031K6U6, STM32U031K8U6, STM32U031R6I6, STM32U031R6T6, STM32U031R8I6, STM32U031R8T6, STM32U073C8T6, STM32U073C8U6, STM32U073CBT6, STM32U073CBU6, STM32U073CCT6, STM32U073CCU6, STM32U073H8Y6TR, STM32U073HBY6TR, STM32U073HCY6TR, STM32U073K8U6, STM32U073KBU6, STM32U073KCU6, STM32U073M8I6, STM32U073M8T6, STM32U073MBI6, STM32U073MBT6, STM32U073MCI6, STM32U073MCT6, STM32U073R8I6, STM32U073R8T6, STM32U073RBI6, STM32U073RBT6, STM32U073RCI6, STM32U073RCT6, STM32U083C-DK, STM32U083CCT6, STM32U083CCU6, STM32U083HCY6TR, STM32U083KCU6, STM32U083MCI6, STM32U083MCT6, STM32U083RCI6, STM32U083RCT6, STM32U375CET6, STM32U375CET6Q, STM32U375CEU6, STM32U375CEU6Q, STM32U375CEY6QTR, STM32U375CGT6, STM32U375CGT6Q, STM32U375CGU6, STM32U375CGU6Q, STM32U375CGY6QTR, STM32U375KEU6, STM32U375KGU6, STM32U375REI6, STM32U375REI6Q, STM32U375RET6, STM32U375RET6Q, STM32U375REY6GTR, STM32U375REY6QTR, STM32U375RGI6, STM32U375RGI6Q, STM32U375RGT6, STM32U375RGT6Q, STM32U375RGY6GTR, STM32U375RGY6QTR, STM32U375VEI6, STM32U375VEI6Q, STM32U375VET6, STM32U375VET6Q, STM32U375VGI6, STM32U375VGI6Q, STM32U375VGT6, STM32U375VGT6Q, STM32U385CGT6, STM32U385CGT6Q, STM32U385CGU6, STM32U385CGU6Q, STM32U385CGY6QTR, STM32U385KGU6, STM32U385RGI6, STM32U385RGI6Q, STM32U385RGT6, STM32U385RGT6Q, STM32U385RGY6GTR, STM32U385RGY6QTR, STM32U385VGI6, STM32U385VGI6Q, STM32U385VGT6, STM32U385VGT6Q, STM32U535CBT6, STM32U535CBT6Q, STM32U535CBU6, STM32U535CBU6Q, STM32U535CCT6, STM32U535CCT6Q, STM32U535CCU6, STM32U535CCU6Q, STM32U535CET6, STM32U535CET6Q, STM32U535CEU6, STM32U535CEU6Q, STM32U535JEY6QTR, STM32U535NCY6QTR, STM32U535NEY6QTR, STM32U535RBI6, STM32U535RBI6Q, STM32U535RBT6, STM32U535RBT6Q, STM32U535RCI6, STM32U535RCI6Q, STM32U535RCT6, STM32U535RCT6Q, STM32U535REI6, STM32U535REI6Q, STM32U535RET6, STM32U535RET6Q, STM32U535VCI6, STM32U535VCI6Q, STM32U535VCT6, STM32U535VCT6Q, STM32U535VEI6, STM32U535VEI6Q, STM32U535VET6, STM32U535VET6Q, STM32U545CET6, STM32U545CET6Q, STM32U545CEU6, STM32U545CEU6Q, STM32U545JEY6QTR, STM32U545NEY6QTR, STM32U545REI6, STM32U545REI6Q, STM32U545RET6, STM32U545RET6Q, STM32U545VEI6, STM32U545VEI6Q, STM32U545VET6, STM32U545VET6Q, STM32U595AIH6, STM32U595AIH6Q, STM32U595AJH6, STM32U595AJH6Q, STM32U595QII6, STM32U595QII6Q, STM32U595QJI6, STM32U595QJI6Q, STM32U595RIT6, STM32U595RIT6Q, STM32U595RJT6, STM32U595RJT6Q, STM32U595VIT6, STM32U595VIT6Q, STM32U595VJT6, STM32U595VJT6Q, STM32U595ZIT6, STM32U595ZIT6Q, STM32U595ZIY6QTR, STM32U595ZJT6, STM32U595ZJT6Q, STM32U595ZJY6QTR, STM32U599BJY6QTR, STM32U599NIH6Q, STM32U599NJH6Q, STM32U599VIT6Q, STM32U599VJT6, STM32U599VJT6Q, STM32U599ZIT6Q, STM32U599ZIY6QTR, STM32U599ZJT6Q, STM32U599ZJY6QTR, STM32U5A5AJH6, STM32U5A5AJH6Q, STM32U5A5QII3Q , STM32U5A5QJI6, STM32U5A5QJI6Q, STM32U5A5RJT6, STM32U5A5RJT6Q, STM32U5A5VJT6, STM32U5A5VJT6Q, STM32U5A5ZJT6, STM32U5A5ZJT6Q, STM32U5A5ZJY6QTR, STM32U5A9BJY6QTR, STM32U5A9J-DK, STM32U5A9NJH6Q, STM32U5A9VJT6Q, STM32U5A9ZJT6Q, STM32U5A9ZJY6QTR, STM32U5F7VIT6, STM32U5F7VIT6Q, STM32U5F7VJT6, STM32U5F7VJT6Q, STM32U5F9BJY6QTR, STM32U5F9NJH6Q, STM32U5F9VIT6Q, STM32U5F9VJT6Q, STM32U5F9ZIJ6QTR, STM32U5F9ZIT6Q, STM32U5F9ZJJ6QTR, STM32U5F9ZJT6Q, STM32U5G7VJT6, STM32U5G7VJT6Q, STM32U5G9BJY6QTR, STM32U5G9J-DK1, STM32U5G9J-DK2, STM32U5G9NJH6Q, STM32U5G9VJT6Q, STM32U5G9ZJJ6QTR, STM32U5G9ZJT6Q, STM32WB05KZV6TR, STM32WB05KZV7TR, STM32WB05TZF6TR, STM32WB05TZF7TR, STM32WB06CCF6TR, STM32WB06CCF7TR, STM32WB06CCV6TR, STM32WB06CCV7TR, STM32WB06KCV6TR, STM32WB06KCV7TR, STM32WB07CCF6TR, STM32WB07CCF7TR, STM32WB07CCV6TR, STM32WB07CCV7TR, STM32WB07KCV6TR, STM32WB07KCV7TR, STM32WB09KEV6TR, STM32WB09KEV7TR, STM32WB09TEF6TR, STM32WB09TEF7TR, STM32WB1MMCH6, STM32WBA50KGU6, STM32WBA50KGU6TR, STM32WBA52CEU6, STM32WBA52CEU6TR, STM32WBA52CEU7, STM32WBA52CEU7TR, STM32WBA52CGU6, STM32WBA52CGU6TR, STM32WBA52CGU6U, STM32WBA52CGU7, STM32WBA52CGU7TR, STM32WBA52KEU6, STM32WBA52KEU6TR, STM32WBA52KGU6, STM32WBA52KGU6TR, STM32WBA54CEU6, STM32WBA54CEU6TR, STM32WBA54CEU7, STM32WBA54CEU7TR, STM32WBA54CGU6, STM32WBA54CGU6TR, STM32WBA54CGU7, STM32WBA54CGU7TR, STM32WBA54KEU6, STM32WBA54KEU6TR, STM32WBA54KEU7, STM32WBA54KEU7TR, STM32WBA54KGU6, STM32WBA54KGU6TR, STM32WBA54KGU7, STM32WBA54KGU7TR, STM32WBA55CEU6, STM32WBA55CEU6TR, STM32WBA55CEU7, STM32WBA55CEU7TR, STM32WBA55CGU6, STM32WBA55CGU6TR, STM32WBA55CGU6U, STM32WBA55CGU7, STM32WBA55CGU7TR, STM32WBA55G-DK1, STM32WBA55HEF6, STM32WBA55HEF7, STM32WBA55HGF6, STM32WBA55HGF7, STM32WBA55UEI6, STM32WBA55UEI6TR, STM32WBA55UEI7, STM32WBA55UEI7TR, STM32WBA55UGI6, STM32WBA55UGI6TR, STM32WBA55UGI7, STM32WBA55UGI7TR, STM32WBA5MMGH6TR, STM32WBA62MGF6, STM32WBA62MIF6, STM32WBA65MGF7, STM32WBA65MIF6, STM32WBA65MIF7, STM32WL30K8V6, STM32WL30KBV6, STM32WL31C8V6, STM32WL31CBV6, STM32WL31K8V6, STM32WL31KBV6, STM32WL33C8V6, STM32WL33C8V6X, STM32WL33CBV6, STM32WL33CBV6X, STM32WL33CCV6, STM32WL33CCV6A, STM32WL33CCV6X, STM32WL33K8V7, STM32WL33K8V7X, STM32WL33KBV7 , STM32WL33KBV7X, STM32WL33KCV7, STM32WL33KCV7X, STM32WL5MOCH6, STM32WL5MOCH6TR]
2025-07-18 16:10:18,793 [INFO] BoardInfo:889 - No configuration file found for board P-NUCLEO-WB55
2025-07-18 16:10:18,874 [INFO] DbBoards:161 - Kit is not supported: P-NUCLEO-WB55
2025-07-18 16:10:19,118 [INFO] BoardInfo:889 - No configuration file found for board STEVAL-BFA001V1B
2025-07-18 16:10:19,118 [INFO] DbBoards:161 - Kit is not supported: STEVAL-BFA001V1B
2025-07-18 16:10:19,134 [INFO] BoardInfo:889 - No configuration file found for board STEVAL-BFA001V2B
2025-07-18 16:10:19,212 [INFO] DbBoards:161 - Kit is not supported: STEVAL-BFA001V2B
2025-07-18 16:10:22,141 [INFO] DbBoards:168 - Found 212 boards, 209 are supported
2025-07-18 16:10:22,143 [INFO] DbBoards:169 - Found 212 boards, 43 of them is supported for  Bsp
2025-07-18 16:10:22,156 [INFO] ApiDb:668 - CubeFinder database Data Model version=2.1
2025-07-18 16:10:22,156 [INFO] ApiDb:669 - CubeFinder database Configuration version=3.0.39
2025-07-18 16:10:22,156 [INFO] ApiDb:670 - CubeFinder database generation date=2025-06-24 (1750757100)
2025-07-18 16:10:22,156 [INFO] ApiDb:671 - CubeFinder database FW Pack versions=[FP-ATR-ASTRA1_V2.0.0, FP-SNS-FLIGHT1_V5.1.0, FP-SNS-MOTENV1_V5.0.0, FP-SNS-MOTENVWB1_V1.4.0, FP-SNS-SMARTAG2_V1.2.0, FP-SNS-STBOX1_V2.0.0, STM32Cube_FW_C0_V1.4.0, STM32Cube_FW_F4_V1.28.2, STM32Cube_FW_F7_V1.17.3, STM32Cube_FW_G0_V1.6.2, STM32Cube_FW_G4_V1.6.1, STM32Cube_FW_H5_V1.5.0, STM32Cube_FW_H7RS_V1.2.0, STM32Cube_FW_H7_V1.12.1, STM32Cube_FW_L0_V1.12.2, STM32Cube_FW_L4_V1.18.1, STM32Cube_FW_L5_V1.5.1, STM32Cube_FW_N6_V1.2.0, STM32Cube_FW_U0_V1.3.0, STM32Cube_FW_U3_V1.2.0, STM32Cube_FW_U5_V1.8.0, STM32Cube_FW_WB0_V1.3.0, STM32Cube_FW_WBA_V1.7.0, STM32Cube_FW_WB_V1.23.0, STM32Cube_FW_WL3_V1.2.0, STM32Cube_FW_WL_V1.3.1, X-CUBE-ALGOBUILD_V1.4.0, X-CUBE-ALS_V1.0.2, X-CUBE-AZRTOS-F4_V1.1.0, X-CUBE-AZRTOS-F7_V1.1.0, X-CUBE-AZRTOS-G0_V1.1.0, X-CUBE-AZRTOS-G4_V2.0.0, X-CUBE-AZRTOS-H7RS_V1.1.0, X-CUBE-AZRTOS-H7_V3.3.0, X-CUBE-AZRTOS-L4_V2.0.0, X-CUBE-AZRTOS-L5_V2.0.0, X-CUBE-AZRTOS-WB_V2.0.0, X-CUBE-AZRTOS-WL_V2.0.0, X-CUBE-BLE1_V7.1.0, X-CUBE-BLE2_V3.3.0, X-CUBE-BLEMGR_V4.0.0, X-CUBE-EEPRMA1_V5.1.0, X-CUBE-FREERTOS_V1.3.1, X-CUBE-GNSS1_V6.0.0, X-CUBE-MEMS1_V11.3.0, X-CUBE-NFC4_V3.0.0, X-CUBE-NFC7_V2.0.0, X-CUBE-SFXS2LP1_V4.0.0, X-CUBE-SUBG2_V5.0.0, X-CUBE-TOF1_V3.4.3]
2025-07-18 16:10:40,311 [INFO] ApiDb:240 - Found 880 in-development CPN: [B-G473E-ZEST1S, B-WB1M-WPAN1, B-WBA5M-WPAN, B-WL5M-SUBG1, NUCLEO-C031C6, NUCLEO-C051C8, NUCLEO-C071RB, NUCLEO-C092RC, NUCLEO-H503RB, NUCLEO-H533RE, NUCLEO-H563ZI, NUCLEO-H7S3L8, NUCLEO-N657X0-Q, NUCLEO-U031R8, NUCLEO-U083RC, NUCLEO-U385RG-Q, NUCLEO-U545RE-Q, NUCLEO-U5A5ZJ-Q, NUCLEO-WB05KZ, NUCLEO-WB07CC, NUCLEO-WB09KE, NUCLEO-WBA52CG, NUCLEO-WBA55CG, NUCLEO-WL33CC1, NUCLEO-WL33CC2, STEVAL-PROTEUS1, STEVAL-SMARTAG2, STEVAL-STWINBX1, STM320518-EVAL, STM32C0116-DK, STM32C011D6Y3TR, STM32C011D6Y6TR, STM32C011F4P3, STM32C011F4P6, STM32C011F4U3, STM32C011F4U6TR, STM32C011F6P3, STM32C011F6P6, STM32C011F6U3, STM32C011F6U6TR, STM32C011J4M3, STM32C011J4M6, STM32C011J6M3, STM32C011J6M6, STM32C0316-DK, STM32C031C4T3, STM32C031C4T6, STM32C031C4U3, STM32C031C4U6, STM32C031C6T3, STM32C031C6T6, STM32C031C6U3, STM32C031C6U6, STM32C031F4P3, STM32C031F4P6, STM32C031F6P3, STM32C031F6P6, STM32C031G4U3, STM32C031G4U6, STM32C031G6U3, STM32C031G6U6, STM32C031K4T3, STM32C031K4T6, STM32C031K4U3, STM32C031K4U6, STM32C031K6T3, STM32C031K6T6, STM32C031K6U3, STM32C031K6U6, STM32C051C6T6, STM32C051C6U6, STM32C051C8T6, STM32C051C8U6, STM32C051D8Y6TR, STM32C051F6P6, STM32C051F8P6, STM32C051G6U6, STM32C051G8U6, STM32C051K6T6, STM32C051K6U6, STM32C051K8T6, STM32C071C8T6, STM32C071C8T6N, STM32C071C8U6, STM32C071C8U6N, STM32C071CBT6, STM32C071CBT6N, STM32C071CBU6, STM32C071CBU6N, STM32C071F8P6, STM32C071F8P6N, STM32C071FBP6, STM32C071FBP6N, STM32C071FBY6TR, STM32C071G8U6, STM32C071G8U6N, STM32C071GBU6, STM32C071GBU6N, STM32C071K8T6, STM32C071K8T6N, STM32C071K8U6, STM32C071K8U6N, STM32C071KBT6, STM32C071KBT6N, STM32C071KBU6, STM32C071KBU6N, STM32C071R8T6, STM32C071R8T6N, STM32C071RBI6N, STM32C071RBT6, STM32C071RBT6N, STM32C091CBT6, STM32C091CBU6, STM32C091CCT6, STM32C091CCU6, STM32C091ECY6TR, STM32C091FBP6, STM32C091FCP6, STM32C091GBU6, STM32C091GCU6, STM32C091KBT6, STM32C091KBU6, STM32C091KCT6, STM32C091KCU6, STM32C091RBT6, STM32C091RCI6, STM32C091RCT6, STM32C092CBT6, STM32C092CBU6, STM32C092CCT6, STM32C092CCU6, STM32C092ECY6TR, STM32C092FBP6, STM32C092FCP6, STM32C092GBU6, STM32C092GCU6, STM32C092KBT6, STM32C092KBU6, STM32C092KCT6, STM32C092KCU6, STM32C092RBT6, STM32C092RCI6, STM32C092RCT6, STM32G071K8TXN, STM32G071K8UXN, STM32G081GBU6N, STM32G081KBT6N, STM32G081KBUXN, STM32G0B1CCT6N, STM32G0B1KCT6, STM32G0B1NEY6TR, STM32G0B1RCT6N, STM32G0C1CCT6, STM32G0C1CCT6N, STM32G0C1CCU6N, STM32G0C1CET6N, STM32G0C1CEU6N, STM32G0C1KCT6, STM32G0C1NEY6TR, STM32G0C1RCI6N, STM32G0C1RCT6N, STM32G0C1REI6N, STM32G0C1RET6N, STM32G0C1VCI6, STM32G0C1VEI6, STM32G411C6T3, STM32G411C6T6, STM32G411C6U3, STM32G411C6U6, STM32G411C8T3, STM32G411C8T6, STM32G411C8U3, STM32G411C8U6, STM32G411CBT3, STM32G411CBT6, STM32G411CBU3, STM32G411CBU6, STM32G411K6T3, STM32G411K6T6, STM32G411K6U3, STM32G411K6U6, STM32G411K8T3, STM32G411K8T6, STM32G411K8U3, STM32G411K8U6, STM32G411KBT3, STM32G411KBT6, STM32G411KBU3, STM32G411KBU6, STM32G411M6T3, STM32G411M6T6, STM32G411M8T3, STM32G411M8T6, STM32G411MBT3, STM32G411MBT6, STM32G411R6T3, STM32G411R6T6, STM32G411R8T3, STM32G411R8T6, STM32G411RBT3, STM32G411RBT6, STM32G414CBT3, STM32G414CBT6, STM32G414CBU3, STM32G414CBU6, STM32G414CCT3, STM32G414CCT6, STM32G414CCU3, STM32G414CCU6, STM32G414MBT3, STM32G414MBT6, STM32G414MCT3, STM32G414MCT6, STM32G414RBT3, STM32G414RBT6, STM32G414RCT3, STM32G414RCT6, STM32G414VBT3, STM32G414VBT6, STM32G414VCT3, STM32G414VCT6, STM32G431CBT3Z, STM32G431RBT3Z, STM32G471CCT6, STM32G471CCU6, STM32G471CET3, STM32G471CET6, STM32G471CEU3, STM32G471CEU6, STM32G471MCT6, STM32G471MET3, STM32G471MET6, STM32G471MEY6TR, STM32G471QCT6, STM32G471QET3, STM32G471RCT6, STM32G471RET3, STM32G471RET6, STM32G471VCH6, STM32G471VCI6, STM32G471VCT6, STM32G471VEH3, STM32G471VEH6, STM32G471VEI3, STM32G471VEI6, STM32G471VET3, STM32G471VET6, STM32G473QET3Z, STM32G473RET3Z, STM32G474CCT6, STM32G491RET3Z, STM32H503CBT6, STM32H503CBU6, STM32H503EBY6TR, STM32H503KBU6, STM32H503RBT6, STM32H523CCT6, STM32H523CCU6, STM32H523CET6, STM32H523CEU6, STM32H523HEY6TR, STM32H523RCT6, STM32H523RET6, STM32H523VCI6, STM32H523VCT6, STM32H523VEI6, STM32H523VET6, STM32H523ZCJ6, STM32H523ZCT6, STM32H523ZEJ6, STM32H523ZET6, STM32H533CET6, STM32H533CEU6, STM32H533HEY6TR, STM32H533RET6, STM32H533VEI6, STM32H533VET6, STM32H533ZEJ6, STM32H533ZET6, STM32H562AGI6, STM32H562AII6, STM32H562IGK6, STM32H562IGT6, STM32H562IIK6, STM32H562IIT6, STM32H562RGT6, STM32H562RGV6, STM32H562RIT6, STM32H562RIV6, STM32H562VGT6, STM32H562VIT6, STM32H562ZGT6, STM32H562ZIT6, STM32H563AGI6, STM32H563AII3Q, STM32H563AII6, STM32H563IGK6, STM32H563IGT6, STM32H563IIK3Q, STM32H563IIK6, STM32H563IIT3Q, STM32H563IIT6, STM32H563MIY3QTR, STM32H563RGT6, STM32H563RGV6, STM32H563RIT6, STM32H563RIV6, STM32H563VGT6, STM32H563VIT3Q, STM32H563VIT6, STM32H563ZGT6, STM32H563ZIT3Q, STM32H563ZIT6, STM32H573AII3Q, STM32H573AII6, STM32H573I-DK, STM32H573IIK3Q, STM32H573IIK6, STM32H573IIT3Q, STM32H573IIT6, STM32H573MIY3QTR, STM32H573RIT6, STM32H573RIV6, STM32H573VIT3Q, STM32H573VIT6, STM32H573ZIT3Q, STM32H573ZIT6, STM32H7R3A8I6, STM32H7R3I8K6, STM32H7R3I8T6, STM32H7R3L8H6, STM32H7R3L8H6H, STM32H7R3R8V6, STM32H7R3V8H6, STM32H7R3V8T6, STM32H7R3V8Y6TR, STM32H7R3Z8J6, STM32H7R3Z8T6, STM32H7R7A8I6, STM32H7R7I8K6, STM32H7R7I8T6, STM32H7R7L8H6, STM32H7R7L8H6H, STM32H7R7Z8J6, STM32H7S3A8I6, STM32H7S3I8K6, STM32H7S3I8T6, STM32H7S3L8H6, STM32H7S3L8H6H, STM32H7S3R8V6, STM32H7S3V8H6, STM32H7S3V8T6, STM32H7S3V8Y6TR, STM32H7S3Z8J6, STM32H7S3Z8T6, STM32H7S78-DK, STM32H7S7A8I6, STM32H7S7I8K6, STM32H7S7I8T6, STM32H7S7L8H6, STM32H7S7L8H6H, STM32H7S7Z8J6, STM32L4R5QGI6STR, STM32MP131AAE3, STM32MP131AAF3, STM32MP131AAG3, STM32MP131CAE3, STM32MP131CAF3, STM32MP131CAG3, STM32MP131DAE7, STM32MP131DAF7, STM32MP131DAG7, STM32MP131FAE7, STM32MP131FAF7, STM32MP131FAG7, STM32MP133AAE3, STM32MP133AAF3, STM32MP133AAG3, STM32MP133CAE3, STM32MP133CAF3, STM32MP133CAG3, STM32MP133DAE7, STM32MP133DAF7, STM32MP133DAG7, STM32MP133FAE7, STM32MP133FAF7, STM32MP133FAG7, STM32MP135AAE3, STM32MP135AAF3, STM32MP135AAG3, STM32MP135CAE3, STM32MP135CAF3, STM32MP135CAG3, STM32MP135DAE7, STM32MP135DAF7, STM32MP135DAG7, STM32MP135F-DK, STM32MP135FAE7, STM32MP135FAF7, STM32MP135FAF7T, STM32MP135FAF7U, STM32MP135FAG7, STM32MP211AAL3, STM32MP211AAM3, STM32MP211AAN3, STM32MP211AAO3, STM32MP211CAL3, STM32MP211CAM3, STM32MP211CAN3, STM32MP211CAO3, STM32MP211DAL3, STM32MP211DAM3, STM32MP211DAN3, STM32MP211DAO3, STM32MP211FAL3, STM32MP211FAM3, STM32MP211FAN3, STM32MP211FAO3, STM32MP213AAL3, STM32MP213AAM3, STM32MP213AAN3, STM32MP213AAO3, STM32MP213CAL3, STM32MP213CAM3, STM32MP213CAN3, STM32MP213CAO3, STM32MP213DAL3, STM32MP213DAM3, STM32MP213DAN3, STM32MP213DAO3, STM32MP213FAL3, STM32MP213FAM3, STM32MP213FAN3, STM32MP213FAO3, STM32MP215AAL3, STM32MP215AAM3, STM32MP215AAN3, STM32MP215AAO3, STM32MP215CAL3, STM32MP215CAM3, STM32MP215CAN3, STM32MP215CAO3, STM32MP215DAL3, STM32MP215DAM3, STM32MP215DAN3, STM32MP215DAO3, STM32MP215F-DK, STM32MP215FAL3, STM32MP215FAM3, STM32MP215FAN3, STM32MP215FAO3, STM32MP231AAJ3, STM32MP231AAK3, STM32MP231AAL3, STM32MP231CAJ3, STM32MP231CAK3, STM32MP231CAL3, STM32MP231DAJ3, STM32MP231DAK3, STM32MP231DAL3, STM32MP231FAJ3, STM32MP231FAK3, STM32MP231FAL3, STM32MP233AAJ3, STM32MP233AAK3, STM32MP233AAL3, STM32MP233CAJ3, STM32MP233CAK3, STM32MP233CAL3, STM32MP233DAJ3, STM32MP233DAK3, STM32MP233DAL3, STM32MP233FAJ3, STM32MP233FAK3, STM32MP233FAL3, STM32MP235AAJ3, STM32MP235AAK3, STM32MP235AAL3, STM32MP235CAJ3, STM32MP235CAK3, STM32MP235CAL3, STM32MP235DAJ3, STM32MP235DAK3, STM32MP235DAL3, STM32MP235FAJ3, STM32MP235FAK3, STM32MP235FAL3, STM32MP251AAI3, STM32MP251AAK3, STM32MP251AAL3, STM32MP251CAI3, STM32MP251CAK3, STM32MP251CAL3, STM32MP251DAI3, STM32MP251DAK3, STM32MP251DAL3, STM32MP251FAI3, STM32MP251FAK3, STM32MP251FAL3, STM32MP253AAI3, STM32MP253AAK3, STM32MP253AAL3, STM32MP253CAI3, STM32MP253CAK3, STM32MP253CAL3, STM32MP253DAI3, STM32MP253DAK3, STM32MP253DAL3, STM32MP253FAI3, STM32MP253FAK3, STM32MP253FAL3, STM32MP255AAI3, STM32MP255AAK3, STM32MP255AAL3, STM32MP255CAI3, STM32MP255CAK3, STM32MP255CAL3, STM32MP255DAI3, STM32MP255DAK3, STM32MP255DAL3, STM32MP255FAI3, STM32MP255FAK3, STM32MP255FAL3, STM32MP257AAI3, STM32MP257AAK3, STM32MP257AAL3, STM32MP257CAI3, STM32MP257CAK3, STM32MP257CAL3, STM32MP257DAI3, STM32MP257DAK3, STM32MP257DAL3, STM32MP257F-DK, STM32MP257F-EV1, STM32MP257FAI3, STM32MP257FAK3, STM32MP257FAL3, STM32N645A0H3Q, STM32N645B0H3Q, STM32N645I0H3Q, STM32N645L0H3Q, STM32N645X0H3Q, STM32N645Z0H3Q, STM32N647A0H3Q, STM32N647B0H3Q, STM32N647I0H3Q, STM32N647L0H3Q, STM32N647X0H3Q, STM32N647Z0H3Q, STM32N655A0H3Q, STM32N655B0H3Q, STM32N655I0H3Q, STM32N655L0H3Q, STM32N655X0H3Q, STM32N655Z0H3Q, STM32N6570-DK, STM32N657A0H3Q, STM32N657B0H3Q, STM32N657I0H3Q, STM32N657L0H3Q, STM32N657X0H3Q, STM32N657Z0H3Q, STM32U031C6T6, STM32U031C6U6, STM32U031C8T6, STM32U031C8U6, STM32U031F4P6, STM32U031F6P6, STM32U031F8P6, STM32U031G6Y6TR, STM32U031G8Y6TR, STM32U031K4U6, STM32U031K6U6, STM32U031K8U6, STM32U031R6I6, STM32U031R6T6, STM32U031R8I6, STM32U031R8T6, STM32U073C8T6, STM32U073C8U6, STM32U073CBT6, STM32U073CBU6, STM32U073CCT6, STM32U073CCU6, STM32U073H8Y6TR, STM32U073HBY6TR, STM32U073HCY6TR, STM32U073K8U6, STM32U073KBU6, STM32U073KCU6, STM32U073M8I6, STM32U073M8T6, STM32U073MBI6, STM32U073MBT6, STM32U073MCI6, STM32U073MCT6, STM32U073R8I6, STM32U073R8T6, STM32U073RBI6, STM32U073RBT6, STM32U073RCI6, STM32U073RCT6, STM32U083C-DK, STM32U083CCT6, STM32U083CCU6, STM32U083HCY6TR, STM32U083KCU6, STM32U083MCI6, STM32U083MCT6, STM32U083RCI6, STM32U083RCT6, STM32U375CET6, STM32U375CET6Q, STM32U375CEU6, STM32U375CEU6Q, STM32U375CEY6QTR, STM32U375CGT6, STM32U375CGT6Q, STM32U375CGU6, STM32U375CGU6Q, STM32U375CGY6QTR, STM32U375KEU6, STM32U375KGU6, STM32U375REI6, STM32U375REI6Q, STM32U375RET6, STM32U375RET6Q, STM32U375REY6GTR, STM32U375REY6QTR, STM32U375RGI6, STM32U375RGI6Q, STM32U375RGT6, STM32U375RGT6Q, STM32U375RGY6GTR, STM32U375RGY6QTR, STM32U375VEI6, STM32U375VEI6Q, STM32U375VET6, STM32U375VET6Q, STM32U375VGI6, STM32U375VGI6Q, STM32U375VGT6, STM32U375VGT6Q, STM32U385CGT6, STM32U385CGT6Q, STM32U385CGU6, STM32U385CGU6Q, STM32U385CGY6QTR, STM32U385KGU6, STM32U385RGI6, STM32U385RGI6Q, STM32U385RGT6, STM32U385RGT6Q, STM32U385RGY6GTR, STM32U385RGY6QTR, STM32U385VGI6, STM32U385VGI6Q, STM32U385VGT6, STM32U385VGT6Q, STM32U535CBT6, STM32U535CBT6Q, STM32U535CBU6, STM32U535CBU6Q, STM32U535CCT6, STM32U535CCT6Q, STM32U535CCU6, STM32U535CCU6Q, STM32U535CET6, STM32U535CET6Q, STM32U535CEU6, STM32U535CEU6Q, STM32U535JEY6QTR, STM32U535NCY6QTR, STM32U535NEY6QTR, STM32U535RBI6, STM32U535RBI6Q, STM32U535RBT6, STM32U535RBT6Q, STM32U535RCI6, STM32U535RCI6Q, STM32U535RCT6, STM32U535RCT6Q, STM32U535REI6, STM32U535REI6Q, STM32U535RET6, STM32U535RET6Q, STM32U535VCI6, STM32U535VCI6Q, STM32U535VCT6, STM32U535VCT6Q, STM32U535VEI6, STM32U535VEI6Q, STM32U535VET6, STM32U535VET6Q, STM32U545CET6, STM32U545CET6Q, STM32U545CEU6, STM32U545CEU6Q, STM32U545JEY6QTR, STM32U545NEY6QTR, STM32U545REI6, STM32U545REI6Q, STM32U545RET6, STM32U545RET6Q, STM32U545VEI6, STM32U545VEI6Q, STM32U545VET6, STM32U545VET6Q, STM32U595AIH6, STM32U595AIH6Q, STM32U595AJH6, STM32U595AJH6Q, STM32U595QII6, STM32U595QII6Q, STM32U595QJI6, STM32U595QJI6Q, STM32U595RIT6, STM32U595RIT6Q, STM32U595RJT6, STM32U595RJT6Q, STM32U595VIT6, STM32U595VIT6Q, STM32U595VJT6, STM32U595VJT6Q, STM32U595ZIT6, STM32U595ZIT6Q, STM32U595ZIY6QTR, STM32U595ZJT6, STM32U595ZJT6Q, STM32U595ZJY6QTR, STM32U599BJY6QTR, STM32U599NIH6Q, STM32U599NJH6Q, STM32U599VIT6Q, STM32U599VJT6, STM32U599VJT6Q, STM32U599ZIT6Q, STM32U599ZIY6QTR, STM32U599ZJT6Q, STM32U599ZJY6QTR, STM32U5A5AJH6, STM32U5A5AJH6Q, STM32U5A5QII3Q , STM32U5A5QJI6, STM32U5A5QJI6Q, STM32U5A5RJT6, STM32U5A5RJT6Q, STM32U5A5VJT6, STM32U5A5VJT6Q, STM32U5A5ZJT6, STM32U5A5ZJT6Q, STM32U5A5ZJY6QTR, STM32U5A9BJY6QTR, STM32U5A9J-DK, STM32U5A9NJH6Q, STM32U5A9VJT6Q, STM32U5A9ZJT6Q, STM32U5A9ZJY6QTR, STM32U5F7VIT6, STM32U5F7VIT6Q, STM32U5F7VJT6, STM32U5F7VJT6Q, STM32U5F9BJY6QTR, STM32U5F9NJH6Q, STM32U5F9VIT6Q, STM32U5F9VJT6Q, STM32U5F9ZIJ6QTR, STM32U5F9ZIT6Q, STM32U5F9ZJJ6QTR, STM32U5F9ZJT6Q, STM32U5G7VJT6, STM32U5G7VJT6Q, STM32U5G9BJY6QTR, STM32U5G9J-DK1, STM32U5G9J-DK2, STM32U5G9NJH6Q, STM32U5G9VJT6Q, STM32U5G9ZJJ6QTR, STM32U5G9ZJT6Q, STM32WB05KZV6TR, STM32WB05KZV7TR, STM32WB05TZF6TR, STM32WB05TZF7TR, STM32WB06CCF6TR, STM32WB06CCF7TR, STM32WB06CCV6TR, STM32WB06CCV7TR, STM32WB06KCV6TR, STM32WB06KCV7TR, STM32WB07CCF6TR, STM32WB07CCF7TR, STM32WB07CCV6TR, STM32WB07CCV7TR, STM32WB07KCV6TR, STM32WB07KCV7TR, STM32WB09KEV6TR, STM32WB09KEV7TR, STM32WB09TEF6TR, STM32WB09TEF7TR, STM32WB1MMCH6, STM32WBA50KGU6, STM32WBA50KGU6TR, STM32WBA52CEU6, STM32WBA52CEU6TR, STM32WBA52CEU7, STM32WBA52CEU7TR, STM32WBA52CGU6, STM32WBA52CGU6TR, STM32WBA52CGU6U, STM32WBA52CGU7, STM32WBA52CGU7TR, STM32WBA52KEU6, STM32WBA52KEU6TR, STM32WBA52KGU6, STM32WBA52KGU6TR, STM32WBA54CEU6, STM32WBA54CEU6TR, STM32WBA54CEU7, STM32WBA54CEU7TR, STM32WBA54CGU6, STM32WBA54CGU6TR, STM32WBA54CGU7, STM32WBA54CGU7TR, STM32WBA54KEU6, STM32WBA54KEU6TR, STM32WBA54KEU7, STM32WBA54KEU7TR, STM32WBA54KGU6, STM32WBA54KGU6TR, STM32WBA54KGU7, STM32WBA54KGU7TR, STM32WBA55CEU6, STM32WBA55CEU6TR, STM32WBA55CEU7, STM32WBA55CEU7TR, STM32WBA55CGU6, STM32WBA55CGU6TR, STM32WBA55CGU6U, STM32WBA55CGU7, STM32WBA55CGU7TR, STM32WBA55G-DK1, STM32WBA55HEF6, STM32WBA55HEF7, STM32WBA55HGF6, STM32WBA55HGF7, STM32WBA55UEI6, STM32WBA55UEI6TR, STM32WBA55UEI7, STM32WBA55UEI7TR, STM32WBA55UGI6, STM32WBA55UGI6TR, STM32WBA55UGI7, STM32WBA55UGI7TR, STM32WBA5MMGH6TR, STM32WBA62MGF6, STM32WBA62MIF6, STM32WBA65MGF7, STM32WBA65MIF6, STM32WBA65MIF7, STM32WL30K8V6, STM32WL30KBV6, STM32WL31C8V6, STM32WL31CBV6, STM32WL31K8V6, STM32WL31KBV6, STM32WL33C8V6, STM32WL33C8V6X, STM32WL33CBV6, STM32WL33CBV6X, STM32WL33CCV6, STM32WL33CCV6A, STM32WL33CCV6X, STM32WL33K8V7, STM32WL33K8V7X, STM32WL33KBV7 , STM32WL33KBV7X, STM32WL33KCV7, STM32WL33KCV7X, STM32WL5MOCH6, STM32WL5MOCH6TR]
2025-07-18 16:10:40,364 [INFO] DbMcus:218 - Found 4801 MCUs, 4801 are supported
2025-07-18 16:10:40,370 [INFO] ApiDb:423 - Load user favorites file C:\Users\aliya/.stm32cubeide/favorites.mcus.txt: 0 item(s)
2025-07-18 16:10:40,372 [INFO] ApiDb:427 - User favorites MCUs=[]
2025-07-18 16:10:40,372 [INFO] DbMcus:224 - Set 0 / 0 favorites MCUs
2025-07-18 16:10:46,091 [INFO] ApiDb:423 - Load user favorites file C:\Users\aliya/.stm32cubeide/favorites.boards.txt: 1 item(s)
2025-07-18 16:10:46,092 [INFO] ApiDb:427 - User favorites Boards=[NUCLEO-F446RE]
2025-07-18 16:10:46,092 [INFO] DbBoards:198 - Set 1 / 1 favorites Boards
2025-07-18 16:10:46,167 [INFO] UtilMem:75 - End LoadConfig() Used Memory: 217776104 Bytes (270532608)
2025-07-18 16:10:47,600 [WARN] ThirdParty:833 - waiting for thirdparty lock release [change project]
2025-07-18 16:10:47,602 [INFO] ThirdParty:835 - entering critical section [change project]
2025-07-18 16:10:47,603 [INFO] ThirdParty:1030 - CMSIS Pack Vendor :STMicroelectronics X-CUBE-PM33A1 1.0.0
2025-07-18 16:10:47,603 [INFO] ThirdParty:1030 - CMSIS Pack Vendor :STMicroelectronics USBPD 4.1
2025-07-18 16:10:47,604 [INFO] ThirdParty:1030 - CMSIS Pack Vendor :STMicroelectronics X-CUBE-AZRTOS-H7 3.3.0
2025-07-18 16:10:47,604 [INFO] ThirdParty:1030 - CMSIS Pack Vendor :STMicroelectronics X-CUBE-NFC9 1.0.0
2025-07-18 16:10:47,605 [INFO] ThirdParty:1030 - CMSIS Pack Vendor :wolfSSL I-CUBE-wolfSSL 5.8.0
2025-07-18 16:10:47,605 [INFO] ThirdParty:1030 - CMSIS Pack Vendor :STMicroelectronics USB_HOST 2.0.0
2025-07-18 16:10:47,605 [INFO] ThirdParty:1030 - CMSIS Pack Vendor :STMicroelectronics FP-SNS-MOTENVWB1 1.4.0
2025-07-18 16:10:47,605 [INFO] ThirdParty:1030 - CMSIS Pack Vendor :STMicroelectronics X-CUBE-AZRTOS-F4 1.1.0
2025-07-18 16:10:47,605 [INFO] ThirdParty:1030 - CMSIS Pack Vendor :STMicroelectronics LIBJPEG 8.0.0
2025-07-18 16:10:47,606 [INFO] ThirdParty:1030 - CMSIS Pack Vendor :STMicroelectronics FP-ATR-ASTRA1 2.0.2
2025-07-18 16:10:47,606 [INFO] ThirdParty:1030 - CMSIS Pack Vendor :STMicroelectronics X-CUBE-BLE1 7.1.0
2025-07-18 16:10:47,606 [INFO] ThirdParty:1030 - CMSIS Pack Vendor :Avnet-IotConnect X-CUBE-IoTC-DA16k-PMOD 1.0.0
2025-07-18 16:10:47,606 [INFO] ThirdParty:1030 - CMSIS Pack Vendor :STMicroelectronics X-CUBE-SMBUS 2.1.0
2025-07-18 16:10:47,606 [INFO] ThirdParty:1030 - CMSIS Pack Vendor :wolfSSL I-CUBE-wolfMQTT 1.19.2
2025-07-18 16:10:47,606 [INFO] ThirdParty:1030 - CMSIS Pack Vendor :STMicroelectronics USB_DEVICE 3.0.0
2025-07-18 16:10:47,607 [INFO] ThirdParty:1030 - CMSIS Pack Vendor :STMicroelectronics X-CUBE-ISPU 2.1.0
2025-07-18 16:10:47,607 [INFO] ThirdParty:1030 - CMSIS Pack Vendor :STMicroelectronics X-CUBE-EEPRMA1 5.2.0
2025-07-18 16:10:47,608 [INFO] ThirdParty:1030 - CMSIS Pack Vendor :STMicroelectronics X-CUBE-AZRTOS-WB 2.0.0
2025-07-18 16:10:47,608 [INFO] ThirdParty:1030 - CMSIS Pack Vendor :STMicroelectronics X-CUBE-ST60 1.0.0
2025-07-18 16:10:47,608 [INFO] ThirdParty:1030 - CMSIS Pack Vendor :STMicroelectronics X-CUBE-GNSS1 7.0.1
2025-07-18 16:10:47,609 [INFO] ThirdParty:1030 - CMSIS Pack Vendor :STMicroelectronics X-CUBE-NFC12 1.0.0
2025-07-18 16:10:47,610 [INFO] ThirdParty:1030 - CMSIS Pack Vendor :STMicroelectronics X-CUBE-AZRTOS-F7 1.1.0
2025-07-18 16:10:47,610 [INFO] ThirdParty:1030 - CMSIS Pack Vendor :STMicroelectronics X-CUBE-AZRTOS-L5 2.0.0
2025-07-18 16:10:47,610 [INFO] ThirdParty:1030 - CMSIS Pack Vendor :STMicroelectronics X-CUBE-TOUCHGFX 4.25.0
2025-07-18 16:10:47,610 [INFO] ThirdParty:1030 - CMSIS Pack Vendor :STMicroelectronics USB_DEVICE 2.0.0
2025-07-18 16:10:47,611 [INFO] ThirdParty:1030 - CMSIS Pack Vendor :STMicroelectronics X-CUBE-NFC6 3.1.0
2025-07-18 16:10:47,612 [INFO] ThirdParty:1030 - CMSIS Pack Vendor :STMicroelectronics X-CUBE-AI 10.1.0
2025-07-18 16:10:47,612 [INFO] ThirdParty:1030 - CMSIS Pack Vendor :STMicroelectronics FP-SNS-STBOX1 2.0.0
2025-07-18 16:10:47,612 [INFO] ThirdParty:1030 - CMSIS Pack Vendor :STMicroelectronics FreeRTOS 0.0.1
2025-07-18 16:10:47,612 [INFO] ThirdParty:1030 - CMSIS Pack Vendor :STMicroelectronics X-CUBE-AZRTOS-G0 1.1.0
2025-07-18 16:10:47,613 [INFO] ThirdParty:1030 - CMSIS Pack Vendor :STMicroelectronics X-CUBE-SAFEA1 1.2.2
2025-07-18 16:10:47,614 [INFO] ThirdParty:1030 - CMSIS Pack Vendor :STMicroelectronics X-CUBE-NFC4 3.0.0
2025-07-18 16:10:47,614 [INFO] ThirdParty:1030 - CMSIS Pack Vendor :STMicroelectronics X-CUBE-SUBG2 5.0.0
2025-07-18 16:10:47,614 [INFO] ThirdParty:1030 - CMSIS Pack Vendor :STMicroelectronics X-CUBE-AZRTOS-H7RS 1.1.0
2025-07-18 16:10:47,614 [INFO] ThirdParty:1030 - CMSIS Pack Vendor :STMicroelectronics STM32_WPAN 1.0.0
2025-07-18 16:10:47,614 [INFO] ThirdParty:1030 - CMSIS Pack Vendor :EmbeddedOffice I-CUBE-FS-RTOS 1.0.1
2025-07-18 16:10:47,615 [INFO] ThirdParty:1030 - CMSIS Pack Vendor :STMicroelectronics lwIP 2.0.3
2025-07-18 16:10:47,616 [INFO] ThirdParty:1030 - CMSIS Pack Vendor :Cesanta I-CUBE-Mongoose 7.13.0
2025-07-18 16:10:47,616 [INFO] ThirdParty:1030 - CMSIS Pack Vendor :STMicroelectronics USB_HOST 1.0.0
2025-07-18 16:10:47,616 [INFO] ThirdParty:1030 - CMSIS Pack Vendor :Infineon AIROC-Wi-Fi-Bluetooth-STM32 1.7.0
2025-07-18 16:10:47,616 [INFO] ThirdParty:1030 - CMSIS Pack Vendor :STMicroelectronics X-CUBE-AZRTOS-G4 2.0.0
2025-07-18 16:10:47,616 [INFO] ThirdParty:1030 - CMSIS Pack Vendor :STMicroelectronics X-CUBE-WB05N 2.0.0
2025-07-18 16:10:47,617 [INFO] ThirdParty:1030 - CMSIS Pack Vendor :STMicroelectronics PDM2PCM 3.1.0
2025-07-18 16:10:47,618 [INFO] ThirdParty:1030 - CMSIS Pack Vendor :STMicroelectronics PDM2PCM 3.3.0
2025-07-18 16:10:47,618 [INFO] ThirdParty:1030 - CMSIS Pack Vendor :wolfSSL I-CUBE-wolfTPM 3.8.0
2025-07-18 16:10:47,618 [INFO] ThirdParty:1030 - CMSIS Pack Vendor :STMicroelectronics X-CUBE-AZRTOS-H7 3.4.0
2025-07-18 16:10:47,618 [INFO] ThirdParty:1030 - CMSIS Pack Vendor :STMicroelectronics X-CUBE-DISPLAY 3.0.0
2025-07-18 16:10:47,619 [INFO] ThirdParty:1030 - CMSIS Pack Vendor :wolfSSL I-CUBE-wolfSSH 1.4.20
2025-07-18 16:10:47,619 [INFO] ThirdParty:1030 - CMSIS Pack Vendor :STMicroelectronics X-CUBE-NFC7 2.0.0
2025-07-18 16:10:47,620 [INFO] ThirdParty:1030 - CMSIS Pack Vendor :STMicroelectronics X-CUBE-TCPP 4.2.0
2025-07-18 16:10:47,620 [INFO] ThirdParty:1030 - CMSIS Pack Vendor :RealThread X-CUBE-RT-Thread_Nano 4.1.1
2025-07-18 16:10:47,620 [INFO] ThirdParty:1030 - CMSIS Pack Vendor :STMicroelectronics FP-ATR-SIGFOX1 3.2.0
2025-07-18 16:10:47,620 [INFO] ThirdParty:1030 - CMSIS Pack Vendor :STMicroelectronics X-CUBE-NFC10 1.0.0
2025-07-18 16:10:47,621 [INFO] ThirdParty:1030 - CMSIS Pack Vendor :STMicroelectronics X-CUBE-BLEMGR 4.0.0
2025-07-18 16:10:47,621 [INFO] ThirdParty:1030 - CMSIS Pack Vendor :STMicroelectronics X-CUBE-EEPRMA1 5.1.0
2025-07-18 16:10:47,622 [INFO] ThirdParty:1030 - CMSIS Pack Vendor :STMicroelectronics X-CUBE-FREERTOS 1.3.1
2025-07-18 16:10:47,622 [INFO] ThirdParty:1030 - CMSIS Pack Vendor :STMicroelectronics HAL Drivers 0.0.0
2025-07-18 16:10:47,622 [INFO] ThirdParty:1030 - CMSIS Pack Vendor :STMicroelectronics MBEDTLS 2.16.2
2025-07-18 16:10:47,622 [INFO] ThirdParty:1030 - CMSIS Pack Vendor :STMicroelectronics X-CUBE-IPS 3.1.0
2025-07-18 16:10:47,622 [INFO] ThirdParty:1030 - CMSIS Pack Vendor :STMicroelectronics X-CUBE-ALS 1.0.2
2025-07-18 16:10:47,623 [INFO] ThirdParty:1030 - CMSIS Pack Vendor :emotas I-CUBE-CANOPEN 1.3.0
2025-07-18 16:10:47,624 [INFO] ThirdParty:1030 - CMSIS Pack Vendor :STMicroelectronics MBEDTLS 2.14.1
2025-07-18 16:10:47,624 [INFO] ThirdParty:1030 - CMSIS Pack Vendor :ITTIA_DB I-CUBE-ITTIADB 8.9.0
2025-07-18 16:10:47,625 [INFO] ThirdParty:1030 - CMSIS Pack Vendor :portGmbH I-Cube-SoM-uGOAL 1.1.0
2025-07-18 16:10:47,625 [INFO] ThirdParty:1030 - CMSIS Pack Vendor :quantropi X-CUBE-qispace-sdk-base 2.0.0
2025-07-18 16:10:47,626 [INFO] ThirdParty:1030 - CMSIS Pack Vendor :STMicroelectronics X-CUBE-ST67W61 1.0.0
2025-07-18 16:10:47,626 [INFO] ThirdParty:1030 - CMSIS Pack Vendor :STMicroelectronics FP-SNS-STAIOTCFT 1.0.0
2025-07-18 16:10:47,626 [INFO] ThirdParty:1030 - CMSIS Pack Vendor :STMicroelectronics ThreadX 1.0.0
2025-07-18 16:10:47,626 [INFO] ThirdParty:1030 - CMSIS Pack Vendor :STMicroelectronics FP-SNS-SMARTAG2 1.2.0
2025-07-18 16:10:47,626 [INFO] ThirdParty:1030 - CMSIS Pack Vendor :STMicroelectronics FP-SNS-FLIGHT1 5.1.0
2025-07-18 16:10:47,626 [INFO] ThirdParty:1030 - CMSIS Pack Vendor :STMicroelectronics X-CUBE-AZRTOS-WL 2.0.0
2025-07-18 16:10:47,626 [INFO] ThirdParty:1030 - CMSIS Pack Vendor :SEGGER I-CUBE-embOS 1.3.1
2025-07-18 16:10:47,626 [INFO] ThirdParty:1030 - CMSIS Pack Vendor :STMicroelectronics X-CUBE-ALGOBUILD 1.4.0
2025-07-18 16:10:47,626 [INFO] ThirdParty:1030 - CMSIS Pack Vendor :STMicroelectronics X-CUBE-DPower 1.3.0
2025-07-18 16:10:47,627 [INFO] ThirdParty:1030 - CMSIS Pack Vendor :STMicroelectronics X-CUBE-MEMS1 11.3.0
2025-07-18 16:10:47,627 [INFO] ThirdParty:1030 - CMSIS Pack Vendor :STMicroelectronics FP-SNS-MOTENV1 5.0.0
2025-07-18 16:10:47,627 [INFO] ThirdParty:1030 - CMSIS Pack Vendor :STMicroelectronics USB_DEVICE 1.0.0
2025-07-18 16:10:47,627 [INFO] ThirdParty:1030 - CMSIS Pack Vendor :STMicroelectronics X-CUBE-AZRTOS-L4 2.0.0
2025-07-18 16:10:47,627 [INFO] ThirdParty:1030 - CMSIS Pack Vendor :STMicroelectronics ThreadX 0.0.2
2025-07-18 16:10:47,627 [INFO] ThirdParty:1030 - CMSIS Pack Vendor :WES I-CUBE-Cesium 1.3.0
2025-07-18 16:10:47,627 [INFO] ThirdParty:1030 - CMSIS Pack Vendor :STMicroelectronics lwIP 2.1.2
2025-07-18 16:10:47,627 [INFO] ThirdParty:1030 - CMSIS Pack Vendor :STMicroelectronics X-CUBE-SFXS2LP1 4.0.0
2025-07-18 16:10:47,627 [INFO] ThirdParty:1030 - CMSIS Pack Vendor :STMicroelectronics X-CUBE-BLE2 3.3.0
2025-07-18 16:10:47,627 [INFO] ThirdParty:1030 - CMSIS Pack Vendor :STMicroelectronics X-CUBE-TOF1 3.4.3
2025-07-18 16:10:47,627 [INFO] ThirdParty:1030 - CMSIS Pack Vendor :STMicroelectronics PDM2PCM 3.2.0
2025-07-18 16:10:47,628 [INFO] ThirdParty:841 - exiting critical section [change project]
2025-07-18 16:10:57,846 [INFO] PinOutPanel:1589 - setPackage(No Configuration,No Configuration)
2025-07-18 16:10:57,870 [INFO] PinOutPanel:1589 - setPackage(STM32F446RETx,LQFP64)
2025-07-18 16:11:05,596 [INFO] UtilMem:75 - Before build in PCC Used Memory: 207869712 Bytes (272629760)
2025-07-18 16:11:22,851 [INFO] UtilMem:75 - After build in PCC Used Memory: 219182920 Bytes (283115520)
2025-07-18 16:11:24,155 [INFO] IPUIPlugin:80 - create IPUIPlugin
2025-07-18 16:11:24,158 [INFO] IPUIPlugin:80 - create IPUIPlugin
2025-07-18 16:11:24,158 [INFO] IPUIPlugin:80 - create IPUIPlugin
2025-07-18 16:11:24,159 [INFO] IPUIPlugin:80 - create IPUIPlugin
2025-07-18 16:11:24,159 [INFO] IPUIPlugin:80 - create IPUIPlugin
2025-07-18 16:11:24,163 [INFO] IPUIPlugin:80 - create IPUIPlugin
2025-07-18 16:11:24,164 [INFO] IPUIPlugin:80 - create IPUIPlugin
2025-07-18 16:11:24,166 [INFO] IPUIPlugin:80 - create IPUIPlugin
2025-07-18 16:11:24,167 [INFO] IPUIPlugin:80 - create IPUIPlugin
2025-07-18 16:11:24,168 [INFO] IPUIPlugin:80 - create IPUIPlugin
2025-07-18 16:11:24,245 [INFO] IPUIPlugin:80 - create IPUIPlugin
2025-07-18 16:11:24,245 [INFO] IPUIPlugin:80 - create IPUIPlugin
2025-07-18 16:11:24,245 [INFO] IPUIPlugin:80 - create IPUIPlugin
2025-07-18 16:11:24,281 [INFO] IPUIPlugin:80 - create IPUIPlugin
2025-07-18 16:11:24,282 [INFO] IPUIPlugin:80 - create IPUIPlugin
2025-07-18 16:11:24,323 [INFO] IPUIPlugin:80 - create IPUIPlugin
2025-07-18 16:11:24,323 [INFO] IPUIPlugin:80 - create IPUIPlugin
2025-07-18 16:11:24,323 [INFO] IPUIPlugin:80 - create IPUIPlugin
2025-07-18 16:11:24,323 [INFO] IPUIPlugin:80 - create IPUIPlugin
2025-07-18 16:11:24,323 [INFO] IPUIPlugin:80 - create IPUIPlugin
2025-07-18 16:11:24,323 [INFO] IPUIPlugin:80 - create IPUIPlugin
2025-07-18 16:11:24,339 [INFO] IPUIPlugin:80 - create IPUIPlugin
2025-07-18 16:11:24,339 [INFO] IPUIPlugin:80 - create IPUIPlugin
2025-07-18 16:11:24,339 [INFO] IPUIPlugin:80 - create IPUIPlugin
2025-07-18 16:11:24,339 [INFO] IPUIPlugin:80 - create IPUIPlugin
2025-07-18 16:11:24,339 [INFO] IPUIPlugin:80 - create IPUIPlugin
2025-07-18 16:11:24,339 [INFO] IPUIPlugin:80 - create IPUIPlugin
2025-07-18 16:11:24,339 [INFO] IPUIPlugin:80 - create IPUIPlugin
2025-07-18 16:11:24,354 [INFO] IPUIPlugin:80 - create IPUIPlugin
2025-07-18 16:11:24,354 [INFO] IPUIPlugin:80 - create IPUIPlugin
2025-07-18 16:11:24,354 [INFO] IPUIPlugin:80 - create IPUIPlugin
2025-07-18 16:11:24,370 [INFO] IPUIPlugin:80 - create IPUIPlugin
2025-07-18 16:11:24,370 [INFO] IPUIPlugin:80 - create IPUIPlugin
2025-07-18 16:11:24,452 [INFO] IPUIPlugin:80 - create IPUIPlugin
2025-07-18 16:11:24,455 [INFO] IPUIPlugin:80 - create IPUIPlugin
2025-07-18 16:11:24,457 [INFO] IPUIPlugin:80 - create IPUIPlugin
2025-07-18 16:11:24,459 [INFO] IPUIPlugin:80 - create IPUIPlugin
2025-07-18 16:11:24,463 [INFO] IPUIPlugin:80 - create IPUIPlugin
2025-07-18 16:11:24,465 [INFO] IPUIPlugin:80 - create IPUIPlugin
2025-07-18 16:11:24,468 [INFO] IPUIPlugin:80 - create IPUIPlugin
2025-07-18 16:11:24,470 [INFO] IPUIPlugin:80 - create IPUIPlugin
2025-07-18 16:11:24,472 [INFO] IPUIPlugin:80 - create IPUIPlugin
2025-07-18 16:11:24,474 [INFO] IPUIPlugin:80 - create IPUIPlugin
2025-07-18 16:11:24,477 [INFO] IPUIPlugin:80 - create IPUIPlugin
2025-07-18 16:11:24,482 [INFO] IPUIPlugin:80 - create IPUIPlugin
2025-07-18 16:11:24,485 [INFO] IPUIPlugin:80 - create IPUIPlugin
2025-07-18 16:11:24,487 [INFO] IPUIPlugin:80 - create IPUIPlugin
2025-07-18 16:11:24,589 [INFO] IPUIPlugin:80 - create IPUIPlugin
2025-07-18 16:11:24,605 [INFO] IPUIPlugin:80 - create IPUIPlugin
2025-07-18 16:11:24,605 [INFO] IPUIPlugin:80 - create IPUIPlugin
2025-07-18 16:11:24,605 [INFO] IPUIPlugin:80 - create IPUIPlugin
2025-07-18 16:11:24,605 [INFO] IPUIPlugin:80 - create IPUIPlugin
2025-07-18 16:11:24,605 [INFO] IPUIPlugin:80 - create IPUIPlugin
2025-07-18 16:11:24,621 [INFO] IPUIPlugin:80 - create IPUIPlugin
2025-07-18 16:11:24,621 [INFO] IPUIPlugin:80 - create IPUIPlugin
2025-07-18 16:11:24,621 [INFO] IPUIPlugin:80 - create IPUIPlugin
2025-07-18 16:11:24,621 [INFO] IPUIPlugin:80 - create IPUIPlugin
2025-07-18 16:11:24,621 [INFO] IPUIPlugin:80 - create IPUIPlugin
2025-07-18 16:11:24,668 [INFO] IPUIPlugin:80 - create IPUIPlugin
2025-07-18 16:11:24,683 [INFO] IPUIPlugin:80 - create IPUIPlugin
2025-07-18 16:11:25,182 [INFO] ApiDbMcu:532 - Load IP Config File for PDM2PCM
2025-07-18 16:11:25,307 [WARN] IP:2250 - I2C_Coeff_DF not found: check if there is a RefParameter without a condition.
2025-07-18 16:11:25,322 [WARN] IP:2250 - Analog_Filter not found: check if there is a RefParameter without a condition.
2025-07-18 16:11:27,739 [INFO] CADModel:165 - CPN selected for project levelSTM32F446RET6
2025-07-18 16:11:27,739 [INFO] CADModel:114 - Register for checkConnection events
2025-07-18 16:11:52,164 [INFO] OpenFileManager:386 - Restore cursor
2025-07-18 16:11:53,841 [WARN] IP:2250 - I2C_Coeff_DF not found: check if there is a RefParameter without a condition.
2025-07-18 16:11:53,842 [WARN] IP:2250 - Analog_Filter not found: check if there is a RefParameter without a condition.
2025-07-18 16:11:53,845 [WARN] IP:2250 - I2C_Coeff_DF not found: check if there is a RefParameter without a condition.
2025-07-18 16:11:53,846 [WARN] IP:2250 - Analog_Filter not found: check if there is a RefParameter without a condition.
2025-07-18 16:12:05,263 [INFO] LogOutputStream:77 - [STDOUT_REDIRECT] 
2025-07-18 16:12:11,060 [INFO] McuFinderGlobals:63 - Set McuFinder mode to 2 (CubeIDE integrated)
2025-07-18 16:12:11,065 [INFO] UserAuth:487 - Internet connection configuration mode: 1
2025-07-18 16:12:11,148 [INFO] JxBrowserEngine:152 - Initiate JxBrowser Engine with user profile folder
2025-07-18 16:12:16,574 [INFO] WebApp:169 - Instantiating new browser for Auth
2025-07-18 16:12:23,339 [INFO] WebApp:463 - Apply proxy settings
2025-07-18 16:12:23,341 [INFO] WebApp:548 - Chromium requires no authentication
2025-07-18 16:12:23,400 [INFO] WebApp:491 - Direct internet connection detected
2025-07-18 16:12:23,618 [INFO] WebApp:900 - Register for checkConnection events
2025-07-18 16:12:23,619 [INFO] WebApp:463 - Apply proxy settings
2025-07-18 16:12:23,620 [INFO] WebApp:548 - Chromium requires no authentication
2025-07-18 16:12:23,622 [INFO] WebApp:491 - Direct internet connection detected
2025-07-18 16:12:25,305 [INFO] WebApp:191 - Connection restablished
2025-07-18 16:12:26,122 [INFO] WebApp:225 - Starting web application
2025-07-18 16:12:26,123 [INFO] WebApp:593 - Web application path used C:\ST\STM32CubeIDE_1.18.1\STM32CubeIDE\plugins\com.st.stm32cube.common.mx_6.15.0.202507011659\db\plugins\mcufinder\reactClient1\index.html
2025-07-18 16:12:27,931 [INFO] UserAuth:487 - Internet connection configuration mode: 1
2025-07-18 16:18:32,093 [ERROR] LogOutputStream:75 - [STDERR_REDIRECT] 
2025-07-18 16:18:32,095 [ERROR] LogOutputStream:75 - [STDERR_REDIRECT] 
2025-07-18 16:18:50,261 [INFO] Activator:176 - 


2025-07-18 16:18:50,263 [INFO] Activator:177 - !SESSION log4j initialized
2025-07-18 16:18:58,315 [INFO] LogOutputStream:77 - [STDOUT_REDIRECT] 
2025-07-18 16:19:01,097 [INFO] ApplicationProperties:184 - Using Application install path: C:\ST\STM32CubeIDE_1.18.1\STM32CubeIDE\plugins\com.st.stm32cube.common.mx_6.15.0.202507011659
2025-07-18 16:19:01,111 [INFO] DbMcusXml:78 - Set database path to: C:\ST\STM32CubeIDE_1.18.1\STM32CubeIDE\plugins\com.st.stm32cube.common.mx_6.15.0.202507011659\\db\/mcu/
2025-07-18 16:19:01,111 [INFO] ApiDb:274 - Set plugin database path to: C:\ST\STM32CubeIDE_1.18.1\STM32CubeIDE\plugins\com.st.stm32cube.common.mx_6.15.0.202507011659\\db\/plugins/boardmanager/
2025-07-18 16:19:01,111 [WARN] ApiDb:259 - Overriding images path with different value:  => C:\ST\STM32CubeIDE_1.18.1\STM32CubeIDE\plugins\com.st.stm32cube.common.mx_6.15.0.202507011659\\db\/plugins/mcufinder/images/
2025-07-18 16:19:01,117 [INFO] ApiDb:250 - Set database path to: C:\Users\aliya\.stmcufinder\plugins\mcufinder//mcu/
2025-07-18 16:19:01,119 [INFO] DbMcusAds:125 - Set database path to: C:\Users\aliya\.stmcufinder\plugins\mcufinder//mcu/
2025-07-18 16:19:01,123 [INFO] CrossReferenceDbSqlite:203 - Set database path to: C:\Users\aliya\.stmcufinder\plugins\mcufinder//mcu/cs/
2025-07-18 16:19:01,327 [INFO] RulesReader:64 - Compatibility file has been processed (317 Rules)
2025-07-18 16:19:01,426 [INFO] DbMcusXml:78 - Set database path to: C:\ST\STM32CubeIDE_1.18.1\STM32CubeIDE\plugins\com.st.stm32cube.common.mx_6.15.0.202507011659\\db\/mcu/
2025-07-18 16:19:01,426 [INFO] ApiDb:274 - Set plugin database path to: C:\ST\STM32CubeIDE_1.18.1\STM32CubeIDE\plugins\com.st.stm32cube.common.mx_6.15.0.202507011659\\db\/plugins/boardmanager/
2025-07-18 16:19:01,426 [INFO] ApiDb:261 - Set plugin images path to: C:\ST\STM32CubeIDE_1.18.1\STM32CubeIDE\plugins\com.st.stm32cube.common.mx_6.15.0.202507011659\\db\/plugins/mcufinder/images/
2025-07-18 16:19:01,426 [WARN] DbFile:41 - Overriding database path with different value: C:\Users\aliya\.stmcufinder\plugins\mcufinder/ => C:\Users\aliya\.stmcufinder\plugins\mcufinder
2025-07-18 16:19:01,426 [INFO] ApiDb:250 - Set database path to: C:\Users\aliya\.stmcufinder\plugins\mcufinder//mcu/
2025-07-18 16:19:01,427 [WARN] DbFile:41 - Overriding database path with different value: C:\Users\aliya\.stmcufinder\plugins\mcufinder/ => C:\Users\aliya\.stmcufinder\plugins\mcufinder
2025-07-18 16:19:01,427 [INFO] DbMcusAds:125 - Set database path to: C:\Users\aliya\.stmcufinder\plugins\mcufinder//mcu/
2025-07-18 16:19:01,428 [WARN] DbFile:41 - Overriding database path with different value: C:\Users\aliya\.stmcufinder\plugins\mcufinder/ => C:\Users\aliya\.stmcufinder\plugins\mcufinder
2025-07-18 16:19:01,428 [WARN] DbFile:41 - Overriding database path with different value: C:\Users\aliya\.stmcufinder\plugins\mcufinder/ => C:\Users\aliya\.stmcufinder\plugins\mcufinder
2025-07-18 16:19:01,428 [INFO] CrossReferenceDbSqlite:203 - Set database path to: C:\Users\aliya\.stmcufinder\plugins\mcufinder//mcu/cs/
2025-07-18 16:19:01,537 [INFO] MainPanel:274 - HeapMemory: 276824064
2025-07-18 16:19:01,632 [INFO] DbMcusXml:78 - Set database path to: C:\ST\STM32CubeIDE_1.18.1\STM32CubeIDE\plugins\com.st.stm32cube.common.mx_6.15.0.202507011659\\db\/mcu/
2025-07-18 16:19:01,632 [INFO] ApiDb:274 - Set plugin database path to: C:\ST\STM32CubeIDE_1.18.1\STM32CubeIDE\plugins\com.st.stm32cube.common.mx_6.15.0.202507011659\\db\/plugins/boardmanager/
2025-07-18 16:19:01,633 [INFO] ApiDb:261 - Set plugin images path to: C:\ST\STM32CubeIDE_1.18.1\STM32CubeIDE\plugins\com.st.stm32cube.common.mx_6.15.0.202507011659\\db\/plugins/mcufinder/images/
2025-07-18 16:19:01,633 [WARN] DbFile:41 - Overriding database path with different value: C:\Users\aliya\.stmcufinder\plugins\mcufinder/ => C:\Users\aliya\.stmcufinder\plugins\mcufinder
2025-07-18 16:19:01,633 [INFO] ApiDb:250 - Set database path to: C:\Users\aliya\.stmcufinder\plugins\mcufinder//mcu/
2025-07-18 16:19:01,633 [WARN] DbFile:41 - Overriding database path with different value: C:\Users\aliya\.stmcufinder\plugins\mcufinder/ => C:\Users\aliya\.stmcufinder\plugins\mcufinder
2025-07-18 16:19:01,633 [INFO] DbMcusAds:125 - Set database path to: C:\Users\aliya\.stmcufinder\plugins\mcufinder//mcu/
2025-07-18 16:19:01,633 [WARN] DbFile:41 - Overriding database path with different value: C:\Users\aliya\.stmcufinder\plugins\mcufinder/ => C:\Users\aliya\.stmcufinder\plugins\mcufinder
2025-07-18 16:19:01,633 [WARN] DbFile:41 - Overriding database path with different value: C:\Users\aliya\.stmcufinder\plugins\mcufinder/ => C:\Users\aliya\.stmcufinder\plugins\mcufinder
2025-07-18 16:19:01,633 [INFO] CrossReferenceDbSqlite:203 - Set database path to: C:\Users\aliya\.stmcufinder\plugins\mcufinder//mcu/cs/
2025-07-18 16:19:01,648 [INFO] ApplicationProperties:184 - Using Application install path: C:\ST\STM32CubeIDE_1.18.1\STM32CubeIDE\plugins\com.st.stm32cube.common.mx_6.15.0.202507011659
2025-07-18 16:19:01,649 [INFO] PluginManage:196 - Search for loadable plugins [exclusion list=, ]
2025-07-18 16:19:01,650 [INFO] PluginManage:310 - Check plugin analytics
2025-07-18 16:19:02,039 [INFO] AnalyticsPlugin:253 - Accepted Software Licenses: 
2025-07-18 16:19:02,039 [INFO] AnalyticsPlugin:255 - Accepted CMSIS Pack Licenses: 
2025-07-18 16:19:02,039 [INFO] AnalyticsPlugin:257 - Accepted Firmware Licenses: 
2025-07-18 16:19:02,046 [INFO] PluginManage:359 - Loaded plugin analytics (category:tool,tabindex:-1)
2025-07-18 16:19:02,046 [INFO] PluginManage:310 - Check plugin cadmodel
2025-07-18 16:19:02,051 [INFO] CADModel:105 - Init CAD model plugin
2025-07-18 16:19:02,052 [INFO] PluginManage:359 - Loaded plugin cadmodel (category:power,tabindex:5)
2025-07-18 16:19:02,052 [INFO] PluginManage:310 - Check plugin clock
2025-07-18 16:19:02,060 [INFO] PluginManage:359 - Loaded plugin clock (category:base,tabindex:2)
2025-07-18 16:19:02,060 [INFO] PluginManage:310 - Check plugin ddr
2025-07-18 16:19:02,062 [INFO] PluginManage:359 - Loaded plugin ddr (category:tool,tabindex:6)
2025-07-18 16:19:02,062 [INFO] PluginManage:310 - Check plugin filemanager
2025-07-18 16:19:02,226 [INFO] PluginManage:359 - Loaded plugin filemanager (category:base,tabindex:10)
2025-07-18 16:19:02,227 [INFO] PluginManage:310 - Check plugin ipmanager
2025-07-18 16:19:02,233 [INFO] PluginManage:359 - Loaded plugin ipmanager (category:base,tabindex:5)
2025-07-18 16:19:02,233 [INFO] PluginManage:310 - Check plugin lpbam
2025-07-18 16:19:02,239 [INFO] PluginManage:359 - Loaded plugin lpbam (category:base,tabindex:0)
2025-07-18 16:19:02,239 [INFO] PluginManage:310 - Check plugin memorymap
2025-07-18 16:19:02,248 [INFO] PluginManage:359 - Loaded plugin memorymap (category:base,tabindex:4)
2025-07-18 16:19:02,249 [INFO] PluginManage:310 - Check plugin pinoutandconfiguration
2025-07-18 16:19:02,255 [INFO] PluginManage:359 - Loaded plugin pinoutandconfiguration (category:base,tabindex:1)
2025-07-18 16:19:02,255 [INFO] PluginManage:310 - Check plugin pinoutconfig
2025-07-18 16:19:02,331 [WARN] SupportedApi:132 - Cannot load RTOS API schema: s4s-elt-must-match.1: The content of 'definitions' must match (annotation?, (simpleType | complexType)?, (unique | key | keyref)*)). A problem was found starting at: attribute.
2025-07-18 16:19:02,499 [INFO] PluginManage:359 - Loaded plugin pinoutconfig (category:base,tabindex:0)
2025-07-18 16:19:02,500 [INFO] PluginManage:310 - Check plugin power
2025-07-18 16:19:02,507 [INFO] PluginManage:359 - Loaded plugin power (category:power,tabindex:4)
2025-07-18 16:19:02,507 [INFO] PluginManage:310 - Check plugin projectmanager
2025-07-18 16:19:02,532 [INFO] PluginManage:359 - Loaded plugin projectmanager (category:projectmanager,tabindex:4)
2025-07-18 16:19:02,532 [INFO] PluginManage:310 - Check plugin rif
2025-07-18 16:19:02,540 [INFO] PluginManage:359 - Loaded plugin rif (category:base,tabindex:3)
2025-07-18 16:19:02,540 [INFO] PluginManage:310 - Check plugin thirdparty
2025-07-18 16:19:02,762 [INFO] PluginManage:359 - Loaded plugin thirdparty (category:base,tabindex:-1)
2025-07-18 16:19:02,762 [WARN] IntegrityCheckThread:84 - waiting for thirdparty lock release [integrity check]
2025-07-18 16:19:02,763 [INFO] PluginManage:310 - Check plugin tools
2025-07-18 16:19:02,763 [INFO] IntegrityCheckThread:86 - entering critical section [integrity check]
2025-07-18 16:19:02,764 [INFO] ThirdPartyUpdaterWithRetryManager:70 - Updater plugin not ready yet. [1/15]
2025-07-18 16:19:02,769 [INFO] PluginManage:359 - Loaded plugin tools (category:base,tabindex:7)
2025-07-18 16:19:02,770 [INFO] PluginManage:310 - Check plugin tutovideos
2025-07-18 16:19:02,947 [INFO] PluginManage:359 - Loaded plugin tutovideos (category:base,tabindex:-1)
2025-07-18 16:19:02,947 [INFO] PluginManage:310 - Check plugin updater
2025-07-18 16:19:02,968 [INFO] PluginManage:359 - Loaded plugin updater (category:base,tabindex:12)
2025-07-18 16:19:02,968 [INFO] PluginManage:310 - Check plugin userauth
2025-07-18 16:19:02,972 [INFO] UserAuth:118 - Init User Auth plugin
2025-07-18 16:19:02,973 [INFO] PluginManage:359 - Loaded plugin userauth (category:base,tabindex:14)
2025-07-18 16:19:02,973 [INFO] PluginManage:283 - PluginManage : Loaded plugins [18]
2025-07-18 16:19:03,165 [INFO] PinOutPanel:1589 - setPackage(No Configuration,No Configuration)
2025-07-18 16:19:03,242 [INFO] CADModel:165 - CPN selected for project level
2025-07-18 16:19:03,243 [INFO] CADModel:114 - Register for checkConnection events
2025-07-18 16:19:03,258 [INFO] IPUIPlugin:80 - create IPUIPlugin
2025-07-18 16:19:03,259 [INFO] PluginManager:220 - loadIPPluginJar : add adc
2025-07-18 16:19:03,262 [INFO] IPUIPlugin:80 - create IPUIPlugin
2025-07-18 16:19:03,262 [INFO] PluginManager:220 - loadIPPluginJar : add aes
2025-07-18 16:19:03,264 [INFO] IPUIPlugin:80 - create IPUIPlugin
2025-07-18 16:19:03,265 [INFO] PluginManager:220 - loadIPPluginJar : add can
2025-07-18 16:19:03,266 [INFO] IPUIPlugin:80 - create IPUIPlugin
2025-07-18 16:19:03,266 [INFO] PluginManager:220 - loadIPPluginJar : add comp
2025-07-18 16:19:03,268 [INFO] IPUIPlugin:80 - create IPUIPlugin
2025-07-18 16:19:03,268 [INFO] PluginManager:220 - loadIPPluginJar : add cryp
2025-07-18 16:19:03,271 [INFO] IPUIPlugin:80 - create IPUIPlugin
2025-07-18 16:19:03,272 [INFO] PluginManager:220 - loadIPPluginJar : add ddr_ctrl_phy
2025-07-18 16:19:03,274 [INFO] IPUIPlugin:80 - create IPUIPlugin
2025-07-18 16:19:03,274 [INFO] PluginManager:220 - loadIPPluginJar : add dfsdm
2025-07-18 16:19:03,279 [INFO] IPUIPlugin:80 - create IPUIPlugin
2025-07-18 16:19:03,280 [INFO] PluginManager:220 - loadIPPluginJar : add dma
2025-07-18 16:19:03,282 [INFO] IPUIPlugin:80 - create IPUIPlugin
2025-07-18 16:19:03,282 [INFO] PluginManager:220 - loadIPPluginJar : add dma3
2025-07-18 16:19:03,285 [INFO] IPUIPlugin:80 - create IPUIPlugin
2025-07-18 16:19:03,285 [INFO] PluginManager:220 - loadIPPluginJar : add extmemmanager
2025-07-18 16:19:03,286 [INFO] IPUIPlugin:80 - create IPUIPlugin
2025-07-18 16:19:03,287 [INFO] PluginManager:220 - loadIPPluginJar : add fatfs
2025-07-18 16:19:03,291 [INFO] IPUIPlugin:80 - create IPUIPlugin
2025-07-18 16:19:03,291 [INFO] PluginManager:220 - loadIPPluginJar : add fmc
2025-07-18 16:19:03,297 [INFO] IPUIPlugin:80 - create IPUIPlugin
2025-07-18 16:19:03,297 [INFO] PluginManager:220 - loadIPPluginJar : add freertos
2025-07-18 16:19:03,299 [INFO] IPUIPlugin:80 - create IPUIPlugin
2025-07-18 16:19:03,300 [INFO] PluginManager:220 - loadIPPluginJar : add genericplugin
2025-07-18 16:19:03,301 [INFO] IPUIPlugin:80 - create IPUIPlugin
2025-07-18 16:19:03,302 [INFO] PluginManager:220 - loadIPPluginJar : add gfxmmu
2025-07-18 16:19:03,306 [INFO] IPUIPlugin:80 - create IPUIPlugin
2025-07-18 16:19:03,306 [INFO] PluginManager:220 - loadIPPluginJar : add gic
2025-07-18 16:19:03,310 [INFO] IPUIPlugin:80 - create IPUIPlugin
2025-07-18 16:19:03,310 [INFO] PluginManager:220 - loadIPPluginJar : add gpio
2025-07-18 16:19:03,313 [INFO] IPUIPlugin:80 - create IPUIPlugin
2025-07-18 16:19:03,313 [INFO] PluginManager:220 - loadIPPluginJar : add gtzc
2025-07-18 16:19:03,316 [INFO] IPUIPlugin:80 - create IPUIPlugin
2025-07-18 16:19:03,316 [INFO] PluginManager:220 - loadIPPluginJar : add hash
2025-07-18 16:19:03,318 [INFO] IPUIPlugin:80 - create IPUIPlugin
2025-07-18 16:19:03,319 [INFO] PluginManager:220 - loadIPPluginJar : add i2c
2025-07-18 16:19:03,321 [INFO] IPUIPlugin:80 - create IPUIPlugin
2025-07-18 16:19:03,321 [INFO] PluginManager:220 - loadIPPluginJar : add i2s
2025-07-18 16:19:03,323 [INFO] IPUIPlugin:80 - create IPUIPlugin
2025-07-18 16:19:03,324 [INFO] PluginManager:220 - loadIPPluginJar : add i3c
2025-07-18 16:19:03,326 [INFO] IPUIPlugin:80 - create IPUIPlugin
2025-07-18 16:19:03,326 [INFO] PluginManager:220 - loadIPPluginJar : add ipddr
2025-07-18 16:19:03,332 [INFO] IPUIPlugin:80 - create IPUIPlugin
2025-07-18 16:19:03,332 [INFO] PluginManager:220 - loadIPPluginJar : add linkedlist
2025-07-18 16:19:03,335 [INFO] IPUIPlugin:80 - create IPUIPlugin
2025-07-18 16:19:03,335 [INFO] PluginManager:220 - loadIPPluginJar : add lorawan
2025-07-18 16:19:03,336 [INFO] IPUIPlugin:80 - create IPUIPlugin
2025-07-18 16:19:03,336 [INFO] PluginManager:220 - loadIPPluginJar : add ltdc
2025-07-18 16:19:03,341 [INFO] IPUIPlugin:80 - create IPUIPlugin
2025-07-18 16:19:03,341 [INFO] PluginManager:220 - loadIPPluginJar : add mdma
2025-07-18 16:19:03,346 [INFO] IPUIPlugin:80 - create IPUIPlugin
2025-07-18 16:19:03,346 [INFO] PluginManager:220 - loadIPPluginJar : add nvic
2025-07-18 16:19:03,348 [INFO] IPUIPlugin:80 - create IPUIPlugin
2025-07-18 16:19:03,348 [INFO] PluginManager:220 - loadIPPluginJar : add opamp
2025-07-18 16:19:03,351 [INFO] IPUIPlugin:80 - create IPUIPlugin
2025-07-18 16:19:03,351 [INFO] PluginManager:220 - loadIPPluginJar : add openamp
2025-07-18 16:19:03,354 [INFO] IPUIPlugin:80 - create IPUIPlugin
2025-07-18 16:19:03,354 [INFO] PluginManager:220 - loadIPPluginJar : add pdm2pcm
2025-07-18 16:19:03,360 [INFO] IPUIPlugin:80 - create IPUIPlugin
2025-07-18 16:19:03,362 [INFO] PluginManager:220 - loadIPPluginJar : add plateformsettings
2025-07-18 16:19:03,364 [INFO] IPUIPlugin:80 - create IPUIPlugin
2025-07-18 16:19:03,364 [INFO] PluginManager:220 - loadIPPluginJar : add quadspi
2025-07-18 16:19:03,366 [INFO] IPUIPlugin:80 - create IPUIPlugin
2025-07-18 16:19:03,367 [INFO] PluginManager:220 - loadIPPluginJar : add radio
2025-07-18 16:19:03,369 [INFO] IPUIPlugin:80 - create IPUIPlugin
2025-07-18 16:19:03,369 [INFO] PluginManager:220 - loadIPPluginJar : add resmgrutility
2025-07-18 16:19:03,372 [INFO] IPUIPlugin:80 - create IPUIPlugin
2025-07-18 16:19:03,373 [INFO] PluginManager:220 - loadIPPluginJar : add sai
2025-07-18 16:19:03,375 [INFO] IPUIPlugin:80 - create IPUIPlugin
2025-07-18 16:19:03,375 [INFO] PluginManager:220 - loadIPPluginJar : add spi
2025-07-18 16:19:03,381 [INFO] IPUIPlugin:80 - create IPUIPlugin
2025-07-18 16:19:03,381 [INFO] PluginManager:220 - loadIPPluginJar : add stm32_wpan
2025-07-18 16:19:03,383 [INFO] IPUIPlugin:80 - create IPUIPlugin
2025-07-18 16:19:03,383 [INFO] PluginManager:220 - loadIPPluginJar : add tim
2025-07-18 16:19:03,386 [INFO] IPUIPlugin:80 - create IPUIPlugin
2025-07-18 16:19:03,386 [INFO] PluginManager:220 - loadIPPluginJar : add touchsensing
2025-07-18 16:19:03,388 [INFO] IPUIPlugin:80 - create IPUIPlugin
2025-07-18 16:19:03,388 [INFO] PluginManager:220 - loadIPPluginJar : add tracer_emb
2025-07-18 16:19:03,390 [INFO] IPUIPlugin:80 - create IPUIPlugin
2025-07-18 16:19:03,390 [INFO] PluginManager:220 - loadIPPluginJar : add ts
2025-07-18 16:19:03,391 [INFO] IPUIPlugin:80 - create IPUIPlugin
2025-07-18 16:19:03,392 [INFO] PluginManager:220 - loadIPPluginJar : add tsc
2025-07-18 16:19:03,393 [INFO] IPUIPlugin:80 - create IPUIPlugin
2025-07-18 16:19:03,393 [INFO] PluginManager:220 - loadIPPluginJar : add ucpd
2025-07-18 16:19:03,398 [INFO] IPUIPlugin:80 - create IPUIPlugin
2025-07-18 16:19:03,398 [INFO] PluginManager:220 - loadIPPluginJar : add usart
2025-07-18 16:19:03,401 [INFO] IPUIPlugin:80 - create IPUIPlugin
2025-07-18 16:19:03,401 [INFO] PluginManager:220 - loadIPPluginJar : add usbx
2025-07-18 16:19:03,559 [FATAL] Updater:351 - Updater called before beeing initialized
2025-07-18 16:19:03,614 [INFO] RulesReader:64 - Compatibility file has been processed (317 Rules)
2025-07-18 16:19:03,635 [INFO] RulesReader:64 - Compatibility file has been processed (317 Rules)
2025-07-18 16:19:03,645 [INFO] CADModel:165 - CPN selected for project level
2025-07-18 16:19:03,646 [INFO] CADModel:114 - Register for checkConnection events
2025-07-18 16:19:03,646 [FATAL] Updater:351 - Updater called before beeing initialized
2025-07-18 16:19:03,647 [ERROR] CADModel:125 - Updater not yet initialized, retry later 
2025-07-18 16:19:03,934 [FATAL] Updater:351 - Updater called before beeing initialized
2025-07-18 16:19:03,942 [INFO] CADModel:165 - CPN selected for project level
2025-07-18 16:19:03,943 [INFO] CADModel:114 - Register for checkConnection events
2025-07-18 16:19:03,943 [FATAL] Updater:351 - Updater called before beeing initialized
2025-07-18 16:19:03,944 [ERROR] CADModel:125 - Updater not yet initialized, retry later 
2025-07-18 16:19:03,955 [FATAL] Updater:351 - Updater called before beeing initialized
2025-07-18 16:19:04,335 [FATAL] Updater:351 - Updater called before beeing initialized
2025-07-18 16:19:04,338 [INFO] DbMcusAds:53 - JSON generation date=Tue Jul 08 11:14:27 TRT 2025 (1751962467633)
2025-07-18 16:19:04,338 [FATAL] Updater:351 - Updater called before beeing initialized
2025-07-18 16:19:04,370 [WARN] DetailPanel:346 - Failed to get advertising image, set to default
2025-07-18 16:19:04,447 [FATAL] Updater:351 - Updater called before beeing initialized
2025-07-18 16:19:04,448 [FATAL] Updater:351 - Updater called before beeing initialized
2025-07-18 16:19:04,448 [FATAL] Updater:351 - Updater called before beeing initialized
2025-07-18 16:19:04,448 [WARN] DetailPanel:346 - Failed to get advertising image, set to default
2025-07-18 16:19:04,449 [FATAL] Updater:351 - Updater called before beeing initialized
2025-07-18 16:19:04,489 [ERROR] Updater:1198 - MainUpdater not yet initialized. External WinMGr cannot be set.
2025-07-18 16:19:04,491 [INFO] Updater:1134 - Updater Version found : 6.15.0
2025-07-18 16:19:04,504 [INFO] ApplicationProperties:184 - Using Application install path: C:\ST\STM32CubeIDE_1.18.1\STM32CubeIDE\plugins\com.st.stm32cube.common.mx_6.15.0.202507011659
2025-07-18 16:19:05,767 [INFO] ThirdPartyUpdaterWithRetryManager:70 - Updater plugin not ready yet. [2/15]
2025-07-18 16:19:06,069 [ERROR] LogOutputStream:75 - [STDERR_REDIRECT] Jul 18, 2025 4:19:06 PM java.util.prefs.WindowsPreferences <init>
2025-07-18 16:19:06,070 [ERROR] LogOutputStream:75 - [STDERR_REDIRECT] WARNING: Could not open/create prefs root node Software\JavaSoft\Prefs at root 0xffffffff80000002. Windows RegCreateKeyEx(...) returned error code 5.
2025-07-18 16:19:06,070 [ERROR] LogOutputStream:75 - [STDERR_REDIRECT] 
2025-07-18 16:19:06,422 [INFO] MainUpdater:2872 - connection check result : 10
2025-07-18 16:19:06,422 [INFO] MainUpdater:289 - Updater Check For Update Now.
2025-07-18 16:19:06,422 [INFO] MicroXplorer:498 - Change Database Version : DB.6.0.150
2025-07-18 16:19:06,437 [INFO] McuFinderGlobals:63 - Set McuFinder mode to 2 (CubeIDE integrated)
2025-07-18 16:19:06,438 [INFO] UserAuth:487 - Internet connection configuration mode: 1
2025-07-18 16:19:06,483 [INFO] JxBrowserEngine:152 - Initiate JxBrowser Engine with user profile folder
2025-07-18 16:19:06,769 [INFO] CheckServerUpdateThread:120 - End of CheckServer Thread
2025-07-18 16:19:07,723 [INFO] WebApp:169 - Instantiating new browser for Auth
2025-07-18 16:19:08,930 [INFO] WebApp:463 - Apply proxy settings
2025-07-18 16:19:08,931 [INFO] WebApp:548 - Chromium requires no authentication
2025-07-18 16:19:08,965 [INFO] WebApp:491 - Direct internet connection detected
2025-07-18 16:19:09,055 [INFO] WebApp:900 - Register for checkConnection events
2025-07-18 16:19:09,057 [INFO] WebApp:463 - Apply proxy settings
2025-07-18 16:19:09,058 [INFO] WebApp:548 - Chromium requires no authentication
2025-07-18 16:19:09,058 [INFO] WebApp:491 - Direct internet connection detected
2025-07-18 16:19:09,486 [INFO] WebApp:191 - Connection restablished
2025-07-18 16:19:10,120 [WARN] PackLoader:240 - Cannot read IP mode file for STMicroelectronics.FP-SNS-MOTENVWB1.1.4.0
2025-07-18 16:19:10,196 [WARN] PackLoader:240 - Cannot read IP mode file for STMicroelectronics.FP-ATR-ASTRA1.2.0.2
2025-07-18 16:19:10,247 [WARN] PackLoader:240 - Cannot read IP mode file for STMicroelectronics.X-CUBE-SMBUS.2.1.0
2025-07-18 16:19:10,283 [WARN] PackLoader:240 - Cannot read IP mode file for STMicroelectronics.X-CUBE-ST60.1.0.0
2025-07-18 16:19:10,335 [INFO] WebApp:225 - Starting web application
2025-07-18 16:19:10,337 [INFO] WebApp:593 - Web application path used C:\ST\STM32CubeIDE_1.18.1\STM32CubeIDE\plugins\com.st.stm32cube.common.mx_6.15.0.202507011659\db\plugins\mcufinder\reactClient1\index.html
2025-07-18 16:19:10,535 [WARN] PackLoader:240 - Cannot read IP mode file for STMicroelectronics.X-CUBE-AZRTOS-F7.1.1.0
2025-07-18 16:19:10,777 [WARN] PackLoader:240 - Cannot read IP mode file for Infineon.AIROC-Wi-Fi-Bluetooth-STM32.1.7.0
2025-07-18 16:19:10,978 [WARN] PackLoader:240 - Cannot read IP mode file for STMicroelectronics.X-CUBE-AZRTOS-H7.3.4.0
2025-07-18 16:19:11,033 [WARN] PackLoader:240 - Cannot read IP mode file for STMicroelectronics.X-CUBE-DISPLAY.3.0.0
2025-07-18 16:19:11,108 [WARN] PackLoader:240 - Cannot read IP mode file for STMicroelectronics.X-CUBE-NFC10.1.0.0
2025-07-18 16:19:11,196 [WARN] PackLoader:240 - Cannot read IP mode file for STMicroelectronics.X-CUBE-BLEMGR.4.0.0
2025-07-18 16:19:11,237 [WARN] PackLoader:240 - Cannot read IP mode file for emotas.I-CUBE-CANOPEN.1.3.0
2025-07-18 16:19:11,254 [WARN] ConditionMgr:438 - getConditionDescription Invalid condition id : Cortex-A Device cause : null
2025-07-18 16:19:11,370 [WARN] ConditionMgr:1044 - genDependencies : Invalid condition id : Cortex-A Device cause : null
2025-07-18 16:19:11,371 [WARN] ConditionMgr:1044 - genDependencies : Invalid condition id : Cortex-A Device cause : null
2025-07-18 16:19:11,371 [WARN] ConditionMgr:1044 - genDependencies : Invalid condition id : Cortex-A Device cause : null
2025-07-18 16:19:11,395 [WARN] PackLoader:240 - Cannot read IP mode file for STMicroelectronics.FP-SNS-SMARTAG2.1.2.0
2025-07-18 16:19:11,421 [WARN] PackLoader:240 - Cannot read IP mode file for STMicroelectronics.FP-SNS-FLIGHT1.5.1.0
2025-07-18 16:19:11,480 [INFO] LogOutputStream:77 - [STDOUT_REDIRECT] 1 : Invalid condition id : UX_CORESTACK_Condition cause : null
2025-07-18 16:19:11,487 [INFO] LogOutputStream:77 - [STDOUT_REDIRECT] 1 : Invalid condition id : UX_CORESTACK_Condition cause : null
2025-07-18 16:19:11,505 [INFO] LogOutputStream:77 - [STDOUT_REDIRECT] 1 : Invalid condition id : UX_CORESTACK_Condition cause : null
2025-07-18 16:19:11,511 [INFO] LogOutputStream:77 - [STDOUT_REDIRECT] 1 : Invalid condition id : UX_CORESTACK_Condition cause : null
2025-07-18 16:19:11,516 [INFO] LogOutputStream:77 - [STDOUT_REDIRECT] 1 : Invalid condition id : UX_CORESTACK_Condition cause : null
2025-07-18 16:19:11,535 [WARN] PackLoader:240 - Cannot read IP mode file for STMicroelectronics.X-CUBE-AZRTOS-WL.2.0.0
2025-07-18 16:19:11,566 [WARN] PackLoader:240 - Cannot read IP mode file for STMicroelectronics.FP-SNS-MOTENV1.5.0.0
2025-07-18 16:19:11,610 [WARN] PackLoader:240 - Cannot read IP mode file for WES.I-CUBE-Cesium.1.3.0
2025-07-18 16:19:11,634 [WARN] PackLoader:240 - Cannot read IP mode file for STMicroelectronics.X-CUBE-BLE2.3.3.0
2025-07-18 16:19:11,669 [WARN] PackLoader:240 - Cannot read IP mode file for STMicroelectronics.X-CUBE-NFC9.1.0.0
2025-07-18 16:19:11,725 [WARN] PackLoader:240 - Cannot read IP mode file for wolfSSL.I-CUBE-wolfSSL.5.8.0
2025-07-18 16:19:11,753 [WARN] PackLoader:240 - Cannot read IP mode file for STMicroelectronics.X-CUBE-BLE1.7.1.0
2025-07-18 16:19:11,773 [WARN] PackLoader:240 - Cannot read IP mode file for wolfSSL.I-CUBE-wolfMQTT.1.19.2
2025-07-18 16:19:11,808 [WARN] PackLoader:240 - Cannot read IP mode file for STMicroelectronics.X-CUBE-EEPRMA1.5.2.0
2025-07-18 16:19:11,858 [INFO] UserAuth:487 - Internet connection configuration mode: 1
2025-07-18 16:19:11,852 [WARN] PackLoader:240 - Cannot read IP mode file for STMicroelectronics.X-CUBE-AI.10.1.0
2025-07-18 16:19:12,007 [WARN] PackLoader:240 - Cannot read IP mode file for STMicroelectronics.X-CUBE-AZRTOS-G0.1.1.0
2025-07-18 16:19:12,048 [WARN] PackLoader:240 - Cannot read IP mode file for STMicroelectronics.X-CUBE-SAFEA1.1.2.2
2025-07-18 16:19:12,077 [WARN] PackLoader:240 - Cannot read IP mode file for STMicroelectronics.X-CUBE-NFC4.3.0.0
2025-07-18 16:19:12,142 [WARN] PackLoader:240 - Cannot read IP mode file for EmbeddedOffice.I-CUBE-FS-RTOS.1.0.1
2025-07-18 16:19:12,169 [WARN] PackLoader:240 - Cannot read IP mode file for STMicroelectronics.X-CUBE-WB05N.2.0.0
2025-07-18 16:19:12,185 [WARN] PackLoader:240 - Cannot read IP mode file for wolfSSL.I-CUBE-wolfTPM.3.8.0
2025-07-18 16:19:12,213 [WARN] PackLoader:240 - Cannot read IP mode file for STMicroelectronics.X-CUBE-TCPP.4.2.0
2025-07-18 16:19:12,244 [WARN] PackLoader:240 - Cannot read IP mode file for RealThread.X-CUBE-RT-Thread_Nano.4.1.1
2025-07-18 16:19:12,264 [WARN] PackLoader:240 - Cannot read IP mode file for STMicroelectronics.FP-ATR-SIGFOX1.3.2.0
2025-07-18 16:19:12,296 [WARN] PackLoader:240 - Cannot read IP mode file for STMicroelectronics.X-CUBE-EEPRMA1.5.1.0
2025-07-18 16:19:12,335 [WARN] PackLoader:240 - Cannot read IP mode file for ITTIA_DB.I-CUBE-ITTIADB.8.9.0
2025-07-18 16:19:12,377 [WARN] PackLoader:240 - Cannot read IP mode file for STMicroelectronics.X-CUBE-ST67W61.1.0.0
2025-07-18 16:19:12,571 [WARN] PackLoader:240 - Cannot read IP mode file for SEGGER.I-CUBE-embOS.1.3.1
2025-07-18 16:19:12,832 [WARN] PackLoader:240 - Cannot read IP mode file for STMicroelectronics.X-CUBE-ALGOBUILD.1.4.0
2025-07-18 16:19:13,101 [WARN] PackLoader:240 - Cannot read IP mode file for STMicroelectronics.X-CUBE-MEMS1.11.3.0
2025-07-18 16:19:14,282 [WARN] PackLoader:240 - Cannot read IP mode file for STMicroelectronics.X-CUBE-PM33A1.1.0.0
2025-07-18 16:19:14,346 [WARN] PackLoader:240 - Cannot read IP mode file for STMicroelectronics.X-CUBE-AZRTOS-F4.1.1.0
2025-07-18 16:19:14,369 [WARN] PackLoader:240 - Cannot read IP mode file for Avnet-IotConnect.X-CUBE-IoTC-DA16k-PMOD.1.0.0
2025-07-18 16:19:14,380 [WARN] PackLoader:240 - Cannot read IP mode file for STMicroelectronics.X-CUBE-ISPU.2.1.0
2025-07-18 16:19:14,399 [WARN] PackLoader:240 - Cannot read IP mode file for STMicroelectronics.X-CUBE-NFC12.1.0.0
2025-07-18 16:19:14,485 [WARN] PackLoader:240 - Cannot read IP mode file for STMicroelectronics.X-CUBE-AZRTOS-L5.2.0.0
2025-07-18 16:19:14,518 [WARN] PackLoader:240 - Cannot read IP mode file for STMicroelectronics.X-CUBE-NFC6.3.1.0
2025-07-18 16:19:14,550 [WARN] PackLoader:240 - Cannot read IP mode file for STMicroelectronics.X-CUBE-FREERTOS.1.3.1
2025-07-18 16:19:14,572 [WARN] PackLoader:240 - Cannot read IP mode file for STMicroelectronics.FP-SNS-STAIOTCFT.1.0.0
2025-07-18 16:19:14,591 [WARN] PackLoader:240 - Cannot read IP mode file for STMicroelectronics.X-CUBE-DPower.1.3.0
2025-07-18 16:19:14,661 [WARN] ConditionMgr:438 - getConditionDescription Invalid condition id : LAN8742 Phy interface Condition cause : null
2025-07-18 16:19:14,663 [WARN] PackLoader:240 - Cannot read IP mode file for STMicroelectronics.X-CUBE-AZRTOS-L4.2.0.0
2025-07-18 16:19:14,669 [WARN] ConditionMgr:1044 - genDependencies : Invalid condition id : LAN8742 Phy interface Condition cause : null
2025-07-18 16:19:14,669 [WARN] ConditionMgr:1044 - genDependencies : Invalid condition id : LAN8742 Phy interface Condition cause : null
2025-07-18 16:19:14,670 [WARN] ConditionMgr:1044 - genDependencies : Invalid condition id : LAN8742 Phy interface Condition cause : null
2025-07-18 16:19:14,701 [WARN] PackLoader:240 - Cannot read IP mode file for STMicroelectronics.X-CUBE-SFXS2LP1.4.0.0
2025-07-18 16:19:14,788 [WARN] PackLoader:240 - Cannot read IP mode file for STMicroelectronics.X-CUBE-AZRTOS-H7.3.3.0
2025-07-18 16:19:14,864 [WARN] ConditionMgr:438 - getConditionDescription Invalid condition id : UX DEVICE CLASS RTOS Condition cause : null
2025-07-18 16:19:14,864 [WARN] ConditionMgr:438 - getConditionDescription Invalid condition id : UX DEVICE CLASS RTOS Condition cause : null
2025-07-18 16:19:14,880 [WARN] PackLoader:240 - Cannot read IP mode file for STMicroelectronics.X-CUBE-AZRTOS-WB.2.0.0
2025-07-18 16:19:14,887 [WARN] ConditionMgr:1044 - genDependencies : Invalid condition id : UX DEVICE CLASS RTOS Condition cause : null
2025-07-18 16:19:14,888 [WARN] ConditionMgr:1044 - genDependencies : Invalid condition id : UX DEVICE CLASS RTOS Condition cause : null
2025-07-18 16:19:14,889 [WARN] ConditionMgr:1044 - genDependencies : Invalid condition id : UX DEVICE CLASS RTOS Condition cause : null
2025-07-18 16:19:14,890 [WARN] ConditionMgr:1044 - genDependencies : Invalid condition id : UX DEVICE CLASS RTOS Condition cause : null
2025-07-18 16:19:14,891 [WARN] ConditionMgr:1044 - genDependencies : Invalid condition id : UX DEVICE CLASS RTOS Condition cause : null
2025-07-18 16:19:14,923 [WARN] PackLoader:240 - Cannot read IP mode file for STMicroelectronics.X-CUBE-GNSS1.7.0.1
2025-07-18 16:19:14,941 [WARN] PackLoader:240 - Cannot read IP mode file for STMicroelectronics.X-CUBE-TOUCHGFX.4.25.0
2025-07-18 16:19:14,964 [WARN] PackLoader:240 - Cannot read IP mode file for STMicroelectronics.FP-SNS-STBOX1.2.0.0
2025-07-18 16:19:15,024 [WARN] PackLoader:240 - Cannot read IP mode file for STMicroelectronics.X-CUBE-SUBG2.5.0.0
2025-07-18 16:19:15,121 [WARN] PackLoader:240 - Cannot read IP mode file for STMicroelectronics.X-CUBE-AZRTOS-H7RS.1.1.0
2025-07-18 16:19:15,149 [WARN] PackLoader:240 - Cannot read IP mode file for Cesanta.I-CUBE-Mongoose.7.13.0
2025-07-18 16:19:15,222 [WARN] PackLoader:240 - Cannot read IP mode file for STMicroelectronics.X-CUBE-AZRTOS-G4.2.0.0
2025-07-18 16:19:15,251 [WARN] PackLoader:240 - Cannot read IP mode file for wolfSSL.I-CUBE-wolfSSH.1.4.20
2025-07-18 16:19:15,267 [WARN] PackLoader:240 - Cannot read IP mode file for STMicroelectronics.X-CUBE-NFC7.2.0.0
2025-07-18 16:19:15,327 [WARN] PackLoader:240 - Cannot read IP mode file for STMicroelectronics.X-CUBE-IPS.3.1.0
2025-07-18 16:19:15,372 [WARN] PackLoader:240 - Cannot read IP mode file for STMicroelectronics.X-CUBE-ALS.1.0.2
2025-07-18 16:19:15,398 [WARN] PackLoader:240 - Cannot read IP mode file for portGmbH.I-Cube-SoM-uGOAL.1.1.0
2025-07-18 16:19:15,465 [WARN] PackLoader:240 - Cannot read IP mode file for STMicroelectronics.X-CUBE-TOF1.3.4.3
2025-07-18 16:19:15,528 [INFO] ThirdParty:978 - Integrity check success = true
2025-07-18 16:19:15,528 [INFO] IntegrityCheckThread:100 - exiting critical section [integrity check]
2025-07-18 16:19:15,528 [INFO] IntegrityCheckThread:103 - End integrity checks thread
2025-07-18 16:19:16,333 [INFO] McuFinderGlobals:63 - Set McuFinder mode to 2 (CubeIDE integrated)
2025-07-18 16:19:16,338 [INFO] MainUpdater:2872 - connection check result : 10
2025-07-18 16:19:16,339 [INFO] MainUpdater:2872 - connection check result : 10
2025-07-18 16:19:16,378 [INFO] MicroXplorer:468 - Change Database Path : 
2025-07-18 16:19:16,379 [INFO] MicroXplorer:498 - Change Database Version : DB.6.0.150
2025-07-18 16:19:16,396 [WARN] ThirdParty:871 - waiting for thirdparty lock release [close project]
2025-07-18 16:19:16,397 [INFO] ThirdParty:873 - entering critical section [close project]
2025-07-18 16:19:16,401 [INFO] ThirdParty:883 - exiting critical section [close project]
2025-07-18 16:19:16,411 [INFO] PinOutPanel:1589 - setPackage(No Configuration,No Configuration)
2025-07-18 16:19:16,420 [INFO] UtilMem:75 - Begin LoadConfig() Used Memory: 265896472 Bytes (314572800)
2025-07-18 16:19:16,428 [INFO] MicroXplorer:468 - Change Database Path : 
2025-07-18 16:19:16,429 [INFO] MicroXplorer:498 - Change Database Version : DB.6.0.150
2025-07-18 16:19:16,429 [INFO] OpenFileManager:355 - Change cursor
2025-07-18 16:19:16,524 [INFO] Mcu:2029 - Initializing MCU STM32F446R(C-E)Tx STM32F446RETx STM32F446RET6
2025-07-18 16:19:23,514 [INFO] Context:786 - Trying to add GPIOservice into a context  which must be forbidden
2025-07-18 16:19:26,520 [INFO] ImportTextPane:234 - (OptionalMessage_ERROR) Pin14 (VP_RIF_VS_RIF1) cannot be retrieved for this MCU
2025-07-18 16:19:26,890 [INFO] RtosManager:558 - Registered RTOS mode: class=CMSIS, group=RTOS, mode=CMSIS_V1, owner=FREERTOS
2025-07-18 16:19:26,891 [INFO] RtosManager:558 - Registered RTOS mode: class=CMSIS, group=RTOS2, mode=CMSIS_V2, owner=FREERTOS
2025-07-18 16:19:26,892 [INFO] RtosManager:558 - Registered RTOS mode: class=RTOS, group=Core, mode=CMSIS_V1, owner=FREERTOS
2025-07-18 16:19:26,892 [INFO] RtosManager:558 - Registered RTOS mode: class=RTOS, group=Core, mode=CMSIS_V2, owner=FREERTOS
2025-07-18 16:19:26,893 [WARN] ModelIntegratedComponent:184 - Missing modes for component STMicroelectronics:FreeRTOS:0.0.1:STMicroelectronics:RTOS:FreeRTOS:Core:::10.2.0:
2025-07-18 16:19:27,013 [WARN] ModelIntegratedComponent:63 - No mode defined for component null
2025-07-18 16:19:27,013 [WARN] ModelIntegratedComponent:63 - No mode defined for component null
2025-07-18 16:19:27,013 [WARN] ModelIntegratedComponent:63 - No mode defined for component null
2025-07-18 16:19:27,013 [WARN] ModelIntegratedComponent:63 - No mode defined for component null
2025-07-18 16:19:27,013 [WARN] ModelIntegratedComponent:63 - No mode defined for component null
2025-07-18 16:19:27,013 [WARN] ModelIntegratedComponent:63 - No mode defined for component null
2025-07-18 16:19:27,014 [WARN] ModelIntegratedComponent:63 - No mode defined for component null
2025-07-18 16:19:27,014 [WARN] ModelIntegratedComponent:63 - No mode defined for component null
2025-07-18 16:19:27,014 [WARN] ModelIntegratedComponent:63 - No mode defined for component null
2025-07-18 16:19:27,014 [WARN] ModelIntegratedComponent:63 - No mode defined for component null
2025-07-18 16:19:27,014 [WARN] ModelIntegratedComponent:63 - No mode defined for component null
2025-07-18 16:19:27,014 [WARN] ModelIntegratedComponent:63 - No mode defined for component null
2025-07-18 16:19:27,014 [WARN] ModelIntegratedComponent:63 - No mode defined for component null
2025-07-18 16:19:27,014 [WARN] ModelIntegratedComponent:63 - No mode defined for component null
2025-07-18 16:19:27,014 [WARN] ModelIntegratedComponent:63 - No mode defined for component null
2025-07-18 16:19:27,014 [WARN] ModelIntegratedComponent:63 - No mode defined for component null
2025-07-18 16:19:27,014 [WARN] ModelIntegratedComponent:63 - No mode defined for component null
2025-07-18 16:19:27,014 [WARN] ModelIntegratedComponent:63 - No mode defined for component null
2025-07-18 16:19:27,014 [WARN] ModelIntegratedComponent:63 - No mode defined for component null
2025-07-18 16:19:27,014 [WARN] ModelIntegratedComponent:63 - No mode defined for component null
2025-07-18 16:19:27,015 [WARN] ModelIntegratedComponent:63 - No mode defined for component null
2025-07-18 16:19:27,015 [WARN] ModelIntegratedComponent:63 - No mode defined for component null
2025-07-18 16:19:27,016 [WARN] ModelIntegratedComponent:63 - No mode defined for component null
2025-07-18 16:19:27,016 [WARN] ModelIntegratedComponent:63 - No mode defined for component null
2025-07-18 16:19:27,016 [WARN] ModelIntegratedComponent:63 - No mode defined for component null
2025-07-18 16:19:27,017 [WARN] ModelIntegratedComponent:63 - No mode defined for component null
2025-07-18 16:19:27,017 [WARN] ModelIntegratedComponent:63 - No mode defined for component null
2025-07-18 16:19:27,017 [WARN] ModelIntegratedComponent:63 - No mode defined for component null
2025-07-18 16:19:27,017 [WARN] ModelIntegratedComponent:63 - No mode defined for component null
2025-07-18 16:19:27,017 [WARN] ModelIntegratedComponent:63 - No mode defined for component null
2025-07-18 16:19:27,017 [WARN] ModelIntegratedComponent:63 - No mode defined for component null
2025-07-18 16:19:27,017 [WARN] ModelIntegratedComponent:63 - No mode defined for component null
2025-07-18 16:19:27,017 [WARN] ModelIntegratedComponent:63 - No mode defined for component null
2025-07-18 16:19:27,017 [WARN] ModelIntegratedComponent:63 - No mode defined for component null
2025-07-18 16:19:27,017 [WARN] ModelIntegratedComponent:63 - No mode defined for component null
2025-07-18 16:19:27,017 [WARN] ModelPack:524 - Component already loaded: STMicroelectronics:HAL Drivers:0.0.0:STMicroelectronics:Device:STMicro_Driver:XSPI:HAL::0.0.1:HAL_XSPI
2025-07-18 16:19:27,380 [INFO] ThirdPartyModel:298 - Start build external matchings
2025-07-18 16:19:28,517 [INFO] ThirdPartyModel:316 - End build external matchings
2025-07-18 16:19:28,582 [INFO] ImportTextPane:234 - (OptionalMessage_ERROR) IP (RCC) : Invalid parameter (48MHZClocksFreq_Value)
2025-07-18 16:19:28,583 [INFO] ImportTextPane:234 - (OptionalMessage_ERROR) IP (RCC) : Invalid parameter (EthernetFreq_Value)
2025-07-18 16:19:28,593 [INFO] ImportTextPane:234 - (OptionalMessage_ERROR) IP (RCC) : Parameter (FLatency) has Id (AdvancedSettings) currently not set
2025-07-18 16:19:28,593 [INFO] ImportTextPane:234 - (OptionalMessage_ERROR) IP (RCC) : Invalid parameter (FamilyName)
2025-07-18 16:19:28,594 [INFO] ImportTextPane:234 - (OptionalMessage_ERROR) IP (RCC) : Invalid parameter (I2SClocksFreq_Value)
2025-07-18 16:19:28,600 [INFO] ImportTextPane:234 - (OptionalMessage_ERROR) IP (RCC) : Parameter (SDIOFreq_Value) has invalid value (168000000)
2025-07-18 16:19:28,600 [INFO] ImportTextPane:234 - (OptionalMessage_ERROR) IP (RCC) : Parameter (USBFreq_Value) has invalid value (168000000)
2025-07-18 16:19:28,601 [INFO] ImportTextPane:234 - (OptionalMessage_ERROR) IP (RCC) : Invalid parameter (VCOInputMFreq_Value)
2025-07-18 16:19:28,603 [INFO] ImportTextPane:234 - (OptionalMessage_ERROR) IP (RCC) : Invalid parameter (VcooutputI2S)
2025-07-18 16:19:30,812 [INFO] ApiDb:581 - Connected to CubeFinder SQLite database (C:\Users\aliya\.stmcufinder\plugins\mcufinder\mcu\cube-finder-db.db)
2025-07-18 16:19:30,896 [INFO] ApiDb:668 - CubeFinder database Data Model version=2.1
2025-07-18 16:19:30,896 [INFO] ApiDb:669 - CubeFinder database Configuration version=3.0.39
2025-07-18 16:19:30,896 [INFO] ApiDb:670 - CubeFinder database generation date=2025-06-24 (1750757100)
2025-07-18 16:19:30,896 [INFO] ApiDb:671 - CubeFinder database FW Pack versions=[FP-ATR-ASTRA1_V2.0.0, FP-SNS-FLIGHT1_V5.1.0, FP-SNS-MOTENV1_V5.0.0, FP-SNS-MOTENVWB1_V1.4.0, FP-SNS-SMARTAG2_V1.2.0, FP-SNS-STBOX1_V2.0.0, STM32Cube_FW_C0_V1.4.0, STM32Cube_FW_F4_V1.28.2, STM32Cube_FW_F7_V1.17.3, STM32Cube_FW_G0_V1.6.2, STM32Cube_FW_G4_V1.6.1, STM32Cube_FW_H5_V1.5.0, STM32Cube_FW_H7RS_V1.2.0, STM32Cube_FW_H7_V1.12.1, STM32Cube_FW_L0_V1.12.2, STM32Cube_FW_L4_V1.18.1, STM32Cube_FW_L5_V1.5.1, STM32Cube_FW_N6_V1.2.0, STM32Cube_FW_U0_V1.3.0, STM32Cube_FW_U3_V1.2.0, STM32Cube_FW_U5_V1.8.0, STM32Cube_FW_WB0_V1.3.0, STM32Cube_FW_WBA_V1.7.0, STM32Cube_FW_WB_V1.23.0, STM32Cube_FW_WL3_V1.2.0, STM32Cube_FW_WL_V1.3.1, X-CUBE-ALGOBUILD_V1.4.0, X-CUBE-ALS_V1.0.2, X-CUBE-AZRTOS-F4_V1.1.0, X-CUBE-AZRTOS-F7_V1.1.0, X-CUBE-AZRTOS-G0_V1.1.0, X-CUBE-AZRTOS-G4_V2.0.0, X-CUBE-AZRTOS-H7RS_V1.1.0, X-CUBE-AZRTOS-H7_V3.3.0, X-CUBE-AZRTOS-L4_V2.0.0, X-CUBE-AZRTOS-L5_V2.0.0, X-CUBE-AZRTOS-WB_V2.0.0, X-CUBE-AZRTOS-WL_V2.0.0, X-CUBE-BLE1_V7.1.0, X-CUBE-BLE2_V3.3.0, X-CUBE-BLEMGR_V4.0.0, X-CUBE-EEPRMA1_V5.1.0, X-CUBE-FREERTOS_V1.3.1, X-CUBE-GNSS1_V6.0.0, X-CUBE-MEMS1_V11.3.0, X-CUBE-NFC4_V3.0.0, X-CUBE-NFC7_V2.0.0, X-CUBE-SFXS2LP1_V4.0.0, X-CUBE-SUBG2_V5.0.0, X-CUBE-TOF1_V3.4.3]
2025-07-18 16:19:30,978 [INFO] DbBoardsSqlite:226 - include board P-NUCLEO-WB55-NUCLEO as a kit item of type 'Nucleo-64'
2025-07-18 16:19:30,978 [INFO] DbBoardsSqlite:226 - include board P-NUCLEO-WB55-USBDONGLE as a kit item of type 'Nucleo USB Dongle'
2025-07-18 16:19:30,978 [INFO] DbBoardsSqlite:226 - include board STEVAL-IDP005V1 as a kit item of type 'Evaluation Board'
2025-07-18 16:19:30,979 [INFO] DbBoardsSqlite:226 - include board STEVAL-IDP005V2 as a kit item of type 'Evaluation Board'
2025-07-18 16:19:31,232 [INFO] ApiDb:240 - Found 880 in-development CPN: [B-G473E-ZEST1S, B-WB1M-WPAN1, B-WBA5M-WPAN, B-WL5M-SUBG1, NUCLEO-C031C6, NUCLEO-C051C8, NUCLEO-C071RB, NUCLEO-C092RC, NUCLEO-H503RB, NUCLEO-H533RE, NUCLEO-H563ZI, NUCLEO-H7S3L8, NUCLEO-N657X0-Q, NUCLEO-U031R8, NUCLEO-U083RC, NUCLEO-U385RG-Q, NUCLEO-U545RE-Q, NUCLEO-U5A5ZJ-Q, NUCLEO-WB05KZ, NUCLEO-WB07CC, NUCLEO-WB09KE, NUCLEO-WBA52CG, NUCLEO-WBA55CG, NUCLEO-WL33CC1, NUCLEO-WL33CC2, STEVAL-PROTEUS1, STEVAL-SMARTAG2, STEVAL-STWINBX1, STM320518-EVAL, STM32C0116-DK, STM32C011D6Y3TR, STM32C011D6Y6TR, STM32C011F4P3, STM32C011F4P6, STM32C011F4U3, STM32C011F4U6TR, STM32C011F6P3, STM32C011F6P6, STM32C011F6U3, STM32C011F6U6TR, STM32C011J4M3, STM32C011J4M6, STM32C011J6M3, STM32C011J6M6, STM32C0316-DK, STM32C031C4T3, STM32C031C4T6, STM32C031C4U3, STM32C031C4U6, STM32C031C6T3, STM32C031C6T6, STM32C031C6U3, STM32C031C6U6, STM32C031F4P3, STM32C031F4P6, STM32C031F6P3, STM32C031F6P6, STM32C031G4U3, STM32C031G4U6, STM32C031G6U3, STM32C031G6U6, STM32C031K4T3, STM32C031K4T6, STM32C031K4U3, STM32C031K4U6, STM32C031K6T3, STM32C031K6T6, STM32C031K6U3, STM32C031K6U6, STM32C051C6T6, STM32C051C6U6, STM32C051C8T6, STM32C051C8U6, STM32C051D8Y6TR, STM32C051F6P6, STM32C051F8P6, STM32C051G6U6, STM32C051G8U6, STM32C051K6T6, STM32C051K6U6, STM32C051K8T6, STM32C071C8T6, STM32C071C8T6N, STM32C071C8U6, STM32C071C8U6N, STM32C071CBT6, STM32C071CBT6N, STM32C071CBU6, STM32C071CBU6N, STM32C071F8P6, STM32C071F8P6N, STM32C071FBP6, STM32C071FBP6N, STM32C071FBY6TR, STM32C071G8U6, STM32C071G8U6N, STM32C071GBU6, STM32C071GBU6N, STM32C071K8T6, STM32C071K8T6N, STM32C071K8U6, STM32C071K8U6N, STM32C071KBT6, STM32C071KBT6N, STM32C071KBU6, STM32C071KBU6N, STM32C071R8T6, STM32C071R8T6N, STM32C071RBI6N, STM32C071RBT6, STM32C071RBT6N, STM32C091CBT6, STM32C091CBU6, STM32C091CCT6, STM32C091CCU6, STM32C091ECY6TR, STM32C091FBP6, STM32C091FCP6, STM32C091GBU6, STM32C091GCU6, STM32C091KBT6, STM32C091KBU6, STM32C091KCT6, STM32C091KCU6, STM32C091RBT6, STM32C091RCI6, STM32C091RCT6, STM32C092CBT6, STM32C092CBU6, STM32C092CCT6, STM32C092CCU6, STM32C092ECY6TR, STM32C092FBP6, STM32C092FCP6, STM32C092GBU6, STM32C092GCU6, STM32C092KBT6, STM32C092KBU6, STM32C092KCT6, STM32C092KCU6, STM32C092RBT6, STM32C092RCI6, STM32C092RCT6, STM32G071K8TXN, STM32G071K8UXN, STM32G081GBU6N, STM32G081KBT6N, STM32G081KBUXN, STM32G0B1CCT6N, STM32G0B1KCT6, STM32G0B1NEY6TR, STM32G0B1RCT6N, STM32G0C1CCT6, STM32G0C1CCT6N, STM32G0C1CCU6N, STM32G0C1CET6N, STM32G0C1CEU6N, STM32G0C1KCT6, STM32G0C1NEY6TR, STM32G0C1RCI6N, STM32G0C1RCT6N, STM32G0C1REI6N, STM32G0C1RET6N, STM32G0C1VCI6, STM32G0C1VEI6, STM32G411C6T3, STM32G411C6T6, STM32G411C6U3, STM32G411C6U6, STM32G411C8T3, STM32G411C8T6, STM32G411C8U3, STM32G411C8U6, STM32G411CBT3, STM32G411CBT6, STM32G411CBU3, STM32G411CBU6, STM32G411K6T3, STM32G411K6T6, STM32G411K6U3, STM32G411K6U6, STM32G411K8T3, STM32G411K8T6, STM32G411K8U3, STM32G411K8U6, STM32G411KBT3, STM32G411KBT6, STM32G411KBU3, STM32G411KBU6, STM32G411M6T3, STM32G411M6T6, STM32G411M8T3, STM32G411M8T6, STM32G411MBT3, STM32G411MBT6, STM32G411R6T3, STM32G411R6T6, STM32G411R8T3, STM32G411R8T6, STM32G411RBT3, STM32G411RBT6, STM32G414CBT3, STM32G414CBT6, STM32G414CBU3, STM32G414CBU6, STM32G414CCT3, STM32G414CCT6, STM32G414CCU3, STM32G414CCU6, STM32G414MBT3, STM32G414MBT6, STM32G414MCT3, STM32G414MCT6, STM32G414RBT3, STM32G414RBT6, STM32G414RCT3, STM32G414RCT6, STM32G414VBT3, STM32G414VBT6, STM32G414VCT3, STM32G414VCT6, STM32G431CBT3Z, STM32G431RBT3Z, STM32G471CCT6, STM32G471CCU6, STM32G471CET3, STM32G471CET6, STM32G471CEU3, STM32G471CEU6, STM32G471MCT6, STM32G471MET3, STM32G471MET6, STM32G471MEY6TR, STM32G471QCT6, STM32G471QET3, STM32G471RCT6, STM32G471RET3, STM32G471RET6, STM32G471VCH6, STM32G471VCI6, STM32G471VCT6, STM32G471VEH3, STM32G471VEH6, STM32G471VEI3, STM32G471VEI6, STM32G471VET3, STM32G471VET6, STM32G473QET3Z, STM32G473RET3Z, STM32G474CCT6, STM32G491RET3Z, STM32H503CBT6, STM32H503CBU6, STM32H503EBY6TR, STM32H503KBU6, STM32H503RBT6, STM32H523CCT6, STM32H523CCU6, STM32H523CET6, STM32H523CEU6, STM32H523HEY6TR, STM32H523RCT6, STM32H523RET6, STM32H523VCI6, STM32H523VCT6, STM32H523VEI6, STM32H523VET6, STM32H523ZCJ6, STM32H523ZCT6, STM32H523ZEJ6, STM32H523ZET6, STM32H533CET6, STM32H533CEU6, STM32H533HEY6TR, STM32H533RET6, STM32H533VEI6, STM32H533VET6, STM32H533ZEJ6, STM32H533ZET6, STM32H562AGI6, STM32H562AII6, STM32H562IGK6, STM32H562IGT6, STM32H562IIK6, STM32H562IIT6, STM32H562RGT6, STM32H562RGV6, STM32H562RIT6, STM32H562RIV6, STM32H562VGT6, STM32H562VIT6, STM32H562ZGT6, STM32H562ZIT6, STM32H563AGI6, STM32H563AII3Q, STM32H563AII6, STM32H563IGK6, STM32H563IGT6, STM32H563IIK3Q, STM32H563IIK6, STM32H563IIT3Q, STM32H563IIT6, STM32H563MIY3QTR, STM32H563RGT6, STM32H563RGV6, STM32H563RIT6, STM32H563RIV6, STM32H563VGT6, STM32H563VIT3Q, STM32H563VIT6, STM32H563ZGT6, STM32H563ZIT3Q, STM32H563ZIT6, STM32H573AII3Q, STM32H573AII6, STM32H573I-DK, STM32H573IIK3Q, STM32H573IIK6, STM32H573IIT3Q, STM32H573IIT6, STM32H573MIY3QTR, STM32H573RIT6, STM32H573RIV6, STM32H573VIT3Q, STM32H573VIT6, STM32H573ZIT3Q, STM32H573ZIT6, STM32H7R3A8I6, STM32H7R3I8K6, STM32H7R3I8T6, STM32H7R3L8H6, STM32H7R3L8H6H, STM32H7R3R8V6, STM32H7R3V8H6, STM32H7R3V8T6, STM32H7R3V8Y6TR, STM32H7R3Z8J6, STM32H7R3Z8T6, STM32H7R7A8I6, STM32H7R7I8K6, STM32H7R7I8T6, STM32H7R7L8H6, STM32H7R7L8H6H, STM32H7R7Z8J6, STM32H7S3A8I6, STM32H7S3I8K6, STM32H7S3I8T6, STM32H7S3L8H6, STM32H7S3L8H6H, STM32H7S3R8V6, STM32H7S3V8H6, STM32H7S3V8T6, STM32H7S3V8Y6TR, STM32H7S3Z8J6, STM32H7S3Z8T6, STM32H7S78-DK, STM32H7S7A8I6, STM32H7S7I8K6, STM32H7S7I8T6, STM32H7S7L8H6, STM32H7S7L8H6H, STM32H7S7Z8J6, STM32L4R5QGI6STR, STM32MP131AAE3, STM32MP131AAF3, STM32MP131AAG3, STM32MP131CAE3, STM32MP131CAF3, STM32MP131CAG3, STM32MP131DAE7, STM32MP131DAF7, STM32MP131DAG7, STM32MP131FAE7, STM32MP131FAF7, STM32MP131FAG7, STM32MP133AAE3, STM32MP133AAF3, STM32MP133AAG3, STM32MP133CAE3, STM32MP133CAF3, STM32MP133CAG3, STM32MP133DAE7, STM32MP133DAF7, STM32MP133DAG7, STM32MP133FAE7, STM32MP133FAF7, STM32MP133FAG7, STM32MP135AAE3, STM32MP135AAF3, STM32MP135AAG3, STM32MP135CAE3, STM32MP135CAF3, STM32MP135CAG3, STM32MP135DAE7, STM32MP135DAF7, STM32MP135DAG7, STM32MP135F-DK, STM32MP135FAE7, STM32MP135FAF7, STM32MP135FAF7T, STM32MP135FAF7U, STM32MP135FAG7, STM32MP211AAL3, STM32MP211AAM3, STM32MP211AAN3, STM32MP211AAO3, STM32MP211CAL3, STM32MP211CAM3, STM32MP211CAN3, STM32MP211CAO3, STM32MP211DAL3, STM32MP211DAM3, STM32MP211DAN3, STM32MP211DAO3, STM32MP211FAL3, STM32MP211FAM3, STM32MP211FAN3, STM32MP211FAO3, STM32MP213AAL3, STM32MP213AAM3, STM32MP213AAN3, STM32MP213AAO3, STM32MP213CAL3, STM32MP213CAM3, STM32MP213CAN3, STM32MP213CAO3, STM32MP213DAL3, STM32MP213DAM3, STM32MP213DAN3, STM32MP213DAO3, STM32MP213FAL3, STM32MP213FAM3, STM32MP213FAN3, STM32MP213FAO3, STM32MP215AAL3, STM32MP215AAM3, STM32MP215AAN3, STM32MP215AAO3, STM32MP215CAL3, STM32MP215CAM3, STM32MP215CAN3, STM32MP215CAO3, STM32MP215DAL3, STM32MP215DAM3, STM32MP215DAN3, STM32MP215DAO3, STM32MP215F-DK, STM32MP215FAL3, STM32MP215FAM3, STM32MP215FAN3, STM32MP215FAO3, STM32MP231AAJ3, STM32MP231AAK3, STM32MP231AAL3, STM32MP231CAJ3, STM32MP231CAK3, STM32MP231CAL3, STM32MP231DAJ3, STM32MP231DAK3, STM32MP231DAL3, STM32MP231FAJ3, STM32MP231FAK3, STM32MP231FAL3, STM32MP233AAJ3, STM32MP233AAK3, STM32MP233AAL3, STM32MP233CAJ3, STM32MP233CAK3, STM32MP233CAL3, STM32MP233DAJ3, STM32MP233DAK3, STM32MP233DAL3, STM32MP233FAJ3, STM32MP233FAK3, STM32MP233FAL3, STM32MP235AAJ3, STM32MP235AAK3, STM32MP235AAL3, STM32MP235CAJ3, STM32MP235CAK3, STM32MP235CAL3, STM32MP235DAJ3, STM32MP235DAK3, STM32MP235DAL3, STM32MP235FAJ3, STM32MP235FAK3, STM32MP235FAL3, STM32MP251AAI3, STM32MP251AAK3, STM32MP251AAL3, STM32MP251CAI3, STM32MP251CAK3, STM32MP251CAL3, STM32MP251DAI3, STM32MP251DAK3, STM32MP251DAL3, STM32MP251FAI3, STM32MP251FAK3, STM32MP251FAL3, STM32MP253AAI3, STM32MP253AAK3, STM32MP253AAL3, STM32MP253CAI3, STM32MP253CAK3, STM32MP253CAL3, STM32MP253DAI3, STM32MP253DAK3, STM32MP253DAL3, STM32MP253FAI3, STM32MP253FAK3, STM32MP253FAL3, STM32MP255AAI3, STM32MP255AAK3, STM32MP255AAL3, STM32MP255CAI3, STM32MP255CAK3, STM32MP255CAL3, STM32MP255DAI3, STM32MP255DAK3, STM32MP255DAL3, STM32MP255FAI3, STM32MP255FAK3, STM32MP255FAL3, STM32MP257AAI3, STM32MP257AAK3, STM32MP257AAL3, STM32MP257CAI3, STM32MP257CAK3, STM32MP257CAL3, STM32MP257DAI3, STM32MP257DAK3, STM32MP257DAL3, STM32MP257F-DK, STM32MP257F-EV1, STM32MP257FAI3, STM32MP257FAK3, STM32MP257FAL3, STM32N645A0H3Q, STM32N645B0H3Q, STM32N645I0H3Q, STM32N645L0H3Q, STM32N645X0H3Q, STM32N645Z0H3Q, STM32N647A0H3Q, STM32N647B0H3Q, STM32N647I0H3Q, STM32N647L0H3Q, STM32N647X0H3Q, STM32N647Z0H3Q, STM32N655A0H3Q, STM32N655B0H3Q, STM32N655I0H3Q, STM32N655L0H3Q, STM32N655X0H3Q, STM32N655Z0H3Q, STM32N6570-DK, STM32N657A0H3Q, STM32N657B0H3Q, STM32N657I0H3Q, STM32N657L0H3Q, STM32N657X0H3Q, STM32N657Z0H3Q, STM32U031C6T6, STM32U031C6U6, STM32U031C8T6, STM32U031C8U6, STM32U031F4P6, STM32U031F6P6, STM32U031F8P6, STM32U031G6Y6TR, STM32U031G8Y6TR, STM32U031K4U6, STM32U031K6U6, STM32U031K8U6, STM32U031R6I6, STM32U031R6T6, STM32U031R8I6, STM32U031R8T6, STM32U073C8T6, STM32U073C8U6, STM32U073CBT6, STM32U073CBU6, STM32U073CCT6, STM32U073CCU6, STM32U073H8Y6TR, STM32U073HBY6TR, STM32U073HCY6TR, STM32U073K8U6, STM32U073KBU6, STM32U073KCU6, STM32U073M8I6, STM32U073M8T6, STM32U073MBI6, STM32U073MBT6, STM32U073MCI6, STM32U073MCT6, STM32U073R8I6, STM32U073R8T6, STM32U073RBI6, STM32U073RBT6, STM32U073RCI6, STM32U073RCT6, STM32U083C-DK, STM32U083CCT6, STM32U083CCU6, STM32U083HCY6TR, STM32U083KCU6, STM32U083MCI6, STM32U083MCT6, STM32U083RCI6, STM32U083RCT6, STM32U375CET6, STM32U375CET6Q, STM32U375CEU6, STM32U375CEU6Q, STM32U375CEY6QTR, STM32U375CGT6, STM32U375CGT6Q, STM32U375CGU6, STM32U375CGU6Q, STM32U375CGY6QTR, STM32U375KEU6, STM32U375KGU6, STM32U375REI6, STM32U375REI6Q, STM32U375RET6, STM32U375RET6Q, STM32U375REY6GTR, STM32U375REY6QTR, STM32U375RGI6, STM32U375RGI6Q, STM32U375RGT6, STM32U375RGT6Q, STM32U375RGY6GTR, STM32U375RGY6QTR, STM32U375VEI6, STM32U375VEI6Q, STM32U375VET6, STM32U375VET6Q, STM32U375VGI6, STM32U375VGI6Q, STM32U375VGT6, STM32U375VGT6Q, STM32U385CGT6, STM32U385CGT6Q, STM32U385CGU6, STM32U385CGU6Q, STM32U385CGY6QTR, STM32U385KGU6, STM32U385RGI6, STM32U385RGI6Q, STM32U385RGT6, STM32U385RGT6Q, STM32U385RGY6GTR, STM32U385RGY6QTR, STM32U385VGI6, STM32U385VGI6Q, STM32U385VGT6, STM32U385VGT6Q, STM32U535CBT6, STM32U535CBT6Q, STM32U535CBU6, STM32U535CBU6Q, STM32U535CCT6, STM32U535CCT6Q, STM32U535CCU6, STM32U535CCU6Q, STM32U535CET6, STM32U535CET6Q, STM32U535CEU6, STM32U535CEU6Q, STM32U535JEY6QTR, STM32U535NCY6QTR, STM32U535NEY6QTR, STM32U535RBI6, STM32U535RBI6Q, STM32U535RBT6, STM32U535RBT6Q, STM32U535RCI6, STM32U535RCI6Q, STM32U535RCT6, STM32U535RCT6Q, STM32U535REI6, STM32U535REI6Q, STM32U535RET6, STM32U535RET6Q, STM32U535VCI6, STM32U535VCI6Q, STM32U535VCT6, STM32U535VCT6Q, STM32U535VEI6, STM32U535VEI6Q, STM32U535VET6, STM32U535VET6Q, STM32U545CET6, STM32U545CET6Q, STM32U545CEU6, STM32U545CEU6Q, STM32U545JEY6QTR, STM32U545NEY6QTR, STM32U545REI6, STM32U545REI6Q, STM32U545RET6, STM32U545RET6Q, STM32U545VEI6, STM32U545VEI6Q, STM32U545VET6, STM32U545VET6Q, STM32U595AIH6, STM32U595AIH6Q, STM32U595AJH6, STM32U595AJH6Q, STM32U595QII6, STM32U595QII6Q, STM32U595QJI6, STM32U595QJI6Q, STM32U595RIT6, STM32U595RIT6Q, STM32U595RJT6, STM32U595RJT6Q, STM32U595VIT6, STM32U595VIT6Q, STM32U595VJT6, STM32U595VJT6Q, STM32U595ZIT6, STM32U595ZIT6Q, STM32U595ZIY6QTR, STM32U595ZJT6, STM32U595ZJT6Q, STM32U595ZJY6QTR, STM32U599BJY6QTR, STM32U599NIH6Q, STM32U599NJH6Q, STM32U599VIT6Q, STM32U599VJT6, STM32U599VJT6Q, STM32U599ZIT6Q, STM32U599ZIY6QTR, STM32U599ZJT6Q, STM32U599ZJY6QTR, STM32U5A5AJH6, STM32U5A5AJH6Q, STM32U5A5QII3Q , STM32U5A5QJI6, STM32U5A5QJI6Q, STM32U5A5RJT6, STM32U5A5RJT6Q, STM32U5A5VJT6, STM32U5A5VJT6Q, STM32U5A5ZJT6, STM32U5A5ZJT6Q, STM32U5A5ZJY6QTR, STM32U5A9BJY6QTR, STM32U5A9J-DK, STM32U5A9NJH6Q, STM32U5A9VJT6Q, STM32U5A9ZJT6Q, STM32U5A9ZJY6QTR, STM32U5F7VIT6, STM32U5F7VIT6Q, STM32U5F7VJT6, STM32U5F7VJT6Q, STM32U5F9BJY6QTR, STM32U5F9NJH6Q, STM32U5F9VIT6Q, STM32U5F9VJT6Q, STM32U5F9ZIJ6QTR, STM32U5F9ZIT6Q, STM32U5F9ZJJ6QTR, STM32U5F9ZJT6Q, STM32U5G7VJT6, STM32U5G7VJT6Q, STM32U5G9BJY6QTR, STM32U5G9J-DK1, STM32U5G9J-DK2, STM32U5G9NJH6Q, STM32U5G9VJT6Q, STM32U5G9ZJJ6QTR, STM32U5G9ZJT6Q, STM32WB05KZV6TR, STM32WB05KZV7TR, STM32WB05TZF6TR, STM32WB05TZF7TR, STM32WB06CCF6TR, STM32WB06CCF7TR, STM32WB06CCV6TR, STM32WB06CCV7TR, STM32WB06KCV6TR, STM32WB06KCV7TR, STM32WB07CCF6TR, STM32WB07CCF7TR, STM32WB07CCV6TR, STM32WB07CCV7TR, STM32WB07KCV6TR, STM32WB07KCV7TR, STM32WB09KEV6TR, STM32WB09KEV7TR, STM32WB09TEF6TR, STM32WB09TEF7TR, STM32WB1MMCH6, STM32WBA50KGU6, STM32WBA50KGU6TR, STM32WBA52CEU6, STM32WBA52CEU6TR, STM32WBA52CEU7, STM32WBA52CEU7TR, STM32WBA52CGU6, STM32WBA52CGU6TR, STM32WBA52CGU6U, STM32WBA52CGU7, STM32WBA52CGU7TR, STM32WBA52KEU6, STM32WBA52KEU6TR, STM32WBA52KGU6, STM32WBA52KGU6TR, STM32WBA54CEU6, STM32WBA54CEU6TR, STM32WBA54CEU7, STM32WBA54CEU7TR, STM32WBA54CGU6, STM32WBA54CGU6TR, STM32WBA54CGU7, STM32WBA54CGU7TR, STM32WBA54KEU6, STM32WBA54KEU6TR, STM32WBA54KEU7, STM32WBA54KEU7TR, STM32WBA54KGU6, STM32WBA54KGU6TR, STM32WBA54KGU7, STM32WBA54KGU7TR, STM32WBA55CEU6, STM32WBA55CEU6TR, STM32WBA55CEU7, STM32WBA55CEU7TR, STM32WBA55CGU6, STM32WBA55CGU6TR, STM32WBA55CGU6U, STM32WBA55CGU7, STM32WBA55CGU7TR, STM32WBA55G-DK1, STM32WBA55HEF6, STM32WBA55HEF7, STM32WBA55HGF6, STM32WBA55HGF7, STM32WBA55UEI6, STM32WBA55UEI6TR, STM32WBA55UEI7, STM32WBA55UEI7TR, STM32WBA55UGI6, STM32WBA55UGI6TR, STM32WBA55UGI7, STM32WBA55UGI7TR, STM32WBA5MMGH6TR, STM32WBA62MGF6, STM32WBA62MIF6, STM32WBA65MGF7, STM32WBA65MIF6, STM32WBA65MIF7, STM32WL30K8V6, STM32WL30KBV6, STM32WL31C8V6, STM32WL31CBV6, STM32WL31K8V6, STM32WL31KBV6, STM32WL33C8V6, STM32WL33C8V6X, STM32WL33CBV6, STM32WL33CBV6X, STM32WL33CCV6, STM32WL33CCV6A, STM32WL33CCV6X, STM32WL33K8V7, STM32WL33K8V7X, STM32WL33KBV7 , STM32WL33KBV7X, STM32WL33KCV7, STM32WL33KCV7X, STM32WL5MOCH6, STM32WL5MOCH6TR]
2025-07-18 16:19:31,632 [INFO] BoardInfo:889 - No configuration file found for board P-NUCLEO-WB55
2025-07-18 16:19:31,633 [INFO] DbBoards:161 - Kit is not supported: P-NUCLEO-WB55
2025-07-18 16:19:31,642 [INFO] BoardInfo:889 - No configuration file found for board STEVAL-BFA001V1B
2025-07-18 16:19:31,643 [INFO] DbBoards:161 - Kit is not supported: STEVAL-BFA001V1B
2025-07-18 16:19:31,644 [INFO] BoardInfo:889 - No configuration file found for board STEVAL-BFA001V2B
2025-07-18 16:19:31,646 [INFO] DbBoards:161 - Kit is not supported: STEVAL-BFA001V2B
2025-07-18 16:19:32,298 [INFO] DbBoards:168 - Found 212 boards, 209 are supported
2025-07-18 16:19:32,298 [INFO] DbBoards:169 - Found 212 boards, 43 of them is supported for  Bsp
2025-07-18 16:19:32,302 [INFO] ApiDb:668 - CubeFinder database Data Model version=2.1
2025-07-18 16:19:32,302 [INFO] ApiDb:669 - CubeFinder database Configuration version=3.0.39
2025-07-18 16:19:32,302 [INFO] ApiDb:670 - CubeFinder database generation date=2025-06-24 (1750757100)
2025-07-18 16:19:32,302 [INFO] ApiDb:671 - CubeFinder database FW Pack versions=[FP-ATR-ASTRA1_V2.0.0, FP-SNS-FLIGHT1_V5.1.0, FP-SNS-MOTENV1_V5.0.0, FP-SNS-MOTENVWB1_V1.4.0, FP-SNS-SMARTAG2_V1.2.0, FP-SNS-STBOX1_V2.0.0, STM32Cube_FW_C0_V1.4.0, STM32Cube_FW_F4_V1.28.2, STM32Cube_FW_F7_V1.17.3, STM32Cube_FW_G0_V1.6.2, STM32Cube_FW_G4_V1.6.1, STM32Cube_FW_H5_V1.5.0, STM32Cube_FW_H7RS_V1.2.0, STM32Cube_FW_H7_V1.12.1, STM32Cube_FW_L0_V1.12.2, STM32Cube_FW_L4_V1.18.1, STM32Cube_FW_L5_V1.5.1, STM32Cube_FW_N6_V1.2.0, STM32Cube_FW_U0_V1.3.0, STM32Cube_FW_U3_V1.2.0, STM32Cube_FW_U5_V1.8.0, STM32Cube_FW_WB0_V1.3.0, STM32Cube_FW_WBA_V1.7.0, STM32Cube_FW_WB_V1.23.0, STM32Cube_FW_WL3_V1.2.0, STM32Cube_FW_WL_V1.3.1, X-CUBE-ALGOBUILD_V1.4.0, X-CUBE-ALS_V1.0.2, X-CUBE-AZRTOS-F4_V1.1.0, X-CUBE-AZRTOS-F7_V1.1.0, X-CUBE-AZRTOS-G0_V1.1.0, X-CUBE-AZRTOS-G4_V2.0.0, X-CUBE-AZRTOS-H7RS_V1.1.0, X-CUBE-AZRTOS-H7_V3.3.0, X-CUBE-AZRTOS-L4_V2.0.0, X-CUBE-AZRTOS-L5_V2.0.0, X-CUBE-AZRTOS-WB_V2.0.0, X-CUBE-AZRTOS-WL_V2.0.0, X-CUBE-BLE1_V7.1.0, X-CUBE-BLE2_V3.3.0, X-CUBE-BLEMGR_V4.0.0, X-CUBE-EEPRMA1_V5.1.0, X-CUBE-FREERTOS_V1.3.1, X-CUBE-GNSS1_V6.0.0, X-CUBE-MEMS1_V11.3.0, X-CUBE-NFC4_V3.0.0, X-CUBE-NFC7_V2.0.0, X-CUBE-SFXS2LP1_V4.0.0, X-CUBE-SUBG2_V5.0.0, X-CUBE-TOF1_V3.4.3]
2025-07-18 16:19:35,195 [INFO] ApiDb:240 - Found 880 in-development CPN: [B-G473E-ZEST1S, B-WB1M-WPAN1, B-WBA5M-WPAN, B-WL5M-SUBG1, NUCLEO-C031C6, NUCLEO-C051C8, NUCLEO-C071RB, NUCLEO-C092RC, NUCLEO-H503RB, NUCLEO-H533RE, NUCLEO-H563ZI, NUCLEO-H7S3L8, NUCLEO-N657X0-Q, NUCLEO-U031R8, NUCLEO-U083RC, NUCLEO-U385RG-Q, NUCLEO-U545RE-Q, NUCLEO-U5A5ZJ-Q, NUCLEO-WB05KZ, NUCLEO-WB07CC, NUCLEO-WB09KE, NUCLEO-WBA52CG, NUCLEO-WBA55CG, NUCLEO-WL33CC1, NUCLEO-WL33CC2, STEVAL-PROTEUS1, STEVAL-SMARTAG2, STEVAL-STWINBX1, STM320518-EVAL, STM32C0116-DK, STM32C011D6Y3TR, STM32C011D6Y6TR, STM32C011F4P3, STM32C011F4P6, STM32C011F4U3, STM32C011F4U6TR, STM32C011F6P3, STM32C011F6P6, STM32C011F6U3, STM32C011F6U6TR, STM32C011J4M3, STM32C011J4M6, STM32C011J6M3, STM32C011J6M6, STM32C0316-DK, STM32C031C4T3, STM32C031C4T6, STM32C031C4U3, STM32C031C4U6, STM32C031C6T3, STM32C031C6T6, STM32C031C6U3, STM32C031C6U6, STM32C031F4P3, STM32C031F4P6, STM32C031F6P3, STM32C031F6P6, STM32C031G4U3, STM32C031G4U6, STM32C031G6U3, STM32C031G6U6, STM32C031K4T3, STM32C031K4T6, STM32C031K4U3, STM32C031K4U6, STM32C031K6T3, STM32C031K6T6, STM32C031K6U3, STM32C031K6U6, STM32C051C6T6, STM32C051C6U6, STM32C051C8T6, STM32C051C8U6, STM32C051D8Y6TR, STM32C051F6P6, STM32C051F8P6, STM32C051G6U6, STM32C051G8U6, STM32C051K6T6, STM32C051K6U6, STM32C051K8T6, STM32C071C8T6, STM32C071C8T6N, STM32C071C8U6, STM32C071C8U6N, STM32C071CBT6, STM32C071CBT6N, STM32C071CBU6, STM32C071CBU6N, STM32C071F8P6, STM32C071F8P6N, STM32C071FBP6, STM32C071FBP6N, STM32C071FBY6TR, STM32C071G8U6, STM32C071G8U6N, STM32C071GBU6, STM32C071GBU6N, STM32C071K8T6, STM32C071K8T6N, STM32C071K8U6, STM32C071K8U6N, STM32C071KBT6, STM32C071KBT6N, STM32C071KBU6, STM32C071KBU6N, STM32C071R8T6, STM32C071R8T6N, STM32C071RBI6N, STM32C071RBT6, STM32C071RBT6N, STM32C091CBT6, STM32C091CBU6, STM32C091CCT6, STM32C091CCU6, STM32C091ECY6TR, STM32C091FBP6, STM32C091FCP6, STM32C091GBU6, STM32C091GCU6, STM32C091KBT6, STM32C091KBU6, STM32C091KCT6, STM32C091KCU6, STM32C091RBT6, STM32C091RCI6, STM32C091RCT6, STM32C092CBT6, STM32C092CBU6, STM32C092CCT6, STM32C092CCU6, STM32C092ECY6TR, STM32C092FBP6, STM32C092FCP6, STM32C092GBU6, STM32C092GCU6, STM32C092KBT6, STM32C092KBU6, STM32C092KCT6, STM32C092KCU6, STM32C092RBT6, STM32C092RCI6, STM32C092RCT6, STM32G071K8TXN, STM32G071K8UXN, STM32G081GBU6N, STM32G081KBT6N, STM32G081KBUXN, STM32G0B1CCT6N, STM32G0B1KCT6, STM32G0B1NEY6TR, STM32G0B1RCT6N, STM32G0C1CCT6, STM32G0C1CCT6N, STM32G0C1CCU6N, STM32G0C1CET6N, STM32G0C1CEU6N, STM32G0C1KCT6, STM32G0C1NEY6TR, STM32G0C1RCI6N, STM32G0C1RCT6N, STM32G0C1REI6N, STM32G0C1RET6N, STM32G0C1VCI6, STM32G0C1VEI6, STM32G411C6T3, STM32G411C6T6, STM32G411C6U3, STM32G411C6U6, STM32G411C8T3, STM32G411C8T6, STM32G411C8U3, STM32G411C8U6, STM32G411CBT3, STM32G411CBT6, STM32G411CBU3, STM32G411CBU6, STM32G411K6T3, STM32G411K6T6, STM32G411K6U3, STM32G411K6U6, STM32G411K8T3, STM32G411K8T6, STM32G411K8U3, STM32G411K8U6, STM32G411KBT3, STM32G411KBT6, STM32G411KBU3, STM32G411KBU6, STM32G411M6T3, STM32G411M6T6, STM32G411M8T3, STM32G411M8T6, STM32G411MBT3, STM32G411MBT6, STM32G411R6T3, STM32G411R6T6, STM32G411R8T3, STM32G411R8T6, STM32G411RBT3, STM32G411RBT6, STM32G414CBT3, STM32G414CBT6, STM32G414CBU3, STM32G414CBU6, STM32G414CCT3, STM32G414CCT6, STM32G414CCU3, STM32G414CCU6, STM32G414MBT3, STM32G414MBT6, STM32G414MCT3, STM32G414MCT6, STM32G414RBT3, STM32G414RBT6, STM32G414RCT3, STM32G414RCT6, STM32G414VBT3, STM32G414VBT6, STM32G414VCT3, STM32G414VCT6, STM32G431CBT3Z, STM32G431RBT3Z, STM32G471CCT6, STM32G471CCU6, STM32G471CET3, STM32G471CET6, STM32G471CEU3, STM32G471CEU6, STM32G471MCT6, STM32G471MET3, STM32G471MET6, STM32G471MEY6TR, STM32G471QCT6, STM32G471QET3, STM32G471RCT6, STM32G471RET3, STM32G471RET6, STM32G471VCH6, STM32G471VCI6, STM32G471VCT6, STM32G471VEH3, STM32G471VEH6, STM32G471VEI3, STM32G471VEI6, STM32G471VET3, STM32G471VET6, STM32G473QET3Z, STM32G473RET3Z, STM32G474CCT6, STM32G491RET3Z, STM32H503CBT6, STM32H503CBU6, STM32H503EBY6TR, STM32H503KBU6, STM32H503RBT6, STM32H523CCT6, STM32H523CCU6, STM32H523CET6, STM32H523CEU6, STM32H523HEY6TR, STM32H523RCT6, STM32H523RET6, STM32H523VCI6, STM32H523VCT6, STM32H523VEI6, STM32H523VET6, STM32H523ZCJ6, STM32H523ZCT6, STM32H523ZEJ6, STM32H523ZET6, STM32H533CET6, STM32H533CEU6, STM32H533HEY6TR, STM32H533RET6, STM32H533VEI6, STM32H533VET6, STM32H533ZEJ6, STM32H533ZET6, STM32H562AGI6, STM32H562AII6, STM32H562IGK6, STM32H562IGT6, STM32H562IIK6, STM32H562IIT6, STM32H562RGT6, STM32H562RGV6, STM32H562RIT6, STM32H562RIV6, STM32H562VGT6, STM32H562VIT6, STM32H562ZGT6, STM32H562ZIT6, STM32H563AGI6, STM32H563AII3Q, STM32H563AII6, STM32H563IGK6, STM32H563IGT6, STM32H563IIK3Q, STM32H563IIK6, STM32H563IIT3Q, STM32H563IIT6, STM32H563MIY3QTR, STM32H563RGT6, STM32H563RGV6, STM32H563RIT6, STM32H563RIV6, STM32H563VGT6, STM32H563VIT3Q, STM32H563VIT6, STM32H563ZGT6, STM32H563ZIT3Q, STM32H563ZIT6, STM32H573AII3Q, STM32H573AII6, STM32H573I-DK, STM32H573IIK3Q, STM32H573IIK6, STM32H573IIT3Q, STM32H573IIT6, STM32H573MIY3QTR, STM32H573RIT6, STM32H573RIV6, STM32H573VIT3Q, STM32H573VIT6, STM32H573ZIT3Q, STM32H573ZIT6, STM32H7R3A8I6, STM32H7R3I8K6, STM32H7R3I8T6, STM32H7R3L8H6, STM32H7R3L8H6H, STM32H7R3R8V6, STM32H7R3V8H6, STM32H7R3V8T6, STM32H7R3V8Y6TR, STM32H7R3Z8J6, STM32H7R3Z8T6, STM32H7R7A8I6, STM32H7R7I8K6, STM32H7R7I8T6, STM32H7R7L8H6, STM32H7R7L8H6H, STM32H7R7Z8J6, STM32H7S3A8I6, STM32H7S3I8K6, STM32H7S3I8T6, STM32H7S3L8H6, STM32H7S3L8H6H, STM32H7S3R8V6, STM32H7S3V8H6, STM32H7S3V8T6, STM32H7S3V8Y6TR, STM32H7S3Z8J6, STM32H7S3Z8T6, STM32H7S78-DK, STM32H7S7A8I6, STM32H7S7I8K6, STM32H7S7I8T6, STM32H7S7L8H6, STM32H7S7L8H6H, STM32H7S7Z8J6, STM32L4R5QGI6STR, STM32MP131AAE3, STM32MP131AAF3, STM32MP131AAG3, STM32MP131CAE3, STM32MP131CAF3, STM32MP131CAG3, STM32MP131DAE7, STM32MP131DAF7, STM32MP131DAG7, STM32MP131FAE7, STM32MP131FAF7, STM32MP131FAG7, STM32MP133AAE3, STM32MP133AAF3, STM32MP133AAG3, STM32MP133CAE3, STM32MP133CAF3, STM32MP133CAG3, STM32MP133DAE7, STM32MP133DAF7, STM32MP133DAG7, STM32MP133FAE7, STM32MP133FAF7, STM32MP133FAG7, STM32MP135AAE3, STM32MP135AAF3, STM32MP135AAG3, STM32MP135CAE3, STM32MP135CAF3, STM32MP135CAG3, STM32MP135DAE7, STM32MP135DAF7, STM32MP135DAG7, STM32MP135F-DK, STM32MP135FAE7, STM32MP135FAF7, STM32MP135FAF7T, STM32MP135FAF7U, STM32MP135FAG7, STM32MP211AAL3, STM32MP211AAM3, STM32MP211AAN3, STM32MP211AAO3, STM32MP211CAL3, STM32MP211CAM3, STM32MP211CAN3, STM32MP211CAO3, STM32MP211DAL3, STM32MP211DAM3, STM32MP211DAN3, STM32MP211DAO3, STM32MP211FAL3, STM32MP211FAM3, STM32MP211FAN3, STM32MP211FAO3, STM32MP213AAL3, STM32MP213AAM3, STM32MP213AAN3, STM32MP213AAO3, STM32MP213CAL3, STM32MP213CAM3, STM32MP213CAN3, STM32MP213CAO3, STM32MP213DAL3, STM32MP213DAM3, STM32MP213DAN3, STM32MP213DAO3, STM32MP213FAL3, STM32MP213FAM3, STM32MP213FAN3, STM32MP213FAO3, STM32MP215AAL3, STM32MP215AAM3, STM32MP215AAN3, STM32MP215AAO3, STM32MP215CAL3, STM32MP215CAM3, STM32MP215CAN3, STM32MP215CAO3, STM32MP215DAL3, STM32MP215DAM3, STM32MP215DAN3, STM32MP215DAO3, STM32MP215F-DK, STM32MP215FAL3, STM32MP215FAM3, STM32MP215FAN3, STM32MP215FAO3, STM32MP231AAJ3, STM32MP231AAK3, STM32MP231AAL3, STM32MP231CAJ3, STM32MP231CAK3, STM32MP231CAL3, STM32MP231DAJ3, STM32MP231DAK3, STM32MP231DAL3, STM32MP231FAJ3, STM32MP231FAK3, STM32MP231FAL3, STM32MP233AAJ3, STM32MP233AAK3, STM32MP233AAL3, STM32MP233CAJ3, STM32MP233CAK3, STM32MP233CAL3, STM32MP233DAJ3, STM32MP233DAK3, STM32MP233DAL3, STM32MP233FAJ3, STM32MP233FAK3, STM32MP233FAL3, STM32MP235AAJ3, STM32MP235AAK3, STM32MP235AAL3, STM32MP235CAJ3, STM32MP235CAK3, STM32MP235CAL3, STM32MP235DAJ3, STM32MP235DAK3, STM32MP235DAL3, STM32MP235FAJ3, STM32MP235FAK3, STM32MP235FAL3, STM32MP251AAI3, STM32MP251AAK3, STM32MP251AAL3, STM32MP251CAI3, STM32MP251CAK3, STM32MP251CAL3, STM32MP251DAI3, STM32MP251DAK3, STM32MP251DAL3, STM32MP251FAI3, STM32MP251FAK3, STM32MP251FAL3, STM32MP253AAI3, STM32MP253AAK3, STM32MP253AAL3, STM32MP253CAI3, STM32MP253CAK3, STM32MP253CAL3, STM32MP253DAI3, STM32MP253DAK3, STM32MP253DAL3, STM32MP253FAI3, STM32MP253FAK3, STM32MP253FAL3, STM32MP255AAI3, STM32MP255AAK3, STM32MP255AAL3, STM32MP255CAI3, STM32MP255CAK3, STM32MP255CAL3, STM32MP255DAI3, STM32MP255DAK3, STM32MP255DAL3, STM32MP255FAI3, STM32MP255FAK3, STM32MP255FAL3, STM32MP257AAI3, STM32MP257AAK3, STM32MP257AAL3, STM32MP257CAI3, STM32MP257CAK3, STM32MP257CAL3, STM32MP257DAI3, STM32MP257DAK3, STM32MP257DAL3, STM32MP257F-DK, STM32MP257F-EV1, STM32MP257FAI3, STM32MP257FAK3, STM32MP257FAL3, STM32N645A0H3Q, STM32N645B0H3Q, STM32N645I0H3Q, STM32N645L0H3Q, STM32N645X0H3Q, STM32N645Z0H3Q, STM32N647A0H3Q, STM32N647B0H3Q, STM32N647I0H3Q, STM32N647L0H3Q, STM32N647X0H3Q, STM32N647Z0H3Q, STM32N655A0H3Q, STM32N655B0H3Q, STM32N655I0H3Q, STM32N655L0H3Q, STM32N655X0H3Q, STM32N655Z0H3Q, STM32N6570-DK, STM32N657A0H3Q, STM32N657B0H3Q, STM32N657I0H3Q, STM32N657L0H3Q, STM32N657X0H3Q, STM32N657Z0H3Q, STM32U031C6T6, STM32U031C6U6, STM32U031C8T6, STM32U031C8U6, STM32U031F4P6, STM32U031F6P6, STM32U031F8P6, STM32U031G6Y6TR, STM32U031G8Y6TR, STM32U031K4U6, STM32U031K6U6, STM32U031K8U6, STM32U031R6I6, STM32U031R6T6, STM32U031R8I6, STM32U031R8T6, STM32U073C8T6, STM32U073C8U6, STM32U073CBT6, STM32U073CBU6, STM32U073CCT6, STM32U073CCU6, STM32U073H8Y6TR, STM32U073HBY6TR, STM32U073HCY6TR, STM32U073K8U6, STM32U073KBU6, STM32U073KCU6, STM32U073M8I6, STM32U073M8T6, STM32U073MBI6, STM32U073MBT6, STM32U073MCI6, STM32U073MCT6, STM32U073R8I6, STM32U073R8T6, STM32U073RBI6, STM32U073RBT6, STM32U073RCI6, STM32U073RCT6, STM32U083C-DK, STM32U083CCT6, STM32U083CCU6, STM32U083HCY6TR, STM32U083KCU6, STM32U083MCI6, STM32U083MCT6, STM32U083RCI6, STM32U083RCT6, STM32U375CET6, STM32U375CET6Q, STM32U375CEU6, STM32U375CEU6Q, STM32U375CEY6QTR, STM32U375CGT6, STM32U375CGT6Q, STM32U375CGU6, STM32U375CGU6Q, STM32U375CGY6QTR, STM32U375KEU6, STM32U375KGU6, STM32U375REI6, STM32U375REI6Q, STM32U375RET6, STM32U375RET6Q, STM32U375REY6GTR, STM32U375REY6QTR, STM32U375RGI6, STM32U375RGI6Q, STM32U375RGT6, STM32U375RGT6Q, STM32U375RGY6GTR, STM32U375RGY6QTR, STM32U375VEI6, STM32U375VEI6Q, STM32U375VET6, STM32U375VET6Q, STM32U375VGI6, STM32U375VGI6Q, STM32U375VGT6, STM32U375VGT6Q, STM32U385CGT6, STM32U385CGT6Q, STM32U385CGU6, STM32U385CGU6Q, STM32U385CGY6QTR, STM32U385KGU6, STM32U385RGI6, STM32U385RGI6Q, STM32U385RGT6, STM32U385RGT6Q, STM32U385RGY6GTR, STM32U385RGY6QTR, STM32U385VGI6, STM32U385VGI6Q, STM32U385VGT6, STM32U385VGT6Q, STM32U535CBT6, STM32U535CBT6Q, STM32U535CBU6, STM32U535CBU6Q, STM32U535CCT6, STM32U535CCT6Q, STM32U535CCU6, STM32U535CCU6Q, STM32U535CET6, STM32U535CET6Q, STM32U535CEU6, STM32U535CEU6Q, STM32U535JEY6QTR, STM32U535NCY6QTR, STM32U535NEY6QTR, STM32U535RBI6, STM32U535RBI6Q, STM32U535RBT6, STM32U535RBT6Q, STM32U535RCI6, STM32U535RCI6Q, STM32U535RCT6, STM32U535RCT6Q, STM32U535REI6, STM32U535REI6Q, STM32U535RET6, STM32U535RET6Q, STM32U535VCI6, STM32U535VCI6Q, STM32U535VCT6, STM32U535VCT6Q, STM32U535VEI6, STM32U535VEI6Q, STM32U535VET6, STM32U535VET6Q, STM32U545CET6, STM32U545CET6Q, STM32U545CEU6, STM32U545CEU6Q, STM32U545JEY6QTR, STM32U545NEY6QTR, STM32U545REI6, STM32U545REI6Q, STM32U545RET6, STM32U545RET6Q, STM32U545VEI6, STM32U545VEI6Q, STM32U545VET6, STM32U545VET6Q, STM32U595AIH6, STM32U595AIH6Q, STM32U595AJH6, STM32U595AJH6Q, STM32U595QII6, STM32U595QII6Q, STM32U595QJI6, STM32U595QJI6Q, STM32U595RIT6, STM32U595RIT6Q, STM32U595RJT6, STM32U595RJT6Q, STM32U595VIT6, STM32U595VIT6Q, STM32U595VJT6, STM32U595VJT6Q, STM32U595ZIT6, STM32U595ZIT6Q, STM32U595ZIY6QTR, STM32U595ZJT6, STM32U595ZJT6Q, STM32U595ZJY6QTR, STM32U599BJY6QTR, STM32U599NIH6Q, STM32U599NJH6Q, STM32U599VIT6Q, STM32U599VJT6, STM32U599VJT6Q, STM32U599ZIT6Q, STM32U599ZIY6QTR, STM32U599ZJT6Q, STM32U599ZJY6QTR, STM32U5A5AJH6, STM32U5A5AJH6Q, STM32U5A5QII3Q , STM32U5A5QJI6, STM32U5A5QJI6Q, STM32U5A5RJT6, STM32U5A5RJT6Q, STM32U5A5VJT6, STM32U5A5VJT6Q, STM32U5A5ZJT6, STM32U5A5ZJT6Q, STM32U5A5ZJY6QTR, STM32U5A9BJY6QTR, STM32U5A9J-DK, STM32U5A9NJH6Q, STM32U5A9VJT6Q, STM32U5A9ZJT6Q, STM32U5A9ZJY6QTR, STM32U5F7VIT6, STM32U5F7VIT6Q, STM32U5F7VJT6, STM32U5F7VJT6Q, STM32U5F9BJY6QTR, STM32U5F9NJH6Q, STM32U5F9VIT6Q, STM32U5F9VJT6Q, STM32U5F9ZIJ6QTR, STM32U5F9ZIT6Q, STM32U5F9ZJJ6QTR, STM32U5F9ZJT6Q, STM32U5G7VJT6, STM32U5G7VJT6Q, STM32U5G9BJY6QTR, STM32U5G9J-DK1, STM32U5G9J-DK2, STM32U5G9NJH6Q, STM32U5G9VJT6Q, STM32U5G9ZJJ6QTR, STM32U5G9ZJT6Q, STM32WB05KZV6TR, STM32WB05KZV7TR, STM32WB05TZF6TR, STM32WB05TZF7TR, STM32WB06CCF6TR, STM32WB06CCF7TR, STM32WB06CCV6TR, STM32WB06CCV7TR, STM32WB06KCV6TR, STM32WB06KCV7TR, STM32WB07CCF6TR, STM32WB07CCF7TR, STM32WB07CCV6TR, STM32WB07CCV7TR, STM32WB07KCV6TR, STM32WB07KCV7TR, STM32WB09KEV6TR, STM32WB09KEV7TR, STM32WB09TEF6TR, STM32WB09TEF7TR, STM32WB1MMCH6, STM32WBA50KGU6, STM32WBA50KGU6TR, STM32WBA52CEU6, STM32WBA52CEU6TR, STM32WBA52CEU7, STM32WBA52CEU7TR, STM32WBA52CGU6, STM32WBA52CGU6TR, STM32WBA52CGU6U, STM32WBA52CGU7, STM32WBA52CGU7TR, STM32WBA52KEU6, STM32WBA52KEU6TR, STM32WBA52KGU6, STM32WBA52KGU6TR, STM32WBA54CEU6, STM32WBA54CEU6TR, STM32WBA54CEU7, STM32WBA54CEU7TR, STM32WBA54CGU6, STM32WBA54CGU6TR, STM32WBA54CGU7, STM32WBA54CGU7TR, STM32WBA54KEU6, STM32WBA54KEU6TR, STM32WBA54KEU7, STM32WBA54KEU7TR, STM32WBA54KGU6, STM32WBA54KGU6TR, STM32WBA54KGU7, STM32WBA54KGU7TR, STM32WBA55CEU6, STM32WBA55CEU6TR, STM32WBA55CEU7, STM32WBA55CEU7TR, STM32WBA55CGU6, STM32WBA55CGU6TR, STM32WBA55CGU6U, STM32WBA55CGU7, STM32WBA55CGU7TR, STM32WBA55G-DK1, STM32WBA55HEF6, STM32WBA55HEF7, STM32WBA55HGF6, STM32WBA55HGF7, STM32WBA55UEI6, STM32WBA55UEI6TR, STM32WBA55UEI7, STM32WBA55UEI7TR, STM32WBA55UGI6, STM32WBA55UGI6TR, STM32WBA55UGI7, STM32WBA55UGI7TR, STM32WBA5MMGH6TR, STM32WBA62MGF6, STM32WBA62MIF6, STM32WBA65MGF7, STM32WBA65MIF6, STM32WBA65MIF7, STM32WL30K8V6, STM32WL30KBV6, STM32WL31C8V6, STM32WL31CBV6, STM32WL31K8V6, STM32WL31KBV6, STM32WL33C8V6, STM32WL33C8V6X, STM32WL33CBV6, STM32WL33CBV6X, STM32WL33CCV6, STM32WL33CCV6A, STM32WL33CCV6X, STM32WL33K8V7, STM32WL33K8V7X, STM32WL33KBV7 , STM32WL33KBV7X, STM32WL33KCV7, STM32WL33KCV7X, STM32WL5MOCH6, STM32WL5MOCH6TR]
2025-07-18 16:19:35,205 [INFO] DbMcus:218 - Found 4801 MCUs, 4801 are supported
2025-07-18 16:19:35,206 [INFO] ApiDb:423 - Load user favorites file C:\Users\aliya/.stm32cubeide/favorites.mcus.txt: 0 item(s)
2025-07-18 16:19:35,206 [INFO] ApiDb:427 - User favorites MCUs=[]
2025-07-18 16:19:35,206 [INFO] DbMcus:224 - Set 0 / 0 favorites MCUs
2025-07-18 16:19:35,831 [INFO] ApiDb:423 - Load user favorites file C:\Users\aliya/.stm32cubeide/favorites.boards.txt: 1 item(s)
2025-07-18 16:19:35,832 [INFO] ApiDb:427 - User favorites Boards=[NUCLEO-F446RE]
2025-07-18 16:19:35,832 [INFO] DbBoards:198 - Set 1 / 1 favorites Boards
2025-07-18 16:19:35,895 [INFO] UtilMem:75 - End LoadConfig() Used Memory: 390888904 Bytes (616562688)
2025-07-18 16:19:36,056 [WARN] ThirdParty:833 - waiting for thirdparty lock release [change project]
2025-07-18 16:19:36,056 [INFO] ThirdParty:835 - entering critical section [change project]
2025-07-18 16:19:36,056 [INFO] ThirdParty:1030 - CMSIS Pack Vendor :STMicroelectronics X-CUBE-PM33A1 1.0.0
2025-07-18 16:19:36,056 [INFO] ThirdParty:1030 - CMSIS Pack Vendor :STMicroelectronics USBPD 4.1
2025-07-18 16:19:36,056 [INFO] ThirdParty:1030 - CMSIS Pack Vendor :STMicroelectronics X-CUBE-AZRTOS-H7 3.3.0
2025-07-18 16:19:36,056 [INFO] ThirdParty:1030 - CMSIS Pack Vendor :STMicroelectronics X-CUBE-NFC9 1.0.0
2025-07-18 16:19:36,056 [INFO] ThirdParty:1030 - CMSIS Pack Vendor :wolfSSL I-CUBE-wolfSSL 5.8.0
2025-07-18 16:19:36,056 [INFO] ThirdParty:1030 - CMSIS Pack Vendor :STMicroelectronics USB_HOST 2.0.0
2025-07-18 16:19:36,056 [INFO] ThirdParty:1030 - CMSIS Pack Vendor :STMicroelectronics FP-SNS-MOTENVWB1 1.4.0
2025-07-18 16:19:36,056 [INFO] ThirdParty:1030 - CMSIS Pack Vendor :STMicroelectronics X-CUBE-AZRTOS-F4 1.1.0
2025-07-18 16:19:36,056 [INFO] ThirdParty:1030 - CMSIS Pack Vendor :STMicroelectronics LIBJPEG 8.0.0
2025-07-18 16:19:36,056 [INFO] ThirdParty:1030 - CMSIS Pack Vendor :STMicroelectronics FP-ATR-ASTRA1 2.0.2
2025-07-18 16:19:36,056 [INFO] ThirdParty:1030 - CMSIS Pack Vendor :STMicroelectronics X-CUBE-BLE1 7.1.0
2025-07-18 16:19:36,056 [INFO] ThirdParty:1030 - CMSIS Pack Vendor :Avnet-IotConnect X-CUBE-IoTC-DA16k-PMOD 1.0.0
2025-07-18 16:19:36,056 [INFO] ThirdParty:1030 - CMSIS Pack Vendor :STMicroelectronics X-CUBE-SMBUS 2.1.0
2025-07-18 16:19:36,057 [INFO] ThirdParty:1030 - CMSIS Pack Vendor :wolfSSL I-CUBE-wolfMQTT 1.19.2
2025-07-18 16:19:36,057 [INFO] ThirdParty:1030 - CMSIS Pack Vendor :STMicroelectronics USB_DEVICE 3.0.0
2025-07-18 16:19:36,057 [INFO] ThirdParty:1030 - CMSIS Pack Vendor :STMicroelectronics X-CUBE-ISPU 2.1.0
2025-07-18 16:19:36,057 [INFO] ThirdParty:1030 - CMSIS Pack Vendor :STMicroelectronics X-CUBE-EEPRMA1 5.2.0
2025-07-18 16:19:36,057 [INFO] ThirdParty:1030 - CMSIS Pack Vendor :STMicroelectronics X-CUBE-AZRTOS-WB 2.0.0
2025-07-18 16:19:36,057 [INFO] ThirdParty:1030 - CMSIS Pack Vendor :STMicroelectronics X-CUBE-ST60 1.0.0
2025-07-18 16:19:36,057 [INFO] ThirdParty:1030 - CMSIS Pack Vendor :STMicroelectronics X-CUBE-GNSS1 7.0.1
2025-07-18 16:19:36,057 [INFO] ThirdParty:1030 - CMSIS Pack Vendor :STMicroelectronics X-CUBE-NFC12 1.0.0
2025-07-18 16:19:36,057 [INFO] ThirdParty:1030 - CMSIS Pack Vendor :STMicroelectronics X-CUBE-AZRTOS-F7 1.1.0
2025-07-18 16:19:36,057 [INFO] ThirdParty:1030 - CMSIS Pack Vendor :STMicroelectronics X-CUBE-AZRTOS-L5 2.0.0
2025-07-18 16:19:36,057 [INFO] ThirdParty:1030 - CMSIS Pack Vendor :STMicroelectronics X-CUBE-TOUCHGFX 4.25.0
2025-07-18 16:19:36,057 [INFO] ThirdParty:1030 - CMSIS Pack Vendor :STMicroelectronics USB_DEVICE 2.0.0
2025-07-18 16:19:36,057 [INFO] ThirdParty:1030 - CMSIS Pack Vendor :STMicroelectronics X-CUBE-NFC6 3.1.0
2025-07-18 16:19:36,057 [INFO] ThirdParty:1030 - CMSIS Pack Vendor :STMicroelectronics X-CUBE-AI 10.1.0
2025-07-18 16:19:36,057 [INFO] ThirdParty:1030 - CMSIS Pack Vendor :STMicroelectronics FP-SNS-STBOX1 2.0.0
2025-07-18 16:19:36,057 [INFO] ThirdParty:1030 - CMSIS Pack Vendor :STMicroelectronics FreeRTOS 0.0.1
2025-07-18 16:19:36,057 [INFO] ThirdParty:1030 - CMSIS Pack Vendor :STMicroelectronics X-CUBE-AZRTOS-G0 1.1.0
2025-07-18 16:19:36,057 [INFO] ThirdParty:1030 - CMSIS Pack Vendor :STMicroelectronics X-CUBE-SAFEA1 1.2.2
2025-07-18 16:19:36,057 [INFO] ThirdParty:1030 - CMSIS Pack Vendor :STMicroelectronics X-CUBE-NFC4 3.0.0
2025-07-18 16:19:36,058 [INFO] ThirdParty:1030 - CMSIS Pack Vendor :STMicroelectronics X-CUBE-SUBG2 5.0.0
2025-07-18 16:19:36,058 [INFO] ThirdParty:1030 - CMSIS Pack Vendor :STMicroelectronics X-CUBE-AZRTOS-H7RS 1.1.0
2025-07-18 16:19:36,058 [INFO] ThirdParty:1030 - CMSIS Pack Vendor :STMicroelectronics STM32_WPAN 1.0.0
2025-07-18 16:19:36,058 [INFO] ThirdParty:1030 - CMSIS Pack Vendor :EmbeddedOffice I-CUBE-FS-RTOS 1.0.1
2025-07-18 16:19:36,058 [INFO] ThirdParty:1030 - CMSIS Pack Vendor :STMicroelectronics lwIP 2.0.3
2025-07-18 16:19:36,058 [INFO] ThirdParty:1030 - CMSIS Pack Vendor :Cesanta I-CUBE-Mongoose 7.13.0
2025-07-18 16:19:36,058 [INFO] ThirdParty:1030 - CMSIS Pack Vendor :STMicroelectronics USB_HOST 1.0.0
2025-07-18 16:19:36,058 [INFO] ThirdParty:1030 - CMSIS Pack Vendor :Infineon AIROC-Wi-Fi-Bluetooth-STM32 1.7.0
2025-07-18 16:19:36,058 [INFO] ThirdParty:1030 - CMSIS Pack Vendor :STMicroelectronics X-CUBE-AZRTOS-G4 2.0.0
2025-07-18 16:19:36,058 [INFO] ThirdParty:1030 - CMSIS Pack Vendor :STMicroelectronics X-CUBE-WB05N 2.0.0
2025-07-18 16:19:36,058 [INFO] ThirdParty:1030 - CMSIS Pack Vendor :STMicroelectronics PDM2PCM 3.1.0
2025-07-18 16:19:36,058 [INFO] ThirdParty:1030 - CMSIS Pack Vendor :STMicroelectronics PDM2PCM 3.3.0
2025-07-18 16:19:36,058 [INFO] ThirdParty:1030 - CMSIS Pack Vendor :wolfSSL I-CUBE-wolfTPM 3.8.0
2025-07-18 16:19:36,058 [INFO] ThirdParty:1030 - CMSIS Pack Vendor :STMicroelectronics X-CUBE-AZRTOS-H7 3.4.0
2025-07-18 16:19:36,058 [INFO] ThirdParty:1030 - CMSIS Pack Vendor :STMicroelectronics X-CUBE-DISPLAY 3.0.0
2025-07-18 16:19:36,058 [INFO] ThirdParty:1030 - CMSIS Pack Vendor :wolfSSL I-CUBE-wolfSSH 1.4.20
2025-07-18 16:19:36,058 [INFO] ThirdParty:1030 - CMSIS Pack Vendor :STMicroelectronics X-CUBE-NFC7 2.0.0
2025-07-18 16:19:36,058 [INFO] ThirdParty:1030 - CMSIS Pack Vendor :STMicroelectronics X-CUBE-TCPP 4.2.0
2025-07-18 16:19:36,058 [INFO] ThirdParty:1030 - CMSIS Pack Vendor :RealThread X-CUBE-RT-Thread_Nano 4.1.1
2025-07-18 16:19:36,058 [INFO] ThirdParty:1030 - CMSIS Pack Vendor :STMicroelectronics FP-ATR-SIGFOX1 3.2.0
2025-07-18 16:19:36,058 [INFO] ThirdParty:1030 - CMSIS Pack Vendor :STMicroelectronics X-CUBE-NFC10 1.0.0
2025-07-18 16:19:36,058 [INFO] ThirdParty:1030 - CMSIS Pack Vendor :STMicroelectronics X-CUBE-BLEMGR 4.0.0
2025-07-18 16:19:36,058 [INFO] ThirdParty:1030 - CMSIS Pack Vendor :STMicroelectronics X-CUBE-EEPRMA1 5.1.0
2025-07-18 16:19:36,058 [INFO] ThirdParty:1030 - CMSIS Pack Vendor :STMicroelectronics X-CUBE-FREERTOS 1.3.1
2025-07-18 16:19:36,059 [INFO] ThirdParty:1030 - CMSIS Pack Vendor :STMicroelectronics HAL Drivers 0.0.0
2025-07-18 16:19:36,059 [INFO] ThirdParty:1030 - CMSIS Pack Vendor :STMicroelectronics MBEDTLS 2.16.2
2025-07-18 16:19:36,059 [INFO] ThirdParty:1030 - CMSIS Pack Vendor :STMicroelectronics X-CUBE-IPS 3.1.0
2025-07-18 16:19:36,059 [INFO] ThirdParty:1030 - CMSIS Pack Vendor :STMicroelectronics X-CUBE-ALS 1.0.2
2025-07-18 16:19:36,059 [INFO] ThirdParty:1030 - CMSIS Pack Vendor :emotas I-CUBE-CANOPEN 1.3.0
2025-07-18 16:19:36,059 [INFO] ThirdParty:1030 - CMSIS Pack Vendor :STMicroelectronics MBEDTLS 2.14.1
2025-07-18 16:19:36,059 [INFO] ThirdParty:1030 - CMSIS Pack Vendor :ITTIA_DB I-CUBE-ITTIADB 8.9.0
2025-07-18 16:19:36,059 [INFO] ThirdParty:1030 - CMSIS Pack Vendor :portGmbH I-Cube-SoM-uGOAL 1.1.0
2025-07-18 16:19:36,059 [INFO] ThirdParty:1030 - CMSIS Pack Vendor :quantropi X-CUBE-qispace-sdk-base 2.0.0
2025-07-18 16:19:36,059 [INFO] ThirdParty:1030 - CMSIS Pack Vendor :STMicroelectronics X-CUBE-ST67W61 1.0.0
2025-07-18 16:19:36,059 [INFO] ThirdParty:1030 - CMSIS Pack Vendor :STMicroelectronics FP-SNS-STAIOTCFT 1.0.0
2025-07-18 16:19:36,059 [INFO] ThirdParty:1030 - CMSIS Pack Vendor :STMicroelectronics ThreadX 1.0.0
2025-07-18 16:19:36,059 [INFO] ThirdParty:1030 - CMSIS Pack Vendor :STMicroelectronics FP-SNS-SMARTAG2 1.2.0
2025-07-18 16:19:36,059 [INFO] ThirdParty:1030 - CMSIS Pack Vendor :STMicroelectronics FP-SNS-FLIGHT1 5.1.0
2025-07-18 16:19:36,059 [INFO] ThirdParty:1030 - CMSIS Pack Vendor :STMicroelectronics X-CUBE-AZRTOS-WL 2.0.0
2025-07-18 16:19:36,059 [INFO] ThirdParty:1030 - CMSIS Pack Vendor :SEGGER I-CUBE-embOS 1.3.1
2025-07-18 16:19:36,059 [INFO] ThirdParty:1030 - CMSIS Pack Vendor :STMicroelectronics X-CUBE-ALGOBUILD 1.4.0
2025-07-18 16:19:36,059 [INFO] ThirdParty:1030 - CMSIS Pack Vendor :STMicroelectronics X-CUBE-DPower 1.3.0
2025-07-18 16:19:36,059 [INFO] ThirdParty:1030 - CMSIS Pack Vendor :STMicroelectronics X-CUBE-MEMS1 11.3.0
2025-07-18 16:19:36,059 [INFO] ThirdParty:1030 - CMSIS Pack Vendor :STMicroelectronics FP-SNS-MOTENV1 5.0.0
2025-07-18 16:19:36,059 [INFO] ThirdParty:1030 - CMSIS Pack Vendor :STMicroelectronics USB_DEVICE 1.0.0
2025-07-18 16:19:36,059 [INFO] ThirdParty:1030 - CMSIS Pack Vendor :STMicroelectronics X-CUBE-AZRTOS-L4 2.0.0
2025-07-18 16:19:36,059 [INFO] ThirdParty:1030 - CMSIS Pack Vendor :STMicroelectronics ThreadX 0.0.2
2025-07-18 16:19:36,059 [INFO] ThirdParty:1030 - CMSIS Pack Vendor :WES I-CUBE-Cesium 1.3.0
2025-07-18 16:19:36,060 [INFO] ThirdParty:1030 - CMSIS Pack Vendor :STMicroelectronics lwIP 2.1.2
2025-07-18 16:19:36,060 [INFO] ThirdParty:1030 - CMSIS Pack Vendor :STMicroelectronics X-CUBE-SFXS2LP1 4.0.0
2025-07-18 16:19:36,060 [INFO] ThirdParty:1030 - CMSIS Pack Vendor :STMicroelectronics X-CUBE-BLE2 3.3.0
2025-07-18 16:19:36,060 [INFO] ThirdParty:1030 - CMSIS Pack Vendor :STMicroelectronics X-CUBE-TOF1 3.4.3
2025-07-18 16:19:36,060 [INFO] ThirdParty:1030 - CMSIS Pack Vendor :STMicroelectronics PDM2PCM 3.2.0
2025-07-18 16:19:36,060 [INFO] ThirdParty:841 - exiting critical section [change project]
2025-07-18 16:19:37,580 [INFO] PinOutPanel:1589 - setPackage(No Configuration,No Configuration)
2025-07-18 16:19:37,581 [INFO] PinOutPanel:1589 - setPackage(STM32F446RETx,LQFP64)
2025-07-18 16:19:40,901 [INFO] UtilMem:75 - Before build in PCC Used Memory: 328541208 Bytes (637534208)
2025-07-18 16:19:44,027 [INFO] UtilMem:75 - After build in PCC Used Memory: 524537704 Bytes (637534208)
2025-07-18 16:19:44,267 [INFO] IPUIPlugin:80 - create IPUIPlugin
2025-07-18 16:19:44,267 [INFO] IPUIPlugin:80 - create IPUIPlugin
2025-07-18 16:19:44,267 [INFO] IPUIPlugin:80 - create IPUIPlugin
2025-07-18 16:19:44,268 [INFO] IPUIPlugin:80 - create IPUIPlugin
2025-07-18 16:19:44,269 [INFO] IPUIPlugin:80 - create IPUIPlugin
2025-07-18 16:19:44,269 [INFO] IPUIPlugin:80 - create IPUIPlugin
2025-07-18 16:19:44,271 [INFO] IPUIPlugin:80 - create IPUIPlugin
2025-07-18 16:19:44,272 [INFO] IPUIPlugin:80 - create IPUIPlugin
2025-07-18 16:19:44,273 [INFO] IPUIPlugin:80 - create IPUIPlugin
2025-07-18 16:19:44,273 [INFO] IPUIPlugin:80 - create IPUIPlugin
2025-07-18 16:19:44,273 [INFO] IPUIPlugin:80 - create IPUIPlugin
2025-07-18 16:19:44,275 [INFO] IPUIPlugin:80 - create IPUIPlugin
2025-07-18 16:19:44,277 [INFO] IPUIPlugin:80 - create IPUIPlugin
2025-07-18 16:19:44,279 [INFO] IPUIPlugin:80 - create IPUIPlugin
2025-07-18 16:19:44,281 [INFO] IPUIPlugin:80 - create IPUIPlugin
2025-07-18 16:19:44,283 [INFO] IPUIPlugin:80 - create IPUIPlugin
2025-07-18 16:19:44,284 [INFO] IPUIPlugin:80 - create IPUIPlugin
2025-07-18 16:19:44,285 [INFO] IPUIPlugin:80 - create IPUIPlugin
2025-07-18 16:19:44,287 [INFO] IPUIPlugin:80 - create IPUIPlugin
2025-07-18 16:19:44,288 [INFO] IPUIPlugin:80 - create IPUIPlugin
2025-07-18 16:19:44,290 [INFO] IPUIPlugin:80 - create IPUIPlugin
2025-07-18 16:19:44,298 [INFO] IPUIPlugin:80 - create IPUIPlugin
2025-07-18 16:19:44,300 [INFO] IPUIPlugin:80 - create IPUIPlugin
2025-07-18 16:19:44,302 [INFO] IPUIPlugin:80 - create IPUIPlugin
2025-07-18 16:19:44,304 [INFO] IPUIPlugin:80 - create IPUIPlugin
2025-07-18 16:19:44,305 [INFO] IPUIPlugin:80 - create IPUIPlugin
2025-07-18 16:19:44,307 [INFO] IPUIPlugin:80 - create IPUIPlugin
2025-07-18 16:19:44,308 [INFO] IPUIPlugin:80 - create IPUIPlugin
2025-07-18 16:19:44,314 [INFO] IPUIPlugin:80 - create IPUIPlugin
2025-07-18 16:19:44,316 [INFO] IPUIPlugin:80 - create IPUIPlugin
2025-07-18 16:19:44,319 [INFO] IPUIPlugin:80 - create IPUIPlugin
2025-07-18 16:19:44,320 [INFO] IPUIPlugin:80 - create IPUIPlugin
2025-07-18 16:19:44,321 [INFO] IPUIPlugin:80 - create IPUIPlugin
2025-07-18 16:19:44,322 [INFO] IPUIPlugin:80 - create IPUIPlugin
2025-07-18 16:19:44,323 [INFO] IPUIPlugin:80 - create IPUIPlugin
2025-07-18 16:19:44,324 [INFO] IPUIPlugin:80 - create IPUIPlugin
2025-07-18 16:19:44,326 [INFO] IPUIPlugin:80 - create IPUIPlugin
2025-07-18 16:19:44,327 [INFO] IPUIPlugin:80 - create IPUIPlugin
2025-07-18 16:19:44,329 [INFO] IPUIPlugin:80 - create IPUIPlugin
2025-07-18 16:19:44,331 [INFO] IPUIPlugin:80 - create IPUIPlugin
2025-07-18 16:19:44,332 [INFO] IPUIPlugin:80 - create IPUIPlugin
2025-07-18 16:19:44,334 [INFO] IPUIPlugin:80 - create IPUIPlugin
2025-07-18 16:19:44,334 [INFO] IPUIPlugin:80 - create IPUIPlugin
2025-07-18 16:19:44,334 [INFO] IPUIPlugin:80 - create IPUIPlugin
2025-07-18 16:19:44,336 [INFO] IPUIPlugin:80 - create IPUIPlugin
2025-07-18 16:19:44,337 [INFO] IPUIPlugin:80 - create IPUIPlugin
2025-07-18 16:19:44,339 [INFO] IPUIPlugin:80 - create IPUIPlugin
2025-07-18 16:19:44,340 [INFO] IPUIPlugin:80 - create IPUIPlugin
2025-07-18 16:19:44,344 [INFO] IPUIPlugin:80 - create IPUIPlugin
2025-07-18 16:19:44,347 [INFO] IPUIPlugin:80 - create IPUIPlugin
2025-07-18 16:19:44,349 [INFO] IPUIPlugin:80 - create IPUIPlugin
2025-07-18 16:19:44,352 [INFO] IPUIPlugin:80 - create IPUIPlugin
2025-07-18 16:19:44,354 [INFO] IPUIPlugin:80 - create IPUIPlugin
2025-07-18 16:19:44,354 [INFO] IPUIPlugin:80 - create IPUIPlugin
2025-07-18 16:19:44,356 [INFO] IPUIPlugin:80 - create IPUIPlugin
2025-07-18 16:19:44,361 [INFO] IPUIPlugin:80 - create IPUIPlugin
2025-07-18 16:19:44,366 [INFO] IPUIPlugin:80 - create IPUIPlugin
2025-07-18 16:19:44,370 [INFO] IPUIPlugin:80 - create IPUIPlugin
2025-07-18 16:19:44,372 [INFO] IPUIPlugin:80 - create IPUIPlugin
2025-07-18 16:19:44,375 [INFO] IPUIPlugin:80 - create IPUIPlugin
2025-07-18 16:19:44,587 [INFO] ApiDbMcu:532 - Load IP Config File for PDM2PCM
2025-07-18 16:19:44,608 [WARN] IP:2250 - I2C_Coeff_DF not found: check if there is a RefParameter without a condition.
2025-07-18 16:19:44,609 [WARN] IP:2250 - Analog_Filter not found: check if there is a RefParameter without a condition.
2025-07-18 16:19:45,463 [INFO] CADModel:165 - CPN selected for project levelSTM32F446RET6
2025-07-18 16:19:45,463 [INFO] CADModel:114 - Register for checkConnection events
2025-07-18 16:19:45,550 [INFO] OpenFileManager:386 - Restore cursor
2025-07-18 16:19:46,081 [WARN] IP:2250 - I2C_Coeff_DF not found: check if there is a RefParameter without a condition.
2025-07-18 16:19:46,081 [WARN] IP:2250 - Analog_Filter not found: check if there is a RefParameter without a condition.
2025-07-18 16:19:46,084 [WARN] IP:2250 - I2C_Coeff_DF not found: check if there is a RefParameter without a condition.
2025-07-18 16:19:46,084 [WARN] IP:2250 - Analog_Filter not found: check if there is a RefParameter without a condition.
2025-07-18 16:26:56,233 [INFO] NvicIntPanel:101 - NVIC parent = com.st.microxplorer.plugins.ip.nvic.MultiNvicIntPanel[,0,0,0x0,invalid,layout=javax.swing.BoxLayout,alignmentX=0.0,alignmentY=0.0,border=,flags=9,maximumSize=,minimumSize=,preferredSize=]
2025-07-18 16:27:04,304 [INFO] UtilMem:75 - End SaveConfig() Used Memory: 968228976 Bytes (1073741824)
2025-07-18 16:27:05,306 [INFO] UtilMem:75 - End SaveConfig() Used Memory: 991823984 Bytes (1073741824)
2025-07-18 16:27:07,705 [INFO] UtilMem:75 - End SaveConfig() Used Memory: 724480184 Bytes (1073741824)
2025-07-18 16:27:09,742 [INFO] BlockDiagram:2775 - set Specific Code input for plugin: TIM1_8
2025-07-18 16:27:09,743 [INFO] BlockDiagram:2775 - set Specific Code input for plugin: SYS
2025-07-18 16:27:09,744 [INFO] BlockDiagram:2775 - set Specific Code input for plugin: RCC
2025-07-18 16:27:09,744 [INFO] BlockDiagram:2775 - set Specific Code input for plugin: I2C
2025-07-18 16:27:09,744 [INFO] BlockDiagram:2775 - set Specific Code input for plugin: NVIC
2025-07-18 16:27:09,744 [INFO] BlockDiagram:2775 - set Specific Code input for plugin: USART
2025-07-18 16:27:09,745 [INFO] BlockDiagram:2775 - set Specific Code input for plugin: GPIO
2025-07-18 16:27:09,750 [INFO] CodeGenerator:892 - code generatio: config db path: C:\ST\STM32CubeIDE_1.18.1\STM32CubeIDE\plugins\com.st.stm32cube.common.mx_6.15.0.202507011659\\db\
2025-07-18 16:27:09,770 [WARN] IP:2250 - I2C_Coeff_DF not found: check if there is a RefParameter without a condition.
2025-07-18 16:27:09,771 [WARN] IP:2250 - Analog_Filter not found: check if there is a RefParameter without a condition.
2025-07-18 16:27:10,668 [INFO] CodeEngine:265 - oldGeneratedFile, C:\Users\aliya\proje\KontrolOrtakCalisma\kontrol 3\MXTmpFiles\license.tmp_save
2025-07-18 16:27:12,277 [INFO] CodeEngine:289 - Generated code: C:\Users\aliya\proje\KontrolOrtakCalisma\kontrol 3\MXTmpFiles\license.tmp
2025-07-18 16:27:12,668 [INFO] CodeEngine:265 - oldGeneratedFile, C:\Users\aliya\proje\KontrolOrtakCalisma\kontrol 3\MXTmpFiles\gpio.tmp_save
2025-07-18 16:27:12,929 [INFO] CodeEngine:289 - Generated code: C:\Users\aliya\proje\KontrolOrtakCalisma\kontrol 3\MXTmpFiles\gpio.tmp
2025-07-18 16:27:13,349 [INFO] CodeEngine:265 - oldGeneratedFile, C:\Users\aliya\proje\KontrolOrtakCalisma\kontrol 3\Core\Src\stm32f4xx_it.c_save
2025-07-18 16:27:13,573 [INFO] CodeEngine:289 - Generated code: C:\Users\aliya\proje\KontrolOrtakCalisma\kontrol 3\Core\Src\stm32f4xx_it.c
2025-07-18 16:27:13,588 [INFO] CodeEngine:265 - oldGeneratedFile, C:\Users\aliya\proje\KontrolOrtakCalisma\kontrol 3\Core\Inc\stm32f4xx_it.h_save
2025-07-18 16:27:13,726 [INFO] CodeEngine:289 - Generated code: C:\Users\aliya\proje\KontrolOrtakCalisma\kontrol 3\Core\Inc\stm32f4xx_it.h
2025-07-18 16:27:13,752 [INFO] CodeEngine:265 - oldGeneratedFile, C:\Users\aliya\proje\KontrolOrtakCalisma\kontrol 3\Core\Src\stm32f4xx_hal_msp.c_save
2025-07-18 16:27:13,997 [INFO] CodeEngine:289 - Generated code: C:\Users\aliya\proje\KontrolOrtakCalisma\kontrol 3\Core\Src\stm32f4xx_hal_msp.c
2025-07-18 16:27:14,010 [INFO] CodeEngine:265 - oldGeneratedFile, C:\Users\aliya\proje\KontrolOrtakCalisma\kontrol 3\MXTmpFiles\system.tmp_save
2025-07-18 16:27:14,157 [INFO] CodeEngine:289 - Generated code: C:\Users\aliya\proje\KontrolOrtakCalisma\kontrol 3\MXTmpFiles\system.tmp
2025-07-18 16:27:14,193 [INFO] CodeEngine:321 - oldGeneratedFile, C:\Users\aliya\proje\KontrolOrtakCalisma\kontrol 3\Core\Inc\stm32f4xx_hal_conf.h_save
2025-07-18 16:27:14,421 [INFO] CodeEngine:345 - Generated code: C:\Users\aliya\proje\KontrolOrtakCalisma\kontrol 3\Core\Inc\stm32f4xx_hal_conf.h
2025-07-18 16:27:14,472 [WARN] IPConfigManager:3238 - Warning: the RefConfig PLL2P_FOR_MCO is not available in your config.xml file
2025-07-18 16:27:14,487 [INFO] ApiDbMcu:532 - Load IP Config File for I2C2
2025-07-18 16:27:14,512 [INFO] ApiDbMcu:532 - Load IP Config File for TIM1
2025-07-18 16:27:14,523 [INFO] ApiDbMcu:532 - Load IP Config File for USART2
2025-07-18 16:27:14,533 [INFO] ApiDbMcu:532 - Load IP Config File for RCC
2025-07-18 16:27:14,538 [WARN] IPConfigManager:3811 - IP not found : TIM
2025-07-18 16:27:14,539 [WARN] CodeGenerator:4259 - IP not found : null
2025-07-18 16:27:14,555 [INFO] CodeEngine:265 - oldGeneratedFile, C:\Users\aliya\proje\KontrolOrtakCalisma\kontrol 3\Core\Inc\main.h_save
2025-07-18 16:27:14,756 [INFO] CodeEngine:289 - Generated code: C:\Users\aliya\proje\KontrolOrtakCalisma\kontrol 3\Core\Inc\main.h
2025-07-18 16:27:14,763 [INFO] CodeEngine:265 - oldGeneratedFile, C:\Users\aliya\proje\KontrolOrtakCalisma\kontrol 3\Core\Src\main.c_save
2025-07-18 16:27:15,083 [INFO] CodeEngine:289 - Generated code: C:\Users\aliya\proje\KontrolOrtakCalisma\kontrol 3\Core\Src\main.c
2025-07-18 16:27:15,677 [INFO] ProjectBuilder:3606 - Time for Copy HAL[1] : 220mS.
2025-07-18 16:27:15,685 [INFO] ProjectBuilder:5216 - Project Generator version: 4.7.0-B52
2025-07-18 16:27:15,805 [INFO] ConfigFileManager:1595 - The Die is : DIE421
2025-07-18 16:27:15,812 [INFO] ApiDbMcu:532 - Load IP Config File for FATFS
2025-07-18 16:27:15,817 [INFO] ApiDbMcu:532 - Load IP Config File for FREERTOS
2025-07-18 16:27:15,819 [INFO] ApiDbMcu:532 - Load IP Config File for LIBJPEG
2025-07-18 16:27:15,827 [INFO] ApiDbMcu:532 - Load IP Config File for MBEDTLS
2025-07-18 16:27:15,839 [INFO] ApiDbMcu:532 - Load IP Config File for USB_DEVICE
2025-07-18 16:27:15,842 [INFO] ApiDbMcu:532 - Load IP Config File for USB_HOST
2025-07-18 16:27:16,557 [INFO] LogOutputStream:77 - [STDOUT_REDIRECT] 
2025-07-18 16:27:20,868 [INFO] ProjectBuilder:5496 - Time for Generating toolchain IDE Files: 5183mS.
2025-07-18 16:27:20,871 [INFO] ProjectBuilder:3463 - Time for Copy CMSIS : 1mS.
2025-07-18 16:27:20,883 [INFO] ProjectBuilder:3463 - Time for Copy CMSIS : 1mS.
2025-07-18 18:46:35,422 [INFO] WebApp:194 - Connection lost
2025-07-18 18:46:35,770 [INFO] WebApp:191 - Connection restablished
2025-07-18 18:46:37,914 [INFO] WebApp:194 - Connection lost
2025-07-18 18:46:38,195 [INFO] WebApp:191 - Connection restablished
2025-07-18 18:55:23,058 [INFO] WebApp:194 - Connection lost
2025-07-18 18:55:30,340 [INFO] WebApp:191 - Connection restablished
2025-07-18 18:58:00,043 [INFO] WebApp:194 - Connection lost
2025-07-18 18:59:23,124 [INFO] WebApp:191 - Connection restablished
2025-07-18 18:59:48,386 [INFO] WebApp:194 - Connection lost
2025-07-18 19:01:56,099 [INFO] WebApp:191 - Connection restablished
2025-07-18 19:01:57,953 [INFO] WebApp:194 - Connection lost
2025-07-18 19:01:58,126 [INFO] WebApp:191 - Connection restablished
2025-07-18 19:02:28,334 [INFO] WebApp:194 - Connection lost
2025-07-18 19:02:32,017 [INFO] WebApp:191 - Connection restablished
2025-07-18 19:02:33,903 [INFO] WebApp:194 - Connection lost
2025-07-18 19:02:34,108 [INFO] WebApp:191 - Connection restablished
2025-07-18 19:02:48,784 [INFO] WebApp:194 - Connection lost
2025-07-18 19:02:48,963 [INFO] WebApp:191 - Connection restablished
2025-07-18 19:02:51,945 [INFO] WebApp:194 - Connection lost
2025-07-18 19:02:52,179 [INFO] WebApp:191 - Connection restablished
2025-07-18 19:03:48,191 [INFO] WebApp:194 - Connection lost
2025-07-18 19:03:48,429 [INFO] WebApp:191 - Connection restablished
2025-07-18 19:03:51,420 [INFO] WebApp:194 - Connection lost
2025-07-18 19:03:51,659 [INFO] WebApp:191 - Connection restablished
2025-07-18 19:05:24,427 [INFO] WebApp:194 - Connection lost
2025-07-18 19:05:24,662 [INFO] WebApp:191 - Connection restablished
2025-07-18 19:05:52,599 [INFO] WebApp:194 - Connection lost
2025-07-18 19:10:55,740 [INFO] WebApp:191 - Connection restablished
2025-07-18 19:11:51,873 [INFO] WebApp:194 - Connection lost
